
                        S T E P       1


                                INCREMENT    10


 displacements (vx,vy,vz) for set NSET_IND_TOP and time  0.7588672E-03

        10 -1.787231E-20 -7.664559E-04  0.000000E+00
        11  0.000000E+00 -7.664559E-04  0.000000E+00
      1004 -6.394401E-20 -7.664559E-04  0.000000E+00
      1005 -3.678519E-20 -7.664559E-04  0.000000E+00
      1006  2.275017E-20 -7.664559E-04  0.000000E+00
      1007  1.322510E-20 -7.664559E-04  0.000000E+00
      1008  5.050160E-20 -7.664559E-04  0.000000E+00
      1009  2.616497E-21 -7.664559E-04  0.000000E+00
      1010  6.767442E-20 -7.664559E-04  0.000000E+00
      1011 -4.253878E-22 -7.664559E-04  0.000000E+00
      1012 -3.440109E-20 -7.664559E-04  0.000000E+00
      1013 -3.951443E-20 -7.664559E-04  0.000000E+00
      1014 -5.111194E-20 -7.664559E-04  0.000000E+00
      1015 -1.191101E-20 -7.664559E-04  0.000000E+00
      1016  1.375389E-20 -7.664559E-04  0.000000E+00
      1017  1.946075E-20 -7.664559E-04  0.000000E+00
      1018  3.721109E-21 -7.664559E-04  0.000000E+00
      1019  4.905081E-20 -7.664559E-04  0.000000E+00
      1020  1.968584E-20 -7.664559E-04  0.000000E+00
      1021 -4.337393E-20 -7.664559E-04  0.000000E+00
      1022 -3.529360E-20 -7.664559E-04  0.000000E+00

 forces (fx,fy,fz) for set NSET_IND_TOP and time  0.7588672E-03

        10  1.059096E-14 -1.106466E-14  2.844566E-14
        11  4.675870E-16 -6.063694E-17  5.117317E-15
      1004  8.738213E-15 -1.244731E-14 -3.930370E-14
      1005 -2.151491E-15 -8.277901E-15  3.971814E-14
      1006 -4.608167E-15  6.421298E-14 -3.141883E-14
      1007  3.732648E-15  5.502278E-15 -4.228175E-14
      1008 -7.254738E-15 -1.538694E-14  5.103133E-14
      1009 -3.243385E-15  1.249457E-14 -4.623001E-16
      1010 -8.130288E-16  1.475435E-14 -4.268570E-14
      1011  2.856135E-15  5.619649E-15  5.416377E-14
      1012 -3.148038E-15 -1.809928E-15 -9.612638E-15
      1013 -1.138953E-14 -1.975054E-14  5.739402E-14
      1014 -1.565806E-15 -3.902166E-14  5.234337E-15
      1015  2.128758E-14 -3.349146E-14  1.780279E-14
      1016 -7.835849E-15 -2.179575E-14  1.396405E-14
      1017 -2.888948E-15 -5.800302E-14 -8.593789E-15
      1018  6.718052E-15 -1.317297E-14 -8.069844E-14
      1019  2.488206E-15 -6.899626E-15 -9.028254E-14
      1020 -1.522155E-15  4.180572E-15 -6.596853E-14
      1021 -4.550277E-15 -4.296230E-15 -1.009936E-14
      1022  1.195295E-15 -2.253368E-15  5.322471E-14

 total force (fx,fy,fz) for set NSET_IND_TOP and time  0.7588672E-03

        7.103265E-15 -1.409676E-13 -9.531144E-14

                                INCREMENT    20


 displacements (vx,vy,vz) for set NSET_IND_TOP and time  0.9584927E-02

        10 -8.537824E-19 -9.680776E-03  0.000000E+00
        11  0.000000E+00 -9.680776E-03  0.000000E+00
      1004 -2.665080E-19 -9.680776E-03  0.000000E+00
      1005 -1.875199E-19 -9.680776E-03  0.000000E+00
      1006  3.295321E-20 -9.680776E-03  0.000000E+00
      1007 -4.543065E-19 -9.680776E-03  0.000000E+00
      1008  5.590389E-19 -9.680776E-03  0.000000E+00
      1009 -2.464418E-19 -9.680776E-03  0.000000E+00
      1010  3.966690E-19 -9.680776E-03  0.000000E+00
      1011  4.704663E-19 -9.680776E-03  0.000000E+00
      1012  5.862814E-19 -9.680776E-03  0.000000E+00
      1013 -5.012810E-19 -9.680776E-03  0.000000E+00
      1014 -2.200779E-19 -9.680776E-03  0.000000E+00
      1015 -7.465774E-20 -9.680776E-03  0.000000E+00
      1016 -2.266727E-19 -9.680776E-03  0.000000E+00
      1017  4.090195E-20 -9.680776E-03  0.000000E+00
      1018  1.238392E-20 -9.680776E-03  0.000000E+00
      1019 -6.208247E-20 -9.680776E-03  0.000000E+00
      1020  4.181834E-19 -9.680776E-03  0.000000E+00
      1021  4.585512E-19 -9.680776E-03  0.000000E+00
      1022  1.591382E-20 -9.680776E-03  0.000000E+00

 forces (fx,fy,fz) for set NSET_IND_TOP and time  0.9584927E-02

        10  1.992537E-13  4.049406E-13 -3.725862E-14
        11 -4.085103E-15  2.732350E-15  3.644585E-13
      1004 -1.815245E-13  7.443872E-13  6.688942E-14
      1005  2.499071E-14  1.053388E-12  2.294357E-14
      1006 -5.231300E-14  4.184643E-15  4.300715E-13
      1007 -1.004387E-13  3.200231E-13  1.804342E-14
      1008  9.197014E-14 -4.741857E-14  2.633291E-13
      1009 -1.191753E-13  2.276097E-13 -3.833692E-14
      1010  7.917460E-15  7.151305E-14 -3.236162E-13
      1011  3.661829E-14  5.573262E-14 -1.101149E-12
      1012 -2.441181E-14  7.231619E-15  2.372072E-13
      1013  7.496576E-15  3.369510E-13 -3.147530E-13
      1014  1.517730E-13 -4.589974E-13  3.918699E-14
      1015 -1.376147E-13 -6.799110E-13 -3.503728E-13
      1016 -8.962945E-15 -3.837041E-13 -2.312978E-13
      1017 -3.471019E-14 -9.148048E-13 -8.331310E-14
      1018  7.034861E-14 -1.929492E-13 -7.091544E-13
      1019  2.708067E-14 -2.851542E-13 -1.119432E-12
      1020  3.071633E-14 -1.875023E-13  1.407843E-13
      1021 -7.276271E-15 -1.306180E-13  2.387506E-14
      1022  2.159230E-15 -1.835133E-14  1.063571E-12

 total force (fx,fy,fz) for set NSET_IND_TOP and time  0.9584927E-02

       -2.018774E-14 -7.071711E-14 -1.638323E-12

                                INCREMENT    30


 displacements (vx,vy,vz) for set NSET_IND_TOP and time  0.1958493E-01

        10 -2.238114E-18 -1.978078E-02  0.000000E+00
        11  0.000000E+00 -1.978078E-02  0.000000E+00
      1004 -1.873759E-18 -1.978078E-02  0.000000E+00
      1005 -1.931464E-18 -1.978078E-02  0.000000E+00
      1006  4.855237E-19 -1.978078E-02  0.000000E+00
      1007 -1.183141E-18 -1.978078E-02  0.000000E+00
      1008 -3.127540E-19 -1.978078E-02  0.000000E+00
      1009  1.367439E-19 -1.978078E-02  0.000000E+00
      1010  3.467163E-19 -1.978078E-02  0.000000E+00
      1011  1.051831E-18 -1.978078E-02  0.000000E+00
      1012  3.352617E-19 -1.978078E-02  0.000000E+00
      1013 -1.860544E-18 -1.978078E-02  0.000000E+00
      1014 -1.943919E-18 -1.978078E-02  0.000000E+00
      1015 -9.929657E-19 -1.978078E-02  0.000000E+00
      1016 -2.556777E-19 -1.978078E-02  0.000000E+00
      1017 -1.266263E-18 -1.978078E-02  0.000000E+00
      1018 -2.833338E-19 -1.978078E-02  0.000000E+00
      1019  3.348010E-19 -1.978078E-02  0.000000E+00
      1020 -6.906207E-20 -1.978078E-02  0.000000E+00
      1021 -2.891108E-20 -1.978078E-02  0.000000E+00
      1022  3.430065E-19 -1.978078E-02  0.000000E+00

 forces (fx,fy,fz) for set NSET_IND_TOP and time  0.1958493E-01

        10 -7.786858E-14  3.488988E-13  1.677647E-13
        11  8.487791E-15  1.810770E-15  1.069628E-12
      1004  4.431534E-13 -3.612583E-14 -6.622466E-14
      1005  2.874791E-13  8.733551E-13 -8.451088E-13
      1006  2.102953E-13  2.518685E-13  1.070020E-12
      1007  3.633426E-14  2.091953E-13 -5.265069E-13
      1008 -1.331592E-17 -5.108689E-13 -2.168670E-12
      1009 -1.958952E-13  5.727964E-13 -1.536226E-12
      1010  1.096442E-13  1.155639E-13  2.606238E-13
      1011 -1.196284E-14  3.585851E-13  6.730625E-13
      1012  2.375576E-14  7.167515E-14  6.475429E-13
      1013  3.267912E-13 -2.154743E-12  1.843930E-12
      1014 -5.916546E-14 -1.409294E-12 -1.246475E-12
      1015 -2.065624E-13 -1.158823E-12 -1.376304E-12
      1016 -1.897341E-13 -8.898907E-14 -8.443908E-13
      1017 -6.364729E-14 -1.343835E-12 -8.677742E-13
      1018  2.136912E-13 -4.560260E-13 -1.848866E-12
      1019  4.803879E-14 -4.533174E-13  3.315722E-13
      1020 -5.587072E-14  2.315301E-13  1.702989E-13
      1021 -1.443466E-14 -1.679588E-13  3.969214E-12
      1022 -1.167001E-14  4.342405E-14  1.629080E-12

 total force (fx,fy,fz) for set NSET_IND_TOP and time  0.1958493E-01

        8.208466E-13 -4.701278E-12  5.061902E-13

                                INCREMENT    40


 displacements (vx,vy,vz) for set NSET_IND_TOP and time  0.2958493E-01

        10 -1.277721E-18 -2.988078E-02  0.000000E+00
        11  0.000000E+00 -2.988078E-02  0.000000E+00
      1004 -1.901485E-18 -2.988078E-02  0.000000E+00
      1005 -1.288890E-18 -2.988078E-02  0.000000E+00
      1006  1.939455E-18 -2.988078E-02  0.000000E+00
      1007 -1.870228E-19 -2.988078E-02  0.000000E+00
      1008  9.925276E-19 -2.988078E-02  0.000000E+00
      1009  6.909019E-19 -2.988078E-02  0.000000E+00
      1010  1.238658E-18 -2.988078E-02  0.000000E+00
      1011  9.925971E-19 -2.988078E-02  0.000000E+00
      1012 -1.012584E-18 -2.988078E-02  0.000000E+00
      1013 -1.421108E-18 -2.988078E-02  0.000000E+00
      1014 -1.573245E-18 -2.988078E-02  0.000000E+00
      1015 -3.415411E-19 -2.988078E-02  0.000000E+00
      1016  1.286118E-18 -2.988078E-02  0.000000E+00
      1017 -3.433747E-19 -2.988078E-02  0.000000E+00
      1018  5.681128E-19 -2.988078E-02  0.000000E+00
      1019  8.400738E-19 -2.988078E-02  0.000000E+00
      1020  1.529119E-19 -2.988078E-02  0.000000E+00
      1021 -7.990694E-19 -2.988078E-02  0.000000E+00
      1022  7.772796E-19 -2.988078E-02  0.000000E+00

 forces (fx,fy,fz) for set NSET_IND_TOP and time  0.2958493E-01

        10  1.000464E-13 -1.057757E-12  3.515975E-13
        11 -1.562009E-14  2.850972E-14  6.392278E-13
      1004  8.426942E-13 -5.298901E-13  3.042523E-13
      1005 -6.170220E-14  2.867455E-12 -1.314123E-13
      1006 -2.613785E-13  2.155412E-12  1.043855E-12
      1007 -2.655741E-13  2.025926E-12  1.158311E-12
      1008 -1.065755E-13  1.349580E-12  8.754176E-13
      1009  5.058539E-14  9.442280E-13 -4.030723E-13
      1010  3.784119E-14  1.215483E-12  1.991645E-12
      1011 -1.017718E-13  1.232561E-13 -3.754507E-14
      1012 -1.397567E-13  6.214962E-14  1.766356E-12
      1013  1.379719E-14 -2.132943E-12 -1.107902E-12
      1014 -1.634292E-13  3.942272E-14  9.394944E-13
      1015 -2.926332E-13 -1.007688E-12 -1.570986E-12
      1016 -1.252266E-14  2.720744E-13 -6.352352E-13
      1017  8.762805E-14 -1.888598E-12  4.324748E-13
      1018 -5.346436E-14 -8.499378E-14 -5.574442E-13
      1019 -9.982876E-14 -3.364798E-13 -2.546394E-13
      1020 -6.085668E-14  5.192911E-13 -1.381893E-12
      1021  1.063936E-13 -2.531729E-14  2.450429E-12
      1022  4.512583E-14  4.091696E-14  1.895254E-12

 total force (fx,fy,fz) for set NSET_IND_TOP and time  0.2958493E-01

       -3.510019E-13  4.580037E-12  7.768184E-12

                                INCREMENT    50


 displacements (vx,vy,vz) for set NSET_IND_TOP and time  0.3958493E-01

        10  3.038710E-08 -3.998078E-02  0.000000E+00
        11  0.000000E+00 -3.998078E-02  0.000000E+00
      1004  2.981041E-08 -3.998078E-02  0.000000E+00
      1005  2.913522E-08 -3.998078E-02  0.000000E+00
      1006  2.806658E-08 -3.998078E-02  0.000000E+00
      1007  2.636886E-08 -3.998078E-02  0.000000E+00
      1008  2.388635E-08 -3.998078E-02  0.000000E+00
      1009  2.053775E-08 -3.998078E-02  0.000000E+00
      1010  1.632926E-08 -3.998078E-02  0.000000E+00
      1011  1.136285E-08 -3.998078E-02  0.000000E+00
      1012  5.834680E-09 -3.998078E-02  0.000000E+00
      1013  3.008888E-08 -3.998078E-02  0.000000E+00
      1014  2.950301E-08 -3.998078E-02  0.000000E+00
      1015  2.866434E-08 -3.998078E-02  0.000000E+00
      1016  2.730569E-08 -3.998078E-02  0.000000E+00
      1017  2.523100E-08 -3.998078E-02  0.000000E+00
      1018  2.231993E-08 -3.998078E-02  0.000000E+00
      1019  1.853524E-08 -3.998078E-02  0.000000E+00
      1020  1.393157E-08 -3.998078E-02  0.000000E+00
      1021  8.655568E-09 -3.998078E-02  0.000000E+00
      1022  2.939409E-09 -3.998078E-02  0.000000E+00

 forces (fx,fy,fz) for set NSET_IND_TOP and time  0.3958493E-01

        10  2.575371E-07 -1.067362E-03 -7.252985E-13
        11  3.904180E-08 -2.534567E-07  6.061607E-13
      1004  1.576315E-07 -1.912348E-03  5.448798E-13
      1005  4.402906E-08 -1.793196E-03 -1.184969E-12
      1006  1.160859E-07 -1.718942E-03  4.259715E-12
      1007  5.920848E-08 -1.642558E-03 -2.003708E-12
      1008  1.085262E-07 -1.528213E-03 -2.426250E-13
      1009  4.501884E-08 -1.352318E-03 -3.939717E-12
      1010 -5.930896E-09 -1.103390E-03 -1.134635E-12
      1011  1.371555E-08 -7.840253E-04 -2.947669E-12
      1012 -3.687063E-09 -4.075106E-04  4.600367E-12
      1013 -1.538830E-05 -4.025424E-03  3.013179E-12
      1014 -2.344436E-05 -3.693669E-03  1.513160E-12
      1015 -2.239178E-05 -3.508512E-03  6.942407E-14
      1016 -2.862350E-05 -3.362588E-03 -9.062804E-13
      1017 -2.676353E-05 -3.175084E-03 -2.990556E-12
      1018 -3.241299E-05 -2.887154E-03 -3.019628E-12
      1019 -3.044026E-05 -2.463557E-03 -7.135840E-13
      1020 -3.049162E-05 -1.894286E-03  4.359016E-13
      1021 -3.558006E-05 -1.195927E-03 -4.256669E-12
      1022 -2.859939E-05 -4.092492E-04  1.759970E-12

 total force (fx,fy,fz) for set NSET_IND_TOP and time  0.3958493E-01

       -2.733046E-04 -3.992557E-02 -7.262581E-12

                                INCREMENT    60


 displacements (vx,vy,vz) for set NSET_IND_TOP and time  0.4958493E-01

        10  1.830275E-07 -5.008078E-02  0.000000E+00
        11  0.000000E+00 -5.008078E-02  0.000000E+00
      1004  1.795548E-07 -5.008078E-02  0.000000E+00
      1005  1.754887E-07 -5.008078E-02  0.000000E+00
      1006  1.690527E-07 -5.008078E-02  0.000000E+00
      1007  1.588275E-07 -5.008078E-02  0.000000E+00
      1008  1.438751E-07 -5.008078E-02  0.000000E+00
      1009  1.237059E-07 -5.008078E-02  0.000000E+00
      1010  9.835698E-08 -5.008078E-02  0.000000E+00
      1011  6.844269E-08 -5.008078E-02  0.000000E+00
      1012  3.514451E-08 -5.008078E-02  0.000000E+00
      1013  1.812317E-07 -5.008078E-02  0.000000E+00
      1014  1.777036E-07 -5.008078E-02  0.000000E+00
      1015  1.726528E-07 -5.008078E-02  0.000000E+00
      1016  1.644700E-07 -5.008078E-02  0.000000E+00
      1017  1.519741E-07 -5.008078E-02  0.000000E+00
      1018  1.344403E-07 -5.008078E-02  0.000000E+00
      1019  1.116442E-07 -5.008078E-02  0.000000E+00
      1020  8.391496E-08 -5.008078E-02  0.000000E+00
      1021  5.213577E-08 -5.008078E-02  0.000000E+00
      1022  1.770520E-08 -5.008078E-02  0.000000E+00

 forces (fx,fy,fz) for set NSET_IND_TOP and time  0.4958493E-01

        10  1.551197E-06 -6.427997E-03 -9.613198E-13
        11  2.351612E-07 -1.526787E-06  2.469159E-12
      1004  9.494320E-07 -1.151689E-02 -1.037344E-12
      1005  2.651440E-07 -1.079951E-02 -1.676471E-12
      1006  6.991677E-07 -1.035255E-02  2.634632E-12
      1007  3.565813E-07 -9.892717E-03  1.313539E-13
      1008  6.536515E-07 -9.204215E-03  3.308306E-13
      1009  2.711263E-07 -8.144945E-03  1.102539E-12
      1010 -3.575681E-08 -6.645740E-03 -9.150062E-13
      1011  8.257197E-08 -4.722239E-03 -2.777924E-12
      1012 -2.224091E-08 -2.454477E-03 -1.285506E-12
      1013 -9.269144E-05 -2.424249E-02  2.930300E-12
      1014 -1.412167E-04 -2.224487E-02  2.794926E-12
      1015 -1.348762E-04 -2.113022E-02 -1.680042E-12
      1016 -1.724125E-04 -2.025182E-02  2.008295E-12
      1017 -1.612090E-04 -1.912291E-02 -3.899618E-12
      1018 -1.952384E-04 -1.738905E-02 -1.336292E-13
      1019 -1.833560E-04 -1.483796E-02  3.229899E-13
      1020 -1.836656E-04 -1.140936E-02 -3.469542E-12
      1021 -2.143159E-04 -7.203168E-03  1.531994E-12
      1022 -1.722680E-04 -2.464951E-03 -3.437643E-12

 total force (fx,fy,fz) for set NSET_IND_TOP and time  0.4958493E-01

       -1.646244E-03 -2.404596E-01 -5.017027E-12

                                INCREMENT    70


 displacements (vx,vy,vz) for set NSET_IND_TOP and time  0.5958493E-01

        10  3.932009E-07 -6.018078E-02  0.000000E+00
        11  0.000000E+00 -6.018078E-02  0.000000E+00
      1004  3.857420E-07 -6.018078E-02  0.000000E+00
      1005  3.770083E-07 -6.018078E-02  0.000000E+00
      1006  3.631830E-07 -6.018078E-02  0.000000E+00
      1007  3.412171E-07 -6.018078E-02  0.000000E+00
      1008  3.090953E-07 -6.018078E-02  0.000000E+00
      1009  2.657655E-07 -6.018078E-02  0.000000E+00
      1010  2.113074E-07 -6.018078E-02  0.000000E+00
      1011  1.470407E-07 -6.018078E-02  0.000000E+00
      1012  7.550380E-08 -6.018078E-02  0.000000E+00
      1013  3.893437E-07 -6.018078E-02  0.000000E+00
      1014  3.817659E-07 -6.018078E-02  0.000000E+00
      1015  3.709166E-07 -6.018078E-02  0.000000E+00
      1016  3.533384E-07 -6.018078E-02  0.000000E+00
      1017  3.264943E-07 -6.018078E-02  0.000000E+00
      1018  2.888266E-07 -6.018078E-02  0.000000E+00
      1019  2.398530E-07 -6.018078E-02  0.000000E+00
      1020  1.802808E-07 -6.018078E-02  0.000000E+00
      1021  1.120074E-07 -6.018078E-02  0.000000E+00
      1022  3.803753E-08 -6.018078E-02  0.000000E+00

 forces (fx,fy,fz) for set NSET_IND_TOP and time  0.5958493E-01

        10  3.332462E-06 -1.380737E-02  6.332978E-13
        11  5.052071E-07 -3.280371E-06 -4.445229E-13
      1004  2.039635E-06 -2.473859E-02  3.278008E-12
      1005  5.695044E-07 -2.319808E-02  6.864050E-14
      1006  1.501949E-06 -2.223845E-02 -1.391615E-12
      1007  7.659490E-07 -2.125113E-02  1.022235E-12
      1008  1.404204E-06 -1.977247E-02 -7.091268E-13
      1009  5.823886E-07 -1.749721E-02  9.503454E-13
      1010 -7.689471E-08 -1.427674E-02 -5.415463E-12
      1011  1.773039E-07 -1.014465E-02 -5.228813E-12
      1012 -4.785551E-08 -5.272910E-03  2.892064E-12
      1013 -1.991405E-04 -5.207318E-02 -3.545777E-12
      1014 -3.033922E-04 -4.778300E-02 -4.429259E-12
      1015 -2.897695E-04 -4.538962E-02  2.947068E-12
      1016 -3.704126E-04 -4.350366E-02 -1.633159E-12
      1017 -3.463427E-04 -4.107941E-02 -1.981066E-12
      1018 -4.194520E-04 -3.735539E-02 -1.598733E-12
      1019 -3.939240E-04 -3.187552E-02 -3.189097E-12
      1020 -3.945895E-04 -2.451031E-02 -3.359162E-12
      1021 -4.604395E-04 -1.547440E-02  2.377317E-12
      1022 -3.701035E-04 -5.295412E-03  1.216392E-12

 total force (fx,fy,fz) for set NSET_IND_TOP and time  0.5958493E-01

       -3.536812E-03 -5.165408E-01 -1.754043E-11

                                INCREMENT    80


 displacements (vx,vy,vz) for set NSET_IND_TOP and time  0.6958493E-01

        10  7.144972E-07 -7.028078E-02  0.000000E+00
        11  0.000000E+00 -7.028078E-02  0.000000E+00
      1004  7.009466E-07 -7.028078E-02  0.000000E+00
      1005  6.850794E-07 -7.028078E-02  0.000000E+00
      1006  6.599596E-07 -7.028078E-02  0.000000E+00
      1007  6.200468E-07 -7.028078E-02  0.000000E+00
      1008  5.616785E-07 -7.028078E-02  0.000000E+00
      1009  4.829427E-07 -7.028078E-02  0.000000E+00
      1010  3.839840E-07 -7.028078E-02  0.000000E+00
      1011  2.672004E-07 -7.028078E-02  0.000000E+00
      1012  1.372047E-07 -7.028078E-02  0.000000E+00
      1013  7.074899E-07 -7.028078E-02  0.000000E+00
      1014  6.937231E-07 -7.028078E-02  0.000000E+00
      1015  6.740112E-07 -7.028078E-02  0.000000E+00
      1016  6.420718E-07 -7.028078E-02  0.000000E+00
      1017  5.932941E-07 -7.028078E-02  0.000000E+00
      1018  5.248477E-07 -7.028078E-02  0.000000E+00
      1019  4.358559E-07 -7.028078E-02  0.000000E+00
      1020  3.276035E-07 -7.028078E-02  0.000000E+00
      1021  2.035386E-07 -7.028078E-02  0.000000E+00
      1022  6.912142E-08 -7.028078E-02  0.000000E+00

 forces (fx,fy,fz) for set NSET_IND_TOP and time  0.6958493E-01

        10  6.055512E-06 -2.508582E-02 -3.602247E-12
        11  9.180365E-07 -5.961551E-06 -1.125139E-12
      1004  3.706187E-06 -4.494663E-02 -7.585417E-12
      1005  1.034644E-06 -4.214863E-02 -2.230193E-12
      1006  2.729063E-06 -4.040603E-02  2.612331E-12
      1007  1.391626E-06 -3.861299E-02  3.849724E-12
      1008  2.551520E-06 -3.592700E-02  2.829574E-12
      1009  1.058121E-06 -3.179331E-02  2.441232E-12
      1010 -1.398855E-07 -2.594188E-02 -4.545424E-12
      1011  3.220061E-07 -1.843374E-02 -2.341840E-12
      1012 -8.711149E-08 -9.581401E-03  3.705994E-12
      1013 -3.618839E-04 -9.460921E-02 -4.346003E-12
      1014 -5.513311E-04 -8.681604E-02 -4.849201E-12
      1015 -5.265744E-04 -8.246942E-02 -2.612988E-12
      1016 -6.731193E-04 -7.904464E-02 -3.570574E-12
      1017 -6.293790E-04 -7.464143E-02  3.545390E-12
      1018 -7.622345E-04 -6.787608E-02 -5.955510E-12
      1019 -7.158454E-04 -5.791979E-02 -6.016403E-13
      1020 -7.170556E-04 -4.453721E-02  7.974836E-13
      1021 -8.367204E-04 -2.811843E-02  8.560586E-12
      1022 -6.725603E-04 -9.622297E-03 -1.139117E-12

 total force (fx,fy,fz) for set NSET_IND_TOP and time  0.6958493E-01

       -6.427164E-03 -9.385379E-01 -1.616298E-11

                                INCREMENT    90


 displacements (vx,vy,vz) for set NSET_IND_TOP and time  0.7958493E-01

        10  1.248500E-06 -8.038078E-02  0.000000E+00
        11  0.000000E+00 -8.038078E-02  0.000000E+00
      1004  1.224828E-06 -8.038078E-02  0.000000E+00
      1005  1.197108E-06 -8.038078E-02  0.000000E+00
      1006  1.153219E-06 -8.038078E-02  0.000000E+00
      1007  1.083479E-06 -8.038078E-02  0.000000E+00
      1008  9.814899E-07 -8.038078E-02  0.000000E+00
      1009  8.439083E-07 -8.038078E-02  0.000000E+00
      1010  6.709873E-07 -8.038078E-02  0.000000E+00
      1011  4.669168E-07 -8.038078E-02  0.000000E+00
      1012  2.397574E-07 -8.038078E-02  0.000000E+00
      1013  1.236259E-06 -8.038078E-02  0.000000E+00
      1014  1.212209E-06 -8.038078E-02  0.000000E+00
      1015  1.177770E-06 -8.038078E-02  0.000000E+00
      1016  1.121964E-06 -8.038078E-02  0.000000E+00
      1017  1.036734E-06 -8.038078E-02  0.000000E+00
      1018  9.171327E-07 -8.038078E-02  0.000000E+00
      1019  7.616289E-07 -8.038078E-02  0.000000E+00
      1020  5.724668E-07 -8.038078E-02  0.000000E+00
      1021  3.556719E-07 -8.038078E-02  0.000000E+00
      1022  1.207858E-07 -8.038078E-02  0.000000E+00

 forces (fx,fy,fz) for set NSET_IND_TOP and time  0.7958493E-01

        10  1.058129E-05 -4.382715E-02 -2.886743E-12
        11  1.604171E-06 -1.041839E-05 -2.678883E-13
      1004  6.475950E-06 -7.852672E-02 -2.092920E-12
      1005  1.807500E-06 -7.363994E-02 -5.563547E-12
      1006  4.768386E-06 -7.059716E-02  5.647180E-12
      1007  2.431319E-06 -6.746600E-02  1.881741E-12
      1008  4.458281E-06 -6.277425E-02 -4.552281E-12
      1009  1.848637E-06 -5.555252E-02  1.805523E-12
      1010 -2.447371E-07 -4.532890E-02 -1.855893E-12
      1011  5.623238E-07 -3.221005E-02  1.591424E-12
      1012 -1.525090E-07 -1.674208E-02  1.430461E-13
      1013 -6.323866E-04 -1.652915E-01  2.987683E-12
      1014 -9.634389E-04 -1.516788E-01 -7.013432E-12
      1015 -9.201744E-04 -1.440882E-01  2.742077E-12
      1016 -1.176256E-03 -1.381080E-01 -5.676536E-12
      1017 -1.099820E-03 -1.304175E-01 -1.130047E-12
      1018 -1.331982E-03 -1.185990E-01 -1.357518E-12
      1019 -1.250919E-03 -1.012040E-01 -1.028587E-12
      1020 -1.253036E-03 -7.782135E-02 -4.882296E-12
      1021 -1.462148E-03 -4.913264E-02  4.576679E-12
      1022 -1.175283E-03 -1.681355E-02 -5.182660E-13

 total force (fx,fy,fz) for set NSET_IND_TOP and time  0.7958493E-01

       -1.123130E-02 -1.639830E+00 -1.745060E-11

                                INCREMENT   100


 displacements (vx,vy,vz) for set NSET_IND_TOP and time  0.8958493E-01

        10  2.301449E-06 -9.048078E-02  0.000000E+00
        11  0.000000E+00 -9.048078E-02  0.000000E+00
      1004  2.257819E-06 -9.048078E-02  0.000000E+00
      1005  2.206727E-06 -9.048078E-02  0.000000E+00
      1006  2.125829E-06 -9.048078E-02  0.000000E+00
      1007  1.997278E-06 -9.048078E-02  0.000000E+00
      1008  1.809276E-06 -9.048078E-02  0.000000E+00
      1009  1.555663E-06 -9.048078E-02  0.000000E+00
      1010  1.236902E-06 -9.048078E-02  0.000000E+00
      1011  8.607188E-07 -9.048078E-02  0.000000E+00
      1012  4.419716E-07 -9.048078E-02  0.000000E+00
      1013  2.278887E-06 -9.048078E-02  0.000000E+00
      1014  2.234561E-06 -9.048078E-02  0.000000E+00
      1015  2.171083E-06 -9.048078E-02  0.000000E+00
      1016  2.068217E-06 -9.048078E-02  0.000000E+00
      1017  1.911110E-06 -9.048078E-02  0.000000E+00
      1018  1.690642E-06 -9.048078E-02  0.000000E+00
      1019  1.403990E-06 -9.048078E-02  0.000000E+00
      1020  1.055290E-06 -9.048078E-02  0.000000E+00
      1021  6.556493E-07 -9.048078E-02  0.000000E+00
      1022  2.226581E-07 -9.048078E-02  0.000000E+00

 forces (fx,fy,fz) for set NSET_IND_TOP and time  0.8958493E-01

        10  1.950523E-05 -8.078088E-02 -7.948947E-14
        11  2.957100E-06 -1.920644E-05  5.105120E-13
      1004  1.193737E-05 -1.447392E-01 -9.218065E-13
      1005  3.331412E-06 -1.357339E-01  7.201595E-13
      1006  8.789520E-06 -1.301276E-01  1.841280E-12
      1007  4.481375E-06 -1.243580E-01  1.245838E-11
      1008  8.218036E-06 -1.157114E-01 -1.831295E-13
      1009  3.407375E-06 -1.024008E-01  2.842313E-12
      1010 -4.514889E-07 -8.355613E-02 -4.057329E-12
      1011  1.036178E-06 -5.937413E-02 -8.849900E-12
      1012 -2.814657E-07 -3.086149E-02  3.307320E-12
      1013 -1.165767E-03 -3.046612E-01  1.005895E-11
      1014 -1.776037E-03 -2.795738E-01 -2.152035E-12
      1015 -1.696279E-03 -2.655870E-01 -1.066439E-13
      1016 -2.168345E-03 -2.545682E-01  6.395495E-12
      1017 -2.027441E-03 -2.403963E-01 -2.094089E-13
      1018 -2.455415E-03 -2.186140E-01  3.519185E-12
      1019 -2.305984E-03 -1.865517E-01  2.202571E-12
      1020 -2.309886E-03 -1.434509E-01 -4.440392E-12
      1021 -2.695373E-03 -9.056839E-02 -7.171652E-12
      1022 -2.166558E-03 -3.099324E-02 -2.053642E-12

 total force (fx,fy,fz) for set NSET_IND_TOP and time  0.8958493E-01

       -2.070415E-02 -3.022628E+00  1.363074E-11

                                INCREMENT   110


 displacements (vx,vy,vz) for set NSET_IND_TOP and time  0.9958493E-01

        10  8.278754E-06 -1.005808E-01  0.000000E+00
        11  0.000000E+00 -1.005808E-01  0.000000E+00
      1004  8.121803E-06 -1.005808E-01  0.000000E+00
      1005  7.938005E-06 -1.005808E-01  0.000000E+00
      1006  7.646994E-06 -1.005808E-01  0.000000E+00
      1007  7.184569E-06 -1.005808E-01  0.000000E+00
      1008  6.508289E-06 -1.005808E-01  0.000000E+00
      1009  5.595993E-06 -1.005808E-01  0.000000E+00
      1010  4.449354E-06 -1.005808E-01  0.000000E+00
      1011  3.096155E-06 -1.005808E-01  0.000000E+00
      1012  1.589848E-06 -1.005808E-01  0.000000E+00
      1013  8.197590E-06 -1.005808E-01  0.000000E+00
      1014  8.038133E-06 -1.005808E-01  0.000000E+00
      1015  7.809785E-06 -1.005808E-01  0.000000E+00
      1016  7.439752E-06 -1.005808E-01  0.000000E+00
      1017  6.874604E-06 -1.005808E-01  0.000000E+00
      1018  6.081541E-06 -1.005808E-01  0.000000E+00
      1019  5.050399E-06 -1.005808E-01  0.000000E+00
      1020  3.796062E-06 -1.005808E-01  0.000000E+00
      1021  2.358484E-06 -1.005808E-01  0.000000E+00
      1022  8.009395E-07 -1.005808E-01  0.000000E+00

 forces (fx,fy,fz) for set NSET_IND_TOP and time  0.9958493E-01

        10  7.016474E-05 -2.905943E-01 -1.034848E-12
        11  1.063778E-05 -6.908727E-05  3.784479E-12
      1004  4.294188E-05 -5.206704E-01  3.244590E-12
      1005  1.198489E-05 -4.882725E-01  2.697878E-12
      1006  3.161893E-05 -4.681018E-01  2.966925E-12
      1007  1.612173E-05 -4.473446E-01 -3.988542E-12
      1008  2.956322E-05 -4.162388E-01 -3.187998E-12
      1009  1.225837E-05 -3.683561E-01 -7.630235E-12
      1010 -1.623070E-06 -3.005673E-01 -3.115926E-12
      1011  3.728811E-06 -2.135796E-01 -6.744793E-12
      1012 -1.011378E-06 -1.110143E-01  1.978523E-12
      1013 -4.193440E-03 -1.095960E+00  6.379147E-12
      1014 -6.388685E-03 -1.005708E+00 -3.018502E-12
      1015 -6.101789E-03 -9.553869E-01 -3.901879E-13
      1016 -7.799894E-03 -9.157436E-01 -3.369444E-12
      1017 -7.293045E-03 -8.647591E-01 -8.104628E-12
      1018 -8.832543E-03 -7.864001E-01 -8.489542E-12
      1019 -8.295017E-03 -6.710628E-01 -8.272272E-12
      1020 -8.309058E-03 -5.160196E-01 -2.355560E-12
      1021 -9.695720E-03 -3.257910E-01 -3.887557E-12
      1022 -7.793480E-03 -1.114882E-01  1.435574E-12

 total force (fx,fy,fz) for set NSET_IND_TOP and time  0.9958493E-01

       -7.447628E-02 -1.087313E+01 -4.110292E-11

                                INCREMENT   111


 displacements (vx,vy,vz) for set NSET_IND_TOP and time  0.1000000E+00

        10  9.789997E-06 -1.010000E-01  0.000000E+00
        11  0.000000E+00 -1.010000E-01  0.000000E+00
      1004  9.604398E-06 -1.010000E-01  0.000000E+00
      1005  9.387053E-06 -1.010000E-01  0.000000E+00
      1006  9.042923E-06 -1.010000E-01  0.000000E+00
      1007  8.496087E-06 -1.010000E-01  0.000000E+00
      1008  7.696358E-06 -1.010000E-01  0.000000E+00
      1009  6.617528E-06 -1.010000E-01  0.000000E+00
      1010  5.261575E-06 -1.010000E-01  0.000000E+00
      1011  3.661354E-06 -1.010000E-01  0.000000E+00
      1012  1.880073E-06 -1.010000E-01  0.000000E+00
      1013  9.694018E-06 -1.010000E-01  0.000000E+00
      1014  9.505457E-06 -1.010000E-01  0.000000E+00
      1015  9.235429E-06 -1.010000E-01  0.000000E+00
      1016  8.797851E-06 -1.010000E-01  0.000000E+00
      1017  8.129541E-06 -1.010000E-01  0.000000E+00
      1018  7.191710E-06 -1.010000E-01  0.000000E+00
      1019  5.972338E-06 -1.010000E-01  0.000000E+00
      1020  4.489027E-06 -1.010000E-01  0.000000E+00
      1021  2.789022E-06 -1.010000E-01  0.000000E+00
      1022  9.471501E-07 -1.010000E-01  0.000000E+00

 forces (fx,fy,fz) for set NSET_IND_TOP and time  0.1000000E+00

        10  8.297323E-05 -3.436368E-01 -5.608062E-13
        11  1.257993E-05 -8.169952E-05 -6.038411E-13
      1004  5.078090E-05 -6.157090E-01  2.937771E-12
      1005  1.417274E-05 -5.773979E-01  5.078367E-12
      1006  3.739108E-05 -5.535460E-01  6.743254E-12
      1007  1.906489E-05 -5.290007E-01  5.749434E-12
      1008  3.496029E-05 -4.922175E-01 -8.246101E-12
      1009  1.449641E-05 -4.355950E-01 -1.151327E-12
      1010 -1.919205E-06 -3.554325E-01 -2.392280E-12
      1011  4.409817E-06 -2.525664E-01 -5.689669E-12
      1012 -1.195798E-06 -1.312789E-01 -7.431094E-12
      1013 -4.958951E-03 -1.296007E+00  1.266859E-11
      1014 -7.554937E-03 -1.189281E+00  2.803091E-12
      1015 -7.215669E-03 -1.129776E+00  8.892220E-12
      1016 -9.223764E-03 -1.082898E+00 -4.241607E-12
      1017 -8.624393E-03 -1.022608E+00 -5.847323E-12
      1018 -1.044493E-02 -9.299472E-01 -1.279421E-11
      1019 -9.809281E-03 -7.935575E-01  3.019751E-12
      1020 -9.825888E-03 -6.102135E-01  9.711010E-12
      1021 -1.146569E-02 -3.852609E-01 -5.319412E-12
      1022 -9.216194E-03 -1.318394E-01 -4.016565E-12

 total force (fx,fy,fz) for set NSET_IND_TOP and time  0.1000000E+00

       -8.807198E-02 -1.285785E+01 -6.907469E-13

                        S T E P       2


                                INCREMENT    10


 displacements (vx,vy,vz) for set NSET_IND_TOP and time  0.1007589E+00

        10  1.002194E-05 -1.017665E-01  0.000000E+00
        11  0.000000E+00 -1.017665E-01  0.000000E+00
      1004  9.831957E-06 -1.017665E-01  0.000000E+00
      1005  9.609476E-06 -1.017665E-01  0.000000E+00
      1006  9.257205E-06 -1.017665E-01  0.000000E+00
      1007  8.697424E-06 -1.017665E-01  0.000000E+00
      1008  7.878755E-06 -1.017665E-01  0.000000E+00
      1009  6.774366E-06 -1.017665E-01  0.000000E+00
      1010  5.386283E-06 -1.017665E-01  0.000000E+00
      1011  3.748138E-06 -1.017665E-01  0.000000E+00
      1012  1.924637E-06 -1.017665E-01  0.000000E+00
      1013  9.923694E-06 -1.017665E-01  0.000000E+00
      1014  9.730679E-06 -1.017665E-01  0.000000E+00
      1015  9.454266E-06 -1.017665E-01  0.000000E+00
      1016  9.006333E-06 -1.017665E-01  0.000000E+00
      1017  8.322198E-06 -1.017665E-01  0.000000E+00
      1018  7.362152E-06 -1.017665E-01  0.000000E+00
      1019  6.113889E-06 -1.017665E-01  0.000000E+00
      1020  4.595426E-06 -1.017665E-01  0.000000E+00
      1021  2.855131E-06 -1.017665E-01  0.000000E+00
      1022  9.696009E-07 -1.017665E-01  0.000000E+00

 forces (fx,fy,fz) for set NSET_IND_TOP and time  0.1007589E+00

        10  8.493920E-05 -3.517609E-01  6.516402E-13
        11  1.287824E-05 -8.363835E-05 -2.380669E-12
      1004  5.198380E-05 -6.302671E-01  2.106218E-12
      1005  1.450777E-05 -5.910537E-01  4.150935E-12
      1006  3.827652E-05 -5.666417E-01 -1.054638E-11
      1007  1.951602E-05 -5.415193E-01  2.545010E-12
      1008  3.578858E-05 -5.038687E-01  7.082709E-12
      1009  1.483956E-05 -4.459082E-01  1.357667E-12
      1010 -1.965136E-06 -3.638493E-01 -1.741839E-12
      1011  4.513903E-06 -2.585480E-01 -5.357545E-12
      1012 -1.224529E-06 -1.343882E-01  1.899752E-12
      1013 -5.076524E-03 -1.326648E+00  8.361367E-13
      1014 -7.734051E-03 -1.217404E+00  7.263190E-12
      1015 -7.386735E-03 -1.156500E+00 -1.546291E-12
      1016 -9.442436E-03 -1.108521E+00  5.341616E-12
      1017 -8.828856E-03 -1.046811E+00 -7.248091E-13
      1018 -1.069256E-02 -9.519623E-01 -8.185619E-12
      1019 -1.004184E-02 -8.123474E-01  5.518586E-12
      1020 -1.005885E-02 -6.246644E-01 -2.884082E-12
      1021 -1.173754E-02 -3.943854E-01  6.452616E-13
      1022 -9.434709E-03 -1.349620E-01 -3.220924E-12

 total force (fx,fy,fz) for set NSET_IND_TOP and time  0.1007589E+00

       -9.016005E-02 -1.316210E+01  2.810565E-12

                                INCREMENT    20


 displacements (vx,vy,vz) for set NSET_IND_TOP and time  0.1081200E+00

        10  1.211690E-05 -1.092012E-01  0.000000E+00
        11  0.000000E+00 -1.092012E-01  0.000000E+00
      1004  1.188725E-05 -1.092012E-01  0.000000E+00
      1005  1.161830E-05 -1.092012E-01  0.000000E+00
      1006  1.119243E-05 -1.092012E-01  0.000000E+00
      1007  1.051566E-05 -1.092012E-01  0.000000E+00
      1008  9.525877E-06 -1.092012E-01  0.000000E+00
      1009  8.190631E-06 -1.092012E-01  0.000000E+00
      1010  6.512369E-06 -1.092012E-01  0.000000E+00
      1011  4.531753E-06 -1.092012E-01  0.000000E+00
      1012  2.327020E-06 -1.092012E-01  0.000000E+00
      1013  1.199814E-05 -1.092012E-01  0.000000E+00
      1014  1.176482E-05 -1.092012E-01  0.000000E+00
      1015  1.143067E-05 -1.092012E-01  0.000000E+00
      1016  1.088913E-05 -1.092012E-01  0.000000E+00
      1017  1.006201E-05 -1.092012E-01  0.000000E+00
      1018  8.901287E-06 -1.092012E-01  0.000000E+00
      1019  7.392083E-06 -1.092012E-01  0.000000E+00
      1020  5.556178E-06 -1.092012E-01  0.000000E+00
      1021  3.452050E-06 -1.092012E-01  0.000000E+00
      1022  1.172315E-06 -1.092012E-01  0.000000E+00

 forces (fx,fy,fz) for set NSET_IND_TOP and time  0.1081200E+00

        10  1.026949E-04 -4.252386E-01 -6.302286E-12
        11  1.557058E-05 -1.011311E-04  7.749853E-12
      1004  6.284934E-05 -7.619272E-01  6.624977E-12
      1005  1.753767E-05 -7.145338E-01 -1.930730E-12
      1006  4.627572E-05 -6.850346E-01  2.926080E-12
      1007  2.359316E-05 -6.546748E-01  8.814870E-13
      1008  4.326874E-05 -6.091662E-01 -5.588640E-12
      1009  1.793979E-05 -5.391001E-01  3.323272E-12
      1010 -2.377855E-06 -4.398957E-01 -3.409160E-12
      1011  5.455412E-06 -3.125882E-01 -5.014803E-12
      1012 -1.482313E-06 -1.624780E-01 -1.022565E-11
      1013 -6.137977E-03 -1.603771E+00  7.842782E-12
      1014 -9.351143E-03 -1.471726E+00  8.469891E-12
      1015 -8.931190E-03 -1.398123E+00  2.016720E-13
      1016 -1.141669E-02 -1.340145E+00 -3.114176E-13
      1017 -1.067482E-02 -1.265562E+00  6.390222E-12
      1018 -1.292820E-02 -1.150909E+00 -1.842859E-12
      1019 -1.214144E-02 -9.821274E-01  5.822010E-13
      1020 -1.216202E-02 -7.552251E-01 -7.744083E-12
      1021 -1.419171E-02 -4.768184E-01 -8.010148E-12
      1022 -1.140739E-02 -1.631717E-01  8.609391E-12

 total force (fx,fy,fz) for set NSET_IND_TOP and time  0.1081200E+00

       -1.090113E-01 -1.591232E+01  3.222053E-12

                                INCREMENT    30


 displacements (vx,vy,vz) for set NSET_IND_TOP and time  0.1161200E+00

        10  1.460891E-05 -1.172812E-01  0.000000E+00
        11  0.000000E+00 -1.172812E-01  0.000000E+00
      1004  1.433209E-05 -1.172812E-01  0.000000E+00
      1005  1.400789E-05 -1.172812E-01  0.000000E+00
      1006  1.349448E-05 -1.172812E-01  0.000000E+00
      1007  1.267856E-05 -1.172812E-01  0.000000E+00
      1008  1.148524E-05 -1.172812E-01  0.000000E+00
      1009  9.875383E-06 -1.172812E-01  0.000000E+00
      1010  7.851939E-06 -1.172812E-01  0.000000E+00
      1011  5.463931E-06 -1.172812E-01  0.000000E+00
      1012  2.805691E-06 -1.172812E-01  0.000000E+00
      1013  1.446576E-05 -1.172812E-01  0.000000E+00
      1014  1.418451E-05 -1.172812E-01  0.000000E+00
      1015  1.378169E-05 -1.172812E-01  0.000000E+00
      1016  1.312882E-05 -1.172812E-01  0.000000E+00
      1017  1.213163E-05 -1.172812E-01  0.000000E+00
      1018  1.073220E-05 -1.172812E-01  0.000000E+00
      1019  8.912594E-06 -1.172812E-01  0.000000E+00
      1020  6.699072E-06 -1.172812E-01  0.000000E+00
      1021  4.162138E-06 -1.172812E-01  0.000000E+00
      1022  1.413463E-06 -1.172812E-01  0.000000E+00

 forces (fx,fy,fz) for set NSET_IND_TOP and time  0.1161200E+00

        10  1.238158E-04 -5.126185E-01 -2.773955E-12
        11  1.877327E-05 -1.219431E-04  1.897386E-12
      1004  7.577367E-05 -9.185008E-01 -6.463455E-12
      1005  2.114058E-05 -8.613848E-01 -1.324879E-13
      1006  5.579002E-05 -8.258410E-01  1.474302E-12
      1007  2.844190E-05 -7.892575E-01 -1.625680E-12
      1008  5.216607E-05 -7.344070E-01  4.255705E-12
      1009  2.162676E-05 -6.499454E-01 -2.377500E-12
      1010 -2.869670E-06 -5.303497E-01 -8.652016E-12
      1011  6.574411E-06 -3.768676E-01 -4.869722E-12
      1012 -1.789780E-06 -1.958903E-01  4.278835E-12
      1013 -7.400719E-03 -1.933329E+00 -4.676731E-12
      1014 -1.127488E-02 -1.774177E+00  2.777167E-12
      1015 -1.076851E-02 -1.685484E+00  5.215828E-13
      1016 -1.376531E-02 -1.615623E+00 -1.474754E-11
      1017 -1.287082E-02 -1.525740E+00  1.466327E-12
      1018 -1.558776E-02 -1.387539E+00 -5.903000E-12
      1019 -1.463917E-02 -1.184071E+00 -1.280043E-11
      1020 -1.466400E-02 -9.105227E-01 -1.431322E-11
      1021 -1.711125E-02 -5.748707E-01  1.543210E-12
      1022 -1.375415E-02 -1.967268E-01  2.678080E-12

 total force (fx,fy,fz) for set NSET_IND_TOP and time  0.1161200E+00

       -1.314371E-01 -1.918327E+01 -5.844314E-11

                                INCREMENT    40


 displacements (vx,vy,vz) for set NSET_IND_TOP and time  0.1241200E+00

        10  1.730627E-05 -1.253612E-01  0.000000E+00
        11  0.000000E+00 -1.253612E-01  0.000000E+00
      1004  1.697841E-05 -1.253612E-01  0.000000E+00
      1005  1.659442E-05 -1.253612E-01  0.000000E+00
      1006  1.598627E-05 -1.253612E-01  0.000000E+00
      1007  1.501976E-05 -1.253612E-01  0.000000E+00
      1008  1.360613E-05 -1.253612E-01  0.000000E+00
      1009  1.169904E-05 -1.253612E-01  0.000000E+00
      1010  9.301959E-06 -1.253612E-01  0.000000E+00
      1011  6.472973E-06 -1.253612E-01  0.000000E+00
      1012  3.323832E-06 -1.253612E-01  0.000000E+00
      1013  1.713672E-05 -1.253612E-01  0.000000E+00
      1014  1.680362E-05 -1.253612E-01  0.000000E+00
      1015  1.632649E-05 -1.253612E-01  0.000000E+00
      1016  1.555313E-05 -1.253612E-01  0.000000E+00
      1017  1.437185E-05 -1.253612E-01  0.000000E+00
      1018  1.271405E-05 -1.253612E-01  0.000000E+00
      1019  1.055847E-05 -1.253612E-01  0.000000E+00
      1020  7.936202E-06 -1.253612E-01  0.000000E+00
      1021  4.930777E-06 -1.253612E-01  0.000000E+00
      1022  1.674495E-06 -1.253612E-01  0.000000E+00

 forces (fx,fy,fz) for set NSET_IND_TOP and time  0.1241200E+00

        10  1.466771E-04 -6.071740E-01  1.044244E-12
        11  2.223996E-05 -1.444741E-04  3.751747E-12
      1004  8.976247E-05 -1.087935E+00 -7.920902E-12
      1005  2.503904E-05 -1.020303E+00  1.125940E-11
      1006  6.608729E-05 -9.782242E-01  1.235920E-11
      1007  3.368898E-05 -9.349107E-01  2.607598E-12
      1008  6.179599E-05 -8.699542E-01 -1.039504E-11
      1009  2.561660E-05 -7.699157E-01 -7.625123E-12
      1010 -3.402956E-06 -6.282518E-01 -1.005310E-11
      1011  7.784568E-06 -4.464410E-01 -3.065492E-12
      1012 -2.123480E-06 -2.320547E-01  1.511856E-11
      1013 -8.767636E-03 -2.289952E+00 -5.851319E-12
      1014 -1.335731E-02 -2.101476E+00  8.908430E-13
      1015 -1.275738E-02 -1.996464E+00  6.727452E-12
      1016 -1.630765E-02 -1.913757E+00 -7.529366E-12
      1017 -1.524795E-02 -1.807324E+00 -7.874090E-12
      1018 -1.846670E-02 -1.643645E+00 -1.627598E-11
      1019 -1.734293E-02 -1.402641E+00 -7.838896E-12
      1020 -1.737236E-02 -1.078609E+00  7.773227E-13
      1021 -2.027163E-02 -6.809989E-01  6.897816E-12
      1022 -1.629450E-02 -2.330458E-01  8.259837E-12

 total force (fx,fy,fz) for set NSET_IND_TOP and time  0.1241200E+00

       -1.557129E-01 -2.272322E+01 -1.473528E-11

                                INCREMENT    50


 displacements (vx,vy,vz) for set NSET_IND_TOP and time  0.1321200E+00

        10  2.021970E-05 -1.334412E-01  0.000000E+00
        11  0.000000E+00 -1.334412E-01  0.000000E+00
      1004  1.983674E-05 -1.334412E-01  0.000000E+00
      1005  1.938819E-05 -1.334412E-01  0.000000E+00
      1006  1.867775E-05 -1.334412E-01  0.000000E+00
      1007  1.754858E-05 -1.334412E-01  0.000000E+00
      1008  1.589701E-05 -1.334412E-01  0.000000E+00
      1009  1.366887E-05 -1.334412E-01  0.000000E+00
      1010  1.086822E-05 -1.334412E-01  0.000000E+00
      1011  7.562908E-06 -1.334412E-01  0.000000E+00
      1012  3.883514E-06 -1.334412E-01  0.000000E+00
      1013  2.002166E-05 -1.334412E-01  0.000000E+00
      1014  1.963257E-05 -1.334412E-01  0.000000E+00
      1015  1.907519E-05 -1.334412E-01  0.000000E+00
      1016  1.817172E-05 -1.334412E-01  0.000000E+00
      1017  1.679162E-05 -1.334412E-01  0.000000E+00
      1018  1.485476E-05 -1.334412E-01  0.000000E+00
      1019  1.233628E-05 -1.334412E-01  0.000000E+00
      1020  9.272508E-06 -1.334412E-01  0.000000E+00
      1021  5.761039E-06 -1.334412E-01  0.000000E+00
      1022  1.956455E-06 -1.334412E-01  0.000000E+00

 forces (fx,fy,fz) for set NSET_IND_TOP and time  0.1321200E+00

        10  1.713698E-04 -7.092741E-01 -4.674180E-12
        11  2.598443E-05 -1.688150E-04  1.673776E-12
      1004  1.048712E-04 -1.270893E+00 -1.835017E-12
      1005  2.924818E-05 -1.191912E+00 -1.944346E-12
      1006  7.720818E-05 -1.142783E+00  1.969050E-12
      1007  3.935490E-05 -1.092208E+00  2.379390E-12
      1008  7.219659E-05 -1.016343E+00 -6.303266E-12
      1009  2.992492E-05 -8.994856E-01  7.437906E-12
      1010 -3.980122E-06 -7.339903E-01 -6.547999E-12
      1011  9.090379E-06 -5.215843E-01  2.081962E-12
      1012 -2.485017E-06 -2.711148E-01 -5.514600E-13
      1013 -1.024420E-02 -2.675033E+00  1.465494E-14
      1014 -1.560677E-02 -2.454903E+00 -9.605594E-12
      1015 -1.490577E-02 -2.332285E+00 -3.375855E-12
      1016 -1.905389E-02 -2.235719E+00 -1.738054E-12
      1017 -1.781573E-02 -2.111425E+00 -3.285372E-12
      1018 -2.157654E-02 -1.920240E+00 -2.294942E-12
      1019 -2.026354E-02 -1.638703E+00 -8.993917E-13
      1020 -2.029795E-02 -1.260151E+00 -9.908074E-12
      1021 -2.368550E-02 -7.956242E-01  9.892087E-13
      1022 -1.903860E-02 -2.722729E-01  1.388978E-11

 total force (fx,fy,fz) for set NSET_IND_TOP and time  0.1321200E+00

       -1.819357E-01 -2.654611E+01 -2.252783E-11

                                INCREMENT    60


 displacements (vx,vy,vz) for set NSET_IND_TOP and time  0.1401200E+00

        10  2.333024E-05 -1.415212E-01  0.000000E+00
        11  0.000000E+00 -1.415212E-01  0.000000E+00
      1004  2.288848E-05 -1.415212E-01  0.000000E+00
      1005  2.237103E-05 -1.415212E-01  0.000000E+00
      1006  2.155138E-05 -1.415212E-01  0.000000E+00
      1007  2.024858E-05 -1.415212E-01  0.000000E+00
      1008  1.834298E-05 -1.415212E-01  0.000000E+00
      1009  1.577207E-05 -1.415212E-01  0.000000E+00
      1010  1.254053E-05 -1.415212E-01  0.000000E+00
      1011  8.726650E-06 -1.415212E-01  0.000000E+00
      1012  4.481097E-06 -1.415212E-01  0.000000E+00
      1013  2.310179E-05 -1.415212E-01  0.000000E+00
      1014  2.265295E-05 -1.415212E-01  0.000000E+00
      1015  2.200993E-05 -1.415212E-01  0.000000E+00
      1016  2.096755E-05 -1.415212E-01  0.000000E+00
      1017  1.937520E-05 -1.415212E-01  0.000000E+00
      1018  1.714040E-05 -1.415212E-01  0.000000E+00
      1019  1.423446E-05 -1.415212E-01  0.000000E+00
      1020  1.069930E-05 -1.415212E-01  0.000000E+00
      1021  6.647526E-06 -1.415212E-01  0.000000E+00
      1022  2.257509E-06 -1.415212E-01  0.000000E+00

 forces (fx,fy,fz) for set NSET_IND_TOP and time  0.1401200E+00

        10  1.977331E-04 -8.182484E-01 -8.386747E-12
        11  2.998231E-05 -1.948082E-04 -4.800457E-14
      1004  1.210014E-04 -1.466172E+00  4.970864E-12
      1005  3.374028E-05 -1.375086E+00  5.299464E-12
      1006  8.908003E-05 -1.318440E+00  7.081409E-12
      1007  4.540247E-05 -1.260122E+00  1.598750E-11
      1008  8.330002E-05 -1.172618E+00 -2.854805E-12
      1009  3.452342E-05 -1.037810E+00  3.937875E-12
      1010 -4.597635E-06 -8.468753E-01 -3.603655E-12
      1011  1.048308E-05 -6.018078E-01  7.001365E-12
      1012 -2.872252E-06 -3.128160E-01  9.252042E-12
      1013 -1.182083E-02 -3.086045E+00  7.424172E-12
      1014 -1.800865E-02 -2.832142E+00  9.734880E-12
      1015 -1.719973E-02 -2.690746E+00 -6.822320E-14
      1016 -2.198619E-02 -2.579402E+00  3.666289E-12
      1017 -2.055748E-02 -2.436056E+00  1.365130E-12
      1018 -2.489706E-02 -2.215518E+00  2.060907E-12
      1019 -2.338203E-02 -1.890717E+00 -1.274947E-11
      1020 -2.342176E-02 -1.453964E+00  8.235523E-12
      1021 -2.733068E-02 -9.179993E-01 -1.114786E-11
      1022 -2.196864E-02 -3.141525E-01  7.425172E-13

 total force (fx,fy,fz) for set NSET_IND_TOP and time  0.1401200E+00

       -2.099353E-01 -3.062693E+01  4.790118E-11

                                INCREMENT    70


 displacements (vx,vy,vz) for set NSET_IND_TOP and time  0.1481200E+00

        10  2.664567E-05 -1.496012E-01  0.000000E+00
        11  0.000000E+00 -1.496012E-01  0.000000E+00
      1004  2.614127E-05 -1.496012E-01  0.000000E+00
      1005  2.555041E-05 -1.496012E-01  0.000000E+00
      1006  2.461439E-05 -1.496012E-01  0.000000E+00
      1007  2.312653E-05 -1.496012E-01  0.000000E+00
      1008  2.095017E-05 -1.496012E-01  0.000000E+00
      1009  1.801392E-05 -1.496012E-01  0.000000E+00
      1010  1.432310E-05 -1.496012E-01  0.000000E+00
      1011  9.967126E-06 -1.496012E-01  0.000000E+00
      1012  5.118085E-06 -1.496012E-01  0.000000E+00
      1013  2.638482E-05 -1.496012E-01  0.000000E+00
      1014  2.587233E-05 -1.496012E-01  0.000000E+00
      1015  2.513805E-05 -1.496012E-01  0.000000E+00
      1016  2.394763E-05 -1.496012E-01  0.000000E+00
      1017  2.212907E-05 -1.496012E-01  0.000000E+00
      1018  1.957671E-05 -1.496012E-01  0.000000E+00
      1019  1.625779E-05 -1.496012E-01  0.000000E+00
      1020  1.222017E-05 -1.496012E-01  0.000000E+00
      1021  7.592466E-06 -1.496012E-01  0.000000E+00
      1022  2.578415E-06 -1.496012E-01  0.000000E+00

 forces (fx,fy,fz) for set NSET_IND_TOP and time  0.1481200E+00

        10  2.258329E-04 -9.343621E-01 -2.253990E-12
        11  3.424359E-05 -2.225199E-04 -2.795661E-12
      1004  1.381932E-04 -1.674251E+00 -4.428373E-12
      1005  3.852614E-05 -1.570274E+00  6.171121E-12
      1006  1.017322E-04 -1.505628E+00  8.205812E-12
      1007  5.184640E-05 -1.439066E+00  1.388878E-11
      1008  9.513378E-05 -1.339165E+00 -6.053064E-12
      1009  3.942325E-05 -1.185231E+00  2.276040E-13
      1010 -5.257380E-06 -9.671879E-01 -2.455123E-12
      1011  1.196576E-05 -6.873113E-01  5.640543E-13
      1012 -3.286484E-06 -3.572623E-01 -2.482738E-12
      1013 -1.350151E-02 -3.523988E+00 -1.060657E-11
      1014 -2.056902E-02 -3.234114E+00  6.442513E-12
      1015 -1.964503E-02 -3.072727E+00 -2.779443E-12
      1016 -2.511195E-02 -2.945654E+00 -1.508582E-11
      1017 -2.348011E-02 -2.782019E+00  8.411050E-12
      1018 -2.843666E-02 -2.530211E+00  2.968736E-13
      1019 -2.670627E-02 -2.159309E+00  3.746226E-12
      1020 -2.675168E-02 -1.660531E+00  4.760192E-12
      1021 -3.121637E-02 -1.048429E+00 -8.569812E-13
      1022 -2.509201E-02 -3.587889E-01  5.106804E-12

 total force (fx,fy,fz) for set NSET_IND_TOP and time  0.1481200E+00

       -2.397823E-01 -3.497573E+01  8.023265E-12

                                INCREMENT    80


 displacements (vx,vy,vz) for set NSET_IND_TOP and time  0.1561200E+00

        10  3.016150E-05 -1.576812E-01  0.000000E+00
        11  0.000000E+00 -1.576812E-01  0.000000E+00
      1004  2.959070E-05 -1.576812E-01  0.000000E+00
      1005  2.892204E-05 -1.576812E-01  0.000000E+00
      1006  2.786265E-05 -1.576812E-01  0.000000E+00
      1007  2.617857E-05 -1.576812E-01  0.000000E+00
      1008  2.371511E-05 -1.576812E-01  0.000000E+00
      1009  2.039143E-05 -1.576812E-01  0.000000E+00
      1010  1.621356E-05 -1.576812E-01  0.000000E+00
      1011  1.128268E-05 -1.576812E-01  0.000000E+00
      1012  5.793631E-06 -1.576812E-01  0.000000E+00
      1013  2.986631E-05 -1.576812E-01  0.000000E+00
      1014  2.928636E-05 -1.576812E-01  0.000000E+00
      1015  2.845534E-05 -1.576812E-01  0.000000E+00
      1016  2.710797E-05 -1.576812E-01  0.000000E+00
      1017  2.504953E-05 -1.576812E-01  0.000000E+00
      1018  2.216043E-05 -1.576812E-01  0.000000E+00
      1019  1.840356E-05 -1.576812E-01  0.000000E+00
      1020  1.383309E-05 -1.576812E-01  0.000000E+00
      1021  8.594604E-06 -1.576812E-01  0.000000E+00
      1022  2.918747E-06 -1.576812E-01  0.000000E+00

 forces (fx,fy,fz) for set NSET_IND_TOP and time  0.1561200E+00

        10  2.556313E-04 -1.057444E+00 -8.098981E-12
        11  3.876255E-05 -2.519150E-04 -5.551540E-13
      1004  1.564230E-04 -1.894822E+00  7.390069E-12
      1005  4.359852E-05 -1.777193E+00  2.406482E-12
      1006  1.151469E-04 -1.704077E+00 -4.549567E-12
      1007  5.867729E-05 -1.628787E+00  7.424096E-12
      1008  1.076816E-04 -1.515751E+00 -8.511834E-12
      1009  4.461727E-05 -1.341545E+00  2.686822E-13
      1010 -5.958977E-06 -1.094762E+00 -1.015313E-11
      1011  1.353584E-05 -7.779775E-01  5.722148E-12
      1012 -3.727643E-06 -4.043930E-01  1.225949E-11
      1013 -1.528402E-02 -3.988217E+00  1.221961E-11
      1014 -2.328451E-02 -3.660230E+00  1.557876E-11
      1015 -2.223847E-02 -3.477676E+00  2.961187E-12
      1016 -2.842704E-02 -3.333951E+00  4.208967E-12
      1017 -2.657977E-02 -3.148826E+00  6.930789E-12
      1018 -3.219066E-02 -2.863879E+00 -5.485723E-12
      1019 -3.023187E-02 -2.444108E+00 -5.877854E-12
      1020 -3.028331E-02 -1.879568E+00 -1.103562E-12
      1021 -3.533745E-02 -1.186736E+00 -1.565681E-11
      1022 -2.840460E-02 -4.061212E-01  1.153266E-11

 total force (fx,fy,fz) for set NSET_IND_TOP and time  0.1561200E+00

       -2.714373E-01 -3.958632E+01  2.891033E-11

                                INCREMENT    90


 displacements (vx,vy,vz) for set NSET_IND_TOP and time  0.1641200E+00

        10  3.386750E-05 -1.657612E-01  0.000000E+00
        11  0.000000E+00 -1.657612E-01  0.000000E+00
      1004  3.322676E-05 -1.657612E-01  0.000000E+00
      1005  3.247611E-05 -1.657612E-01  0.000000E+00
      1006  3.128671E-05 -1.657612E-01  0.000000E+00
      1007  2.939583E-05 -1.657612E-01  0.000000E+00
      1008  2.662975E-05 -1.657612E-01  0.000000E+00
      1009  2.289768E-05 -1.657612E-01  0.000000E+00
      1010  1.820639E-05 -1.657612E-01  0.000000E+00
      1011  1.266949E-05 -1.657612E-01  0.000000E+00
      1012  6.505767E-06 -1.657612E-01  0.000000E+00
      1013  3.353614E-05 -1.657612E-01  0.000000E+00
      1014  3.288512E-05 -1.657612E-01  0.000000E+00
      1015  3.195215E-05 -1.657612E-01  0.000000E+00
      1016  3.043936E-05 -1.657612E-01  0.000000E+00
      1017  2.812810E-05 -1.657612E-01  0.000000E+00
      1018  2.488405E-05 -1.657612E-01  0.000000E+00
      1019  2.066553E-05 -1.657612E-01  0.000000E+00
      1020  1.553336E-05 -1.657612E-01  0.000000E+00
      1021  9.651020E-06 -1.657612E-01  0.000000E+00
      1022  3.277513E-06 -1.657612E-01  0.000000E+00

 forces (fx,fy,fz) for set NSET_IND_TOP and time  0.1641200E+00

        10  2.870414E-04 -1.187137E+00 -6.532514E-12
        11  4.352596E-05 -2.829076E-04  8.872248E-12
      1004  1.756378E-04 -2.127249E+00 -5.552747E-12
      1005  4.894269E-05 -1.995242E+00  3.708949E-13
      1006  1.292851E-04 -1.913213E+00 -5.682442E-12
      1007  6.587523E-05 -1.828734E+00 -1.269827E-11
      1008  1.209067E-04 -1.701864E+00  2.051445E-12
      1009  5.009031E-05 -1.506298E+00 -6.481903E-14
      1010 -6.700404E-06 -1.229227E+00  4.115718E-12
      1011  1.518870E-05 -8.735429E-01  4.792162E-12
      1012 -4.194477E-06 -4.540709E-01  2.015165E-12
      1013 -1.716318E-02 -4.477388E+00  7.074896E-12
      1014 -2.614720E-02 -4.109258E+00  1.024658E-11
      1015 -2.497247E-02 -3.904420E+00  1.442446E-11
      1016 -3.192182E-02 -3.743169E+00  5.558998E-12
      1017 -2.984742E-02 -3.535415E+00 -6.816769E-12
      1018 -3.614812E-02 -3.215555E+00 -1.310174E-11
      1019 -3.394856E-02 -2.744286E+00  5.420331E-12
      1020 -3.400637E-02 -2.110438E+00 -1.070888E-11
      1021 -3.968192E-02 -1.332516E+00  6.428191E-12
      1022 -3.189675E-02 -4.560118E-01  1.454881E-11

 total force (fx,fy,fz) for set NSET_IND_TOP and time  0.1641200E+00

       -3.048082E-01 -4.444532E+01  2.476172E-11

                                INCREMENT   100


 displacements (vx,vy,vz) for set NSET_IND_TOP and time  0.1721200E+00

        10  3.776968E-05 -1.738412E-01  0.000000E+00
        11  0.000000E+00 -1.738412E-01  0.000000E+00
      1004  3.705534E-05 -1.738412E-01  0.000000E+00
      1005  3.621841E-05 -1.738412E-01  0.000000E+00
      1006  3.489215E-05 -1.738412E-01  0.000000E+00
      1007  3.278354E-05 -1.738412E-01  0.000000E+00
      1008  2.969884E-05 -1.738412E-01  0.000000E+00
      1009  2.553678E-05 -1.738412E-01  0.000000E+00
      1010  2.030487E-05 -1.738412E-01  0.000000E+00
      1011  1.412983E-05 -1.738412E-01  0.000000E+00
      1012  7.255665E-06 -1.738412E-01  0.000000E+00
      1013  3.740025E-05 -1.738412E-01  0.000000E+00
      1014  3.667444E-05 -1.738412E-01  0.000000E+00
      1015  3.563417E-05 -1.738412E-01  0.000000E+00
      1016  3.394725E-05 -1.738412E-01  0.000000E+00
      1017  3.136980E-05 -1.738412E-01  0.000000E+00
      1018  2.775202E-05 -1.738412E-01  0.000000E+00
      1019  2.304741E-05 -1.738412E-01  0.000000E+00
      1020  1.732378E-05 -1.738412E-01  0.000000E+00
      1021  1.076345E-05 -1.738412E-01  0.000000E+00
      1022  3.655303E-06 -1.738412E-01  0.000000E+00

 forces (fx,fy,fz) for set NSET_IND_TOP and time  0.1721200E+00

        10  3.201142E-04 -1.323636E+00 -1.304992E-11
        11  4.854155E-05 -3.155506E-04  3.924700E-12
      1004  1.958683E-04 -2.371880E+00  4.980608E-13
      1005  5.456642E-05 -2.224754E+00  6.646951E-12
      1006  1.441690E-04 -2.133358E+00  1.509566E-11
      1007  7.345106E-05 -2.039220E+00 -5.392440E-12
      1008  1.348303E-04 -1.897797E+00  2.229767E-12
      1009  5.585056E-05 -1.679752E+00 -4.017550E-12
      1010 -7.483521E-06 -1.370797E+00 -1.196034E-11
      1011  1.692625E-05 -9.741607E-01  9.679260E-13
      1012 -4.688372E-06 -5.063760E-01 -2.269805E-12
      1013 -1.914210E-02 -4.992236E+00 -2.680167E-11
      1014 -2.916185E-02 -4.581877E+00  1.669331E-12
      1015 -2.785158E-02 -4.353613E+00  9.440670E-12
      1016 -3.560205E-02 -4.173942E+00 -1.504263E-11
      1017 -3.328848E-02 -3.942390E+00 -4.084622E-12
      1018 -4.031559E-02 -3.585795E+00  3.469447E-12
      1019 -3.786249E-02 -3.060320E+00 -7.177148E-12
      1020 -3.792703E-02 -2.353512E+00  1.054690E-11
      1021 -4.425698E-02 -1.486005E+00  1.071143E-11
      1022 -3.557426E-02 -5.085409E-01 -9.928947E-12

 total force (fx,fy,fz) for set NSET_IND_TOP and time  0.1721200E+00

       -3.399503E-01 -4.956028E+01 -3.452423E-11

                                INCREMENT   110


 displacements (vx,vy,vz) for set NSET_IND_TOP and time  0.1801200E+00

        10  4.025593E-05 -1.819212E-01  0.000000E+00
        11  0.000000E+00 -1.819212E-01  0.000000E+00
      1004  3.949522E-05 -1.819212E-01  0.000000E+00
      1005  3.860380E-05 -1.819212E-01  0.000000E+00
      1006  3.719076E-05 -1.819212E-01  0.000000E+00
      1007  3.494376E-05 -1.819212E-01  0.000000E+00
      1008  3.165625E-05 -1.819212E-01  0.000000E+00
      1009  2.722023E-05 -1.819212E-01  0.000000E+00
      1010  2.164366E-05 -1.819212E-01  0.000000E+00
      1011  1.506162E-05 -1.819212E-01  0.000000E+00
      1012  7.734181E-06 -1.819212E-01  0.000000E+00
      1013  3.986251E-05 -1.819212E-01  0.000000E+00
      1014  3.908955E-05 -1.819212E-01  0.000000E+00
      1015  3.798138E-05 -1.819212E-01  0.000000E+00
      1016  3.618389E-05 -1.819212E-01  0.000000E+00
      1017  3.343710E-05 -1.819212E-01  0.000000E+00
      1018  2.958132E-05 -1.819212E-01  0.000000E+00
      1019  2.456690E-05 -1.819212E-01  0.000000E+00
      1020  1.846611E-05 -1.819212E-01  0.000000E+00
      1021  1.147328E-05 -1.819212E-01  0.000000E+00
      1022  3.896380E-06 -1.819212E-01  0.000000E+00

 forces (fx,fy,fz) for set NSET_IND_TOP and time  0.1801200E+00

        10  3.411852E-04 -1.409962E+00  3.775303E-12
        11  5.173818E-05 -3.364606E-04  3.703461E-12
      1004  2.087423E-04 -2.526675E+00  4.257495E-12
      1005  5.811332E-05 -2.370127E+00 -1.527282E-11
      1006  1.536233E-04 -2.272954E+00  2.389426E-11
      1007  7.824438E-05 -2.172835E+00  1.128985E-11
      1008  1.436842E-04 -2.022288E+00 -4.962557E-12
      1009  5.949428E-05 -1.790043E+00  6.446361E-12
      1010 -8.008765E-06 -1.460868E+00  7.443841E-12
      1011  1.800347E-05 -1.038203E+00 -1.157248E-11
      1012 -5.028383E-06 -5.396761E-01  9.217932E-12
      1013 -2.040617E-02 -5.317911E+00  8.579804E-13
      1014 -3.108717E-02 -4.881076E+00  1.211375E-11
      1015 -2.969011E-02 -4.638289E+00 -5.179079E-12
      1016 -3.795197E-02 -4.447246E+00  1.531952E-11
      1017 -3.548565E-02 -4.200852E+00  4.115819E-12
      1018 -4.297663E-02 -3.821123E+00  2.625744E-11
      1019 -4.036175E-02 -3.261329E+00 -1.524048E-11
      1020 -4.043071E-02 -2.508192E+00 -5.799805E-13
      1021 -4.717868E-02 -1.583710E+00 -1.587397E-12
      1022 -3.792284E-02 -5.419846E-01  7.220446E-12

 total force (fx,fy,fz) for set NSET_IND_TOP and time  0.1801200E+00

       -3.623919E-01 -5.280568E+01  8.151868E-11

                                INCREMENT   120


 displacements (vx,vy,vz) for set NSET_IND_TOP and time  0.1881200E+00

        10  4.309187E-05 -1.900012E-01  0.000000E+00
        11  0.000000E+00 -1.900012E-01  0.000000E+00
      1004  4.227825E-05 -1.900012E-01  0.000000E+00
      1005  4.132468E-05 -1.900012E-01  0.000000E+00
      1006  3.981266E-05 -1.900012E-01  0.000000E+00
      1007  3.740780E-05 -1.900012E-01  0.000000E+00
      1008  3.388895E-05 -1.900012E-01  0.000000E+00
      1009  2.914045E-05 -1.900012E-01  0.000000E+00
      1010  2.317076E-05 -1.900012E-01  0.000000E+00
      1011  1.612445E-05 -1.900012E-01  0.000000E+00
      1012  8.279998E-06 -1.900012E-01  0.000000E+00
      1013  4.267108E-05 -1.900012E-01  0.000000E+00
      1014  4.184434E-05 -1.900012E-01  0.000000E+00
      1015  4.065870E-05 -1.900012E-01  0.000000E+00
      1016  3.873509E-05 -1.900012E-01  0.000000E+00
      1017  3.579516E-05 -1.900012E-01  0.000000E+00
      1018  3.166789E-05 -1.900012E-01  0.000000E+00
      1019  2.630010E-05 -1.900012E-01  0.000000E+00
      1020  1.976910E-05 -1.900012E-01  0.000000E+00
      1021  1.228294E-05 -1.900012E-01  0.000000E+00
      1022  4.171363E-06 -1.900012E-01  0.000000E+00

 forces (fx,fy,fz) for set NSET_IND_TOP and time  0.1881200E+00

        10  3.652208E-04 -1.508438E+00 -7.832497E-12
        11  5.538540E-05 -3.603110E-04  4.637185E-12
      1004  2.234283E-04 -2.703255E+00  7.994091E-13
      1005  6.216050E-05 -2.535954E+00  6.457206E-12
      1006  1.644092E-04 -2.432190E+00  2.799229E-11
      1007  8.371379E-05 -2.325244E+00  9.799987E-12
      1008  1.537857E-04 -2.164288E+00 -2.639791E-12
      1009  6.365259E-05 -1.915845E+00 -2.649552E-12
      1010 -8.606502E-06 -1.563606E+00 -1.076126E-11
      1011  1.923434E-05 -1.111252E+00  5.848758E-12
      1012 -5.414691E-06 -5.776594E-01  2.694316E-12
      1013 -2.184799E-02 -5.689419E+00  7.885359E-12
      1014 -3.328323E-02 -5.222376E+00 -6.331824E-12
      1015 -3.178719E-02 -4.963017E+00 -6.111556E-12
      1016 -4.063238E-02 -4.758996E+00  2.713052E-11
      1017 -3.799182E-02 -4.495669E+00 -2.184586E-11
      1018 -4.601193E-02 -4.089549E+00 -1.834133E-11
      1019 -4.321253E-02 -3.490608E+00 -1.174372E-11
      1020 -4.328653E-02 -2.684626E+00  2.552936E-11
      1021 -5.051133E-02 -1.695156E+00 -4.237055E-12
      1022 -4.060176E-02 -5.801316E-01  1.507394E-11

 total force (fx,fy,fz) for set NSET_IND_TOP and time  0.1881200E+00

       -3.879897E-01 -5.650764E+01  4.135389E-11

                                INCREMENT   130


 displacements (vx,vy,vz) for set NSET_IND_TOP and time  0.1961200E+00

        10  4.789690E-05 -1.980812E-01  0.000000E+00
        11  0.000000E+00 -1.980812E-01  0.000000E+00
      1004  4.699279E-05 -1.980812E-01  0.000000E+00
      1005  4.593311E-05 -1.980812E-01  0.000000E+00
      1006  4.425267E-05 -1.980812E-01  0.000000E+00
      1007  4.157980E-05 -1.980812E-01  0.000000E+00
      1008  3.766866E-05 -1.980812E-01  0.000000E+00
      1009  3.239066E-05 -1.980812E-01  0.000000E+00
      1010  2.575522E-05 -1.980812E-01  0.000000E+00
      1011  1.792302E-05 -1.980812E-01  0.000000E+00
      1012  9.203587E-06 -1.980812E-01  0.000000E+00
      1013  4.742931E-05 -1.980812E-01  0.000000E+00
      1014  4.651061E-05 -1.980812E-01  0.000000E+00
      1015  4.519297E-05 -1.980812E-01  0.000000E+00
      1016  4.305503E-05 -1.980812E-01  0.000000E+00
      1017  3.978739E-05 -1.980812E-01  0.000000E+00
      1018  3.519995E-05 -1.980812E-01  0.000000E+00
      1019  2.923357E-05 -1.980812E-01  0.000000E+00
      1020  2.197418E-05 -1.980812E-01  0.000000E+00
      1021  1.365303E-05 -1.980812E-01  0.000000E+00
      1022  4.636658E-06 -1.980812E-01  0.000000E+00

 forces (fx,fy,fz) for set NSET_IND_TOP and time  0.1961200E+00

        10  4.059451E-04 -1.676344E+00 -1.112547E-11
        11  6.156110E-05 -4.005349E-04 -4.427243E-12
      1004  2.483349E-04 -3.004196E+00  3.565206E-12
      1005  6.907517E-05 -2.818337E+00  5.946736E-12
      1006  1.827282E-04 -2.703090E+00  1.422143E-11
      1007  9.303255E-05 -2.584297E+00  1.914050E-11
      1008  1.709248E-04 -2.405461E+00  6.562808E-12
      1009  7.073746E-05 -2.129370E+00 -1.609288E-11
      1010 -9.578423E-06 -1.737896E+00 -5.767872E-12
      1011  2.136496E-05 -1.235132E+00 -1.331376E-11
      1012 -6.030274E-06 -6.420591E-01  2.293884E-13
      1013 -2.428566E-02 -6.322747E+00 -2.738887E-11
      1014 -3.699661E-02 -5.803823E+00  1.354250E-12
      1015 -3.533355E-02 -5.515728E+00  6.014966E-12
      1016 -4.516548E-02 -5.289124E+00  1.372413E-11
      1017 -4.223031E-02 -4.996580E+00  2.550404E-11
      1018 -5.114517E-02 -4.545299E+00 -5.774048E-12
      1019 -4.803350E-02 -3.879669E+00 -1.445910E-11
      1020 -4.811579E-02 -2.983886E+00 -2.226441E-12
      1021 -5.614668E-02 -1.884133E+00 -5.879741E-12
      1022 -4.513156E-02 -6.448073E-01 -1.256106E-11

 total force (fx,fy,fz) for set NSET_IND_TOP and time  0.1961200E+00

       -4.312762E-01 -6.280238E+01 -2.275302E-11

                                INCREMENT   135


 displacements (vx,vy,vz) for set NSET_IND_TOP and time  0.2000000E+00

        10  5.028401E-05 -2.020000E-01  0.000000E+00
        11  0.000000E+00 -2.020000E-01  0.000000E+00
      1004  4.933496E-05 -2.020000E-01  0.000000E+00
      1005  4.822259E-05 -2.020000E-01  0.000000E+00
      1006  4.645850E-05 -2.020000E-01  0.000000E+00
      1007  4.365248E-05 -2.020000E-01  0.000000E+00
      1008  3.954646E-05 -2.020000E-01  0.000000E+00
      1009  3.400542E-05 -2.020000E-01  0.000000E+00
      1010  2.703923E-05 -2.020000E-01  0.000000E+00
      1011  1.881658E-05 -2.020000E-01  0.000000E+00
      1012  9.662445E-06 -2.020000E-01  0.000000E+00
      1013  4.979317E-05 -2.020000E-01  0.000000E+00
      1014  4.882881E-05 -2.020000E-01  0.000000E+00
      1015  4.744561E-05 -2.020000E-01  0.000000E+00
      1016  4.520120E-05 -2.020000E-01  0.000000E+00
      1017  4.177077E-05 -2.020000E-01  0.000000E+00
      1018  3.695472E-05 -2.020000E-01  0.000000E+00
      1019  3.069096E-05 -2.020000E-01  0.000000E+00
      1020  2.306970E-05 -2.020000E-01  0.000000E+00
      1021  1.433372E-05 -2.020000E-01  0.000000E+00
      1022  4.867826E-06 -2.020000E-01  0.000000E+00

 forces (fx,fy,fz) for set NSET_IND_TOP and time  0.2000000E+00

        10  4.261767E-04 -1.759736E+00 -6.091745E-12
        11  6.462917E-05 -4.205215E-04 -1.506557E-12
      1004  2.607079E-04 -3.153664E+00  5.335417E-12
      1005  7.250907E-05 -2.958592E+00  1.775684E-11
      1006  1.918280E-04 -2.837647E+00 -2.506381E-13
      1007  9.766085E-05 -2.712975E+00  2.095744E-11
      1008  1.794388E-04 -2.525261E+00 -1.197660E-11
      1009  7.425622E-05 -2.235439E+00 -8.380902E-12
      1010 -1.006220E-05 -1.824478E+00 -2.077531E-11
      1011  2.242238E-05 -1.296672E+00 -1.902515E-11
      1012 -6.336984E-06 -6.740514E-01  7.372735E-12
      1013 -2.549679E-02 -6.637296E+00 -9.914958E-12
      1014 -3.884156E-02 -6.092613E+00 -1.785283E-11
      1015 -3.709551E-02 -5.790258E+00  1.853717E-11
      1016 -4.741768E-02 -5.552447E+00  4.576117E-12
      1017 -4.433613E-02 -5.245400E+00 -9.389378E-12
      1018 -5.369553E-02 -4.771691E+00 -2.472977E-11
      1019 -5.042872E-02 -4.072939E+00 -1.532063E-11
      1020 -5.051514E-02 -3.132550E+00  1.280531E-12
      1021 -5.894653E-02 -1.978011E+00 -3.196554E-12
      1022 -4.738213E-02 -6.769367E-01 -7.707168E-13

 total force (fx,fy,fz) for set NSET_IND_TOP and time  0.2000000E+00

       -4.527825E-01 -6.592908E+01 -7.336550E-11

                        S T E P       3


                                INCREMENT    10


 displacements (vx,vy,vz) for set NSET_IND_TOP and time  0.2007589E+00

        10  5.075308E-05 -2.027665E-01  0.000000E+00
        11  0.000000E+00 -2.027665E-01  0.000000E+00
      1004  4.979520E-05 -2.027665E-01  0.000000E+00
      1005  4.867247E-05 -2.027665E-01  0.000000E+00
      1006  4.689195E-05 -2.027665E-01  0.000000E+00
      1007  4.405978E-05 -2.027665E-01  0.000000E+00
      1008  3.991546E-05 -2.027665E-01  0.000000E+00
      1009  3.432273E-05 -2.027665E-01  0.000000E+00
      1010  2.729155E-05 -2.027665E-01  0.000000E+00
      1011  1.899217E-05 -2.027665E-01  0.000000E+00
      1012  9.752614E-06 -2.027665E-01  0.000000E+00
      1013  5.025767E-05 -2.027665E-01  0.000000E+00
      1014  4.928434E-05 -2.027665E-01  0.000000E+00
      1015  4.788826E-05 -2.027665E-01  0.000000E+00
      1016  4.562293E-05 -2.027665E-01  0.000000E+00
      1017  4.216051E-05 -2.027665E-01  0.000000E+00
      1018  3.729954E-05 -2.027665E-01  0.000000E+00
      1019  3.097735E-05 -2.027665E-01  0.000000E+00
      1020  2.328498E-05 -2.027665E-01  0.000000E+00
      1021  1.446748E-05 -2.027665E-01  0.000000E+00
      1022  4.913253E-06 -2.027665E-01  0.000000E+00

 forces (fx,fy,fz) for set NSET_IND_TOP and time  0.2007589E+00

        10  4.301522E-04 -1.776119E+00 -7.215947E-12
        11  6.523205E-05 -4.244495E-04  6.067345E-12
      1004  2.631391E-04 -3.183028E+00 -3.731729E-12
      1005  7.318363E-05 -2.986147E+00  5.751369E-12
      1006  1.936159E-04 -2.864084E+00 -6.752094E-12
      1007  9.857013E-05 -2.738257E+00  4.125782E-12
      1008  1.811117E-04 -2.548800E+00  4.463791E-12
      1009  7.494751E-05 -2.256281E+00 -4.791797E-12
      1010 -1.015740E-05 -1.841490E+00 -1.610879E-12
      1011  2.263000E-05 -1.308764E+00 -2.298907E-11
      1012 -6.397387E-06 -6.803377E-01 -3.831103E-12
      1013 -2.573479E-02 -6.699092E+00  1.658895E-11
      1014 -3.920412E-02 -6.149350E+00 -7.726930E-12
      1015 -3.744176E-02 -5.844194E+00 -2.825029E-11
      1016 -4.786027E-02 -5.604184E+00 -7.016610E-13
      1017 -4.474995E-02 -5.294288E+00  7.461809E-12
      1018 -5.419671E-02 -4.816174E+00  8.533396E-12
      1019 -5.089941E-02 -4.110915E+00 -1.882117E-11
      1020 -5.098664E-02 -3.161761E+00 -7.855938E-13
      1021 -5.949673E-02 -1.996458E+00 -1.895684E-11
      1022 -4.782440E-02 -6.832500E-01 -6.126211E-13

 total force (fx,fy,fz) for set NSET_IND_TOP and time  0.2007589E+00

       -4.570088E-01 -6.654340E+01 -7.378528E-11

                                INCREMENT    20


 displacements (vx,vy,vz) for set NSET_IND_TOP and time  0.2056433E+00

        10  5.387170E-05 -2.076997E-01  0.000000E+00
        11  0.000000E+00 -2.076997E-01  0.000000E+00
      1004  5.285514E-05 -2.076997E-01  0.000000E+00
      1005  5.166358E-05 -2.076997E-01  0.000000E+00
      1006  4.977378E-05 -2.076997E-01  0.000000E+00
      1007  4.676768E-05 -2.076997E-01  0.000000E+00
      1008  4.236877E-05 -2.076997E-01  0.000000E+00
      1009  3.643238E-05 -2.076997E-01  0.000000E+00
      1010  2.896909E-05 -2.076997E-01  0.000000E+00
      1011  2.015961E-05 -2.076997E-01  0.000000E+00
      1012  1.035211E-05 -2.076997E-01  0.000000E+00
      1013  5.334594E-05 -2.076997E-01  0.000000E+00
      1014  5.231296E-05 -2.076997E-01  0.000000E+00
      1015  5.083125E-05 -2.076997E-01  0.000000E+00
      1016  4.842684E-05 -2.076997E-01  0.000000E+00
      1017  4.475175E-05 -2.076997E-01  0.000000E+00
      1018  3.959212E-05 -2.076997E-01  0.000000E+00
      1019  3.288141E-05 -2.076997E-01  0.000000E+00
      1020  2.471627E-05 -2.076997E-01  0.000000E+00
      1021  1.535679E-05 -2.076997E-01  0.000000E+00
      1022  5.215273E-06 -2.076997E-01  0.000000E+00

 forces (fx,fy,fz) for set NSET_IND_TOP and time  0.2056433E+00

        10  4.565836E-04 -1.885041E+00 -3.414699E-12
        11  6.924015E-05 -4.505646E-04 -6.626829E-12
      1004  2.793029E-04 -3.378259E+00  6.505563E-12
      1005  7.766832E-05 -3.169351E+00 -9.243587E-13
      1006  2.055029E-04 -3.039851E+00  1.018068E-11
      1007  1.046152E-04 -2.906350E+00  2.335208E-12
      1008  1.922336E-04 -2.705300E+00 -2.052121E-11
      1009  7.954328E-05 -2.394847E+00 -3.136868E-12
      1010 -1.079057E-05 -1.954599E+00 -1.619330E-11
      1011  2.401005E-05 -1.389161E+00 -6.585588E-13
      1012 -6.799221E-06 -7.221329E-01  2.176780E-11
      1013 -2.731719E-02 -7.109944E+00 -1.166711E-11
      1014 -4.161461E-02 -6.526566E+00 -3.880229E-12
      1015 -3.974382E-02 -6.202794E+00  7.781775E-12
      1016 -5.080282E-02 -5.948158E+00  9.414247E-12
      1017 -4.750125E-02 -5.619326E+00  7.258860E-12
      1018 -5.752882E-02 -5.111923E+00 -7.227774E-12
      1019 -5.402882E-02 -4.363399E+00  7.918111E-13
      1020 -5.412145E-02 -3.355974E+00 -1.500089E-11
      1021 -6.315480E-02 -2.119102E+00  4.023004E-12
      1022 -5.076483E-02 -7.252244E-01  1.337375E-11

 total force (fx,fy,fz) for set NSET_IND_TOP and time  0.2056433E+00

       -4.851073E-01 -7.062775E+01 -5.819133E-12

                                INCREMENT    30


 displacements (vx,vy,vz) for set NSET_IND_TOP and time  0.2106433E+00

        10  5.712418E-05 -2.127497E-01  0.000000E+00
        11  0.000000E+00 -2.127497E-01  0.000000E+00
      1004  5.604644E-05 -2.127497E-01  0.000000E+00
      1005  5.478312E-05 -2.127497E-01  0.000000E+00
      1006  5.277937E-05 -2.127497E-01  0.000000E+00
      1007  4.959190E-05 -2.127497E-01  0.000000E+00
      1008  4.492747E-05 -2.127497E-01  0.000000E+00
      1009  3.863267E-05 -2.127497E-01  0.000000E+00
      1010  3.071871E-05 -2.127497E-01  0.000000E+00
      1011  2.137720E-05 -2.127497E-01  0.000000E+00
      1012  1.097737E-05 -2.127497E-01  0.000000E+00
      1013  5.656678E-05 -2.127497E-01  0.000000E+00
      1014  5.547162E-05 -2.127497E-01  0.000000E+00
      1015  5.390061E-05 -2.127497E-01  0.000000E+00
      1016  5.135118E-05 -2.127497E-01  0.000000E+00
      1017  4.745429E-05 -2.127497E-01  0.000000E+00
      1018  4.198318E-05 -2.127497E-01  0.000000E+00
      1019  3.486728E-05 -2.127497E-01  0.000000E+00
      1020  2.620906E-05 -2.127497E-01  0.000000E+00
      1021  1.628432E-05 -2.127497E-01  0.000000E+00
      1022  5.530273E-06 -2.127497E-01  0.000000E+00

 forces (fx,fy,fz) for set NSET_IND_TOP and time  0.2106433E+00

        10  4.841494E-04 -1.998613E+00 -1.638419E-12
        11  7.342029E-05 -4.778048E-04 -4.191731E-12
      1004  2.961599E-04 -3.581826E+00  4.972602E-12
      1005  8.234404E-05 -3.360383E+00  3.501088E-12
      1006  2.178988E-04 -3.223136E+00  1.970327E-11
      1007  1.109184E-04 -3.081637E+00  4.644800E-13
      1008  2.038322E-04 -2.868504E+00 -2.049343E-11
      1009  8.433520E-05 -2.539351E+00  2.539097E-13
      1010 -1.145200E-05 -2.072558E+00 -8.165757E-12
      1011  2.544811E-05 -1.473005E+00 -2.321586E-11
      1012 -7.219341E-06 -7.657209E-01  8.140289E-12
      1013 -2.896764E-02 -7.538336E+00 -3.957057E-12
      1014 -4.412876E-02 -6.919895E+00  4.801270E-12
      1015 -4.214485E-02 -6.576725E+00 -2.417977E-11
      1016 -5.387190E-02 -6.306849E+00 -1.539480E-11
      1017 -5.037085E-02 -5.958281E+00  3.792078E-12
      1018 -6.100420E-02 -5.420343E+00 -1.431144E-11
      1019 -5.729278E-02 -4.626705E+00 -1.022005E-11
      1020 -5.739105E-02 -3.558516E+00  6.505019E-12
      1021 -6.697016E-02 -2.247007E+00  5.173417E-12
      1022 -5.383170E-02 -7.689993E-01  1.184164E-11

 total force (fx,fy,fz) for set NSET_IND_TOP and time  0.2106433E+00

       -5.144140E-01 -7.488687E+01 -5.661924E-11

                                INCREMENT    40


 displacements (vx,vy,vz) for set NSET_IND_TOP and time  0.2156433E+00

        10  6.046459E-05 -2.177997E-01  0.000000E+00
        11  0.000000E+00 -2.177997E-01  0.000000E+00
      1004  5.932403E-05 -2.177997E-01  0.000000E+00
      1005  5.798703E-05 -2.177997E-01  0.000000E+00
      1006  5.586627E-05 -2.177997E-01  0.000000E+00
      1007  5.249253E-05 -2.177997E-01  0.000000E+00
      1008  4.755541E-05 -2.177997E-01  0.000000E+00
      1009  4.089252E-05 -2.177997E-01  0.000000E+00
      1010  3.251569E-05 -2.177997E-01  0.000000E+00
      1011  2.262777E-05 -2.177997E-01  0.000000E+00
      1012  1.161955E-05 -2.177997E-01  0.000000E+00
      1013  5.987470E-05 -2.177997E-01  0.000000E+00
      1014  5.871570E-05 -2.177997E-01  0.000000E+00
      1015  5.705300E-05 -2.177997E-01  0.000000E+00
      1016  5.435463E-05 -2.177997E-01  0.000000E+00
      1017  5.022997E-05 -2.177997E-01  0.000000E+00
      1018  4.443897E-05 -2.177997E-01  0.000000E+00
      1019  3.690692E-05 -2.177997E-01  0.000000E+00
      1020  2.774226E-05 -2.177997E-01  0.000000E+00
      1021  1.723696E-05 -2.177997E-01  0.000000E+00
      1022  5.853802E-06 -2.177997E-01  0.000000E+00

 forces (fx,fy,fz) for set NSET_IND_TOP and time  0.2156433E+00

        10  5.124604E-04 -2.115226E+00 -7.741105E-12
        11  7.771335E-05 -5.057857E-04 -1.571717E-12
      1004  3.134719E-04 -3.790850E+00 -5.080991E-12
      1005  8.714450E-05 -3.556542E+00 -9.015953E-12
      1006  2.306285E-04 -3.411347E+00  2.499221E-11
      1007  1.173904E-04 -3.261642E+00 -4.218570E-12
      1008  2.157434E-04 -3.036104E+00  1.164054E-11
      1009  8.925530E-05 -2.687752E+00  7.036156E-12
      1010 -1.213255E-05 -2.193700E+00 -9.567479E-12
      1011  2.692356E-05 -1.559113E+00  5.690727E-12
      1012 -7.652028E-06 -8.104860E-01  4.788801E-12
      1013 -3.066284E-02 -7.978205E+00  9.078960E-12
      1014 -4.671107E-02 -7.323774E+00 -7.964296E-12
      1015 -4.461097E-02 -6.960699E+00  4.898082E-12
      1016 -5.702415E-02 -6.675187E+00  1.917133E-12
      1017 -5.331821E-02 -6.306364E+00 -2.685185E-12
      1018 -6.457376E-02 -5.737076E+00  6.486145E-12
      1019 -6.064521E-02 -4.897114E+00 -2.560618E-12
      1020 -6.074926E-02 -3.766524E+00  7.233103E-12
      1021 -7.088893E-02 -2.378364E+00  1.620792E-11
      1022 -5.698169E-02 -8.139565E-01  6.213474E-12

 total force (fx,fy,fz) for set NSET_IND_TOP and time  0.2156433E+00

       -5.445151E-01 -7.926053E+01  5.577734E-11

                                INCREMENT    50


 displacements (vx,vy,vz) for set NSET_IND_TOP and time  0.2206433E+00

        10  6.388374E-05 -2.228497E-01  0.000000E+00
        11  0.000000E+00 -2.228497E-01  0.000000E+00
      1004  6.267890E-05 -2.228497E-01  0.000000E+00
      1005  6.126649E-05 -2.228497E-01  0.000000E+00
      1006  5.902599E-05 -2.228497E-01  0.000000E+00
      1007  5.546160E-05 -2.228497E-01  0.000000E+00
      1008  5.024537E-05 -2.228497E-01  0.000000E+00
      1009  4.320571E-05 -2.228497E-01  0.000000E+00
      1010  3.435511E-05 -2.228497E-01  0.000000E+00
      1011  2.390786E-05 -2.228497E-01  0.000000E+00
      1012  1.227691E-05 -2.228497E-01  0.000000E+00
      1013  6.326060E-05 -2.228497E-01  0.000000E+00
      1014  6.203627E-05 -2.228497E-01  0.000000E+00
      1015  6.027974E-05 -2.228497E-01  0.000000E+00
      1016  5.742894E-05 -2.228497E-01  0.000000E+00
      1017  5.307114E-05 -2.228497E-01  0.000000E+00
      1018  4.695271E-05 -2.228497E-01  0.000000E+00
      1019  3.899470E-05 -2.228497E-01  0.000000E+00
      1020  2.931167E-05 -2.228497E-01  0.000000E+00
      1021  1.821210E-05 -2.228497E-01  0.000000E+00
      1022  6.184971E-06 -2.228497E-01  0.000000E+00

 forces (fx,fy,fz) for set NSET_IND_TOP and time  0.2206433E+00

        10  5.414386E-04 -2.234561E+00 -1.385376E-11
        11  8.210751E-05 -5.344305E-04  7.461348E-12
      1004  3.311912E-04 -4.004755E+00 -2.766537E-12
      1005  9.205649E-05 -3.757288E+00  4.813523E-12
      1006  2.436568E-04 -3.603965E+00  3.928177E-12
      1007  1.240133E-04 -3.445869E+00 -1.018771E-11
      1008  2.279343E-04 -3.207640E+00  3.679668E-12
      1009  9.429004E-05 -2.839642E+00  1.369833E-12
      1010 -1.283036E-05 -2.317691E+00 -2.154337E-12
      1011  2.843234E-05 -1.647247E+00 -8.953205E-12
      1012 -8.096104E-06 -8.563050E-01  2.313345E-11
      1013 -3.239814E-02 -8.428341E+00 -2.858269E-12
      1014 -4.935444E-02 -7.737089E+00  1.938738E-11
      1015 -4.713540E-02 -7.353657E+00 -5.867529E-12
      1016 -6.025092E-02 -7.052158E+00  5.963452E-12
      1017 -5.633525E-02 -6.662615E+00 -5.474288E-12
      1018 -6.822770E-02 -6.061250E+00 -2.116951E-11
      1019 -6.407688E-02 -5.173882E+00  4.223510E-12
      1020 -6.418686E-02 -3.979426E+00  3.209433E-12
      1021 -7.490035E-02 -2.512815E+00  1.003508E-11
      1022 -6.020616E-02 -8.599721E-01  1.960165E-11

 total force (fx,fy,fz) for set NSET_IND_TOP and time  0.2206433E+00

       -5.753279E-01 -8.373670E+01  3.352136E-11

                                INCREMENT    60


 displacements (vx,vy,vz) for set NSET_IND_TOP and time  0.2256433E+00

        10  6.738333E-05 -2.278997E-01  0.000000E+00
        11  0.000000E+00 -2.278997E-01  0.000000E+00
      1004  6.611273E-05 -2.278997E-01  0.000000E+00
      1005  6.462317E-05 -2.278997E-01  0.000000E+00
      1006  6.226012E-05 -2.278997E-01  0.000000E+00
      1007  5.850061E-05 -2.278997E-01  0.000000E+00
      1008  5.299872E-05 -2.278997E-01  0.000000E+00
      1009  4.557342E-05 -2.278997E-01  0.000000E+00
      1010  3.623788E-05 -2.278997E-01  0.000000E+00
      1011  2.521814E-05 -2.278997E-01  0.000000E+00
      1012  1.294976E-05 -2.278997E-01  0.000000E+00
      1013  6.672617E-05 -2.278997E-01  0.000000E+00
      1014  6.543501E-05 -2.278997E-01  0.000000E+00
      1015  6.358247E-05 -2.278997E-01  0.000000E+00
      1016  6.057566E-05 -2.278997E-01  0.000000E+00
      1017  5.597925E-05 -2.278997E-01  0.000000E+00
      1018  4.952569E-05 -2.278997E-01  0.000000E+00
      1019  4.113169E-05 -2.278997E-01  0.000000E+00
      1020  3.091808E-05 -2.278997E-01  0.000000E+00
      1021  1.921023E-05 -2.278997E-01  0.000000E+00
      1022  6.523949E-06 -2.278997E-01  0.000000E+00

 forces (fx,fy,fz) for set NSET_IND_TOP and time  0.2256433E+00

        10  5.710986E-04 -2.356673E+00 -1.118470E-11
        11  8.660497E-05 -5.637539E-04  3.602438E-12
      1004  3.493267E-04 -4.223642E+00 -4.500995E-12
      1005  9.708228E-05 -3.962717E+00  1.538318E-12
      1006  2.569901E-04 -3.801085E+00  1.517419E-11
      1007  1.307902E-04 -3.634407E+00 -1.946806E-11
      1008  2.404109E-04 -3.383196E+00 -1.340140E-11
      1009  9.944181E-05 -2.995094E+00  7.510438E-13
      1010 -1.354591E-05 -2.444594E+00 -2.661883E-11
      1011  2.997505E-05 -1.737452E+00  6.987515E-12
      1012 -8.551922E-06 -9.032008E-01  3.966717E-12
      1013 -3.417442E-02 -8.888958E+00 -5.917822E-12
      1014 -5.206022E-02 -8.160039E+00  2.392708E-11
      1015 -4.971941E-02 -7.755791E+00 -1.529754E-11
      1016 -6.355385E-02 -7.437944E+00 -5.258904E-12
      1017 -5.942349E-02 -7.027209E+00 -2.044587E-12
      1018 -7.196787E-02 -6.393026E+00 -4.160139E-11
      1019 -6.758955E-02 -5.457145E+00  2.738032E-12
      1020 -6.770560E-02 -4.197328E+00  2.150280E-12
      1021 -7.900644E-02 -2.650424E+00  1.317879E-11
      1022 -6.350673E-02 -9.070691E-01  2.409495E-11

 total force (fx,fy,fz) for set NSET_IND_TOP and time  0.2256433E+00

       -6.068680E-01 -8.831756E+01 -4.718488E-11

                                INCREMENT    70


 displacements (vx,vy,vz) for set NSET_IND_TOP and time  0.2306433E+00

        10  7.096994E-05 -2.329497E-01  0.000000E+00
        11  0.000000E+00 -2.329497E-01  0.000000E+00
      1004  6.963197E-05 -2.329497E-01  0.000000E+00
      1005  6.806337E-05 -2.329497E-01  0.000000E+00
      1006  6.557474E-05 -2.329497E-01  0.000000E+00
      1007  6.161528E-05 -2.329497E-01  0.000000E+00
      1008  5.582062E-05 -2.329497E-01  0.000000E+00
      1009  4.800009E-05 -2.329497E-01  0.000000E+00
      1010  3.816755E-05 -2.329497E-01  0.000000E+00
      1011  2.656105E-05 -2.329497E-01  0.000000E+00
      1012  1.363938E-05 -2.329497E-01  0.000000E+00
      1013  7.027794E-05 -2.329497E-01  0.000000E+00
      1014  6.891830E-05 -2.329497E-01  0.000000E+00
      1015  6.696737E-05 -2.329497E-01  0.000000E+00
      1016  6.380070E-05 -2.329497E-01  0.000000E+00
      1017  5.895977E-05 -2.329497E-01  0.000000E+00
      1018  5.216275E-05 -2.329497E-01  0.000000E+00
      1019  4.332190E-05 -2.329497E-01  0.000000E+00
      1020  3.256450E-05 -2.329497E-01  0.000000E+00
      1021  2.023323E-05 -2.329497E-01  0.000000E+00
      1022  6.871372E-06 -2.329497E-01  0.000000E+00

 forces (fx,fy,fz) for set NSET_IND_TOP and time  0.2306433E+00

        10  6.014959E-04 -2.481789E+00  2.305166E-12
        11  9.121415E-05 -5.938115E-04 -8.238001E-12
      1004  3.679122E-04 -4.447919E+00 -7.418059E-13
      1005  1.022311E-04 -4.173212E+00 -1.046402E-11
      1006  2.706533E-04 -4.003073E+00  5.239862E-12
      1007  1.377339E-04 -3.827609E+00 -1.017977E-12
      1008  2.531966E-04 -3.563101E+00  8.313436E-12
      1009  1.047201E-04 -3.154401E+00  1.434430E-11
      1010 -1.428070E-05 -2.574645E+00 -1.661575E-11
      1011  3.155441E-05 -1.829897E+00 -1.724873E-11
      1012 -9.020484E-06 -9.512613E-01  1.231405E-11
      1013 -3.599503E-02 -9.360910E+00  9.063195E-12
      1014 -5.483351E-02 -8.593411E+00 -1.130562E-11
      1015 -5.236789E-02 -8.167848E+00 -1.143818E-11
      1016 -6.693916E-02 -7.833266E+00 -1.070988E-11
      1017 -6.258875E-02 -7.400828E+00  2.535749E-13
      1018 -7.580133E-02 -6.733023E+00 -6.505907E-13
      1019 -7.118982E-02 -5.747435E+00  1.046185E-11
      1020 -7.131210E-02 -4.420640E+00  1.187939E-12
      1021 -8.321497E-02 -2.791450E+00  4.625766E-11
      1022 -6.688964E-02 -9.553360E-01 -2.304823E-11

 total force (fx,fy,fz) for set NSET_IND_TOP and time  0.2306433E+00

       -6.391948E-01 -9.301165E+01 -1.737744E-12

                                INCREMENT    80


 displacements (vx,vy,vz) for set NSET_IND_TOP and time  0.2356433E+00

        10  7.463954E-05 -2.379997E-01  0.000000E+00
        11  0.000000E+00 -2.379997E-01  0.000000E+00
      1004  7.323267E-05 -2.379997E-01  0.000000E+00
      1005  7.158321E-05 -2.379997E-01  0.000000E+00
      1006  6.896612E-05 -2.379997E-01  0.000000E+00
      1007  6.480210E-05 -2.379997E-01  0.000000E+00
      1008  5.870791E-05 -2.379997E-01  0.000000E+00
      1009  5.048301E-05 -2.379997E-01  0.000000E+00
      1010  4.014195E-05 -2.379997E-01  0.000000E+00
      1011  2.793510E-05 -2.379997E-01  0.000000E+00
      1012  1.434498E-05 -2.379997E-01  0.000000E+00
      1013  7.391190E-05 -2.379997E-01  0.000000E+00
      1014  7.248223E-05 -2.379997E-01  0.000000E+00
      1015  7.043066E-05 -2.379997E-01  0.000000E+00
      1016  6.710045E-05 -2.379997E-01  0.000000E+00
      1017  6.200933E-05 -2.379997E-01  0.000000E+00
      1018  5.486091E-05 -2.379997E-01  0.000000E+00
      1019  4.556289E-05 -2.379997E-01  0.000000E+00
      1020  3.424909E-05 -2.379997E-01  0.000000E+00
      1021  2.127994E-05 -2.379997E-01  0.000000E+00
      1022  7.226852E-06 -2.379997E-01  0.000000E+00

 forces (fx,fy,fz) for set NSET_IND_TOP and time  0.2356433E+00

        10  6.325965E-04 -2.609769E+00  2.400528E-12
        11  9.592984E-05 -6.245695E-04  9.903888E-12
      1004  3.869269E-04 -4.677334E+00  6.995755E-12
      1005  1.074972E-04 -4.388535E+00  6.627638E-12
      1006  2.846311E-04 -4.209703E+00  9.131244E-12
      1007  1.448363E-04 -4.025258E+00 -2.534062E-11
      1008  2.662770E-04 -3.747151E+00 -3.939297E-14
      1009  1.101189E-04 -3.317384E+00  1.561129E-11
      1010 -1.503392E-05 -2.707700E+00 -2.360623E-14
      1011  3.316858E-05 -1.924477E+00 -1.167015E-11
      1012 -9.501291E-06 -1.000433E+00  1.358199E-11
      1013 -3.785793E-02 -9.843668E+00  7.309264E-12
      1014 -5.767119E-02 -9.036716E+00  1.016298E-12
      1015 -5.507784E-02 -8.589367E+00  5.968781E-12
      1016 -7.040304E-02 -8.237679E+00 -2.798473E-11
      1017 -6.582748E-02 -7.783053E+00 -8.950840E-12
      1018 -7.972376E-02 -7.080860E+00 -1.155431E-11
      1019 -7.487366E-02 -6.044424E+00 -5.834000E-12
      1020 -7.500232E-02 -4.649108E+00  9.898748E-13
      1021 -8.752117E-02 -2.935735E+00  1.821698E-11
      1022 -7.035107E-02 -1.004718E+00 -4.663825E-12

 total force (fx,fy,fz) for set NSET_IND_TOP and time  0.2356433E+00

       -6.722720E-01 -9.781370E+01  1.692057E-12

                                INCREMENT    90


 displacements (vx,vy,vz) for set NSET_IND_TOP and time  0.2406433E+00

        10  7.837690E-05 -2.430497E-01  0.000000E+00
        11  0.000000E+00 -2.430497E-01  0.000000E+00
      1004  7.689987E-05 -2.430497E-01  0.000000E+00
      1005  7.516809E-05 -2.430497E-01  0.000000E+00
      1006  7.242019E-05 -2.430497E-01  0.000000E+00
      1007  6.804783E-05 -2.430497E-01  0.000000E+00
      1008  6.164859E-05 -2.430497E-01  0.000000E+00
      1009  5.301185E-05 -2.430497E-01  0.000000E+00
      1010  4.215287E-05 -2.430497E-01  0.000000E+00
      1011  2.933458E-05 -2.430497E-01  0.000000E+00
      1012  1.506365E-05 -2.430497E-01  0.000000E+00
      1013  7.761297E-05 -2.430497E-01  0.000000E+00
      1014  7.611199E-05 -2.430497E-01  0.000000E+00
      1015  7.395795E-05 -2.430497E-01  0.000000E+00
      1016  7.046118E-05 -2.430497E-01  0.000000E+00
      1017  6.511528E-05 -2.430497E-01  0.000000E+00
      1018  5.760898E-05 -2.430497E-01  0.000000E+00
      1019  4.784532E-05 -2.430497E-01  0.000000E+00
      1020  3.596484E-05 -2.430497E-01  0.000000E+00
      1021  2.234602E-05 -2.430497E-01  0.000000E+00
      1022  7.588909E-06 -2.430497E-01  0.000000E+00

 forces (fx,fy,fz) for set NSET_IND_TOP and time  0.2406433E+00

        10  6.642713E-04 -2.740083E+00 -2.095813E-12
        11  1.007325E-04 -6.558997E-04 -6.382052E-12
      1004  4.062919E-04 -4.910936E+00  2.344249E-11
      1005  1.128588E-04 -4.607796E+00  2.495782E-11
      1006  2.988653E-04 -4.420118E+00 -8.515211E-12
      1007  1.520681E-04 -4.226534E+00  1.080899E-11
      1008  2.795977E-04 -3.934585E+00 -8.275493E-12
      1009  1.156160E-04 -3.483365E+00 -3.737241E-12
      1010 -1.580236E-05 -2.843205E+00 -8.175178E-12
      1011  3.481099E-05 -2.020801E+00 -2.446714E-11
      1012 -9.992256E-06 -1.050511E+00  1.493062E-11
      1013 -3.975536E-02 -1.033523E+01 -1.130829E-11
      1014 -6.056147E-02 -9.488120E+00  2.299205E-11
      1015 -5.783801E-02 -9.018600E+00 -6.013190E-12
      1016 -7.393111E-02 -8.649508E+00 -5.307310E-12
      1017 -6.912621E-02 -8.172297E+00  7.498002E-12
      1018 -8.371886E-02 -7.435095E+00  7.931877E-12
      1019 -7.862575E-02 -6.346881E+00 -5.777601E-12
      1020 -7.876090E-02 -4.881787E+00 -4.699796E-12
      1021 -9.190717E-02 -3.082679E+00  9.813483E-12
      1022 -7.387665E-02 -1.055011E+00  1.813305E-11

 total force (fx,fy,fz) for set NSET_IND_TOP and time  0.2406433E+00

       -7.059622E-01 -1.027038E+02  4.575407E-11

                                INCREMENT   100


 displacements (vx,vy,vz) for set NSET_IND_TOP and time  0.2456433E+00

        10  8.220833E-05 -2.480997E-01  0.000000E+00
        11  0.000000E+00 -2.480997E-01  0.000000E+00
      1004  8.065941E-05 -2.480997E-01  0.000000E+00
      1005  7.884326E-05 -2.480997E-01  0.000000E+00
      1006  7.596127E-05 -2.480997E-01  0.000000E+00
      1007  7.137536E-05 -2.480997E-01  0.000000E+00
      1008  6.466339E-05 -2.480997E-01  0.000000E+00
      1009  5.560444E-05 -2.480997E-01  0.000000E+00
      1010  4.421451E-05 -2.480997E-01  0.000000E+00
      1011  3.076934E-05 -2.480997E-01  0.000000E+00
      1012  1.580043E-05 -2.480997E-01  0.000000E+00
      1013  8.140721E-05 -2.480997E-01  0.000000E+00
      1014  7.983317E-05 -2.480997E-01  0.000000E+00
      1015  7.757409E-05 -2.480997E-01  0.000000E+00
      1016  7.390660E-05 -2.480997E-01  0.000000E+00
      1017  6.829952E-05 -2.480997E-01  0.000000E+00
      1018  6.042632E-05 -2.480997E-01  0.000000E+00
      1019  5.018531E-05 -2.480997E-01  0.000000E+00
      1020  3.772387E-05 -2.480997E-01  0.000000E+00
      1021  2.343899E-05 -2.480997E-01  0.000000E+00
      1022  7.960099E-06 -2.480997E-01  0.000000E+00

 forces (fx,fy,fz) for set NSET_IND_TOP and time  0.2456433E+00

        10  6.967431E-04 -2.873641E+00 -1.237339E-11
        11  1.056558E-04 -6.880239E-04  6.324799E-12
      1004  4.261434E-04 -5.150360E+00 -6.933889E-12
      1005  1.183532E-04 -4.832529E+00  1.522147E-11
      1006  3.134560E-04 -4.635794E+00 -3.627827E-12
      1007  1.594798E-04 -4.432850E+00  2.214614E-11
      1008  2.932523E-04 -4.126718E+00  6.286279E-12
      1009  1.212496E-04 -3.653513E+00 -9.699572E-12
      1010 -1.659182E-05 -2.982114E+00 -1.235186E-12
      1011  3.649271E-05 -2.119546E+00 -9.135561E-12
      1012 -1.049723E-05 -1.101848E+00  5.310743E-13
      1013 -4.170073E-02 -1.083904E+01 -9.201973E-12
      1014 -6.352475E-02 -9.950781E+00  1.211742E-11
      1015 -6.066789E-02 -9.458555E+00  8.322676E-12
      1016 -7.754826E-02 -9.071642E+00 -6.543210E-12
      1017 -7.250823E-02 -8.571294E+00  5.311307E-13
      1018 -8.781483E-02 -7.798216E+00 -1.011013E-11
      1019 -8.247258E-02 -6.656934E+00 -1.921707E-11
      1020 -8.261439E-02 -5.120312E+00 -1.339018E-11
      1021 -9.640392E-02 -3.233318E+00 -1.311706E-11
      1022 -7.749124E-02 -1.106569E+00  2.499556E-11

 total force (fx,fy,fz) for set NSET_IND_TOP and time  0.2456433E+00

       -7.405031E-01 -1.077163E+02 -1.810851E-11

                                INCREMENT   110


 displacements (vx,vy,vz) for set NSET_IND_TOP and time  0.2506433E+00

        10  8.598527E-05 -2.531497E-01  0.000000E+00
        11  0.000000E+00 -2.531497E-01  0.000000E+00
      1004  8.436560E-05 -2.531497E-01  0.000000E+00
      1005  8.246640E-05 -2.531497E-01  0.000000E+00
      1006  7.945234E-05 -2.531497E-01  0.000000E+00
      1007  7.465599E-05 -2.531497E-01  0.000000E+00
      1008  6.763580E-05 -2.531497E-01  0.000000E+00
      1009  5.816065E-05 -2.531497E-01  0.000000E+00
      1010  4.624726E-05 -2.531497E-01  0.000000E+00
      1011  3.218404E-05 -2.531497E-01  0.000000E+00
      1012  1.652692E-05 -2.531497E-01  0.000000E+00
      1013  8.514756E-05 -2.531497E-01  0.000000E+00
      1014  8.350160E-05 -2.531497E-01  0.000000E+00
      1015  8.113910E-05 -2.531497E-01  0.000000E+00
      1016  7.730341E-05 -2.531497E-01  0.000000E+00
      1017  7.143893E-05 -2.531497E-01  0.000000E+00
      1018  6.320408E-05 -2.531497E-01  0.000000E+00
      1019  5.249248E-05 -2.531497E-01  0.000000E+00
      1020  3.945827E-05 -2.531497E-01  0.000000E+00
      1021  2.451668E-05 -2.531497E-01  0.000000E+00
      1022  8.326101E-06 -2.531497E-01  0.000000E+00

 forces (fx,fy,fz) for set NSET_IND_TOP and time  0.2506433E+00

        10  7.287532E-04 -3.005140E+00 -1.260791E-11
        11  1.105095E-04 -7.197188E-04  4.776925E-13
      1004  4.457088E-04 -5.386112E+00 -1.974445E-11
      1005  1.237607E-04 -5.053852E+00 -1.903869E-11
      1006  3.278324E-04 -4.848235E+00  2.453580E-11
      1007  1.667781E-04 -4.636107E+00  1.106071E-11
      1008  3.067089E-04 -4.316030E+00  2.742908E-12
      1009  1.267969E-04 -3.821184E+00  2.737155E-12
      1010 -1.737627E-05 -3.119014E+00  1.593420E-11
      1011  3.814358E-05 -2.216869E+00 -1.717735E-11
      1012 -1.100097E-05 -1.152448E+00  1.103651E-11
      1013 -4.361923E-02 -1.133510E+01  5.850875E-13
      1014 -6.644702E-02 -1.040638E+01 -8.628653E-12
      1015 -6.345855E-02 -9.891872E+00 -7.709389E-13
      1016 -8.111523E-02 -9.487480E+00 -1.024025E-11
      1017 -7.584333E-02 -8.964405E+00  4.565237E-13
      1018 -9.185398E-02 -8.156028E+00 -3.651746E-12
      1019 -8.626607E-02 -6.962486E+00 -7.408296E-12
      1020 -8.641449E-02 -5.355394E+00 -7.043699E-12
      1021 -1.008384E-01 -3.381791E+00 -1.284217E-11
      1022 -8.105581E-02 -1.157386E+00  1.670442E-11

 total force (fx,fy,fz) for set NSET_IND_TOP and time  0.2506433E+00

       -7.745655E-01 -1.126540E+02 -3.288314E-11

                                INCREMENT   120


 displacements (vx,vy,vz) for set NSET_IND_TOP and time  0.2556433E+00

        10  8.982986E-05 -2.581997E-01  0.000000E+00
        11  0.000000E+00 -2.581997E-01  0.000000E+00
      1004  8.813800E-05 -2.581997E-01  0.000000E+00
      1005  8.615408E-05 -2.581997E-01  0.000000E+00
      1006  8.300541E-05 -2.581997E-01  0.000000E+00
      1007  7.799472E-05 -2.581997E-01  0.000000E+00
      1008  7.066069E-05 -2.581997E-01  0.000000E+00
      1009  6.076187E-05 -2.581997E-01  0.000000E+00
      1010  4.831571E-05 -2.581997E-01  0.000000E+00
      1011  3.362353E-05 -2.581997E-01  0.000000E+00
      1012  1.726613E-05 -2.581997E-01  0.000000E+00
      1013  8.895481E-05 -2.581997E-01  0.000000E+00
      1014  8.723547E-05 -2.581997E-01  0.000000E+00
      1015  8.476752E-05 -2.581997E-01  0.000000E+00
      1016  8.076046E-05 -2.581997E-01  0.000000E+00
      1017  7.463384E-05 -2.581997E-01  0.000000E+00
      1018  6.603082E-05 -2.581997E-01  0.000000E+00
      1019  5.484023E-05 -2.581997E-01  0.000000E+00
      1020  4.122310E-05 -2.581997E-01  0.000000E+00
      1021  2.561325E-05 -2.581997E-01  0.000000E+00
      1022  8.698508E-06 -2.581997E-01  0.000000E+00

 forces (fx,fy,fz) for set NSET_IND_TOP and time  0.2556433E+00

        10  7.613341E-04 -3.139226E+00 -1.925543E-15
        11  1.154464E-04 -7.519371E-04  6.742200E-12
      1004  4.656273E-04 -5.626476E+00  1.622772E-11
      1005  1.292749E-04 -5.279457E+00  1.178400E-11
      1006  3.424714E-04 -5.064734E+00  1.448107E-12
      1007  1.742142E-04 -4.843197E+00  6.356918E-12
      1008  3.204057E-04 -4.508872E+00 -9.212906E-12
      1009  1.324471E-04 -3.991950E+00 -6.909730E-12
      1010 -1.816884E-05 -3.258421E+00 -2.317131E-11
      1011  3.982883E-05 -2.315964E+00 -2.711495E-11
      1012 -1.150864E-05 -1.203966E+00 -3.210101E-12
      1013 -4.557094E-02 -1.184089E+01  1.857847E-12
      1014 -6.941997E-02 -1.087085E+01 -2.236011E-11
      1015 -6.629766E-02 -1.033352E+01  2.240652E-12
      1016 -8.474417E-02 -9.911211E+00 -8.297807E-12
      1017 -7.923633E-02 -9.364887E+00 -1.667999E-12
      1018 -9.596320E-02 -8.520479E+00 -3.237410E-13
      1019 -9.012530E-02 -7.273657E+00 -1.068035E-11
      1020 -9.028036E-02 -5.594770E+00 -1.421530E-12
      1021 -1.053495E-01 -3.532962E+00 -1.969847E-11
      1022 -8.468196E-02 -1.209125E+00  1.957101E-11

 total force (fx,fy,fz) for set NSET_IND_TOP and time  0.2556433E+00

       -8.092180E-01 -1.176854E+02 -6.784247E-11

                                INCREMENT   130


 displacements (vx,vy,vz) for set NSET_IND_TOP and time  0.2606433E+00

        10  9.389980E-05 -2.632497E-01  0.000000E+00
        11  0.000000E+00 -2.632497E-01  0.000000E+00
      1004  9.213169E-05 -2.632497E-01  0.000000E+00
      1005  9.005826E-05 -2.632497E-01  0.000000E+00
      1006  8.676725E-05 -2.632497E-01  0.000000E+00
      1007  8.152977E-05 -2.632497E-01  0.000000E+00
      1008  7.386360E-05 -2.632497E-01  0.000000E+00
      1009  6.351630E-05 -2.632497E-01  0.000000E+00
      1010  5.050607E-05 -2.632497E-01  0.000000E+00
      1011  3.514791E-05 -2.632497E-01  0.000000E+00
      1012  1.804895E-05 -2.632497E-01  0.000000E+00
      1013  9.298530E-05 -2.632497E-01  0.000000E+00
      1014  9.118846E-05 -2.632497E-01  0.000000E+00
      1015  8.860904E-05 -2.632497E-01  0.000000E+00
      1016  8.442072E-05 -2.632497E-01  0.000000E+00
      1017  7.801671E-05 -2.632497E-01  0.000000E+00
      1018  6.902398E-05 -2.632497E-01  0.000000E+00
      1019  5.732630E-05 -2.632497E-01  0.000000E+00
      1020  4.309197E-05 -2.632497E-01  0.000000E+00
      1021  2.677449E-05 -2.632497E-01  0.000000E+00
      1022  9.092886E-06 -2.632497E-01  0.000000E+00

 forces (fx,fy,fz) for set NSET_IND_TOP and time  0.2606433E+00

        10  7.958271E-04 -3.280949E+00  1.242412E-12
        11  1.206761E-04 -7.860850E-04  2.556307E-12
      1004  4.867108E-04 -5.880556E+00  3.057432E-11
      1005  1.351028E-04 -5.517981E+00 -1.201297E-11
      1006  3.579632E-04 -5.293682E+00  3.234629E-11
      1007  1.820790E-04 -5.062242E+00  5.275769E-12
      1008  3.349056E-04 -4.712885E+00  1.694493E-11
      1009  1.384247E-04 -4.172637E+00 -7.678146E-14
      1010 -1.901373E-05 -3.405946E+00 -1.019527E-11
      1011  4.160792E-05 -2.420839E+00 -7.000152E-12
      1012 -1.205114E-05 -1.258492E+00  1.886069E-12
      1013 -4.763815E-02 -1.237552E+01 -4.429346E-12
      1014 -7.256877E-02 -1.136187E+01 -7.657430E-12
      1015 -6.930464E-02 -1.080051E+01  6.121770E-12
      1016 -8.858765E-02 -1.035935E+01  1.618883E-11
      1017 -8.282996E-02 -9.788528E+00 -4.319212E-12
      1018 -1.003155E-01 -8.906072E+00  8.706369E-12
      1019 -9.421284E-02 -7.602927E+00  8.341328E-12
      1020 -9.437500E-02 -5.848096E+00  1.584466E-11
      1021 -1.101277E-01 -3.692956E+00 -3.210321E-12
      1022 -8.852279E-02 -1.263886E+00  7.008616E-12

 total force (fx,fy,fz) for set NSET_IND_TOP and time  0.2606433E+00

       -8.459208E-01 -1.230067E+02  1.041362E-10

                                INCREMENT   140


 displacements (vx,vy,vz) for set NSET_IND_TOP and time  0.2656433E+00

        10  6.144899E-05 -2.682997E-01  0.000000E+00
        11  0.000000E+00 -2.682997E-01  0.000000E+00
      1004  6.029957E-05 -2.682997E-01  0.000000E+00
      1005  5.894973E-05 -2.682997E-01  0.000000E+00
      1006  5.680207E-05 -2.682997E-01  0.000000E+00
      1007  5.337916E-05 -2.682997E-01  0.000000E+00
      1008  4.836492E-05 -2.682997E-01  0.000000E+00
      1009  4.159355E-05 -2.682997E-01  0.000000E+00
      1010  3.307652E-05 -2.682997E-01  0.000000E+00
      1011  2.301988E-05 -2.682997E-01  0.000000E+00
      1012  1.182151E-05 -2.682997E-01  0.000000E+00
      1013  6.085440E-05 -2.682997E-01  0.000000E+00
      1014  5.968594E-05 -2.682997E-01  0.000000E+00
      1015  5.800450E-05 -2.682997E-01  0.000000E+00
      1016  5.526896E-05 -2.682997E-01  0.000000E+00
      1017  5.108175E-05 -2.682997E-01  0.000000E+00
      1018  4.519818E-05 -2.682997E-01  0.000000E+00
      1019  3.754164E-05 -2.682997E-01  0.000000E+00
      1020  2.822199E-05 -2.682997E-01  0.000000E+00
      1021  1.753619E-05 -2.682997E-01  0.000000E+00
      1022  5.955637E-06 -2.682997E-01  0.000000E+00

 forces (fx,fy,fz) for set NSET_IND_TOP and time  0.2656433E+00

        10  5.207106E-04 -2.137574E+00 -2.341408E-13
        11  7.891498E-05 -5.160352E-04  7.792577E-12
      1004  3.182056E-04 -3.832607E+00 -1.279350E-11
      1005  8.780678E-05 -3.598534E+00  5.368986E-12
      1006  2.337161E-04 -3.454664E+00  1.629281E-11
      1007  1.185513E-04 -3.305780E+00  4.245708E-12
      1008  2.187661E-04 -3.079351E+00  2.521889E-11
      1009  9.007171E-05 -2.727582E+00 -6.390866E-12
      1010 -1.290659E-05 -2.227176E+00 -9.123791E-12
      1011  2.666157E-05 -1.583396E+00  8.279923E-12
      1012 -8.347485E-06 -8.232606E-01  8.546189E-13
      1013 -3.122205E-02 -8.063927E+00  3.258505E-12
      1014 -4.755613E-02 -7.407159E+00 -6.817213E-12
      1015 -4.541322E-02 -7.045933E+00  1.248934E-11
      1016 -5.804546E-02 -6.762731E+00  1.397327E-12
      1017 -5.427154E-02 -6.393945E+00 -9.605872E-12
      1018 -6.572817E-02 -5.820432E+00  3.801581E-11
      1019 -6.173058E-02 -4.970743E+00 -3.493650E-12
      1020 -6.183809E-02 -3.824566E+00 -2.393863E-11
      1021 -7.216129E-02 -2.415606E+00  9.335643E-12
      1022 -5.800542E-02 -8.268030E-01  8.802292E-12

 total force (fx,fy,fz) for set NSET_IND_TOP and time  0.2656433E+00

       -5.542998E-01 -8.030229E+01  6.895477E-11

                                INCREMENT   150


 displacements (vx,vy,vz) for set NSET_IND_TOP and time  0.2706433E+00

        10  6.594248E-05 -2.733497E-01  0.000000E+00
        11  0.000000E+00 -2.733497E-01  0.000000E+00
      1004  6.470945E-05 -2.733497E-01  0.000000E+00
      1005  6.326132E-05 -2.733497E-01  0.000000E+00
      1006  6.095697E-05 -2.733497E-01  0.000000E+00
      1007  5.728402E-05 -2.733497E-01  0.000000E+00
      1008  5.190328E-05 -2.733497E-01  0.000000E+00
      1009  4.463675E-05 -2.733497E-01  0.000000E+00
      1010  3.549673E-05 -2.733497E-01  0.000000E+00
      1011  2.470434E-05 -2.733497E-01  0.000000E+00
      1012  1.268657E-05 -2.733497E-01  0.000000E+00
      1013  6.530464E-05 -2.733497E-01  0.000000E+00
      1014  6.405116E-05 -2.733497E-01  0.000000E+00
      1015  6.224716E-05 -2.733497E-01  0.000000E+00
      1016  5.931189E-05 -2.733497E-01  0.000000E+00
      1017  5.481871E-05 -2.733497E-01  0.000000E+00
      1018  4.850500E-05 -2.733497E-01  0.000000E+00
      1019  4.028848E-05 -2.733497E-01  0.000000E+00
      1020  3.028705E-05 -2.733497E-01  0.000000E+00
      1021  1.881940E-05 -2.733497E-01  0.000000E+00
      1022  6.391454E-06 -2.733497E-01  0.000000E+00

 forces (fx,fy,fz) for set NSET_IND_TOP and time  0.2706433E+00

        10  5.587873E-04 -2.293329E+00 -1.297683E-11
        11  8.468575E-05 -5.538613E-04 -6.303884E-12
      1004  3.414611E-04 -4.111944E+00  2.269412E-11
      1005  9.419634E-05 -3.860937E+00 -1.481357E-11
      1006  2.507811E-04 -3.706713E+00  3.067202E-11
      1007  1.271908E-04 -3.547089E+00  1.821891E-12
      1008  2.347471E-04 -3.304229E+00 -7.219737E-12
      1009  9.663451E-05 -2.926843E+00 -2.018072E-11
      1010 -1.387336E-05 -2.389924E+00 -6.249621E-12
      1011  2.858482E-05 -1.699124E+00 -2.344002E-11
      1012 -8.980053E-06 -8.834380E-01  2.865698E-11
      1013 -3.350795E-02 -8.651570E+00 -1.380218E-11
      1014 -5.103763E-02 -7.947147E+00  7.989165E-13
      1015 -4.873764E-02 -7.559855E+00 -4.138911E-12
      1016 -6.229444E-02 -7.256258E+00 -8.433920E-12
      1017 -5.824423E-02 -6.860780E+00 -2.365463E-11
      1018 -7.053950E-02 -6.245561E+00 -1.542144E-11
      1019 -6.624937E-02 -5.333923E+00 -1.568523E-12
      1020 -6.636484E-02 -4.104067E+00  9.524603E-12
      1021 -7.744383E-02 -2.592166E+00 -6.204814E-12
      1022 -6.225174E-02 -8.872401E-01 -3.035794E-12

 total force (fx,fy,fz) for set NSET_IND_TOP and time  0.2706433E+00

       -5.948770E-01 -8.616269E+01 -7.327608E-11

                                INCREMENT   160


 displacements (vx,vy,vz) for set NSET_IND_TOP and time  0.2756433E+00

        10  7.099831E-05 -2.783997E-01  0.000000E+00
        11  0.000000E+00 -2.783997E-01  0.000000E+00
      1004  6.967085E-05 -2.783997E-01  0.000000E+00
      1005  6.811180E-05 -2.783997E-01  0.000000E+00
      1006  6.563086E-05 -2.783997E-01  0.000000E+00
      1007  6.167637E-05 -2.783997E-01  0.000000E+00
      1008  5.588311E-05 -2.783997E-01  0.000000E+00
      1009  4.805944E-05 -2.783997E-01  0.000000E+00
      1010  3.821861E-05 -2.783997E-01  0.000000E+00
      1011  2.659868E-05 -2.783997E-01  0.000000E+00
      1012  1.365938E-05 -2.783997E-01  0.000000E+00
      1013  7.031161E-05 -2.783997E-01  0.000000E+00
      1014  6.896215E-05 -2.783997E-01  0.000000E+00
      1015  6.701993E-05 -2.783997E-01  0.000000E+00
      1016  6.385969E-05 -2.783997E-01  0.000000E+00
      1017  5.902206E-05 -2.783997E-01  0.000000E+00
      1018  5.222428E-05 -2.783997E-01  0.000000E+00
      1019  4.337778E-05 -2.783997E-01  0.000000E+00
      1020  3.260947E-05 -2.783997E-01  0.000000E+00
      1021  2.026249E-05 -2.783997E-01  0.000000E+00
      1022  6.881556E-06 -2.783997E-01  0.000000E+00

 forces (fx,fy,fz) for set NSET_IND_TOP and time  0.2756433E+00

        10  6.016293E-04 -2.469009E+00 -1.321175E-11
        11  9.117718E-05 -5.963442E-04 -1.342042E-11
      1004  3.676368E-04 -4.426960E+00 -8.994229E-13
      1005  1.014092E-04 -4.156758E+00 -7.887948E-13
      1006  2.699999E-04 -3.990755E+00  2.675533E-11
      1007  1.369328E-04 -3.818932E+00  5.133751E-12
      1008  2.527380E-04 -3.557486E+00 -7.773712E-13
      1009  1.040349E-04 -3.151191E+00 -6.381202E-12
      1010 -1.494422E-05 -2.573128E+00 -1.293629E-11
      1011  3.076747E-05 -1.829378E+00  3.250261E-13
      1012 -9.675643E-06 -9.511636E-01  1.096012E-11
      1013 -3.607776E-02 -9.314339E+00  5.881962E-13
      1014 -5.495175E-02 -8.556011E+00 -3.441070E-11
      1015 -5.247531E-02 -8.139121E+00 -1.156675E-11
      1016 -6.707172E-02 -7.812333E+00  3.343992E-12
      1017 -6.271087E-02 -7.386606E+00  8.315792E-12
      1018 -7.594902E-02 -6.724278E+00 -2.707123E-11
      1019 -7.132988E-02 -5.742791E+00 -1.577805E-11
      1020 -7.145421E-02 -4.418677E+00 -8.422596E-12
      1021 -8.338283E-02 -2.790883E+00 -7.027712E-12
      1022 -6.702570E-02 -9.552574E-01  3.773715E-11

 total force (fx,fy,fz) for set NSET_IND_TOP and time  0.2756433E+00

       -6.404974E-01 -9.276565E+01 -5.953292E-11

                                INCREMENT   170


 displacements (vx,vy,vz) for set NSET_IND_TOP and time  0.2806433E+00

        10  7.613426E-05 -2.834497E-01  0.000000E+00
        11  0.000000E+00 -2.834497E-01  0.000000E+00
      1004  7.471092E-05 -2.834497E-01  0.000000E+00
      1005  7.303921E-05 -2.834497E-01  0.000000E+00
      1006  7.037890E-05 -2.834497E-01  0.000000E+00
      1007  6.613842E-05 -2.834497E-01  0.000000E+00
      1008  5.992612E-05 -2.834497E-01  0.000000E+00
      1009  5.153648E-05 -2.834497E-01  0.000000E+00
      1010  4.098372E-05 -2.834497E-01  0.000000E+00
      1011  2.852310E-05 -2.834497E-01  0.000000E+00
      1012  1.464765E-05 -2.834497E-01  0.000000E+00
      1013  7.539796E-05 -2.834497E-01  0.000000E+00
      1014  7.395101E-05 -2.834497E-01  0.000000E+00
      1015  7.186841E-05 -2.834497E-01  0.000000E+00
      1016  6.847965E-05 -2.834497E-01  0.000000E+00
      1017  6.329212E-05 -2.834497E-01  0.000000E+00
      1018  5.600261E-05 -2.834497E-01  0.000000E+00
      1019  4.651613E-05 -2.834497E-01  0.000000E+00
      1020  3.496876E-05 -2.834497E-01  0.000000E+00
      1021  2.172849E-05 -2.834497E-01  0.000000E+00
      1022  7.379444E-06 -2.834497E-01  0.000000E+00

 forces (fx,fy,fz) for set NSET_IND_TOP and time  0.2806433E+00

        10  6.451501E-04 -2.647437E+00 -2.397126E-11
        11  9.777118E-05 -6.395053E-04  1.572786E-11
      1004  3.942263E-04 -4.746909E+00  1.315534E-11
      1005  1.087341E-04 -4.457220E+00  2.102706E-11
      1006  2.895212E-04 -4.279262E+00  1.962193E-11
      1007  1.468269E-04 -4.095057E+00 -1.246336E-11
      1008  2.710123E-04 -3.814737E+00 -4.838412E-12
      1009  1.115505E-04 -3.379084E+00 -1.876004E-12
      1010 -1.603384E-05 -2.759228E+00 -2.799281E-11
      1011  3.298250E-05 -1.961693E+00 -8.978337E-13
      1012 -1.038402E-05 -1.019961E+00 -7.679876E-12
      1013 -3.868848E-02 -9.987479E+00 -1.127409E-11
      1014 -5.892817E-02 -9.174417E+00  1.149125E-11
      1015 -5.627245E-02 -8.727484E+00 -2.076139E-11
      1016 -7.192500E-02 -8.377157E+00  2.303491E-12
      1017 -6.724856E-02 -7.920720E+00 -9.191092E-12
      1018 -8.144458E-02 -7.210551E+00 -1.970335E-11
      1019 -7.649120E-02 -6.158120E+00 -1.302158E-11
      1020 -7.662453E-02 -4.738263E+00  1.236344E-12
      1021 -8.941629E-02 -2.992744E+00  2.128209E-11
      1022 -7.187559E-02 -1.024351E+00  1.130340E-11

 total force (fx,fy,fz) for set NSET_IND_TOP and time  0.2806433E+00

       -6.868435E-01 -9.947251E+01 -3.652230E-11

                                INCREMENT   180


 displacements (vx,vy,vz) for set NSET_IND_TOP and time  0.2856433E+00

        10  8.133179E-05 -2.884997E-01  0.000000E+00
        11  0.000000E+00 -2.884997E-01  0.000000E+00
      1004  7.981144E-05 -2.884997E-01  0.000000E+00
      1005  7.802575E-05 -2.884997E-01  0.000000E+00
      1006  7.518394E-05 -2.884997E-01  0.000000E+00
      1007  7.065405E-05 -2.884997E-01  0.000000E+00
      1008  6.401768E-05 -2.884997E-01  0.000000E+00
      1009  5.505530E-05 -2.884997E-01  0.000000E+00
      1010  4.378205E-05 -2.884997E-01  0.000000E+00
      1011  3.047066E-05 -2.884997E-01  0.000000E+00
      1012  1.564780E-05 -2.884997E-01  0.000000E+00
      1013  8.054531E-05 -2.884997E-01  0.000000E+00
      1014  7.899973E-05 -2.884997E-01  0.000000E+00
      1015  7.677508E-05 -2.884997E-01  0.000000E+00
      1016  7.315508E-05 -2.884997E-01  0.000000E+00
      1017  6.761347E-05 -2.884997E-01  0.000000E+00
      1018  5.982633E-05 -2.884997E-01  0.000000E+00
      1019  4.969219E-05 -2.884997E-01  0.000000E+00
      1020  3.735642E-05 -2.884997E-01  0.000000E+00
      1021  2.321212E-05 -2.884997E-01  0.000000E+00
      1022  7.883317E-06 -2.884997E-01  0.000000E+00

 forces (fx,fy,fz) for set NSET_IND_TOP and time  0.2856433E+00

        10  6.891926E-04 -2.827972E+00  7.053975E-13
        11  1.044439E-04 -6.831882E-04 -6.117060E-12
      1004  4.211337E-04 -5.070641E+00 -1.640823E-11
      1005  1.161449E-04 -4.761242E+00 -7.270819E-12
      1006  3.092748E-04 -4.571197E+00  2.089446E-11
      1007  1.568375E-04 -4.374469E+00 -1.022227E-11
      1008  2.895043E-04 -4.075057E+00 -4.057360E-12
      1009  1.191544E-04 -3.609698E+00  2.073252E-12
      1010 -1.713806E-05 -2.947552E+00  9.697744E-12
      1011  3.522217E-05 -2.095591E+00 -2.604180E-12
      1012 -1.110242E-05 -1.089582E+00  4.336867E-12
      1013 -4.133066E-02 -1.066857E+01  2.091638E-11
      1014 -6.295249E-02 -9.800144E+00 -2.679457E-11
      1015 -6.011532E-02 -9.322828E+00  4.321232E-11
      1016 -7.683671E-02 -8.948699E+00  1.623857E-11
      1017 -7.184087E-02 -8.461199E+00 -7.571721E-13
      1018 -8.700629E-02 -7.702628E+00  5.175416E-12
      1019 -8.171465E-02 -6.578412E+00 -1.849232E-11
      1020 -8.185710E-02 -5.061670E+00 -7.088996E-12
      1021 -9.552239E-02 -3.197020E+00 -4.121148E-13
      1022 -7.678386E-02 -1.094272E+00  5.197176E-12

 total force (fx,fy,fz) for set NSET_IND_TOP and time  0.2856433E+00

       -7.337477E-01 -1.062591E+02  2.822249E-11

                                INCREMENT   190


 displacements (vx,vy,vz) for set NSET_IND_TOP and time  0.2906433E+00

        10  8.659684E-05 -2.935497E-01  0.000000E+00
        11  0.000000E+00 -2.935497E-01  0.000000E+00
      1004  8.497824E-05 -2.935497E-01  0.000000E+00
      1005  8.307712E-05 -2.935497E-01  0.000000E+00
      1006  8.005147E-05 -2.935497E-01  0.000000E+00
      1007  7.522842E-05 -2.935497E-01  0.000000E+00
      1008  6.816249E-05 -2.935497E-01  0.000000E+00
      1009  5.861991E-05 -2.935497E-01  0.000000E+00
      1010  4.661681E-05 -2.935497E-01  0.000000E+00
      1011  3.244357E-05 -2.935497E-01  0.000000E+00
      1012  1.666097E-05 -2.935497E-01  0.000000E+00
      1013  8.575953E-05 -2.935497E-01  0.000000E+00
      1014  8.411407E-05 -2.935497E-01  0.000000E+00
      1015  8.174555E-05 -2.935497E-01  0.000000E+00
      1016  7.789131E-05 -2.935497E-01  0.000000E+00
      1017  7.199104E-05 -2.935497E-01  0.000000E+00
      1018  6.369981E-05 -2.935497E-01  0.000000E+00
      1019  5.290958E-05 -2.935497E-01  0.000000E+00
      1020  3.977515E-05 -2.935497E-01  0.000000E+00
      1021  2.471506E-05 -2.935497E-01  0.000000E+00
      1022  8.393750E-06 -2.935497E-01  0.000000E+00

 forces (fx,fy,fz) for set NSET_IND_TOP and time  0.2906433E+00

        10  7.338071E-04 -3.010820E+00 -7.698914E-12
        11  1.112031E-04 -7.274430E-04 -1.248760E-11
      1004  4.483896E-04 -5.398524E+00 -3.102603E-12
      1005  1.236498E-04 -5.069171E+00 -4.675131E-12
      1006  3.292829E-04 -4.866891E+00  2.581420E-11
      1007  1.669760E-04 -4.657486E+00 -2.249470E-11
      1008  3.082348E-04 -4.338741E+00 -2.211012E-11
      1009  1.268551E-04 -3.843296E+00 -1.420605E-11
      1010 -1.825827E-05 -3.138317E+00 -8.046203E-12
      1011  3.748888E-05 -2.231224E+00 -2.092581E-11
      1012 -1.183178E-05 -1.160106E+00  8.484658E-12
      1013 -4.400733E-02 -1.135840E+01  1.711564E-11
      1014 -6.702931E-02 -1.043390E+01  2.245626E-11
      1015 -6.400832E-02 -9.925829E+00 -9.100942E-12
      1016 -8.181247E-02 -9.527606E+00 -2.511502E-11
      1017 -7.649307E-02 -9.008656E+00  2.019096E-11
      1018 -9.264053E-02 -8.201068E+00  1.146150E-11
      1019 -8.700621E-02 -7.004146E+00  3.528733E-12
      1020 -8.715789E-02 -5.389268E+00  1.140998E-11
      1021 -1.017081E-01 -3.403945E+00 -1.664002E-11
      1022 -8.175615E-02 -1.165100E+00  5.657697E-12

 total force (fx,fy,fz) for set NSET_IND_TOP and time  0.2906433E+00

       -7.812636E-01 -1.131332E+02 -4.048349E-11

                                INCREMENT   200


 displacements (vx,vy,vz) for set NSET_IND_TOP and time  0.2956433E+00

        10  9.191838E-05 -2.985997E-01  0.000000E+00
        11  0.000000E+00 -2.985997E-01  0.000000E+00
      1004  9.020052E-05 -2.985997E-01  0.000000E+00
      1005  8.818274E-05 -2.985997E-01  0.000000E+00
      1006  8.497131E-05 -2.985997E-01  0.000000E+00
      1007  7.985198E-05 -2.985997E-01  0.000000E+00
      1008  7.235188E-05 -2.985997E-01  0.000000E+00
      1009  6.222287E-05 -2.985997E-01  0.000000E+00
      1010  4.948208E-05 -2.985997E-01  0.000000E+00
      1011  3.443772E-05 -2.985997E-01  0.000000E+00
      1012  1.768505E-05 -2.985997E-01  0.000000E+00
      1013  9.102972E-05 -2.985997E-01  0.000000E+00
      1014  8.928333E-05 -2.985997E-01  0.000000E+00
      1015  8.676943E-05 -2.985997E-01  0.000000E+00
      1016  8.267846E-05 -2.985997E-01  0.000000E+00
      1017  7.641568E-05 -2.985997E-01  0.000000E+00
      1018  6.761496E-05 -2.985997E-01  0.000000E+00
      1019  5.616161E-05 -2.985997E-01  0.000000E+00
      1020  4.221992E-05 -2.985997E-01  0.000000E+00
      1021  2.623418E-05 -2.985997E-01  0.000000E+00
      1022  8.909679E-06 -2.985997E-01  0.000000E+00

 forces (fx,fy,fz) for set NSET_IND_TOP and time  0.2956433E+00

        10  7.789001E-04 -3.195592E+00 -2.582053E-12
        11  1.180344E-04 -7.721779E-04 -1.021771E-11
      1004  4.759370E-04 -5.729862E+00  1.692520E-11
      1005  1.312329E-04 -5.380354E+00 -6.803853E-12
      1006  3.495037E-04 -5.165719E+00  1.019226E-12
      1007  1.772209E-04 -4.943512E+00  1.979004E-11
      1008  3.271646E-04 -4.605234E+00  5.625911E-12
      1009  1.346364E-04 -4.079388E+00  1.340225E-11
      1010 -1.939228E-05 -3.331120E+00  1.705488E-11
      1011  3.977771E-05 -2.368309E+00  2.660874E-12
      1012 -1.257073E-05 -1.231384E+00 -9.645552E-12
      1013 -4.671291E-02 -1.205548E+01  1.324496E-11
      1014 -7.115015E-02 -1.107435E+01 -1.471667E-11
      1015 -6.794333E-02 -1.053521E+01  1.110312E-11
      1016 -8.684192E-02 -1.011266E+01 -9.413359E-12
      1017 -8.119546E-02 -9.561941E+00 -1.773381E-11
      1018 -9.833554E-02 -8.704825E+00  2.410294E-11
      1019 -9.235485E-02 -7.434428E+00 -3.416378E-12
      1020 -9.251586E-02 -5.720370E+00  2.734080E-11
      1021 -1.079606E-01 -3.613085E+00  1.318945E-12
      1022 -8.678207E-02 -1.236685E+00  1.037792E-11

 total force (fx,fy,fz) for set NSET_IND_TOP and time  0.2956433E+00

       -8.292922E-01 -1.200803E+02  8.943768E-11

                                INCREMENT   209


 displacements (vx,vy,vz) for set NSET_IND_TOP and time  0.3000000E+00

        10  9.661917E-05 -3.030000E-01  0.000000E+00
        11  0.000000E+00 -3.030000E-01  0.000000E+00
      1004  9.481365E-05 -3.030000E-01  0.000000E+00
      1005  9.269286E-05 -3.030000E-01  0.000000E+00
      1006  8.931733E-05 -3.030000E-01  0.000000E+00
      1007  8.393629E-05 -3.030000E-01  0.000000E+00
      1008  7.605268E-05 -3.030000E-01  0.000000E+00
      1009  6.540566E-05 -3.030000E-01  0.000000E+00
      1010  5.201321E-05 -3.030000E-01  0.000000E+00
      1011  3.619932E-05 -3.030000E-01  0.000000E+00
      1012  1.858970E-05 -3.030000E-01  0.000000E+00
      1013  9.568516E-05 -3.030000E-01  0.000000E+00
      1014  9.384964E-05 -3.030000E-01  0.000000E+00
      1015  9.120734E-05 -3.030000E-01  0.000000E+00
      1016  8.690728E-05 -3.030000E-01  0.000000E+00
      1017  8.032429E-05 -3.030000E-01  0.000000E+00
      1018  7.107351E-05 -3.030000E-01  0.000000E+00
      1019  5.903438E-05 -3.030000E-01  0.000000E+00
      1020  4.437960E-05 -3.030000E-01  0.000000E+00
      1021  2.757616E-05 -3.030000E-01  0.000000E+00
      1022  9.365445E-06 -3.030000E-01  0.000000E+00

 forces (fx,fy,fz) for set NSET_IND_TOP and time  0.3000000E+00

        10  8.187328E-04 -3.358770E+00  4.980301E-12
        11  1.240685E-04 -8.117000E-04  1.313642E-11
      1004  5.002697E-04 -6.022485E+00 -6.337715E-12
      1005  1.379289E-04 -5.655186E+00 -3.709134E-12
      1006  3.673634E-04 -5.429649E+00 -9.922389E-12
      1007  1.862681E-04 -5.196144E+00  2.053421E-12
      1008  3.438844E-04 -4.840621E+00 -6.977561E-13
      1009  1.415077E-04 -4.287927E+00  3.485793E-12
      1010 -2.039599E-05 -3.501425E+00 -1.600726E-11
      1011  4.179709E-05 -2.489399E+00  1.019306E-11
      1012 -1.322545E-05 -1.294347E+00 -4.423623E-12
      1013 -4.910308E-02 -1.267111E+01  9.591661E-12
      1014 -7.479057E-02 -1.163997E+01  1.012523E-12
      1015 -7.141957E-02 -1.107342E+01  1.111555E-12
      1016 -9.128499E-02 -1.062940E+01 -2.682565E-11
      1017 -8.534958E-02 -1.005064E+01  5.698997E-12
      1018 -1.033666E-01 -9.149785E+00 -3.394218E-11
      1019 -9.707989E-02 -7.814497E+00 -2.952616E-11
      1020 -9.724914E-02 -6.012837E+00  2.177458E-11
      1021 -1.134840E-01 -3.797823E+00  1.352163E-11
      1022 -9.122202E-02 -1.299919E+00 -9.016343E-12

 total force (fx,fy,fz) for set NSET_IND_TOP and time  0.3000000E+00

       -8.717212E-01 -1.262162E+02 -5.384826E-11

                        S T E P       4


                                INCREMENT    10


 displacements (vx,vy,vz) for set NSET_IND_TOP and time  0.3007026E+00

        10  9.737384E-05 -3.037096E-01  0.000000E+00
        11  0.000000E+00 -3.037096E-01  0.000000E+00
      1004  9.555425E-05 -3.037096E-01  0.000000E+00
      1005  9.341692E-05 -3.037096E-01  0.000000E+00
      1006  9.001506E-05 -3.037096E-01  0.000000E+00
      1007  8.459201E-05 -3.037096E-01  0.000000E+00
      1008  7.664683E-05 -3.037096E-01  0.000000E+00
      1009  6.591665E-05 -3.037096E-01  0.000000E+00
      1010  5.241958E-05 -3.037096E-01  0.000000E+00
      1011  3.648214E-05 -3.037096E-01  0.000000E+00
      1012  1.873495E-05 -3.037096E-01  0.000000E+00
      1013  9.643255E-05 -3.037096E-01  0.000000E+00
      1014  9.458273E-05 -3.037096E-01  0.000000E+00
      1015  9.191982E-05 -3.037096E-01  0.000000E+00
      1016  8.758620E-05 -3.037096E-01  0.000000E+00
      1017  8.095180E-05 -3.037096E-01  0.000000E+00
      1018  7.162877E-05 -3.037096E-01  0.000000E+00
      1019  5.949560E-05 -3.037096E-01  0.000000E+00
      1020  4.472633E-05 -3.037096E-01  0.000000E+00
      1021  2.779161E-05 -3.037096E-01  0.000000E+00
      1022  9.438617E-06 -3.037096E-01  0.000000E+00

 forces (fx,fy,fz) for set NSET_IND_TOP and time  0.3007026E+00

        10  8.251276E-04 -3.384960E+00 -3.509415E-12
        11  1.250373E-04 -8.180461E-04 -6.227885E-12
      1004  5.041759E-04 -6.069451E+00  1.940076E-11
      1005  1.390035E-04 -5.699298E+00  2.109948E-11
      1006  3.702303E-04 -5.472013E+00 -9.609848E-13
      1007  1.877201E-04 -5.236696E+00  8.514602E-12
      1008  3.465684E-04 -4.878406E+00  2.745488E-11
      1009  1.426105E-04 -4.321404E+00 -4.740842E-12
      1010 -2.055740E-05 -3.528765E+00  9.073634E-14
      1011  4.212097E-05 -2.508838E+00 -8.542033E-12
      1012 -1.333082E-05 -1.304455E+00  9.017253E-12
      1013 -4.948684E-02 -1.276992E+01 -3.721690E-12
      1014 -7.537505E-02 -1.173075E+01  1.793188E-11
      1015 -7.197769E-02 -1.115981E+01  2.721823E-12
      1016 -9.199834E-02 -1.071234E+01 -4.919176E-12
      1017 -8.601654E-02 -1.012908E+01  6.886491E-12
      1018 -1.041743E-01 -9.221213E+00 -1.041878E-11
      1019 -9.783850E-02 -7.875509E+00  2.129941E-11
      1020 -9.800908E-02 -6.059788E+00  1.110534E-11
      1021 -1.143708E-01 -3.827480E+00  2.010969E-11
      1022 -9.193487E-02 -1.310071E+00  9.611423E-12

 total force (fx,fy,fz) for set NSET_IND_TOP and time  0.3007026E+00

       -8.785334E-01 -1.272011E+02  1.322030E-10

                                INCREMENT    20


 displacements (vx,vy,vz) for set NSET_IND_TOP and time  0.3027026E+00

        10  9.954157E-05 -3.057296E-01  0.000000E+00
        11  0.000000E+00 -3.057296E-01  0.000000E+00
      1004  9.768156E-05 -3.057296E-01  0.000000E+00
      1005  9.549674E-05 -3.057296E-01  0.000000E+00
      1006  9.201922E-05 -3.057296E-01  0.000000E+00
      1007  8.647549E-05 -3.057296E-01  0.000000E+00
      1008  7.835347E-05 -3.057296E-01  0.000000E+00
      1009  6.738440E-05 -3.057296E-01  0.000000E+00
      1010  5.358682E-05 -3.057296E-01  0.000000E+00
      1011  3.729451E-05 -3.057296E-01  0.000000E+00
      1012  1.915213E-05 -3.057296E-01  0.000000E+00
      1013  9.857938E-05 -3.057296E-01  0.000000E+00
      1014  9.668846E-05 -3.057296E-01  0.000000E+00
      1015  9.396635E-05 -3.057296E-01  0.000000E+00
      1016  8.953631E-05 -3.057296E-01  0.000000E+00
      1017  8.275426E-05 -3.057296E-01  0.000000E+00
      1018  7.322369E-05 -3.057296E-01  0.000000E+00
      1019  6.082039E-05 -3.057296E-01  0.000000E+00
      1020  4.572227E-05 -3.057296E-01  0.000000E+00
      1021  2.841047E-05 -3.057296E-01  0.000000E+00
      1022  9.648797E-06 -3.057296E-01  0.000000E+00

 forces (fx,fy,fz) for set NSET_IND_TOP and time  0.3027026E+00

        10  8.434961E-04 -3.460196E+00 -7.870777E-12
        11  1.278198E-04 -8.362733E-04 -2.398095E-12
      1004  5.153964E-04 -6.204371E+00 -1.352054E-11
      1005  1.420906E-04 -5.826017E+00  3.277678E-12
      1006  3.784655E-04 -5.593709E+00  2.111917E-12
      1007  1.918914E-04 -5.353185E+00 -2.938535E-14
      1008  3.542780E-04 -4.986946E+00  8.702065E-12
      1009  1.457785E-04 -4.417565E+00 -2.975320E-11
      1010 -2.102084E-05 -3.607297E+00  4.062830E-13
      1011  4.305148E-05 -2.564677E+00 -2.975647E-11
      1012 -1.363331E-05 -1.333489E+00  1.339782E-11
      1013 -5.058911E-02 -1.305376E+01 -3.333733E-11
      1014 -7.705390E-02 -1.199154E+01  2.851719E-11
      1015 -7.358081E-02 -1.140797E+01  4.281020E-13
      1016 -9.404732E-02 -1.095061E+01 -1.733103E-11
      1017 -8.793227E-02 -1.035442E+01  1.355405E-11
      1018 -1.064944E-01 -9.426391E+00  1.573053E-11
      1019 -1.000175E-01 -8.050767E+00 -1.955547E-11
      1020 -1.001919E-01 -6.194653E+00  3.214762E-12
      1021 -1.169181E-01 -3.912668E+00 -1.932010E-11
      1022 -9.398241E-02 -1.339230E+00  5.808687E-13

 total force (fx,fy,fz) for set NSET_IND_TOP and time  0.3027026E+00

       -8.981001E-01 -1.300303E+02 -8.295113E-11

                                INCREMENT    30


 displacements (vx,vy,vz) for set NSET_IND_TOP and time  0.3047026E+00

        10  1.017280E-04 -3.077496E-01  0.000000E+00
        11  0.000000E+00 -3.077496E-01  0.000000E+00
      1004  9.982724E-05 -3.077496E-01  0.000000E+00
      1005  9.759452E-05 -3.077496E-01  0.000000E+00
      1006  9.404069E-05 -3.077496E-01  0.000000E+00
      1007  8.837525E-05 -3.077496E-01  0.000000E+00
      1008  8.007484E-05 -3.077496E-01  0.000000E+00
      1009  6.886484E-05 -3.077496E-01  0.000000E+00
      1010  5.476415E-05 -3.077496E-01  0.000000E+00
      1011  3.811391E-05 -3.077496E-01  0.000000E+00
      1012  1.957293E-05 -3.077496E-01  0.000000E+00
      1013  1.007447E-04 -3.077496E-01  0.000000E+00
      1014  9.881237E-05 -3.077496E-01  0.000000E+00
      1015  9.603055E-05 -3.077496E-01  0.000000E+00
      1016  9.150327E-05 -3.077496E-01  0.000000E+00
      1017  8.457229E-05 -3.077496E-01  0.000000E+00
      1018  7.483240E-05 -3.077496E-01  0.000000E+00
      1019  6.215663E-05 -3.077496E-01  0.000000E+00
      1020  4.672682E-05 -3.077496E-01  0.000000E+00
      1021  2.903468E-05 -3.077496E-01  0.000000E+00
      1022  9.860793E-06 -3.077496E-01  0.000000E+00

 forces (fx,fy,fz) for set NSET_IND_TOP and time  0.3047026E+00

        10  8.620229E-04 -3.536071E+00  1.083210E-11
        11  1.306261E-04 -8.546589E-04  4.958469E-13
      1004  5.267133E-04 -6.340439E+00  1.327340E-11
      1005  1.452036E-04 -5.953818E+00 -4.584695E-12
      1006  3.867710E-04 -5.716446E+00  2.402734E-11
      1007  1.960979E-04 -5.470673E+00 -6.003404E-12
      1008  3.620536E-04 -5.096418E+00 -6.505992E-12
      1009  1.489732E-04 -4.514553E+00  9.755560E-12
      1010 -2.148881E-05 -3.686505E+00 -2.389827E-11
      1011  4.398933E-05 -2.620996E+00 -1.367229E-11
      1012 -1.393895E-05 -1.362773E+00  2.393951E-11
      1013 -5.170094E-02 -1.334002E+01  8.242296E-13
      1014 -7.874728E-02 -1.225456E+01 -3.997691E-12
      1015 -7.519782E-02 -1.165825E+01 -1.144196E-11
      1016 -9.611405E-02 -1.119092E+01 -4.032330E-13
      1017 -8.986459E-02 -1.058170E+01 -4.654499E-11
      1018 -1.088346E-01 -9.633333E+00  1.551248E-11
      1019 -1.022154E-01 -8.227533E+00 -2.593348E-11
      1020 -1.023936E-01 -6.330678E+00 -1.422551E-11
      1021 -1.194873E-01 -3.998591E+00 -4.725109E-13
      1022 -9.604768E-02 -1.368640E+00 -2.882583E-12

 total force (fx,fy,fz) for set NSET_IND_TOP and time  0.3047026E+00

       -9.178363E-01 -1.328838E+02 -6.190614E-11

                                INCREMENT    40


 displacements (vx,vy,vz) for set NSET_IND_TOP and time  0.3067026E+00

        10  1.039183E-04 -3.097696E-01  0.000000E+00
        11  0.000000E+00 -3.097696E-01  0.000000E+00
      1004  1.019767E-04 -3.097696E-01  0.000000E+00
      1005  9.969604E-05 -3.097696E-01  0.000000E+00
      1006  9.606577E-05 -3.097696E-01  0.000000E+00
      1007  9.027840E-05 -3.097696E-01  0.000000E+00
      1008  8.179931E-05 -3.097696E-01  0.000000E+00
      1009  7.034793E-05 -3.097696E-01  0.000000E+00
      1010  5.594360E-05 -3.097696E-01  0.000000E+00
      1011  3.893478E-05 -3.097696E-01  0.000000E+00
      1012  1.999448E-05 -3.097696E-01  0.000000E+00
      1013  1.029139E-04 -3.097696E-01  0.000000E+00
      1014  1.009401E-04 -3.097696E-01  0.000000E+00
      1015  9.809844E-05 -3.097696E-01  0.000000E+00
      1016  9.347375E-05 -3.097696E-01  0.000000E+00
      1017  8.639359E-05 -3.097696E-01  0.000000E+00
      1018  7.644399E-05 -3.097696E-01  0.000000E+00
      1019  6.349528E-05 -3.097696E-01  0.000000E+00
      1020  4.773318E-05 -3.097696E-01  0.000000E+00
      1021  2.966001E-05 -3.097696E-01  0.000000E+00
      1022  1.007317E-05 -3.097696E-01  0.000000E+00

 forces (fx,fy,fz) for set NSET_IND_TOP and time  0.3067026E+00

        10  8.805827E-04 -3.612072E+00  4.388958E-12
        11  1.334374E-04 -8.730786E-04  2.005375E-12
      1004  5.380501E-04 -6.476734E+00 -1.742228E-12
      1005  1.483216E-04 -6.081834E+00  2.056476E-11
      1006  3.950908E-04 -5.839392E+00  2.833829E-12
      1007  2.003114E-04 -5.588363E+00  4.146091E-12
      1008  3.698427E-04 -5.206080E+00 -8.229325E-12
      1009  1.521730E-04 -4.611711E+00 -9.549044E-12
      1010 -2.195803E-05 -3.765852E+00  1.485592E-12
      1011  4.492832E-05 -2.677414E+00  2.880600E-11
      1012 -1.424555E-05 -1.392109E+00 -7.017734E-12
      1013 -5.281479E-02 -1.362675E+01 -1.195777E-11
      1014 -8.044375E-02 -1.251802E+01 -2.736034E-12
      1015 -7.681776E-02 -1.190895E+01 -1.681366E-11
      1016 -9.818452E-02 -1.143163E+01 -1.489875E-11
      1017 -9.180042E-02 -1.080936E+01 -3.423795E-11
      1018 -1.111791E-01 -9.840634E+00  2.600498E-11
      1019 -1.044173E-01 -8.404609E+00 -9.973355E-12
      1020 -1.045993E-01 -6.466943E+00  1.459366E-11
      1021 -1.220613E-01 -4.084664E+00  1.237765E-11
      1022 -9.811670E-02 -1.398103E+00  1.876721E-12

 total force (fx,fy,fz) for set NSET_IND_TOP and time  0.3067026E+00

       -9.376084E-01 -1.357421E+02  1.927779E-12

                                INCREMENT    50


 displacements (vx,vy,vz) for set NSET_IND_TOP and time  0.3087026E+00

        10  1.060852E-04 -3.117896E-01  0.000000E+00
        11  0.000000E+00 -3.117896E-01  0.000000E+00
      1004  1.041034E-04 -3.117896E-01  0.000000E+00
      1005  1.017753E-04 -3.117896E-01  0.000000E+00
      1006  9.806952E-05 -3.117896E-01  0.000000E+00
      1007  9.216160E-05 -3.117896E-01  0.000000E+00
      1008  8.350578E-05 -3.117896E-01  0.000000E+00
      1009  7.181561E-05 -3.117896E-01  0.000000E+00
      1010  5.711084E-05 -3.117896E-01  0.000000E+00
      1011  3.974718E-05 -3.117896E-01  0.000000E+00
      1012  2.041169E-05 -3.117896E-01  0.000000E+00
      1013  1.050600E-04 -3.117896E-01  0.000000E+00
      1014  1.030452E-04 -3.117896E-01  0.000000E+00
      1015  1.001445E-04 -3.117896E-01  0.000000E+00
      1016  9.542353E-05 -3.117896E-01  0.000000E+00
      1017  8.819583E-05 -3.117896E-01  0.000000E+00
      1018  7.803880E-05 -3.117896E-01  0.000000E+00
      1019  6.482004E-05 -3.117896E-01  0.000000E+00
      1020  4.872914E-05 -3.117896E-01  0.000000E+00
      1021  3.027890E-05 -3.117896E-01  0.000000E+00
      1022  1.028336E-05 -3.117896E-01  0.000000E+00

 forces (fx,fy,fz) for set NSET_IND_TOP and time  0.3087026E+00

        10  8.989448E-04 -3.687128E+00  4.528523E-12
        11  1.362199E-04 -8.913258E-04  5.268396E-12
      1004  5.492635E-04 -6.611349E+00  4.235969E-12
      1005  1.513998E-04 -6.208300E+00  4.526576E-12
      1006  4.033173E-04 -5.960882E+00  9.925224E-12
      1007  2.044744E-04 -5.704688E+00 -1.171121E-11
      1008  3.775470E-04 -5.314494E+00 -1.125329E-11
      1009  1.553350E-04 -4.707781E+00 -1.967696E-11
      1010 -2.242666E-05 -3.844322E+00 -1.181789E-11
      1011  4.585285E-05 -2.733214E+00  2.198814E-13
      1012 -1.455294E-05 -1.421125E+00  4.117097E-12
      1013 -5.391741E-02 -1.390993E+01  2.882450E-11
      1014 -8.212305E-02 -1.277825E+01 -2.011236E-11
      1015 -7.842127E-02 -1.215665E+01 -1.760148E-11
      1016 -1.002340E-01 -1.166953E+01 -3.637535E-12
      1017 -9.371658E-02 -1.103441E+01  2.174882E-11
      1018 -1.134998E-01 -1.004560E+01 -2.578560E-11
      1019 -1.065968E-01 -8.579714E+00  2.268852E-12
      1020 -1.067827E-01 -6.601708E+00  2.985123E-11
      1021 -1.246092E-01 -4.169797E+00  9.935608E-12
      1022 -1.001648E-01 -1.427244E+00  8.355983E-12

 total force (fx,fy,fz) for set NSET_IND_TOP and time  0.3087026E+00

       -9.571803E-01 -1.385670E+02  1.221035E-11

                                INCREMENT    60


 displacements (vx,vy,vz) for set NSET_IND_TOP and time  0.3107026E+00

        10  1.082683E-04 -3.138096E-01  0.000000E+00
        11  0.000000E+00 -3.138096E-01  0.000000E+00
      1004  1.062458E-04 -3.138096E-01  0.000000E+00
      1005  1.038700E-04 -3.138096E-01  0.000000E+00
      1006  1.000880E-04 -3.138096E-01  0.000000E+00
      1007  9.405860E-05 -3.138096E-01  0.000000E+00
      1008  8.522469E-05 -3.138096E-01  0.000000E+00
      1009  7.329395E-05 -3.138096E-01  0.000000E+00
      1010  5.828651E-05 -3.138096E-01  0.000000E+00
      1011  4.056542E-05 -3.138096E-01  0.000000E+00
      1012  2.083190E-05 -3.138096E-01  0.000000E+00
      1013  1.072221E-04 -3.138096E-01  0.000000E+00
      1014  1.051659E-04 -3.138096E-01  0.000000E+00
      1015  1.022057E-04 -3.138096E-01  0.000000E+00
      1016  9.738762E-05 -3.138096E-01  0.000000E+00
      1017  9.001124E-05 -3.138096E-01  0.000000E+00
      1018  7.964521E-05 -3.138096E-01  0.000000E+00
      1019  6.615439E-05 -3.138096E-01  0.000000E+00
      1020  4.973228E-05 -3.138096E-01  0.000000E+00
      1021  3.090223E-05 -3.138096E-01  0.000000E+00
      1022  1.049506E-05 -3.138096E-01  0.000000E+00

 forces (fx,fy,fz) for set NSET_IND_TOP and time  0.3107026E+00

        10  9.174430E-04 -3.762833E+00  6.723930E-12
        11  1.390216E-04 -9.096918E-04 -8.848580E-12
      1004  5.605615E-04 -6.747120E+00  3.062241E-12
      1005  1.545046E-04 -6.335835E+00  6.177743E-12
      1006  4.116071E-04 -6.083377E+00  2.119270E-11
      1007  2.086710E-04 -5.821956E+00  2.289719E-12
      1008  3.853083E-04 -5.423771E+00 -4.992642E-12
      1009  1.585217E-04 -4.804603E+00 -4.608381E-12
      1010 -2.289657E-05 -3.923399E+00 -1.144999E-11
      1011  4.678599E-05 -2.789442E+00 -6.408124E-12
      1012 -1.486075E-05 -1.450363E+00  1.684332E-11
      1013 -5.502781E-02 -1.419556E+01  1.235212E-11
      1014 -8.381423E-02 -1.304071E+01 -3.076339E-11
      1015 -8.003616E-02 -1.240642E+01 -2.329026E-11
      1016 -1.022980E-01 -1.190938E+01 -6.622702E-12
      1017 -9.564633E-02 -1.126127E+01  1.620348E-11
      1018 -1.158368E-01 -1.025218E+01 -3.453371E-11
      1019 -1.087918E-01 -8.756182E+00  4.506617E-12
      1020 -1.089815E-01 -6.737512E+00  1.147038E-11
      1021 -1.271751E-01 -4.255582E+00 -1.184519E-11
      1022 -1.022274E-01 -1.456608E+00 -3.703882E-11

 total force (fx,fy,fz) for set NSET_IND_TOP and time  0.3107026E+00

       -9.768905E-01 -1.414150E+02 -7.957953E-11

                                INCREMENT    70


 displacements (vx,vy,vz) for set NSET_IND_TOP and time  0.3127026E+00

        10  1.078132E-04 -3.158296E-01  0.000000E+00
        11  0.000000E+00 -3.158296E-01  0.000000E+00
      1004  1.058003E-04 -3.158296E-01  0.000000E+00
      1005  1.034355E-04 -3.158296E-01  0.000000E+00
      1006  9.967031E-05 -3.158296E-01  0.000000E+00
      1007  9.366687E-05 -3.158296E-01  0.000000E+00
      1008  8.487044E-05 -3.158296E-01  0.000000E+00
      1009  7.298983E-05 -3.158296E-01  0.000000E+00
      1010  5.804503E-05 -3.158296E-01  0.000000E+00
      1011  4.039756E-05 -3.158296E-01  0.000000E+00
      1012  2.074576E-05 -3.158296E-01  0.000000E+00
      1013  1.067719E-04 -3.158296E-01  0.000000E+00
      1014  1.047255E-04 -3.158296E-01  0.000000E+00
      1015  1.017786E-04 -3.158296E-01  0.000000E+00
      1016  9.698161E-05 -3.158296E-01  0.000000E+00
      1017  8.963673E-05 -3.158296E-01  0.000000E+00
      1018  7.931445E-05 -3.158296E-01  0.000000E+00
      1019  6.588011E-05 -3.158296E-01  0.000000E+00
      1020  4.952638E-05 -3.158296E-01  0.000000E+00
      1021  3.077441E-05 -3.158296E-01  0.000000E+00
      1022  1.045168E-05 -3.158296E-01  0.000000E+00

 forces (fx,fy,fz) for set NSET_IND_TOP and time  0.3127026E+00

        10  9.135701E-04 -3.745611E+00 -8.025858E-12
        11  1.384237E-04 -9.060963E-04  1.583911E-11
      1004  5.581564E-04 -6.716449E+00  2.228726E-11
      1005  1.537615E-04 -6.307371E+00 -1.064052E-12
      1006  4.097900E-04 -6.056409E+00  1.304948E-11
      1007  2.076976E-04 -5.796468E+00 -9.493843E-12
      1008  3.836194E-04 -5.400278E+00  2.121505E-11
      1009  1.577708E-04 -4.783972E+00 -2.716131E-12
      1010 -2.287357E-05 -3.906663E+00 -6.431413E-12
      1011  4.649739E-05 -2.777599E+00 -3.559501E-11
      1012 -1.487181E-05 -1.444222E+00 -4.113991E-12
      1013 -5.480345E-02 -1.413076E+01 -5.392131E-12
      1014 -8.347167E-02 -1.298175E+01  6.723067E-12
      1015 -7.970844E-02 -1.235105E+01 -1.523492E-11
      1016 -1.018785E-01 -1.185691E+01 -3.022915E-11
      1017 -9.525394E-02 -1.121224E+01 -1.607159E-12
      1018 -1.153615E-01 -1.020796E+01 -1.659295E-11
      1019 -1.083454E-01 -8.718704E+00  2.183231E-11
      1020 -1.085345E-01 -6.708836E+00 -1.529443E-12
      1021 -1.266536E-01 -4.237536E+00 -3.472778E-13
      1022 -1.018083E-01 -1.450443E+00  2.781242E-11

 total force (fx,fy,fz) for set NSET_IND_TOP and time  0.3127026E+00

       -9.728879E-01 -1.407921E+02 -9.614642E-12

                                INCREMENT    80


 displacements (vx,vy,vz) for set NSET_IND_TOP and time  0.3147026E+00

        10  1.100367E-04 -3.178496E-01  0.000000E+00
        11  0.000000E+00 -3.178496E-01  0.000000E+00
      1004  1.079824E-04 -3.178496E-01  0.000000E+00
      1005  1.055689E-04 -3.178496E-01  0.000000E+00
      1006  1.017261E-04 -3.178496E-01  0.000000E+00
      1007  9.559895E-05 -3.178496E-01  0.000000E+00
      1008  8.662113E-05 -3.178496E-01  0.000000E+00
      1009  7.449550E-05 -3.178496E-01  0.000000E+00
      1010  5.924244E-05 -3.178496E-01  0.000000E+00
      1011  4.123094E-05 -3.178496E-01  0.000000E+00
      1012  2.117374E-05 -3.178496E-01  0.000000E+00
      1013  1.089740E-04 -3.178496E-01  0.000000E+00
      1014  1.068855E-04 -3.178496E-01  0.000000E+00
      1015  1.038779E-04 -3.178496E-01  0.000000E+00
      1016  9.898202E-05 -3.178496E-01  0.000000E+00
      1017  9.148572E-05 -3.178496E-01  0.000000E+00
      1018  8.095056E-05 -3.178496E-01  0.000000E+00
      1019  6.723914E-05 -3.178496E-01  0.000000E+00
      1020  5.054807E-05 -3.178496E-01  0.000000E+00
      1021  3.140928E-05 -3.178496E-01  0.000000E+00
      1022  1.066729E-05 -3.178496E-01  0.000000E+00

 forces (fx,fy,fz) for set NSET_IND_TOP and time  0.3147026E+00

        10  9.324103E-04 -3.822714E+00  8.061954E-12
        11  1.412770E-04 -9.248020E-04  9.489150E-13
      1004  5.696632E-04 -6.854727E+00  1.038936E-11
      1005  1.569235E-04 -6.437261E+00  2.169645E-11
      1006  4.182328E-04 -6.181167E+00 -2.137255E-11
      1007  2.119716E-04 -5.915904E+00  3.511547E-12
      1008  3.915239E-04 -5.511575E+00 -2.273179E-11
      1009  1.610162E-04 -4.882584E+00 -2.830927E-11
      1010 -2.335237E-05 -3.987202E+00 -2.857323E-11
      1011  4.744750E-05 -2.834867E+00 -9.166137E-12
      1012 -1.518553E-05 -1.474000E+00  1.544512E-11
      1013 -5.593440E-02 -1.442166E+01 -2.520206E-13
      1014 -8.519415E-02 -1.324905E+01 -6.056489E-12
      1015 -8.135319E-02 -1.260544E+01 -1.581757E-11
      1016 -1.039807E-01 -1.210119E+01 -1.914913E-12
      1017 -9.721939E-02 -1.144329E+01  2.073497E-11
      1018 -1.177418E-01 -1.041836E+01 -3.277334E-11
      1019 -1.105810E-01 -8.898435E+00 -2.962519E-11
      1020 -1.107740E-01 -6.847150E+00  1.059286E-11
      1021 -1.292670E-01 -4.324906E+00  2.383960E-11
      1022 -1.039090E-01 -1.480349E+00  1.350164E-11

 total force (fx,fy,fz) for set NSET_IND_TOP and time  0.3147026E+00

       -9.929627E-01 -1.436928E+02 -6.787008E-11

                                INCREMENT    90


 displacements (vx,vy,vz) for set NSET_IND_TOP and time  0.3167026E+00

        10  1.122716E-04 -3.198696E-01  0.000000E+00
        11  0.000000E+00 -3.198696E-01  0.000000E+00
      1004  1.101757E-04 -3.198696E-01  0.000000E+00
      1005  1.077133E-04 -3.198696E-01  0.000000E+00
      1006  1.037926E-04 -3.198696E-01  0.000000E+00
      1007  9.754102E-05 -3.198696E-01  0.000000E+00
      1008  8.838089E-05 -3.198696E-01  0.000000E+00
      1009  7.600896E-05 -3.198696E-01  0.000000E+00
      1010  6.044605E-05 -3.198696E-01  0.000000E+00
      1011  4.206863E-05 -3.198696E-01  0.000000E+00
      1012  2.160393E-05 -3.198696E-01  0.000000E+00
      1013  1.111874E-04 -3.198696E-01  0.000000E+00
      1014  1.090566E-04 -3.198696E-01  0.000000E+00
      1015  1.059880E-04 -3.198696E-01  0.000000E+00
      1016  1.009928E-04 -3.198696E-01  0.000000E+00
      1017  9.334426E-05 -3.198696E-01  0.000000E+00
      1018  8.259514E-05 -3.198696E-01  0.000000E+00
      1019  6.860520E-05 -3.198696E-01  0.000000E+00
      1020  5.157505E-05 -3.198696E-01  0.000000E+00
      1021  3.204743E-05 -3.198696E-01  0.000000E+00
      1022  1.088402E-05 -3.198696E-01  0.000000E+00

 forces (fx,fy,fz) for set NSET_IND_TOP and time  0.3167026E+00

        10  9.513477E-04 -3.900209E+00 -2.165871E-11
        11  1.441451E-04 -9.436053E-04  1.252551E-11
      1004  5.812291E-04 -6.993708E+00  1.553302E-11
      1005  1.601015E-04 -6.567813E+00 -2.425560E-11
      1006  4.267188E-04 -6.306563E+00  3.081448E-11
      1007  2.162672E-04 -6.035951E+00 -2.504235E-11
      1008  3.994689E-04 -5.623444E+00  6.566589E-12
      1009  1.642779E-04 -4.981704E+00 -4.770898E-12
      1010 -2.383397E-05 -4.068155E+00  2.886988E-12
      1011  4.840209E-05 -2.892429E+00 -3.971009E-11
      1012 -1.550119E-05 -1.503932E+00  9.985550E-13
      1013 -5.707121E-02 -1.471404E+01 -9.148016E-12
      1014 -8.692556E-02 -1.351771E+01 -6.149303E-12
      1015 -8.300648E-02 -1.286112E+01  1.205969E-11
      1016 -1.060938E-01 -1.234672E+01 -1.100453E-12
      1017 -9.919503E-02 -1.167553E+01 -2.721201E-11
      1018 -1.201345E-01 -1.062984E+01  2.081757E-11
      1019 -1.128281E-01 -9.079091E+00  1.437517E-12
      1020 -1.130251E-01 -6.986176E+00  4.930722E-12
      1021 -1.318939E-01 -4.412727E+00 -1.188027E-11
      1022 -1.060206E-01 -1.510410E+00  3.254019E-11

 total force (fx,fy,fz) for set NSET_IND_TOP and time  0.3167026E+00

       -1.013142E+00 -1.466082E+02 -2.981687E-11

                                INCREMENT   100


 displacements (vx,vy,vz) for set NSET_IND_TOP and time  0.3187026E+00

        10  1.145305E-04 -3.218896E-01  0.000000E+00
        11  0.000000E+00 -3.218896E-01  0.000000E+00
      1004  1.123926E-04 -3.218896E-01  0.000000E+00
      1005  1.098807E-04 -3.218896E-01  0.000000E+00
      1006  1.058812E-04 -3.218896E-01  0.000000E+00
      1007  9.950389E-05 -3.218896E-01  0.000000E+00
      1008  9.015949E-05 -3.218896E-01  0.000000E+00
      1009  7.753864E-05 -3.218896E-01  0.000000E+00
      1010  6.166256E-05 -3.218896E-01  0.000000E+00
      1011  4.291530E-05 -3.218896E-01  0.000000E+00
      1012  2.203874E-05 -3.218896E-01  0.000000E+00
      1013  1.134245E-04 -3.218896E-01  0.000000E+00
      1014  1.112509E-04 -3.218896E-01  0.000000E+00
      1015  1.081207E-04 -3.218896E-01  0.000000E+00
      1016  1.030251E-04 -3.218896E-01  0.000000E+00
      1017  9.522271E-05 -3.218896E-01  0.000000E+00
      1018  8.425734E-05 -3.218896E-01  0.000000E+00
      1019  6.998589E-05 -3.218896E-01  0.000000E+00
      1020  5.261304E-05 -3.218896E-01  0.000000E+00
      1021  3.269241E-05 -3.218896E-01  0.000000E+00
      1022  1.110308E-05 -3.218896E-01  0.000000E+00

 forces (fx,fy,fz) for set NSET_IND_TOP and time  0.3187026E+00

        10  9.704876E-04 -3.978527E+00 -4.155003E-12
        11  1.470436E-04 -9.626105E-04  3.456529E-12
      1004  5.929186E-04 -7.134166E+00 -4.107312E-12
      1005  1.633129E-04 -6.699754E+00  1.019697E-11
      1006  4.352950E-04 -6.433295E+00  1.324920E-11
      1007  2.206081E-04 -6.157279E+00  2.819834E-12
      1008  4.074985E-04 -5.736506E+00 -3.015069E-12
      1009  1.675740E-04 -5.081882E+00 -1.061096E-11
      1010 -2.432115E-05 -4.149974E+00 -3.077316E-11
      1011  4.936633E-05 -2.950608E+00  1.282488E-13
      1012 -1.582067E-05 -1.534183E+00  2.770997E-11
      1013 -5.822023E-02 -1.500952E+01  1.747469E-11
      1014 -8.867554E-02 -1.378923E+01  5.214940E-12
      1015 -8.467750E-02 -1.311953E+01 -2.216405E-11
      1016 -1.082295E-01 -1.259486E+01 -6.826539E-12
      1017 -1.011919E-01 -1.191024E+01 -2.355938E-11
      1018 -1.225528E-01 -1.084358E+01 -5.078160E-11
      1019 -1.150994E-01 -9.261677E+00 -2.354561E-11
      1020 -1.153003E-01 -7.126688E+00 -1.761968E-11
      1021 -1.345489E-01 -4.501486E+00 -7.965628E-12
      1022 -1.081548E-01 -1.540792E+00  3.717382E-11

 total force (fx,fy,fz) for set NSET_IND_TOP and time  0.3187026E+00

       -1.033537E+00 -1.495547E+02 -8.769979E-11

                                INCREMENT   110


 displacements (vx,vy,vz) for set NSET_IND_TOP and time  0.3207026E+00

        10  1.167977E-04 -3.239096E-01  0.000000E+00
        11  0.000000E+00 -3.239096E-01  0.000000E+00
      1004  1.146176E-04 -3.239096E-01  0.000000E+00
      1005  1.120561E-04 -3.239096E-01  0.000000E+00
      1006  1.079775E-04 -3.239096E-01  0.000000E+00
      1007  1.014740E-04 -3.239096E-01  0.000000E+00
      1008  9.194466E-05 -3.239096E-01  0.000000E+00
      1009  7.907397E-05 -3.239096E-01  0.000000E+00
      1010  6.288356E-05 -3.239096E-01  0.000000E+00
      1011  4.376510E-05 -3.239096E-01  0.000000E+00
      1012  2.247515E-05 -3.239096E-01  0.000000E+00
      1013  1.156699E-04 -3.239096E-01  0.000000E+00
      1014  1.134534E-04 -3.239096E-01  0.000000E+00
      1015  1.102613E-04 -3.239096E-01  0.000000E+00
      1016  1.050649E-04 -3.239096E-01  0.000000E+00
      1017  9.710810E-05 -3.239096E-01  0.000000E+00
      1018  8.592568E-05 -3.239096E-01  0.000000E+00
      1019  7.137169E-05 -3.239096E-01  0.000000E+00
      1020  5.365486E-05 -3.239096E-01  0.000000E+00
      1021  3.333979E-05 -3.239096E-01  0.000000E+00
      1022  1.132294E-05 -3.239096E-01  0.000000E+00

 forces (fx,fy,fz) for set NSET_IND_TOP and time  0.3207026E+00

        10  9.896981E-04 -4.057128E+00 -4.583139E-12
        11  1.499529E-04 -9.816865E-04 -1.576662E-11
      1004  6.046510E-04 -7.275134E+00  1.409795E-11
      1005  1.665360E-04 -6.832175E+00  7.116512E-12
      1006  4.439027E-04 -6.560488E+00 -2.428210E-12
      1007  2.249648E-04 -6.279050E+00  1.087277E-11
      1008  4.155574E-04 -5.849983E+00 -1.797268E-11
      1009  1.708821E-04 -5.182428E+00 -1.639560E-11
      1010 -2.481031E-05 -4.232093E+00  1.076090E-11
      1011  5.033390E-05 -3.009000E+00  1.654960E-11
      1012 -1.614150E-05 -1.564546E+00  1.517997E-11
      1013 -5.937350E-02 -1.530607E+01  6.339151E-12
      1014 -9.043201E-02 -1.406174E+01  4.694822E-11
      1015 -8.635472E-02 -1.337888E+01 -5.632828E-12
      1016 -1.103732E-01 -1.284391E+01 -2.642997E-11
      1017 -1.031961E-01 -1.214582E+01 -6.171952E-12
      1018 -1.249801E-01 -1.105810E+01 -1.864509E-11
      1019 -1.173790E-01 -9.444933E+00  2.956702E-11
      1020 -1.175839E-01 -7.267717E+00  3.320899E-11
      1021 -1.372138E-01 -4.590572E+00  2.189138E-11
      1022 -1.102969E-01 -1.571286E+00  7.931433E-12

 total force (fx,fy,fz) for set NSET_IND_TOP and time  0.3207026E+00

       -1.054008E+00 -1.525120E+02  1.064378E-10

                                INCREMENT   120


 displacements (vx,vy,vz) for set NSET_IND_TOP and time  0.3227026E+00

        10  1.190688E-04 -3.259296E-01  0.000000E+00
        11  0.000000E+00 -3.259296E-01  0.000000E+00
      1004  1.168464E-04 -3.259296E-01  0.000000E+00
      1005  1.142352E-04 -3.259296E-01  0.000000E+00
      1006  1.100774E-04 -3.259296E-01  0.000000E+00
      1007  1.034475E-04 -3.259296E-01  0.000000E+00
      1008  9.373291E-05 -3.259296E-01  0.000000E+00
      1009  8.061195E-05 -3.259296E-01  0.000000E+00
      1010  6.410668E-05 -3.259296E-01  0.000000E+00
      1011  4.461637E-05 -3.259296E-01  0.000000E+00
      1012  2.291232E-05 -3.259296E-01  0.000000E+00
      1013  1.179191E-04 -3.259296E-01  0.000000E+00
      1014  1.156596E-04 -3.259296E-01  0.000000E+00
      1015  1.124056E-04 -3.259296E-01  0.000000E+00
      1016  1.071082E-04 -3.259296E-01  0.000000E+00
      1017  9.899675E-05 -3.259296E-01  0.000000E+00
      1018  8.759690E-05 -3.259296E-01  0.000000E+00
      1019  7.275989E-05 -3.259296E-01  0.000000E+00
      1020  5.469848E-05 -3.259296E-01  0.000000E+00
      1021  3.398828E-05 -3.259296E-01  0.000000E+00
      1022  1.154319E-05 -3.259296E-01  0.000000E+00

 forces (fx,fy,fz) for set NSET_IND_TOP and time  0.3227026E+00

        10  1.008942E-03 -4.135859E+00  8.127062E-12
        11  1.528671E-04 -1.000796E-03 -1.327710E-12
      1004  6.164035E-04 -7.416335E+00 -5.037647E-12
      1005  1.697642E-04 -6.964816E+00 -5.439642E-13
      1006  4.525249E-04 -6.687895E+00 -7.447735E-12
      1007  2.293287E-04 -6.401026E+00  2.334409E-11
      1008  4.236301E-04 -5.963651E+00  9.943440E-12
      1009  1.741956E-04 -5.283145E+00  1.830845E-11
      1010 -2.530054E-05 -4.314352E+00 -3.945409E-12
      1011  5.130288E-05 -3.067491E+00 -1.854605E-11
      1012 -1.646310E-05 -1.594961E+00  8.007380E-12
      1013 -6.052878E-02 -1.560311E+01  3.988121E-11
      1014 -9.219154E-02 -1.433469E+01  4.516387E-12
      1015 -8.803485E-02 -1.363866E+01  2.401590E-11
      1016 -1.125205E-01 -1.309338E+01 -3.436362E-12
      1017 -1.052038E-01 -1.238179E+01  1.924416E-11
      1018 -1.274116E-01 -1.127298E+01  8.841816E-13
      1019 -1.196626E-01 -9.628501E+00 -1.507328E-11
      1020 -1.198715E-01 -7.408986E+00 -4.713563E-12
      1021 -1.398833E-01 -4.679810E+00 -5.826450E-12
      1022 -1.124428E-01 -1.601832E+00 -1.141354E-11

 total force (fx,fy,fz) for set NSET_IND_TOP and time  0.3227026E+00

       -1.074514E+00 -1.554743E+02  7.896056E-11

                                INCREMENT   130


 displacements (vx,vy,vz) for set NSET_IND_TOP and time  0.3247026E+00

        10  1.213594E-04 -3.279496E-01  0.000000E+00
        11  0.000000E+00 -3.279496E-01  0.000000E+00
      1004  1.190944E-04 -3.279496E-01  0.000000E+00
      1005  1.164331E-04 -3.279496E-01  0.000000E+00
      1006  1.121954E-04 -3.279496E-01  0.000000E+00
      1007  1.054381E-04 -3.279496E-01  0.000000E+00
      1008  9.553660E-05 -3.279496E-01  0.000000E+00
      1009  8.216320E-05 -3.279496E-01  0.000000E+00
      1010  6.534035E-05 -3.279496E-01  0.000000E+00
      1011  4.547499E-05 -3.279496E-01  0.000000E+00
      1012  2.335326E-05 -3.279496E-01  0.000000E+00
      1013  1.201877E-04 -3.279496E-01  0.000000E+00
      1014  1.178849E-04 -3.279496E-01  0.000000E+00
      1015  1.145684E-04 -3.279496E-01  0.000000E+00
      1016  1.091691E-04 -3.279496E-01  0.000000E+00
      1017  1.009017E-04 -3.279496E-01  0.000000E+00
      1018  8.928254E-05 -3.279496E-01  0.000000E+00
      1019  7.416006E-05 -3.279496E-01  0.000000E+00
      1020  5.575112E-05 -3.279496E-01  0.000000E+00
      1021  3.464237E-05 -3.279496E-01  0.000000E+00
      1022  1.176533E-05 -3.279496E-01  0.000000E+00

 forces (fx,fy,fz) for set NSET_IND_TOP and time  0.3247026E+00

        10  1.028351E-03 -4.215259E+00 -4.894123E-12
        11  1.558063E-04 -1.020071E-03 -3.045476E-12
      1004  6.282569E-04 -7.558738E+00 -1.003087E-12
      1005  1.730197E-04 -7.098589E+00  4.411353E-12
      1006  4.612208E-04 -6.816391E+00  1.621850E-11
      1007  2.337295E-04 -6.524047E+00  7.854562E-12
      1008  4.317717E-04 -6.078295E+00  7.337622E-12
      1009  1.775370E-04 -5.384726E+00 -2.259203E-11
      1010 -2.579550E-05 -4.397319E+00 -1.458127E-11
      1011  5.227953E-05 -3.126486E+00  1.377631E-11
      1012 -1.678799E-05 -1.625637E+00  2.055406E-11
      1013 -6.169407E-02 -1.590268E+01 -6.631584E-12
      1014 -9.396629E-02 -1.460998E+01 -1.818767E-11
      1015 -8.972951E-02 -1.390065E+01 -1.619238E-11
      1016 -1.146865E-01 -1.334498E+01 -1.072653E-11
      1017 -1.072288E-01 -1.261978E+01 -3.063594E-11
      1018 -1.298641E-01 -1.148971E+01 -2.749978E-11
      1019 -1.219660E-01 -9.813646E+00  5.471179E-12
      1020 -1.221789E-01 -7.551470E+00  8.008705E-12
      1021 -1.425759E-01 -4.769816E+00  9.173995E-12
      1022 -1.146072E-01 -1.632641E+00 -8.618439E-12

 total force (fx,fy,fz) for set NSET_IND_TOP and time  0.3247026E+00

       -1.095198E+00 -1.584619E+02 -7.180203E-11

                                INCREMENT   140


 displacements (vx,vy,vz) for set NSET_IND_TOP and time  0.3267026E+00

        10  1.236662E-04 -3.299696E-01  0.000000E+00
        11  0.000000E+00 -3.299696E-01  0.000000E+00
      1004  1.213582E-04 -3.299696E-01  0.000000E+00
      1005  1.186465E-04 -3.299696E-01  0.000000E+00
      1006  1.143283E-04 -3.299696E-01  0.000000E+00
      1007  1.074426E-04 -3.299696E-01  0.000000E+00
      1008  9.735299E-05 -3.299696E-01  0.000000E+00
      1009  8.372539E-05 -3.299696E-01  0.000000E+00
      1010  6.658271E-05 -3.299696E-01  0.000000E+00
      1011  4.633966E-05 -3.299696E-01  0.000000E+00
      1012  2.379731E-05 -3.299696E-01  0.000000E+00
      1013  1.224722E-04 -3.299696E-01  0.000000E+00
      1014  1.201258E-04 -3.299696E-01  0.000000E+00
      1015  1.167464E-04 -3.299696E-01  0.000000E+00
      1016  1.112446E-04 -3.299696E-01  0.000000E+00
      1017  1.028200E-04 -3.299696E-01  0.000000E+00
      1018  9.098005E-05 -3.299696E-01  0.000000E+00
      1019  7.557010E-05 -3.299696E-01  0.000000E+00
      1020  5.681117E-05 -3.299696E-01  0.000000E+00
      1021  3.530108E-05 -3.299696E-01  0.000000E+00
      1022  1.198905E-05 -3.299696E-01  0.000000E+00

 forces (fx,fy,fz) for set NSET_IND_TOP and time  0.3267026E+00

        10  1.047896E-03 -4.295212E+00 -1.083679E-11
        11  1.587660E-04 -1.039483E-03  6.168121E-12
      1004  6.401935E-04 -7.702132E+00  2.413900E-11
      1005  1.762976E-04 -7.233294E+00  8.401705E-12
      1006  4.699774E-04 -6.945784E+00  1.680229E-11
      1007  2.381608E-04 -6.647929E+00  1.764839E-11
      1008  4.399702E-04 -6.193742E+00  2.410992E-11
      1009  1.809014E-04 -5.487021E+00 -2.644296E-11
      1010 -2.629432E-05 -4.480867E+00 -2.109494E-11
      1011  5.326258E-05 -3.185895E+00 -2.539613E-12
      1012 -1.711554E-05 -1.656529E+00  2.470242E-11
      1013 -6.286758E-02 -1.620434E+01 -3.960166E-12
      1014 -9.575357E-02 -1.488717E+01  1.423084E-11
      1015 -9.143613E-02 -1.416448E+01  1.999334E-11
      1016 -1.168677E-01 -1.359835E+01 -9.412471E-12
      1017 -1.092682E-01 -1.285944E+01  1.641309E-11
      1018 -1.323340E-01 -1.170796E+01 -1.978240E-11
      1019 -1.242856E-01 -1.000009E+01 -6.265077E-11
      1020 -1.245026E-01 -7.694954E+00 -1.590816E-11
      1021 -1.452875E-01 -4.860454E+00  7.553691E-11
      1022 -1.167868E-01 -1.663666E+00  1.247713E-11

 total force (fx,fy,fz) for set NSET_IND_TOP and time  0.3267026E+00

       -1.116028E+00 -1.614704E+02  8.799489E-11

                                INCREMENT   150


 displacements (vx,vy,vz) for set NSET_IND_TOP and time  0.3287026E+00

        10  1.259852E-04 -3.319896E-01  0.000000E+00
        11  0.000000E+00 -3.319896E-01  0.000000E+00
      1004  1.236341E-04 -3.319896E-01  0.000000E+00
      1005  1.208716E-04 -3.319896E-01  0.000000E+00
      1006  1.164726E-04 -3.319896E-01  0.000000E+00
      1007  1.094578E-04 -3.319896E-01  0.000000E+00
      1008  9.917902E-05 -3.319896E-01  0.000000E+00
      1009  8.529586E-05 -3.319896E-01  0.000000E+00
      1010  6.783168E-05 -3.319896E-01  0.000000E+00
      1011  4.720892E-05 -3.319896E-01  0.000000E+00
      1012  2.424372E-05 -3.319896E-01  0.000000E+00
      1013  1.247689E-04 -3.319896E-01  0.000000E+00
      1014  1.223786E-04 -3.319896E-01  0.000000E+00
      1015  1.189359E-04 -3.319896E-01  0.000000E+00
      1016  1.133310E-04 -3.319896E-01  0.000000E+00
      1017  1.047486E-04 -3.319896E-01  0.000000E+00
      1018  9.268658E-05 -3.319896E-01  0.000000E+00
      1019  7.698763E-05 -3.319896E-01  0.000000E+00
      1020  5.787685E-05 -3.319896E-01  0.000000E+00
      1021  3.596328E-05 -3.319896E-01  0.000000E+00
      1022  1.221395E-05 -3.319896E-01  0.000000E+00

 forces (fx,fy,fz) for set NSET_IND_TOP and time  0.3287026E+00

        10  1.067546E-03 -4.375582E+00 -2.248930E-13
        11  1.617414E-04 -1.058998E-03  1.271309E-11
      1004  6.521931E-04 -7.846277E+00  1.038357E-12
      1005  1.795925E-04 -7.368706E+00 -8.952891E-12
      1006  4.787800E-04 -7.075857E+00  1.431336E-11
      1007  2.426152E-04 -6.772463E+00  1.231752E-11
      1008  4.482118E-04 -6.309798E+00  7.278107E-12
      1009  1.842833E-04 -5.589855E+00 -2.173964E-11
      1010 -2.679607E-05 -4.564858E+00 -1.879365E-11
      1011  5.425045E-05 -3.245619E+00 -1.537482E-11
      1012 -1.744513E-05 -1.687585E+00  2.642842E-11
      1013 -6.404734E-02 -1.650757E+01  1.255041E-11
      1014 -9.755036E-02 -1.516583E+01  1.038813E-11
      1015 -9.315183E-02 -1.442969E+01  1.666711E-11
      1016 -1.190605E-01 -1.385304E+01  1.592193E-11
      1017 -1.113184E-01 -1.310037E+01  2.593481E-13
      1018 -1.348169E-01 -1.192737E+01  7.123191E-13
      1019 -1.266176E-01 -1.018752E+01 -1.233458E-11
      1020 -1.268386E-01 -7.839198E+00 -2.399414E-12
      1021 -1.480135E-01 -4.951571E+00  9.927170E-12
      1022 -1.189781E-01 -1.694856E+00  4.550360E-11

 total force (fx,fy,fz) for set NSET_IND_TOP and time  0.3287026E+00

       -1.136968E+00 -1.644947E+02  1.061990E-10

                                INCREMENT   160


 displacements (vx,vy,vz) for set NSET_IND_TOP and time  0.3307026E+00

        10  1.283094E-04 -3.340096E-01  0.000000E+00
        11  0.000000E+00 -3.340096E-01  0.000000E+00
      1004  1.259151E-04 -3.340096E-01  0.000000E+00
      1005  1.231018E-04 -3.340096E-01  0.000000E+00
      1006  1.186217E-04 -3.340096E-01  0.000000E+00
      1007  1.114776E-04 -3.340096E-01  0.000000E+00
      1008  1.010092E-04 -3.340096E-01  0.000000E+00
      1009  8.686993E-05 -3.340096E-01  0.000000E+00
      1010  6.908349E-05 -3.340096E-01  0.000000E+00
      1011  4.808017E-05 -3.340096E-01  0.000000E+00
      1012  2.469114E-05 -3.340096E-01  0.000000E+00
      1013  1.270708E-04 -3.340096E-01  0.000000E+00
      1014  1.246365E-04 -3.340096E-01  0.000000E+00
      1015  1.211304E-04 -3.340096E-01  0.000000E+00
      1016  1.154222E-04 -3.340096E-01  0.000000E+00
      1017  1.066815E-04 -3.340096E-01  0.000000E+00
      1018  9.439701E-05 -3.340096E-01  0.000000E+00
      1019  7.840840E-05 -3.340096E-01  0.000000E+00
      1020  5.894496E-05 -3.340096E-01  0.000000E+00
      1021  3.662699E-05 -3.340096E-01  0.000000E+00
      1022  1.243936E-05 -3.340096E-01  0.000000E+00

 forces (fx,fy,fz) for set NSET_IND_TOP and time  0.3307026E+00

        10  1.087240E-03 -4.456130E+00 -7.798866E-12
        11  1.647235E-04 -1.078559E-03  7.712304E-12
      1004  6.642199E-04 -7.990740E+00 -1.131557E-11
      1005  1.828945E-04 -7.504418E+00 -8.653731E-12
      1006  4.876023E-04 -7.206221E+00  3.925910E-11
      1007  2.470793E-04 -6.897276E+00  2.686425E-11
      1008  4.564720E-04 -6.426115E+00 -4.148629E-11
      1009  1.876726E-04 -5.692922E+00  2.225671E-11
      1010 -2.729924E-05 -4.649038E+00 -1.619017E-11
      1011  5.524024E-05 -3.305477E+00  1.362902E-11
      1012 -1.777573E-05 -1.718711E+00  1.303828E-11
      1013 -6.522981E-02 -1.681147E+01 -3.401901E-11
      1014 -9.935129E-02 -1.544510E+01 -3.656453E-11
      1015 -9.487148E-02 -1.469550E+01 -1.382139E-11
      1016 -1.212584E-01 -1.410831E+01  4.124878E-11
      1017 -1.133733E-01 -1.334183E+01  4.742429E-12
      1018 -1.373056E-01 -1.214726E+01 -1.448663E-11
      1019 -1.289549E-01 -1.037537E+01  3.642286E-11
      1020 -1.291800E-01 -7.983767E+00  2.832312E-11
      1021 -1.507458E-01 -5.042895E+00  1.763034E-11
      1022 -1.211744E-01 -1.726116E+00  3.002354E-11

 total force (fx,fy,fz) for set NSET_IND_TOP and time  0.3307026E+00

       -1.157957E+00 -1.675257E+02  9.681455E-11

                                INCREMENT   170


 displacements (vx,vy,vz) for set NSET_IND_TOP and time  0.3327026E+00

        10  1.306513E-04 -3.360296E-01  0.000000E+00
        11  0.000000E+00 -3.360296E-01  0.000000E+00
      1004  1.282134E-04 -3.360296E-01  0.000000E+00
      1005  1.253489E-04 -3.360296E-01  0.000000E+00
      1006  1.207871E-04 -3.360296E-01  0.000000E+00
      1007  1.135127E-04 -3.360296E-01  0.000000E+00
      1008  1.028533E-04 -3.360296E-01  0.000000E+00
      1009  8.845592E-05 -3.360296E-01  0.000000E+00
      1010  7.034479E-05 -3.360296E-01  0.000000E+00
      1011  4.895802E-05 -3.360296E-01  0.000000E+00
      1012  2.514196E-05 -3.360296E-01  0.000000E+00
      1013  1.293901E-04 -3.360296E-01  0.000000E+00
      1014  1.269116E-04 -3.360296E-01  0.000000E+00
      1015  1.233416E-04 -3.360296E-01  0.000000E+00
      1016  1.175293E-04 -3.360296E-01  0.000000E+00
      1017  1.086291E-04 -3.360296E-01  0.000000E+00
      1018  9.612039E-05 -3.360296E-01  0.000000E+00
      1019  7.983993E-05 -3.360296E-01  0.000000E+00
      1020  6.002117E-05 -3.360296E-01  0.000000E+00
      1021  3.729573E-05 -3.360296E-01  0.000000E+00
      1022  1.266648E-05 -3.360296E-01  0.000000E+00

 forces (fx,fy,fz) for set NSET_IND_TOP and time  0.3327026E+00

        10  1.107082E-03 -4.537281E+00 -2.125157E-11
        11  1.677280E-04 -1.098268E-03 -1.661034E-12
      1004  6.763374E-04 -8.136286E+00  4.073862E-11
      1005  1.862211E-04 -7.641149E+00  3.733107E-12
      1006  4.964909E-04 -7.337565E+00  9.140876E-12
      1007  2.515766E-04 -7.023029E+00 -3.588178E-12
      1008  4.647940E-04 -6.543309E+00  2.934732E-11
      1009  1.910870E-04 -5.796766E+00 -1.220871E-12
      1010 -2.780662E-05 -4.733854E+00 -1.685624E-12
      1011  5.623695E-05 -3.365788E+00 -7.432662E-12
      1012 -1.810925E-05 -1.750072E+00 -6.640041E-12
      1013 -6.642125E-02 -1.711765E+01 -1.452283E-11
      1014 -1.011659E-01 -1.572646E+01 -9.122036E-12
      1015 -9.660416E-02 -1.496329E+01 -4.404033E-12
      1016 -1.234729E-01 -1.436549E+01 -1.552092E-12
      1017 -1.154438E-01 -1.358512E+01  2.070077E-11
      1018 -1.398131E-01 -1.236882E+01 -1.529354E-11
      1019 -1.313099E-01 -1.056464E+01  9.008794E-12
      1020 -1.315391E-01 -8.129429E+00 -5.658141E-12
      1021 -1.534987E-01 -5.134909E+00  5.537792E-12
      1022 -1.233873E-01 -1.757612E+00 -1.106182E-11

 total force (fx,fy,fz) for set NSET_IND_TOP and time  0.3327026E+00

       -1.179104E+00 -1.705796E+02  1.311281E-11

                                INCREMENT   180


 displacements (vx,vy,vz) for set NSET_IND_TOP and time  0.3347026E+00

        10  1.330019E-04 -3.380496E-01  0.000000E+00
        11  0.000000E+00 -3.380496E-01  0.000000E+00
      1004  1.305204E-04 -3.380496E-01  0.000000E+00
      1005  1.276044E-04 -3.380496E-01  0.000000E+00
      1006  1.229607E-04 -3.380496E-01  0.000000E+00
      1007  1.155555E-04 -3.380496E-01  0.000000E+00
      1008  1.047043E-04 -3.380496E-01  0.000000E+00
      1009  9.004789E-05 -3.380496E-01  0.000000E+00
      1010  7.161085E-05 -3.380496E-01  0.000000E+00
      1011  4.983918E-05 -3.380496E-01  0.000000E+00
      1012  2.559448E-05 -3.380496E-01  0.000000E+00
      1013  1.317182E-04 -3.380496E-01  0.000000E+00
      1014  1.291952E-04 -3.380496E-01  0.000000E+00
      1015  1.255611E-04 -3.380496E-01  0.000000E+00
      1016  1.196443E-04 -3.380496E-01  0.000000E+00
      1017  1.105840E-04 -3.380496E-01  0.000000E+00
      1018  9.785026E-05 -3.380496E-01  0.000000E+00
      1019  8.127685E-05 -3.380496E-01  0.000000E+00
      1020  6.110144E-05 -3.380496E-01  0.000000E+00
      1021  3.796700E-05 -3.380496E-01  0.000000E+00
      1022  1.289446E-05 -3.380496E-01  0.000000E+00

 forces (fx,fy,fz) for set NSET_IND_TOP and time  0.3347026E+00

        10  1.127000E-03 -4.618732E+00 -1.487174E-11
        11  1.707437E-04 -1.118052E-03  2.679332E-12
      1004  6.885003E-04 -8.282371E+00 -1.410955E-11
      1005  1.895598E-04 -7.778388E+00 -1.626241E-11
      1006  5.054125E-04 -7.469397E+00 -2.105532E-11
      1007  2.560905E-04 -7.149252E+00 -1.900008E-11
      1008  4.731471E-04 -6.660941E+00 -1.352294E-11
      1009  1.945139E-04 -5.900999E+00 -1.321067E-11
      1010 -2.831620E-05 -4.818988E+00  1.319585E-11
      1011  5.723705E-05 -3.426325E+00 -7.563368E-12
      1012 -1.844432E-05 -1.781551E+00  3.350546E-11
      1013 -6.761721E-02 -1.742495E+01  2.444533E-11
      1014 -1.029873E-01 -1.600887E+01 -2.413136E-11
      1015 -9.834340E-02 -1.523209E+01 -1.780931E-11
      1016 -1.256958E-01 -1.462364E+01 -2.179501E-11
      1017 -1.175221E-01 -1.382931E+01 -1.710276E-11
      1018 -1.423301E-01 -1.259120E+01 -2.344258E-11
      1019 -1.336738E-01 -1.075462E+01 -3.070566E-11
      1020 -1.339071E-01 -8.275637E+00 -7.357226E-12
      1021 -1.562621E-01 -5.227268E+00  3.338485E-11
      1022 -1.256087E-01 -1.789227E+00  5.723244E-11

 total force (fx,fy,fz) for set NSET_IND_TOP and time  0.3347026E+00

       -1.200332E+00 -1.736449E+02 -9.749672E-11

                                INCREMENT   190


 displacements (vx,vy,vz) for set NSET_IND_TOP and time  0.3367026E+00

        10  1.353556E-04 -3.400696E-01  0.000000E+00
        11  0.000000E+00 -3.400696E-01  0.000000E+00
      1004  1.328303E-04 -3.400696E-01  0.000000E+00
      1005  1.298629E-04 -3.400696E-01  0.000000E+00
      1006  1.251371E-04 -3.400696E-01  0.000000E+00
      1007  1.176009E-04 -3.400696E-01  0.000000E+00
      1008  1.065577E-04 -3.400696E-01  0.000000E+00
      1009  9.164192E-05 -3.400696E-01  0.000000E+00
      1010  7.287854E-05 -3.400696E-01  0.000000E+00
      1011  5.072148E-05 -3.400696E-01  0.000000E+00
      1012  2.604759E-05 -3.400696E-01  0.000000E+00
      1013  1.340492E-04 -3.400696E-01  0.000000E+00
      1014  1.314817E-04 -3.400696E-01  0.000000E+00
      1015  1.277834E-04 -3.400696E-01  0.000000E+00
      1016  1.217620E-04 -3.400696E-01  0.000000E+00
      1017  1.125415E-04 -3.400696E-01  0.000000E+00
      1018  9.958238E-05 -3.400696E-01  0.000000E+00
      1019  8.271564E-05 -3.400696E-01  0.000000E+00
      1020  6.218310E-05 -3.400696E-01  0.000000E+00
      1021  3.863913E-05 -3.400696E-01  0.000000E+00
      1022  1.312274E-05 -3.400696E-01  0.000000E+00

 forces (fx,fy,fz) for set NSET_IND_TOP and time  0.3367026E+00

        10  1.146943E-03 -4.700282E+00 -9.368707E-12
        11  1.737632E-04 -1.137862E-03  1.274081E-11
      1004  7.006787E-04 -8.428636E+00  1.515792E-11
      1005  1.929025E-04 -7.915797E+00 -1.932284E-11
      1006  5.143454E-04 -7.601395E+00 -6.241653E-12
      1007  2.606099E-04 -7.275633E+00  2.473870E-11
      1008  4.815108E-04 -6.778722E+00  8.058961E-12
      1009  1.979450E-04 -6.005365E+00 -1.190653E-12
      1010 -2.882662E-05 -4.904231E+00 -2.379730E-11
      1011  5.823821E-05 -3.486940E+00  2.100356E-12
      1012 -1.878000E-05 -1.813070E+00  2.553159E-11
      1013 -6.881473E-02 -1.773264E+01 -3.475975E-11
      1014 -1.048112E-01 -1.629162E+01  5.908607E-12
      1015 -1.000849E-01 -1.550122E+01  3.660183E-12
      1016 -1.279216E-01 -1.488210E+01  4.500844E-12
      1017 -1.196031E-01 -1.407381E+01  3.050848E-11
      1018 -1.448504E-01 -1.281387E+01  1.142197E-12
      1019 -1.360408E-01 -1.094485E+01  2.159961E-11
      1020 -1.362783E-01 -8.422032E+00 -1.332268E-14
      1021 -1.590291E-01 -5.319746E+00  3.096190E-12
      1022 -1.278329E-01 -1.820882E+00  3.329426E-11

 total force (fx,fy,fz) for set NSET_IND_TOP and time  0.3367026E+00

       -1.221588E+00 -1.767140E+02  9.734448E-11

                                INCREMENT   200


 displacements (vx,vy,vz) for set NSET_IND_TOP and time  0.3387026E+00

        10  1.377234E-04 -3.420896E-01  0.000000E+00
        11  0.000000E+00 -3.420896E-01  0.000000E+00
      1004  1.351540E-04 -3.420896E-01  0.000000E+00
      1005  1.321349E-04 -3.420896E-01  0.000000E+00
      1006  1.273265E-04 -3.420896E-01  0.000000E+00
      1007  1.196585E-04 -3.420896E-01  0.000000E+00
      1008  1.084222E-04 -3.420896E-01  0.000000E+00
      1009  9.324550E-05 -3.420896E-01  0.000000E+00
      1010  7.415384E-05 -3.420896E-01  0.000000E+00
      1011  5.160907E-05 -3.420896E-01  0.000000E+00
      1012  2.650341E-05 -3.420896E-01  0.000000E+00
      1013  1.363942E-04 -3.420896E-01  0.000000E+00
      1014  1.337819E-04 -3.420896E-01  0.000000E+00
      1015  1.300191E-04 -3.420896E-01  0.000000E+00
      1016  1.238924E-04 -3.420896E-01  0.000000E+00
      1017  1.145106E-04 -3.420896E-01  0.000000E+00
      1018  1.013249E-04 -3.420896E-01  0.000000E+00
      1019  8.416305E-05 -3.420896E-01  0.000000E+00
      1020  6.327125E-05 -3.420896E-01  0.000000E+00
      1021  3.931530E-05 -3.420896E-01  0.000000E+00
      1022  1.335238E-05 -3.420896E-01  0.000000E+00

 forces (fx,fy,fz) for set NSET_IND_TOP and time  0.3387026E+00

        10  1.167005E-03 -4.782316E+00 -1.137282E-11
        11  1.768008E-04 -1.157791E-03  1.620956E-12
      1004  7.129298E-04 -8.575768E+00  1.582838E-11
      1005  1.962649E-04 -8.054022E+00  2.780284E-11
      1006  5.233314E-04 -7.734177E+00  2.529714E-12
      1007  2.651560E-04 -7.402767E+00  2.644059E-11
      1008  4.899242E-04 -6.897206E+00 -1.576126E-12
      1009  2.013962E-04 -6.110354E+00  1.252807E-11
      1010 -2.934041E-05 -4.989983E+00 -8.122053E-12
      1011  5.924496E-05 -3.547917E+00 -4.874759E-13
      1012 -1.911800E-05 -1.844778E+00  2.668240E-11
      1013 -7.001944E-02 -1.804215E+01 -1.984901E-11
      1014 -1.066459E-01 -1.657606E+01  2.278977E-11
      1015 -1.018369E-01 -1.577195E+01  2.401723E-11
      1016 -1.301608E-01 -1.514211E+01 -1.057909E-11
      1017 -1.216966E-01 -1.431977E+01  2.851053E-11
      1018 -1.473858E-01 -1.303786E+01  2.749978E-11
      1019 -1.384220E-01 -1.113621E+01  1.440625E-11
      1020 -1.386636E-01 -8.569301E+00 -4.773071E-12
      1021 -1.618127E-01 -5.412776E+00  1.585576E-11
      1022 -1.300704E-01 -1.852727E+00  8.568701E-12

 total force (fx,fy,fz) for set NSET_IND_TOP and time  0.3387026E+00

       -1.242971E+00 -1.798013E+02  1.983213E-10

                                INCREMENT   210


 displacements (vx,vy,vz) for set NSET_IND_TOP and time  0.3407026E+00

        10  1.401136E-04 -3.441096E-01  0.000000E+00
        11  0.000000E+00 -3.441096E-01  0.000000E+00
      1004  1.374998E-04 -3.441096E-01  0.000000E+00
      1005  1.344284E-04 -3.441096E-01  0.000000E+00
      1006  1.295367E-04 -3.441096E-01  0.000000E+00
      1007  1.217357E-04 -3.441096E-01  0.000000E+00
      1008  1.103044E-04 -3.441096E-01  0.000000E+00
      1009  9.486431E-05 -3.441096E-01  0.000000E+00
      1010  7.544125E-05 -3.441096E-01  0.000000E+00
      1011  5.250509E-05 -3.441096E-01  0.000000E+00
      1012  2.696356E-05 -3.441096E-01  0.000000E+00
      1013  1.387615E-04 -3.441096E-01  0.000000E+00
      1014  1.361040E-04 -3.441096E-01  0.000000E+00
      1015  1.322759E-04 -3.441096E-01  0.000000E+00
      1016  1.260431E-04 -3.441096E-01  0.000000E+00
      1017  1.164985E-04 -3.441096E-01  0.000000E+00
      1018  1.030839E-04 -3.441096E-01  0.000000E+00
      1019  8.562421E-05 -3.441096E-01  0.000000E+00
      1020  6.436974E-05 -3.441096E-01  0.000000E+00
      1021  3.999788E-05 -3.441096E-01  0.000000E+00
      1022  1.358421E-05 -3.441096E-01  0.000000E+00

 forces (fx,fy,fz) for set NSET_IND_TOP and time  0.3407026E+00

        10  1.187258E-03 -4.865122E+00 -1.337792E-11
        11  1.798669E-04 -1.177910E-03  8.795287E-12
      1004  7.252969E-04 -8.724285E+00 -1.026675E-12
      1005  1.996586E-04 -8.193549E+00 -4.024855E-11
      1006  5.324020E-04 -7.868214E+00 -8.229233E-13
      1007  2.697445E-04 -7.531103E+00  9.477796E-12
      1008  4.984168E-04 -7.016811E+00 -9.855903E-12
      1009  2.048795E-04 -6.216337E+00  7.458082E-12
      1010 -2.985956E-05 -5.076547E+00 -1.932941E-11
      1011  6.026058E-05 -3.609472E+00  1.282648E-11
      1012 -1.945971E-05 -1.876786E+00 -1.692046E-13
      1013 -7.123562E-02 -1.835457E+01 -3.594680E-11
      1014 -1.084982E-01 -1.686317E+01  3.863576E-12
      1015 -1.036055E-01 -1.604523E+01 -2.078782E-11
      1016 -1.324213E-01 -1.540457E+01  1.261702E-11
      1017 -1.238100E-01 -1.456806E+01  1.563905E-11
      1018 -1.499453E-01 -1.326397E+01 -1.635136E-11
      1019 -1.408258E-01 -1.132938E+01 -3.967582E-11
      1020 -1.410717E-01 -8.717966E+00 -1.654676E-12
      1021 -1.646228E-01 -5.506688E+00  2.963230E-11
      1022 -1.323292E-01 -1.884873E+00 -3.820944E-12

 total force (fx,fy,fz) for set NSET_IND_TOP and time  0.3407026E+00

       -1.264557E+00 -1.829179E+02 -1.027584E-10

                                INCREMENT   220


 displacements (vx,vy,vz) for set NSET_IND_TOP and time  0.3427026E+00

        10  1.425148E-04 -3.461296E-01  0.000000E+00
        11  0.000000E+00 -3.461296E-01  0.000000E+00
      1004  1.398564E-04 -3.461296E-01  0.000000E+00
      1005  1.367324E-04 -3.461296E-01  0.000000E+00
      1006  1.317570E-04 -3.461296E-01  0.000000E+00
      1007  1.238224E-04 -3.461296E-01  0.000000E+00
      1008  1.121953E-04 -3.461296E-01  0.000000E+00
      1009  9.649055E-05 -3.461296E-01  0.000000E+00
      1010  7.673456E-05 -3.461296E-01  0.000000E+00
      1011  5.340523E-05 -3.461296E-01  0.000000E+00
      1012  2.742582E-05 -3.461296E-01  0.000000E+00
      1013  1.411395E-04 -3.461296E-01  0.000000E+00
      1014  1.384367E-04 -3.461296E-01  0.000000E+00
      1015  1.345432E-04 -3.461296E-01  0.000000E+00
      1016  1.282036E-04 -3.461296E-01  0.000000E+00
      1017  1.184955E-04 -3.461296E-01  0.000000E+00
      1018  1.048510E-04 -3.461296E-01  0.000000E+00
      1019  8.709208E-05 -3.461296E-01  0.000000E+00
      1020  6.547327E-05 -3.461296E-01  0.000000E+00
      1021  4.068360E-05 -3.461296E-01  0.000000E+00
      1022  1.381710E-05 -3.461296E-01  0.000000E+00

 forces (fx,fy,fz) for set NSET_IND_TOP and time  0.3427026E+00

        10  1.207603E-03 -4.948301E+00 -8.606789E-12
        11  1.829470E-04 -1.198122E-03  1.460720E-13
      1004  7.377203E-04 -8.873474E+00 -4.627486E-12
      1005  2.030675E-04 -8.333709E+00 -1.420760E-11
      1006  5.415138E-04 -8.002858E+00 -1.766524E-11
      1007  2.743536E-04 -7.660023E+00 -8.208139E-13
      1008  5.069479E-04 -7.136960E+00  1.316792E-12
      1009  2.083784E-04 -6.322803E+00 -3.108179E-11
      1010 -3.038139E-05 -5.163507E+00  3.138697E-11
      1011  6.128046E-05 -3.671308E+00  3.255575E-13
      1012 -1.980331E-05 -1.908940E+00  4.534973E-11
      1013 -7.245739E-02 -1.866841E+01 -5.035972E-13
      1014 -1.103589E-01 -1.715158E+01 -4.850342E-12
      1015 -1.053823E-01 -1.631975E+01 -3.229372E-11
      1016 -1.346921E-01 -1.566823E+01 -4.604317E-12
      1017 -1.259332E-01 -1.481747E+01 -1.349454E-11
      1018 -1.525166E-01 -1.349112E+01 -3.661960E-12
      1019 -1.432407E-01 -1.152343E+01  1.284661E-11
      1020 -1.434908E-01 -8.867311E+00  1.772094E-11
      1021 -1.674457E-01 -5.601030E+00  4.697753E-11
      1022 -1.345984E-01 -1.917166E+00  3.071232E-11

 total force (fx,fy,fz) for set NSET_IND_TOP and time  0.3427026E+00

       -1.286242E+00 -1.860486E+02  5.036433E-11

                                INCREMENT   230


 displacements (vx,vy,vz) for set NSET_IND_TOP and time  0.3447026E+00

        10  1.448852E-04 -3.481496E-01  0.000000E+00
        11  0.000000E+00 -3.481496E-01  0.000000E+00
      1004  1.421828E-04 -3.481496E-01  0.000000E+00
      1005  1.390071E-04 -3.481496E-01  0.000000E+00
      1006  1.339492E-04 -3.481496E-01  0.000000E+00
      1007  1.258828E-04 -3.481496E-01  0.000000E+00
      1008  1.140623E-04 -3.481496E-01  0.000000E+00
      1009  9.809634E-05 -3.481496E-01  0.000000E+00
      1010  7.801165E-05 -3.481496E-01  0.000000E+00
      1011  5.429409E-05 -3.481496E-01  0.000000E+00
      1012  2.788230E-05 -3.481496E-01  0.000000E+00
      1013  1.434872E-04 -3.481496E-01  0.000000E+00
      1014  1.407396E-04 -3.481496E-01  0.000000E+00
      1015  1.367815E-04 -3.481496E-01  0.000000E+00
      1016  1.303367E-04 -3.481496E-01  0.000000E+00
      1017  1.204673E-04 -3.481496E-01  0.000000E+00
      1018  1.065959E-04 -3.481496E-01  0.000000E+00
      1019  8.854150E-05 -3.481496E-01  0.000000E+00
      1020  6.656296E-05 -3.481496E-01  0.000000E+00
      1021  4.136074E-05 -3.481496E-01  0.000000E+00
      1022  1.404707E-05 -3.481496E-01  0.000000E+00

 forces (fx,fy,fz) for set NSET_IND_TOP and time  0.3447026E+00

        10  1.227687E-03 -5.030285E+00  3.241692E-12
        11  1.859884E-04 -1.218097E-03 -1.262572E-11
      1004  7.499820E-04 -9.020535E+00  1.498263E-11
      1005  2.064260E-04 -8.471898E+00  7.515905E-12
      1006  5.505039E-04 -8.135641E+00  1.093048E-11
      1007  2.788979E-04 -7.787188E+00  1.542927E-11
      1008  5.153674E-04 -7.255498E+00 -2.375064E-11
      1009  2.118282E-04 -6.427858E+00 -2.528454E-11
      1010 -3.090110E-05 -5.249324E+00 -3.000416E-11
      1011  6.228241E-05 -3.732337E+00  3.318914E-13
      1012 -2.014677E-05 -1.940677E+00 -9.317661E-12
      1013 -7.366413E-02 -1.897775E+01  2.132072E-12
      1014 -1.121967E-01 -1.743591E+01 -3.258993E-11
      1015 -1.071371E-01 -1.659044E+01  1.475664E-11
      1016 -1.369349E-01 -1.592827E+01  1.864109E-11
      1017 -1.280300E-01 -1.506352E+01 -5.327294E-12
      1018 -1.550560E-01 -1.371523E+01 -2.411493E-11
      1019 -1.456257E-01 -1.171492E+01 -8.348877E-14
      1020 -1.458800E-01 -9.014699E+00  6.411760E-12
      1021 -1.702339E-01 -5.694142E+00 -2.209255E-11
      1022 -1.368396E-01 -1.949040E+00 -1.330314E-11

 total force (fx,fy,fz) for set NSET_IND_TOP and time  0.3447026E+00

       -1.307660E+00 -1.891364E+02 -1.041206E-10

                                INCREMENT   240


 displacements (vx,vy,vz) for set NSET_IND_TOP and time  0.3467026E+00

        10  1.471945E-04 -3.501696E-01  0.000000E+00
        11  0.000000E+00 -3.501696E-01  0.000000E+00
      1004  1.444494E-04 -3.501696E-01  0.000000E+00
      1005  1.412235E-04 -3.501696E-01  0.000000E+00
      1006  1.360853E-04 -3.501696E-01  0.000000E+00
      1007  1.278905E-04 -3.501696E-01  0.000000E+00
      1008  1.158818E-04 -3.501696E-01  0.000000E+00
      1009  9.966136E-05 -3.501696E-01  0.000000E+00
      1010  7.925639E-05 -3.501696E-01  0.000000E+00
      1011  5.516048E-05 -3.501696E-01  0.000000E+00
      1012  2.832726E-05 -3.501696E-01  0.000000E+00
      1013  1.457744E-04 -3.501696E-01  0.000000E+00
      1014  1.429834E-04 -3.501696E-01  0.000000E+00
      1015  1.389626E-04 -3.501696E-01  0.000000E+00
      1016  1.324153E-04 -3.501696E-01  0.000000E+00
      1017  1.223888E-04 -3.501696E-01  0.000000E+00
      1018  1.082964E-04 -3.501696E-01  0.000000E+00
      1019  8.995418E-05 -3.501696E-01  0.000000E+00
      1020  6.762508E-05 -3.501696E-01  0.000000E+00
      1021  4.202077E-05 -3.501696E-01  0.000000E+00
      1022  1.427124E-05 -3.501696E-01  0.000000E+00

 forces (fx,fy,fz) for set NSET_IND_TOP and time  0.3467026E+00

        10  1.247255E-03 -5.109961E+00 -1.871692E-11
        11  1.889526E-04 -1.237593E-03  1.999808E-11
      1004  7.619237E-04 -9.163480E+00 -1.457308E-11
      1005  2.096878E-04 -8.606262E+00  1.934324E-11
      1006  5.592549E-04 -8.264795E+00 -1.877686E-11
      1007  2.833161E-04 -7.910922E+00  2.146446E-11
      1008  5.235664E-04 -7.370872E+00  2.840502E-11
      1009  2.151826E-04 -6.530134E+00 -8.509552E-12
      1010 -3.141458E-05 -5.332888E+00 -5.702924E-12
      1011  6.325089E-05 -3.791772E+00 -9.699916E-12
      1012 -2.048813E-05 -1.971587E+00  2.531311E-11
      1013 -7.484077E-02 -1.927839E+01 -1.899547E-11
      1014 -1.139886E-01 -1.771231E+01  1.550937E-11
      1015 -1.088479E-01 -1.685369E+01 -1.154410E-11
      1016 -1.391214E-01 -1.618124E+01  3.364864E-12
      1017 -1.300743E-01 -1.530296E+01  2.610179E-11
      1018 -1.575319E-01 -1.393340E+01  1.056844E-11
      1019 -1.479511E-01 -1.190136E+01 -2.154810E-11
      1020 -1.482095E-01 -9.158227E+00  1.954259E-11
      1021 -1.729523E-01 -5.784826E+00 -5.177814E-11
      1022 -1.390249E-01 -1.980084E+00 -2.291500E-12

 total force (fx,fy,fz) for set NSET_IND_TOP and time  0.3467026E+00

       -1.328542E+00 -1.921404E+02  7.474400E-12

                                INCREMENT   250


 displacements (vx,vy,vz) for set NSET_IND_TOP and time  0.3487026E+00

        10  1.496263E-04 -3.521896E-01  0.000000E+00
        11  0.000000E+00 -3.521896E-01  0.000000E+00
      1004  1.468360E-04 -3.521896E-01  0.000000E+00
      1005  1.435570E-04 -3.521896E-01  0.000000E+00
      1006  1.383339E-04 -3.521896E-01  0.000000E+00
      1007  1.300038E-04 -3.521896E-01  0.000000E+00
      1008  1.177968E-04 -3.521896E-01  0.000000E+00
      1009  1.013083E-04 -3.521896E-01  0.000000E+00
      1010  8.056617E-05 -3.521896E-01  0.000000E+00
      1011  5.607207E-05 -3.521896E-01  0.000000E+00
      1012  2.879540E-05 -3.521896E-01  0.000000E+00
      1013  1.481828E-04 -3.521896E-01  0.000000E+00
      1014  1.453459E-04 -3.521896E-01  0.000000E+00
      1015  1.412588E-04 -3.521896E-01  0.000000E+00
      1016  1.346034E-04 -3.521896E-01  0.000000E+00
      1017  1.244112E-04 -3.521896E-01  0.000000E+00
      1018  1.100860E-04 -3.521896E-01  0.000000E+00
      1019  9.144073E-05 -3.521896E-01  0.000000E+00
      1020  6.874266E-05 -3.521896E-01  0.000000E+00
      1021  4.271522E-05 -3.521896E-01  0.000000E+00
      1022  1.450710E-05 -3.521896E-01  0.000000E+00

 forces (fx,fy,fz) for set NSET_IND_TOP and time  0.3487026E+00

        10  1.267859E-03 -5.194200E+00 -1.183106E-11
        11  1.920714E-04 -1.258061E-03  4.777845E-12
      1004  7.745051E-04 -9.314570E+00 -5.677681E-12
      1005  2.131396E-04 -8.748209E+00 -2.357878E-11
      1006  5.684820E-04 -8.401158E+00  3.781674E-11
      1007  2.879831E-04 -8.041486E+00  1.406462E-11
      1008  5.322051E-04 -7.492554E+00 -4.980436E-12
      1009  2.187251E-04 -6.637959E+00 -2.028119E-11
      1010 -3.194361E-05 -5.420957E+00  4.573456E-11
      1011  6.428284E-05 -3.854397E+00 -6.362463E-12
      1012 -2.083672E-05 -2.004152E+00 -1.184769E-11
      1013 -7.607811E-02 -1.959623E+01 -5.281109E-12
      1014 -1.158730E-01 -1.800440E+01 -1.539435E-11
      1015 -1.106473E-01 -1.713172E+01  3.527090E-11
      1016 -1.414212E-01 -1.644826E+01 -2.233413E-11
      1017 -1.322245E-01 -1.555556E+01 -1.211831E-11
      1018 -1.601359E-01 -1.416344E+01  2.370726E-11
      1019 -1.503967E-01 -1.209789E+01 -6.359357E-13
      1020 -1.506594E-01 -9.309476E+00  5.148504E-11
      1021 -1.758112E-01 -5.880370E+00 -1.044764E-11
      1022 -1.413229E-01 -2.012789E+00  1.324896E-11

 total force (fx,fy,fz) for set NSET_IND_TOP and time  0.3487026E+00

       -1.350504E+00 -1.953110E+02  7.533514E-11

                                INCREMENT   260


 displacements (vx,vy,vz) for set NSET_IND_TOP and time  0.3507026E+00

        10  1.520682E-04 -3.542096E-01  0.000000E+00
        11  0.000000E+00 -3.542096E-01  0.000000E+00
      1004  1.492325E-04 -3.542096E-01  0.000000E+00
      1005  1.459001E-04 -3.542096E-01  0.000000E+00
      1006  1.405919E-04 -3.542096E-01  0.000000E+00
      1007  1.321260E-04 -3.542096E-01  0.000000E+00
      1008  1.197197E-04 -3.542096E-01  0.000000E+00
      1009  1.029621E-04 -3.542096E-01  0.000000E+00
      1010  8.188142E-05 -3.542096E-01  0.000000E+00
      1011  5.698747E-05 -3.542096E-01  0.000000E+00
      1012  2.926550E-05 -3.542096E-01  0.000000E+00
      1013  1.506013E-04 -3.542096E-01  0.000000E+00
      1014  1.477181E-04 -3.542096E-01  0.000000E+00
      1015  1.435644E-04 -3.542096E-01  0.000000E+00
      1016  1.368005E-04 -3.542096E-01  0.000000E+00
      1017  1.264421E-04 -3.542096E-01  0.000000E+00
      1018  1.118831E-04 -3.542096E-01  0.000000E+00
      1019  9.293349E-05 -3.542096E-01  0.000000E+00
      1020  6.986490E-05 -3.542096E-01  0.000000E+00
      1021  4.341256E-05 -3.542096E-01  0.000000E+00
      1022  1.474393E-05 -3.542096E-01  0.000000E+00

 forces (fx,fy,fz) for set NSET_IND_TOP and time  0.3507026E+00

        10  1.288549E-03 -5.278786E+00 -2.731426E-12
        11  1.952030E-04 -1.278615E-03 -3.908618E-12
      1004  7.871387E-04 -9.466283E+00  3.749827E-12
      1005  2.166056E-04 -8.890743E+00 -6.606305E-12
      1006  5.777471E-04 -8.538085E+00  5.419554E-12
      1007  2.926692E-04 -8.172593E+00  9.037717E-12
      1008  5.408794E-04 -7.614743E+00  2.981986E-11
      1009  2.222820E-04 -6.746232E+00 -8.544250E-12
      1010 -3.247509E-05 -5.509392E+00 -3.850993E-11
      1011  6.531872E-05 -3.917282E+00  1.333918E-11
      1012 -2.118702E-05 -2.036852E+00  6.647935E-12
      1013 -7.732063E-02 -1.991537E+01  7.499334E-12
      1014 -1.177654E-01 -1.829770E+01  2.951817E-11
      1015 -1.124542E-01 -1.741089E+01 -4.354295E-12
      1016 -1.437306E-01 -1.671639E+01  1.096456E-11
      1017 -1.343837E-01 -1.580920E+01  2.183898E-11
      1018 -1.627508E-01 -1.439444E+01  2.449418E-11
      1019 -1.528525E-01 -1.229524E+01 -1.278888E-11
      1020 -1.531195E-01 -9.461354E+00  4.817480E-12
      1021 -1.786820E-01 -5.976312E+00 -7.249312E-12
      1022 -1.436306E-01 -2.045631E+00  1.448175E-11

 total force (fx,fy,fz) for set NSET_IND_TOP and time  0.3507026E+00

       -1.372557E+00 -1.984948E+02  9.693551E-11

                                INCREMENT   270


 displacements (vx,vy,vz) for set NSET_IND_TOP and time  0.3527026E+00

        10  1.545177E-04 -3.562296E-01  0.000000E+00
        11  0.000000E+00 -3.562296E-01  0.000000E+00
      1004  1.516365E-04 -3.562296E-01  0.000000E+00
      1005  1.482505E-04 -3.562296E-01  0.000000E+00
      1006  1.428569E-04 -3.562296E-01  0.000000E+00
      1007  1.342547E-04 -3.562296E-01  0.000000E+00
      1008  1.216486E-04 -3.562296E-01  0.000000E+00
      1009  1.046211E-04 -3.562296E-01  0.000000E+00
      1010  8.320073E-05 -3.562296E-01  0.000000E+00
      1011  5.790569E-05 -3.562296E-01  0.000000E+00
      1012  2.973706E-05 -3.562296E-01  0.000000E+00
      1013  1.530272E-04 -3.562296E-01  0.000000E+00
      1014  1.500978E-04 -3.562296E-01  0.000000E+00
      1015  1.458773E-04 -3.562296E-01  0.000000E+00
      1016  1.390045E-04 -3.562296E-01  0.000000E+00
      1017  1.284793E-04 -3.562296E-01  0.000000E+00
      1018  1.136858E-04 -3.562296E-01  0.000000E+00
      1019  9.443086E-05 -3.562296E-01  0.000000E+00
      1020  7.099061E-05 -3.562296E-01  0.000000E+00
      1021  4.411207E-05 -3.562296E-01  0.000000E+00
      1022  1.498150E-05 -3.562296E-01  0.000000E+00

 forces (fx,fy,fz) for set NSET_IND_TOP and time  0.3527026E+00

        10  1.309303E-03 -5.363635E+00 -8.716521E-12
        11  1.983441E-04 -1.299232E-03  1.222625E-11
      1004  7.998113E-04 -9.618467E+00 -1.708415E-12
      1005  2.200821E-04 -9.033719E+00  1.653687E-11
      1006  5.870408E-04 -8.675436E+00  4.694441E-11
      1007  2.973696E-04 -8.304105E+00  3.207286E-11
      1008  5.495803E-04 -7.737310E+00  5.766384E-12
      1009  2.258496E-04 -6.854841E+00 -1.200606E-11
      1010 -3.300840E-05 -5.598101E+00 -1.039118E-11
      1011  6.635752E-05 -3.980363E+00  1.202282E-11
      1012 -2.153860E-05 -2.069653E+00  2.726032E-11
      1013 -7.856700E-02 -2.023550E+01 -2.515055E-11
      1014 -1.196636E-01 -1.859190E+01 -2.016165E-13
      1015 -1.142668E-01 -1.769093E+01  3.447154E-11
      1016 -1.460471E-01 -1.698534E+01 -5.879741E-12
      1017 -1.365495E-01 -1.606364E+01 -1.946843E-11
      1018 -1.653738E-01 -1.462616E+01  4.315659E-12
      1019 -1.553160E-01 -1.249320E+01 -1.015366E-11
      1020 -1.555872E-01 -9.613703E+00  6.222578E-12
      1021 -1.815617E-01 -6.072551E+00  1.226574E-12
      1022 -1.459454E-01 -2.078573E+00  2.424461E-11

 total force (fx,fy,fz) for set NSET_IND_TOP and time  0.3527026E+00

       -1.394679E+00 -2.016884E+02  1.296347E-10

                                INCREMENT   280


 displacements (vx,vy,vz) for set NSET_IND_TOP and time  0.3547026E+00

        10  1.567653E-04 -3.582496E-01  0.000000E+00
        11  0.000000E+00 -3.582496E-01  0.000000E+00
      1004  1.538426E-04 -3.582496E-01  0.000000E+00
      1005  1.504079E-04 -3.582496E-01  0.000000E+00
      1006  1.449362E-04 -3.582496E-01  0.000000E+00
      1007  1.362092E-04 -3.582496E-01  0.000000E+00
      1008  1.234199E-04 -3.582496E-01  0.000000E+00
      1009  1.061448E-04 -3.582496E-01  0.000000E+00
      1010  8.441265E-05 -3.582496E-01  0.000000E+00
      1011  5.874926E-05 -3.582496E-01  0.000000E+00
      1012  3.017030E-05 -3.582496E-01  0.000000E+00
      1013  1.552533E-04 -3.582496E-01  0.000000E+00
      1014  1.522818E-04 -3.582496E-01  0.000000E+00
      1015  1.480003E-04 -3.582496E-01  0.000000E+00
      1016  1.410280E-04 -3.582496E-01  0.000000E+00
      1017  1.303499E-04 -3.582496E-01  0.000000E+00
      1018  1.153413E-04 -3.582496E-01  0.000000E+00
      1019  9.580625E-05 -3.582496E-01  0.000000E+00
      1020  7.202473E-05 -3.582496E-01  0.000000E+00
      1021  4.475471E-05 -3.582496E-01  0.000000E+00
      1022  1.519977E-05 -3.582496E-01  0.000000E+00

 forces (fx,fy,fz) for set NSET_IND_TOP and time  0.3547026E+00

        10  1.328347E-03 -5.441003E+00  6.136161E-12
        11  2.012290E-04 -1.318235E-03  7.678359E-12
      1004  8.114291E-04 -9.757295E+00 -1.945385E-11
      1005  2.232466E-04 -9.164254E+00 -1.928414E-11
      1006  5.955494E-04 -8.800954E+00 -8.051476E-13
      1007  3.016601E-04 -8.424394E+00 -1.015878E-11
      1008  5.575546E-04 -7.849503E+00 -1.554486E-12
      1009  2.291066E-04 -6.954320E+00 -1.940998E-11
      1010 -3.351552E-05 -5.679394E+00 -6.089595E-12
      1011  6.729158E-05 -4.038190E+00 -6.085370E-12
      1012 -2.187797E-05 -2.099729E+00 -1.600116E-11
      1013 -7.971302E-02 -2.052746E+01 -1.891198E-11
      1014 -1.214087E-01 -1.886039E+01  2.389200E-13
      1015 -1.159330E-01 -1.794672E+01  8.868906E-12
      1016 -1.481765E-01 -1.723124E+01 -3.523581E-11
      1017 -1.385404E-01 -1.629644E+01 -2.605915E-12
      1018 -1.677849E-01 -1.483833E+01 -4.244782E-11
      1019 -1.575806E-01 -1.267456E+01 -1.032419E-11
      1020 -1.578559E-01 -9.753338E+00  6.377121E-12
      1021 -1.842093E-01 -6.160785E+00 -7.807088E-13
      1022 -1.480736E-01 -2.108780E+00  2.459366E-12
