
                        S T E P       1


                                INCREMENT    10


 displacements (vx,vy,vz) for set NSET_IND_TOP and time  0.7588672E-03

        10 -2.675124E-20 -7.664559E-04  0.000000E+00
        11  0.000000E+00 -7.664559E-04  0.000000E+00
      1004 -7.415321E-20 -7.664559E-04  0.000000E+00
      1005 -3.709271E-20 -7.664559E-04  0.000000E+00
      1006  2.013273E-21 -7.664559E-04  0.000000E+00
      1007 -2.413248E-21 -7.664559E-04  0.000000E+00
      1008  3.770441E-20 -7.664559E-04  0.000000E+00
      1009 -6.524912E-21 -7.664559E-04  0.000000E+00
      1010  6.117531E-20 -7.664559E-04  0.000000E+00
      1011 -8.048677E-21 -7.664559E-04  0.000000E+00
      1012 -2.298078E-20 -7.664559E-04  0.000000E+00
      1013 -4.929951E-20 -7.664559E-04  0.000000E+00
      1014 -6.078864E-20 -7.664559E-04  0.000000E+00
      1015 -1.226390E-20 -7.664559E-04  0.000000E+00
      1016 -2.871503E-21 -7.664559E-04  0.000000E+00
      1017  4.053220E-21 -7.664559E-04  0.000000E+00
      1018 -6.816535E-21 -7.664559E-04  0.000000E+00
      1019  4.131454E-20 -7.664559E-04  0.000000E+00
      1020  1.440492E-20 -7.664559E-04  0.000000E+00
      1021 -4.370734E-20 -7.664559E-04  0.000000E+00
      1022 -3.777367E-20 -7.664559E-04  0.000000E+00

 forces (fx,fy,fz) for set NSET_IND_TOP and time  0.7588672E-03

        10  1.054670E-14 -1.131705E-14  2.844566E-14
        11 -1.134696E-16  2.832401E-16  1.621539E-14
      1004  8.546174E-15 -1.250774E-14 -3.930370E-14
      1005  8.357013E-15 -3.173493E-15  2.065042E-14
      1006  1.218465E-14  1.643782E-14  3.255665E-14
      1007  3.749218E-15  5.803296E-15 -4.228175E-14
      1008 -7.257107E-15 -1.547084E-14  5.103133E-14
      1009 -3.238870E-15  1.244576E-14 -4.623001E-16
      1010 -8.072866E-16  1.470275E-14 -4.268570E-14
      1011  2.521985E-15  5.025262E-15 -5.522345E-15
      1012 -7.853360E-16  4.623109E-16 -1.812701E-14
      1013 -1.215546E-14 -1.983112E-14  5.739402E-14
      1014 -4.619311E-15 -3.855011E-14  5.234337E-15
      1015 -1.065945E-14 -4.942904E-14  8.161953E-14
      1016 -9.015457E-15 -2.026792E-14  1.396405E-14
      1017 -3.360664E-15 -5.826260E-14 -8.593789E-15
      1018  6.825056E-15 -1.313958E-14 -8.069844E-14
      1019  2.547756E-15 -6.904521E-15 -9.028254E-14
      1020 -1.045506E-15  4.145051E-15 -6.596853E-14
      1021 -4.330231E-15 -3.404983E-15 -3.578086E-14
      1022  1.223539E-15 -3.824394E-15  5.379113E-14

 total force (fx,fy,fz) for set NSET_IND_TOP and time  0.7588672E-03

       -8.860425E-16 -1.967779E-13 -6.880444E-14

                                INCREMENT    20


 displacements (vx,vy,vz) for set NSET_IND_TOP and time  0.9584927E-02

        10 -1.487898E-18 -9.680776E-03  0.000000E+00
        11  0.000000E+00 -9.680776E-03  0.000000E+00
      1004 -3.823298E-19 -9.680776E-03  0.000000E+00
      1005 -2.689086E-19 -9.680776E-03  0.000000E+00
      1006 -1.319372E-19 -9.680776E-03  0.000000E+00
      1007 -5.683002E-19 -9.680776E-03  0.000000E+00
      1008  3.977067E-19 -9.680776E-03  0.000000E+00
      1009 -4.653938E-19 -9.680776E-03  0.000000E+00
      1010  1.545895E-19 -9.680776E-03  0.000000E+00
      1011  2.656704E-19 -9.680776E-03  0.000000E+00
      1012  5.007983E-19 -9.680776E-03  0.000000E+00
      1013 -8.379925E-19 -9.680776E-03  0.000000E+00
      1014 -3.382221E-19 -9.680776E-03  0.000000E+00
      1015 -2.426439E-19 -9.680776E-03  0.000000E+00
      1016 -3.426154E-19 -9.680776E-03  0.000000E+00
      1017 -1.006386E-19 -9.680776E-03  0.000000E+00
      1018 -1.781897E-19 -9.680776E-03  0.000000E+00
      1019 -3.019476E-19 -9.680776E-03  0.000000E+00
      1020  1.515225E-19 -9.680776E-03  0.000000E+00
      1021  3.293929E-19 -9.680776E-03  0.000000E+00
      1022 -1.500408E-20 -9.680776E-03  0.000000E+00

 forces (fx,fy,fz) for set NSET_IND_TOP and time  0.9584927E-02

        10  9.472791E-14  3.522228E-13 -3.725862E-14
        11 -3.237852E-15  5.073003E-15  2.961114E-13
      1004 -1.222720E-13  7.244208E-13  6.688942E-14
      1005  2.850045E-14  1.043536E-12  2.294357E-14
      1006  1.974317E-13  4.448381E-13  6.294847E-13
      1007 -1.105656E-13  3.447423E-13  1.088277E-13
      1008  9.273525E-14 -4.507069E-14  2.633291E-13
      1009 -1.191001E-13  2.325601E-13 -3.833692E-14
      1010  1.775632E-14  6.692309E-14 -3.236162E-13
      1011  3.229659E-14  5.710946E-14 -1.101149E-12
      1012 -2.434672E-14  6.901727E-15  2.372072E-13
      1013 -5.115727E-14  3.697350E-13 -3.147530E-13
      1014  1.543967E-13 -4.666304E-13  3.918699E-14
      1015 -1.907077E-13 -6.698848E-13 -3.503728E-13
      1016 -1.458207E-13  8.241520E-14 -9.160263E-14
      1017 -3.438195E-14 -9.166351E-13 -8.331310E-14
      1018  6.856462E-14 -1.969555E-13 -7.091544E-13
      1019  2.563450E-14 -2.820816E-13 -1.119432E-12
      1020  1.450116E-14 -1.929804E-13  1.407843E-13
      1021 -6.808966E-15 -1.296284E-13  2.387506E-14
      1022  3.597837E-15 -1.877733E-14  1.063571E-12

 total force (fx,fy,fz) for set NSET_IND_TOP and time  0.9584927E-02

       -7.825588E-14  8.118331E-13 -1.276777E-12

                                INCREMENT    30


 displacements (vx,vy,vz) for set NSET_IND_TOP and time  0.1958493E-01

        10 -2.528121E-18 -1.978078E-02  0.000000E+00
        11  0.000000E+00 -1.978078E-02  0.000000E+00
      1004 -1.947617E-18 -1.978078E-02  0.000000E+00
      1005 -1.382982E-18 -1.978078E-02  0.000000E+00
      1006  1.042765E-18 -1.978078E-02  0.000000E+00
      1007 -6.784307E-19 -1.978078E-02  0.000000E+00
      1008  1.601917E-19 -1.978078E-02  0.000000E+00
      1009  5.000289E-19 -1.978078E-02  0.000000E+00
      1010  3.687441E-19 -1.978078E-02  0.000000E+00
      1011  7.240815E-19 -1.978078E-02  0.000000E+00
      1012  3.782861E-19 -1.978078E-02  0.000000E+00
      1013 -1.975265E-18 -1.978078E-02  0.000000E+00
      1014 -1.621144E-18 -1.978078E-02  0.000000E+00
      1015 -4.325731E-19 -1.978078E-02  0.000000E+00
      1016  2.953031E-19 -1.978078E-02  0.000000E+00
      1017 -8.055518E-19 -1.978078E-02  0.000000E+00
      1018  1.683603E-19 -1.978078E-02  0.000000E+00
      1019  4.985681E-19 -1.978078E-02  0.000000E+00
      1020  7.120033E-20 -1.978078E-02  0.000000E+00
      1021 -9.788566E-21 -1.978078E-02  0.000000E+00
      1022  3.258186E-19 -1.978078E-02  0.000000E+00

 forces (fx,fy,fz) for set NSET_IND_TOP and time  0.1958493E-01

        10 -2.301322E-13  2.318620E-13  1.677647E-13
        11  8.725056E-15  1.900523E-15  1.069628E-12
      1004  1.501606E-13 -4.374202E-15 -6.622466E-14
      1005  2.855730E-13  8.770619E-13 -8.451088E-13
      1006  2.100332E-13  2.530058E-13  1.070020E-12
      1007  3.557478E-14  2.170565E-13 -5.265069E-13
      1008 -1.919946E-15 -5.070633E-13 -2.168670E-12
      1009 -2.567389E-13  4.022591E-13 -8.955083E-13
      1010  9.266219E-14  2.934341E-13 -8.936339E-13
      1011 -9.118061E-14  3.405909E-13  1.055356E-13
      1012  2.408222E-14  7.100202E-14  6.475429E-13
      1013 -1.887348E-14 -2.167500E-12  1.843930E-12
      1014 -1.262861E-13 -1.350104E-12 -1.246475E-12
      1015 -1.994298E-13 -1.148213E-12 -1.376304E-12
      1016 -1.769975E-13 -9.216223E-14 -8.443908E-13
      1017 -7.170134E-14 -1.347790E-12 -8.677742E-13
      1018  2.164837E-13 -4.548396E-13 -1.848866E-12
      1019  2.550249E-14 -8.231326E-13 -3.489650E-13
      1020  1.460765E-14  3.622496E-13  4.957127E-13
      1021 -2.271034E-15 -1.586969E-13  3.969214E-12
      1022 -1.230719E-14  4.285921E-14  1.629080E-12

 total force (fx,fy,fz) for set NSET_IND_TOP and time  0.1958493E-01

       -1.244331E-13 -4.960594E-12 -9.300002E-13

                                INCREMENT    40


 displacements (vx,vy,vz) for set NSET_IND_TOP and time  0.2958493E-01

        10 -4.169373E-19 -2.988078E-02  0.000000E+00
        11  0.000000E+00 -2.988078E-02  0.000000E+00
      1004 -1.680444E-18 -2.988078E-02  0.000000E+00
      1005 -2.885374E-19 -2.988078E-02  0.000000E+00
      1006  2.815088E-18 -2.988078E-02  0.000000E+00
      1007  1.529315E-19 -2.988078E-02  0.000000E+00
      1008  1.338552E-18 -2.988078E-02  0.000000E+00
      1009  7.122649E-19 -2.988078E-02  0.000000E+00
      1010  9.593840E-19 -2.988078E-02  0.000000E+00
      1011  1.332053E-19 -2.988078E-02  0.000000E+00
      1012 -1.124516E-18 -2.988078E-02  0.000000E+00
      1013 -1.277691E-18 -2.988078E-02  0.000000E+00
      1014 -7.297907E-19 -2.988078E-02  0.000000E+00
      1015  3.847472E-19 -2.988078E-02  0.000000E+00
      1016  1.696246E-18 -2.988078E-02  0.000000E+00
      1017  1.944882E-19 -2.988078E-02  0.000000E+00
      1018  7.119940E-19 -2.988078E-02  0.000000E+00
      1019  7.280589E-19 -2.988078E-02  0.000000E+00
      1020 -3.578490E-19 -2.988078E-02  0.000000E+00
      1021 -1.332715E-18 -2.988078E-02  0.000000E+00
      1022  7.987911E-19 -2.988078E-02  0.000000E+00

 forces (fx,fy,fz) for set NSET_IND_TOP and time  0.2958493E-01

        10  2.165797E-13 -1.115249E-12  4.631459E-13
        11 -1.042685E-14  2.614676E-14  1.907730E-12
      1004 -6.092003E-14  2.240314E-13  7.722842E-14
      1005  1.662051E-13  2.877038E-12 -1.314123E-13
      1006 -2.228907E-14  2.294757E-12  1.064212E-12
      1007 -2.137562E-13  2.200059E-12  1.213180E-12
      1008  5.017008E-13 -1.221359E-13  1.019326E-12
      1009  5.011641E-14  9.603869E-13 -4.030723E-13
      1010  3.813731E-14  1.218301E-12  1.991645E-12
      1011 -1.364703E-13  1.150283E-13 -3.754507E-14
      1012 -1.268180E-13  5.917614E-14  1.766356E-12
      1013  1.977765E-13 -1.405317E-12 -2.251883E-12
      1014  6.607999E-14  1.860332E-13  9.394944E-13
      1015 -1.316348E-13 -1.000305E-12 -1.570986E-12
      1016  1.524644E-14 -7.741261E-13 -7.961128E-13
      1017  8.006111E-15 -2.723731E-12  1.589730E-12
      1018 -4.130070E-14 -8.087766E-14 -5.574442E-13
      1019 -9.686562E-14 -3.395830E-13 -2.546394E-13
      1020 -6.375743E-14  5.213010E-13 -1.381893E-12
      1021  8.841834E-14 -1.726735E-14  2.450429E-12
      1022  5.149327E-14  4.011480E-14  1.895254E-12

 total force (fx,fy,fz) for set NSET_IND_TOP and time  0.2958493E-01

        4.955209E-13  3.143784E-12  8.992741E-12

                                INCREMENT    50


 displacements (vx,vy,vz) for set NSET_IND_TOP and time  0.3958493E-01

        10  2.326171E-08 -3.998078E-02  0.000000E+00
        11  0.000000E+00 -3.998078E-02  0.000000E+00
      1004  2.282025E-08 -3.998078E-02  0.000000E+00
      1005  2.230339E-08 -3.998078E-02  0.000000E+00
      1006  2.148533E-08 -3.998078E-02  0.000000E+00
      1007  2.018570E-08 -3.998078E-02  0.000000E+00
      1008  1.828531E-08 -3.998078E-02  0.000000E+00
      1009  1.572191E-08 -3.998078E-02  0.000000E+00
      1010  1.250025E-08 -3.998078E-02  0.000000E+00
      1011  8.698406E-09 -3.998078E-02  0.000000E+00
      1012  4.466522E-09 -3.998078E-02  0.000000E+00
      1013  2.303342E-08 -3.998078E-02  0.000000E+00
      1014  2.258494E-08 -3.998078E-02  0.000000E+00
      1015  2.194292E-08 -3.998078E-02  0.000000E+00
      1016  2.090286E-08 -3.998078E-02  0.000000E+00
      1017  1.931466E-08 -3.998078E-02  0.000000E+00
      1018  1.708620E-08 -3.998078E-02  0.000000E+00
      1019  1.418896E-08 -3.998078E-02  0.000000E+00
      1020  1.066479E-08 -3.998078E-02  0.000000E+00
      1021  6.625948E-09 -3.998078E-02  0.000000E+00
      1022  2.250155E-09 -3.998078E-02  0.000000E+00

 forces (fx,fy,fz) for set NSET_IND_TOP and time  0.3958493E-01

        10  1.971486E-07 -8.170795E-04 -1.812970E-12
        11  2.988700E-08 -1.940244E-07  1.284425E-12
      1004  1.206702E-07 -1.463927E-03 -3.258359E-12
      1005  3.370524E-08 -1.372715E-03  7.125644E-13
      1006  8.886549E-08 -1.315872E-03  8.355959E-13
      1007  4.532509E-08 -1.257399E-03 -1.240451E-12
      1008  8.307728E-08 -1.169867E-03 -1.088265E-12
      1009  3.446251E-08 -1.035217E-03 -2.062412E-13
      1010 -4.540018E-09 -8.446593E-04 -2.277462E-12
      1011  1.049935E-08 -6.001814E-04 -1.777296E-12
      1012 -2.822317E-09 -3.119545E-04 -6.516353E-13
      1013 -1.177994E-05 -3.081514E-03  1.882990E-12
      1014 -1.794695E-05 -2.827550E-03 -1.204756E-12
      1015 -1.714119E-05 -2.685811E-03 -5.565957E-13
      1016 -2.191166E-05 -2.574104E-03 -2.780466E-12
      1017 -2.048783E-05 -2.430567E-03 -1.140531E-12
      1018 -2.481256E-05 -2.210154E-03 -3.582451E-12
      1019 -2.330241E-05 -1.885885E-03 -4.641190E-13
      1020 -2.334173E-05 -1.450100E-03 -3.670946E-12
      1021 -2.723699E-05 -9.154974E-04 -2.813303E-12
      1022 -2.189320E-05 -3.132855E-04 -7.523919E-14

 total force (fx,fy,fz) for set NSET_IND_TOP and time  0.3958493E-01

       -2.092182E-04 -3.056353E-02 -2.388551E-11

                                INCREMENT    60


 displacements (vx,vy,vz) for set NSET_IND_TOP and time  0.4958493E-01

        10  1.408442E-07 -5.008078E-02  0.000000E+00
        11  0.000000E+00 -5.008078E-02  0.000000E+00
      1004  1.381718E-07 -5.008078E-02  0.000000E+00
      1005  1.350429E-07 -5.008078E-02  0.000000E+00
      1006  1.300902E-07 -5.008078E-02  0.000000E+00
      1007  1.222217E-07 -5.008078E-02  0.000000E+00
      1008  1.107155E-07 -5.008078E-02  0.000000E+00
      1009  9.519474E-08 -5.008078E-02  0.000000E+00
      1010  7.568813E-08 -5.008078E-02  0.000000E+00
      1011  5.266835E-08 -5.008078E-02  0.000000E+00
      1012  2.704457E-08 -5.008078E-02  0.000000E+00
      1013  1.394623E-07 -5.008078E-02  0.000000E+00
      1014  1.367473E-07 -5.008078E-02  0.000000E+00
      1015  1.328606E-07 -5.008078E-02  0.000000E+00
      1016  1.265637E-07 -5.008078E-02  0.000000E+00
      1017  1.169478E-07 -5.008078E-02  0.000000E+00
      1018  1.034552E-07 -5.008078E-02  0.000000E+00
      1019  8.591300E-08 -5.008078E-02  0.000000E+00
      1020  6.457464E-08 -5.008078E-02  0.000000E+00
      1021  4.011977E-08 -5.008078E-02  0.000000E+00
      1022  1.362459E-08 -5.008078E-02  0.000000E+00

 forces (fx,fy,fz) for set NSET_IND_TOP and time  0.4958493E-01

        10  1.193684E-06 -4.946498E-03 -1.593963E-12
        11  1.809624E-07 -1.174901E-06 -1.097561E-12
      1004  7.306098E-07 -8.862523E-03 -5.886917E-13
      1005  2.040335E-07 -8.310486E-03 -2.096997E-13
      1006  5.380269E-07 -7.966534E-03  3.137409E-12
      1007  2.743968E-07 -7.612686E-03 -5.176471E-13
      1008  5.030010E-07 -7.082868E-03 -6.862969E-13
      1009  2.086375E-07 -6.267735E-03 -2.341929E-12
      1010 -2.751655E-08 -5.114060E-03 -9.015150E-13
      1011  6.354085E-08 -3.633879E-03 -1.790229E-12
      1012 -1.711523E-08 -1.888780E-03 -4.129071E-13
      1013 -7.132837E-05 -1.865517E-02 -3.178278E-12
      1014 -1.086697E-04 -1.711796E-02  1.511428E-12
      1015 -1.037906E-04 -1.626021E-02 -5.051260E-12
      1016 -1.326757E-04 -1.558426E-02  1.841379E-13
      1017 -1.240544E-04 -1.471554E-02  4.530820E-13
      1018 -1.502408E-04 -1.338130E-02 -3.114480E-12
      1019 -1.410970E-04 -1.141818E-02 -5.216483E-12
      1020 -1.413352E-04 -8.779786E-03 -3.509710E-13
      1021 -1.649214E-04 -5.543015E-03 -2.548491E-13
      1022 -1.325645E-04 -1.896840E-03 -1.047465E-12

 total force (fx,fy,fz) for set NSET_IND_TOP and time  0.4958493E-01

       -1.266825E-03 -1.850395E-01 -2.306817E-11

                                INCREMENT    70


 displacements (vx,vy,vz) for set NSET_IND_TOP and time  0.5958493E-01

        10  3.024615E-07 -6.018078E-02  0.000000E+00
        11  0.000000E+00 -6.018078E-02  0.000000E+00
      1004  2.967239E-07 -6.018078E-02  0.000000E+00
      1005  2.900057E-07 -6.018078E-02  0.000000E+00
      1006  2.793709E-07 -6.018078E-02  0.000000E+00
      1007  2.624741E-07 -6.018078E-02  0.000000E+00
      1008  2.377651E-07 -6.018078E-02  0.000000E+00
      1009  2.044345E-07 -6.018078E-02  0.000000E+00
      1010  1.625438E-07 -6.018078E-02  0.000000E+00
      1011  1.131080E-07 -6.018078E-02  0.000000E+00
      1012  5.807972E-08 -6.018078E-02  0.000000E+00
      1013  2.994944E-07 -6.018078E-02  0.000000E+00
      1014  2.936654E-07 -6.018078E-02  0.000000E+00
      1015  2.853197E-07 -6.018078E-02  0.000000E+00
      1016  2.717982E-07 -6.018078E-02  0.000000E+00
      1017  2.511488E-07 -6.018078E-02  0.000000E+00
      1018  2.221738E-07 -6.018078E-02  0.000000E+00
      1019  1.845019E-07 -6.018078E-02  0.000000E+00
      1020  1.386772E-07 -6.018078E-02  0.000000E+00
      1021  8.615937E-08 -6.018078E-02  0.000000E+00
      1022  2.925957E-08 -6.018078E-02  0.000000E+00

 forces (fx,fy,fz) for set NSET_IND_TOP and time  0.5958493E-01

        10  2.563424E-06 -1.062101E-02 -4.672765E-13
        11  3.886197E-07 -2.523359E-06  9.053817E-14
      1004  1.568947E-06 -1.902960E-02  1.667972E-12
      1005  4.380786E-07 -1.784461E-02 -4.503082E-13
      1006  1.155341E-06 -1.710644E-02  3.736898E-12
      1007  5.891877E-07 -1.634696E-02  2.304945E-12
      1008  1.080153E-06 -1.520954E-02 -1.850080E-12
      1009  4.479897E-07 -1.345935E-02  2.674800E-12
      1010 -5.915054E-08 -1.098207E-02  8.682862E-13
      1011  1.363861E-07 -7.803557E-03 -4.411935E-12
      1012 -3.681308E-08 -4.056074E-03  3.649742E-12
      1013 -1.531847E-04 -4.005612E-02  4.991862E-12
      1014 -2.333781E-04 -3.675601E-02  5.973659E-13
      1015 -2.228992E-04 -3.491496E-02  4.028045E-13
      1016 -2.849321E-04 -3.346424E-02  2.063722E-12
      1017 -2.664169E-04 -3.159944E-02  3.082102E-12
      1018 -3.226547E-04 -2.873483E-02 -7.361564E-12
      1019 -3.030178E-04 -2.451956E-02  3.869694E-12
      1020 -3.035298E-04 -1.885403E-02  3.397803E-13
      1021 -3.541835E-04 -1.190335E-02 -1.054174E-11
      1022 -2.846944E-04 -4.073384E-03  8.441048E-12

 total force (fx,fy,fz) for set NSET_IND_TOP and time  0.5958493E-01

       -2.720619E-03 -3.973377E-01  1.369865E-11

                                INCREMENT    80


 displacements (vx,vy,vz) for set NSET_IND_TOP and time  0.6958493E-01

        10  5.499329E-07 -7.028078E-02  0.000000E+00
        11  0.000000E+00 -7.028078E-02  0.000000E+00
      1004  5.395033E-07 -7.028078E-02  0.000000E+00
      1005  5.272906E-07 -7.028078E-02  0.000000E+00
      1006  5.079565E-07 -7.028078E-02  0.000000E+00
      1007  4.772365E-07 -7.028078E-02  0.000000E+00
      1008  4.323117E-07 -7.028078E-02  0.000000E+00
      1009  3.717105E-07 -7.028078E-02  0.000000E+00
      1010  2.955441E-07 -7.028078E-02  0.000000E+00
      1011  2.056584E-07 -7.028078E-02  0.000000E+00
      1012  1.056035E-07 -7.028078E-02  0.000000E+00
      1013  5.445395E-07 -7.028078E-02  0.000000E+00
      1014  5.339435E-07 -7.028078E-02  0.000000E+00
      1015  5.187717E-07 -7.028078E-02  0.000000E+00
      1016  4.941887E-07 -7.028078E-02  0.000000E+00
      1017  4.566456E-07 -7.028078E-02  0.000000E+00
      1018  4.039639E-07 -7.028078E-02  0.000000E+00
      1019  3.354688E-07 -7.028078E-02  0.000000E+00
      1020  2.521493E-07 -7.028078E-02  0.000000E+00
      1021  1.566592E-07 -7.028078E-02  0.000000E+00
      1022  5.320126E-08 -7.028078E-02  0.000000E+00

 forces (fx,fy,fz) for set NSET_IND_TOP and time  0.6958493E-01

        10  4.660793E-06 -1.930798E-02 -1.008207E-12
        11  7.065920E-07 -4.588481E-06 -2.286876E-12
      1004  2.852569E-06 -3.459440E-02 -8.293159E-12
      1005  7.963389E-07 -3.244084E-02  2.090710E-12
      1006  2.100500E-06 -3.109961E-02  9.367520E-14
      1007  1.071102E-06 -2.971956E-02  4.168983E-12
      1008  1.963847E-06 -2.765221E-02 -4.468203E-12
      1009  8.144114E-07 -2.447061E-02  2.190465E-12
      1010 -1.076694E-07 -1.996689E-02  5.819043E-13
      1011  2.478384E-07 -1.418805E-02  1.920200E-12
      1012 -6.705015E-08 -7.374595E-03  5.833890E-12
      1013 -2.785342E-04 -7.281854E-02 -1.623191E-12
      1014 -4.243477E-04 -6.682032E-02 -9.995242E-12
      1015 -4.052929E-04 -6.347485E-02  2.140605E-12
      1016 -5.180853E-04 -6.083889E-02  4.285513E-13
      1017 -4.844194E-04 -5.744985E-02  2.583159E-12
      1018 -5.866754E-04 -5.224271E-02 -4.852809E-12
      1019 -5.509707E-04 -4.457959E-02  4.874597E-12
      1020 -5.519022E-04 -3.427931E-02  1.403978E-12
      1021 -6.440056E-04 -2.164214E-02  3.546878E-12
      1022 -5.176551E-04 -7.406071E-03 -1.165650E-11

 total force (fx,fy,fz) for set NSET_IND_TOP and time  0.6958493E-01

       -4.946849E-03 -7.223716E-01 -1.232659E-11

                                INCREMENT    90


 displacements (vx,vy,vz) for set NSET_IND_TOP and time  0.7958493E-01

        10  9.647500E-07 -8.038078E-02  0.000000E+00
        11  0.000000E+00 -8.038078E-02  0.000000E+00
      1004  9.464579E-07 -8.038078E-02  0.000000E+00
      1005  9.250375E-07 -8.038078E-02  0.000000E+00
      1006  8.911232E-07 -8.038078E-02  0.000000E+00
      1007  8.372339E-07 -8.038078E-02  0.000000E+00
      1008  7.584239E-07 -8.038078E-02  0.000000E+00
      1009  6.521109E-07 -8.038078E-02  0.000000E+00
      1010  5.184901E-07 -8.038078E-02  0.000000E+00
      1011  3.607993E-07 -8.038078E-02  0.000000E+00
      1012  1.852671E-07 -8.038078E-02  0.000000E+00
      1013  9.552907E-07 -8.038078E-02  0.000000E+00
      1014  9.367066E-07 -8.038078E-02  0.000000E+00
      1015  9.100947E-07 -8.038078E-02  0.000000E+00
      1016  8.669719E-07 -8.038078E-02  0.000000E+00
      1017  8.011122E-07 -8.038078E-02  0.000000E+00
      1018  7.086933E-07 -8.038078E-02  0.000000E+00
      1019  5.885313E-07 -8.038078E-02  0.000000E+00
      1020  4.423607E-07 -8.038078E-02  0.000000E+00
      1021  2.748373E-07 -8.038078E-02  0.000000E+00
      1022  9.333449E-08 -8.038078E-02  0.000000E+00

 forces (fx,fy,fz) for set NSET_IND_TOP and time  0.7958493E-01

        10  8.176443E-06 -3.386639E-02 -4.223458E-12
        11  1.239585E-06 -8.050577E-06  2.237199E-12
      1004  5.004137E-06 -6.067967E-02  7.918371E-12
      1005  1.396700E-06 -5.690354E-02  5.063975E-12
      1006  3.684657E-06 -5.455231E-02  6.182706E-12
      1007  1.878739E-06 -5.213279E-02  3.688469E-12
      1008  3.445029E-06 -4.850736E-02  2.050583E-12
      1009  1.428488E-06 -4.292694E-02  1.754586E-12
      1010 -1.891181E-07 -3.502687E-02  1.437240E-12
      1011  4.345172E-07 -2.488958E-02  2.845014E-13
      1012 -1.178514E-07 -1.293706E-02  1.467338E-12
      1013 -4.886624E-04 -1.277251E-01  1.772511E-12
      1014 -7.444755E-04 -1.172062E-01 -1.918736E-12
      1015 -7.110438E-04 -1.113408E-01  2.017723E-12
      1016 -9.089247E-04 -1.067197E-01 -2.689429E-12
      1017 -8.498610E-04 -1.007771E-01  1.153029E-11
      1018 -1.029258E-03 -9.164465E-02  1.932860E-12
      1019 -9.666194E-04 -7.820310E-02  4.119417E-12
      1020 -9.682547E-04 -6.013467E-02  1.988389E-12
      1021 -1.129842E-03 -3.796613E-02  1.308183E-12
      1022 -9.081732E-04 -1.299229E-02 -3.634863E-12

 total force (fx,fy,fz) for set NSET_IND_TOP and time  0.7958493E-01

       -8.678733E-03 -1.267140E+00  4.428785E-11

                                INCREMENT   100


 displacements (vx,vy,vz) for set NSET_IND_TOP and time  0.8958493E-01

        10  1.794327E-06 -9.048078E-02  0.000000E+00
        11  0.000000E+00 -9.048078E-02  0.000000E+00
      1004  1.760312E-06 -9.048078E-02  0.000000E+00
      1005  1.720477E-06 -9.048078E-02  0.000000E+00
      1006  1.657405E-06 -9.048078E-02  0.000000E+00
      1007  1.557181E-06 -9.048078E-02  0.000000E+00
      1008  1.410605E-06 -9.048078E-02  0.000000E+00
      1009  1.212875E-06 -9.048078E-02  0.000000E+00
      1010  9.643529E-07 -9.048078E-02  0.000000E+00
      1011  6.710609E-07 -9.048078E-02  0.000000E+00
      1012  3.445839E-07 -9.048078E-02  0.000000E+00
      1013  1.776737E-06 -9.048078E-02  0.000000E+00
      1014  1.742178E-06 -9.048078E-02  0.000000E+00
      1015  1.692688E-06 -9.048078E-02  0.000000E+00
      1016  1.612488E-06 -9.048078E-02  0.000000E+00
      1017  1.490000E-06 -9.048078E-02  0.000000E+00
      1018  1.318112E-06 -9.048078E-02  0.000000E+00
      1019  1.094623E-06 -9.048078E-02  0.000000E+00
      1020  8.227586E-07 -9.048078E-02  0.000000E+00
      1021  5.111781E-07 -9.048078E-02  0.000000E+00
      1022  1.735957E-07 -9.048078E-02  0.000000E+00

 forces (fx,fy,fz) for set NSET_IND_TOP and time  0.8958493E-01

        10  1.520727E-05 -6.298067E-02 -6.053846E-12
        11  2.305501E-06 -1.497437E-05  3.445496E-12
      1004  9.306969E-06 -1.128457E-01 -2.089310E-12
      1005  2.597316E-06 -1.058248E-01 -1.390954E-12
      1006  6.852737E-06 -1.014539E-01  1.324237E-11
      1007  3.493884E-06 -9.695574E-02 -6.277479E-12
      1008  6.407184E-06 -9.021445E-02 -2.440219E-12
      1009  2.656544E-06 -7.983683E-02 -2.547006E-12
      1010 -3.520207E-07 -6.514462E-02 -2.247217E-12
      1011  8.078340E-07 -4.629111E-02 -3.683728E-12
      1012 -2.194627E-07 -2.406120E-02 -3.150595E-12
      1013 -9.088925E-04 -2.375286E-01 -6.519410E-12
      1014 -1.384691E-03 -2.179693E-01  4.521883E-12
      1015 -1.322507E-03 -2.070647E-01  5.435451E-12
      1016 -1.690554E-03 -1.984740E-01 -2.201149E-12
      1017 -1.580698E-03 -1.874250E-01 -6.941808E-12
      1018 -1.914369E-03 -1.704426E-01  4.091193E-12
      1019 -1.797864E-03 -1.454452E-01 -8.023436E-12
      1020 -1.800907E-03 -1.118416E-01 -2.769319E-12
      1021 -2.101453E-03 -7.061175E-02 -6.820398E-12
      1022 -1.689161E-03 -2.416392E-02 -1.560599E-12

 total force (fx,fy,fz) for set NSET_IND_TOP and time  0.8958493E-01

       -1.614203E-02 -2.356591E+00 -3.398008E-11

                                INCREMENT   110


 displacements (vx,vy,vz) for set NSET_IND_TOP and time  0.9958493E-01

        10  6.687640E-06 -1.005808E-01  0.000000E+00
        11  0.000000E+00 -1.005808E-01  0.000000E+00
      1004  6.560854E-06 -1.005808E-01  0.000000E+00
      1005  6.412382E-06 -1.005808E-01  0.000000E+00
      1006  6.177301E-06 -1.005808E-01  0.000000E+00
      1007  5.803751E-06 -1.005808E-01  0.000000E+00
      1008  5.257447E-06 -1.005808E-01  0.000000E+00
      1009  4.520488E-06 -1.005808E-01  0.000000E+00
      1010  3.594224E-06 -1.005808E-01  0.000000E+00
      1011  2.501099E-06 -1.005808E-01  0.000000E+00
      1012  1.284292E-06 -1.005808E-01  0.000000E+00
      1013  6.622076E-06 -1.005808E-01  0.000000E+00
      1014  6.493265E-06 -1.005808E-01  0.000000E+00
      1015  6.308805E-06 -1.005808E-01  0.000000E+00
      1016  6.009890E-06 -1.005808E-01  0.000000E+00
      1017  5.553360E-06 -1.005808E-01  0.000000E+00
      1018  4.912717E-06 -1.005808E-01  0.000000E+00
      1019  4.079752E-06 -1.005808E-01  0.000000E+00
      1020  3.066489E-06 -1.005808E-01  0.000000E+00
      1021  1.905203E-06 -1.005808E-01  0.000000E+00
      1022  6.470055E-07 -1.005808E-01  0.000000E+00

 forces (fx,fy,fz) for set NSET_IND_TOP and time  0.9958493E-01

        10  5.667952E-05 -2.347435E-01 -1.225142E-12
        11  8.593220E-06 -5.580948E-05  5.893816E-12
      1004  3.468868E-05 -4.206002E-01 -1.020746E-12
      1005  9.681363E-06 -3.944294E-01 -7.436600E-12
      1006  2.554187E-05 -3.781356E-01  1.347852E-11
      1007  1.302311E-05 -3.613681E-01  6.910964E-12
      1008  2.388125E-05 -3.362407E-01  5.843010E-12
      1009  9.902260E-06 -2.975609E-01 -6.205066E-12
      1010 -1.311236E-06 -2.428007E-01 -9.950003E-12
      1011  3.012003E-06 -1.725314E-01 -8.745742E-12
      1012 -8.171180E-07 -8.967829E-02 -6.628578E-13
      1013 -3.387496E-03 -8.853223E-01 -2.058922E-12
      1014 -5.160833E-03 -8.124161E-01 -2.017025E-12
      1015 -4.929075E-03 -7.717673E-01 -6.564360E-12
      1016 -6.300817E-03 -7.397437E-01  9.073409E-12
      1017 -5.891381E-03 -6.985586E-01 -1.711548E-12
      1018 -7.134999E-03 -6.352599E-01  7.497419E-12
      1019 -6.700781E-03 -5.420898E-01 -4.366285E-12
      1020 -6.712123E-03 -4.168449E-01  4.294815E-12
      1021 -7.832280E-03 -2.631767E-01  5.764000E-13
      1022 -6.295635E-03 -9.006114E-02  1.425934E-11

 total force (fx,fy,fz) for set NSET_IND_TOP and time  0.9958493E-01

       -6.016254E-02 -8.783385E+00  1.586340E-11

                                INCREMENT   111


 displacements (vx,vy,vz) for set NSET_IND_TOP and time  0.1000000E+00

        10  7.951435E-06 -1.010000E-01  0.000000E+00
        11  0.000000E+00 -1.010000E-01  0.000000E+00
      1004  7.800692E-06 -1.010000E-01  0.000000E+00
      1005  7.624165E-06 -1.010000E-01  0.000000E+00
      1006  7.344663E-06 -1.010000E-01  0.000000E+00
      1007  6.900523E-06 -1.010000E-01  0.000000E+00
      1008  6.250984E-06 -1.010000E-01  0.000000E+00
      1009  5.374758E-06 -1.010000E-01  0.000000E+00
      1010  4.273453E-06 -1.010000E-01  0.000000E+00
      1011  2.973753E-06 -1.010000E-01  0.000000E+00
      1012  1.526996E-06 -1.010000E-01  0.000000E+00
      1013  7.873481E-06 -1.010000E-01  0.000000E+00
      1014  7.720332E-06 -1.010000E-01  0.000000E+00
      1015  7.501016E-06 -1.010000E-01  0.000000E+00
      1016  7.145616E-06 -1.010000E-01  0.000000E+00
      1017  6.602815E-06 -1.010000E-01  0.000000E+00
      1018  5.841109E-06 -1.010000E-01  0.000000E+00
      1019  4.850735E-06 -1.010000E-01  0.000000E+00
      1020  3.645989E-06 -1.010000E-01  0.000000E+00
      1021  2.265245E-06 -1.010000E-01  0.000000E+00
      1022  7.692758E-07 -1.010000E-01  0.000000E+00

 forces (fx,fy,fz) for set NSET_IND_TOP and time  0.1000000E+00

        10  6.739073E-05 -2.791008E-01  9.080221E-13
        11  1.021735E-05 -6.635668E-05  6.099176E-12
      1004  4.124412E-05 -5.000773E-01 -2.130101E-12
      1005  1.151094E-05 -4.689615E-01  1.268941E-12
      1006  3.036885E-05 -4.495894E-01 -1.990109E-12
      1007  1.548433E-05 -4.296540E-01 -1.126290E-12
      1008  2.839457E-05 -3.997789E-01  1.319435E-12
      1009  1.177380E-05 -3.537904E-01 -2.847136E-12
      1010 -1.558913E-06 -2.886825E-01 -6.707313E-12
      1011  3.581453E-06 -2.051346E-01 -6.214097E-12
      1012 -9.713767E-07 -1.066248E-01 -2.901869E-13
      1013 -4.027663E-03 -1.052614E+00  1.479075E-11
      1014 -6.136124E-03 -9.659314E-01 -5.484474E-12
      1015 -5.860569E-03 -9.176025E-01  4.901302E-12
      1016 -7.491545E-03 -8.795288E-01  3.218120E-12
      1017 -7.004734E-03 -8.305621E-01 -4.426237E-12
      1018 -8.483375E-03 -7.553031E-01 -7.045337E-12
      1019 -7.967100E-03 -6.445276E-01  3.658740E-12
      1020 -7.980589E-03 -4.956158E-01 -1.027622E-12
      1021 -9.312437E-03 -3.129092E-01 -7.554679E-12
      1022 -7.485395E-03 -1.070800E-01  7.926465E-12

 total force (fx,fy,fz) for set NSET_IND_TOP and time  0.1000000E+00

       -7.153210E-02 -1.044313E+01 -2.752630E-12

                        S T E P       2


                                INCREMENT    10


 displacements (vx,vy,vz) for set NSET_IND_TOP and time  0.1007589E+00

        10  8.145884E-06 -1.017665E-01  0.000000E+00
        11  0.000000E+00 -1.017665E-01  0.000000E+00
      1004  7.991466E-06 -1.017665E-01  0.000000E+00
      1005  7.810634E-06 -1.017665E-01  0.000000E+00
      1006  7.524307E-06 -1.017665E-01  0.000000E+00
      1007  7.069315E-06 -1.017665E-01  0.000000E+00
      1008  6.403897E-06 -1.017665E-01  0.000000E+00
      1009  5.506244E-06 -1.017665E-01  0.000000E+00
      1010  4.378003E-06 -1.017665E-01  0.000000E+00
      1011  3.046509E-06 -1.017665E-01  0.000000E+00
      1012  1.564357E-06 -1.017665E-01  0.000000E+00
      1013  8.066030E-06 -1.017665E-01  0.000000E+00
      1014  7.909147E-06 -1.017665E-01  0.000000E+00
      1015  7.684479E-06 -1.017665E-01  0.000000E+00
      1016  7.320397E-06 -1.017665E-01  0.000000E+00
      1017  6.764330E-06 -1.017665E-01  0.000000E+00
      1018  5.983999E-06 -1.017665E-01  0.000000E+00
      1019  4.969405E-06 -1.017665E-01  0.000000E+00
      1020  3.735190E-06 -1.017665E-01  0.000000E+00
      1021  2.320667E-06 -1.017665E-01  0.000000E+00
      1022  7.880974E-07 -1.017665E-01  0.000000E+00

 forces (fx,fy,fz) for set NSET_IND_TOP and time  0.1007589E+00

        10  6.903890E-05 -2.859116E-01 -3.355652E-12
        11  1.046744E-05 -6.798212E-05 -2.313270E-12
      1004  4.225256E-05 -5.122820E-01  4.369669E-12
      1005  1.179181E-05 -4.804098E-01  2.547188E-12
      1006  3.111116E-05 -4.605681E-01  8.544380E-15
      1007  1.586253E-05 -4.401490E-01 -2.573993E-12
      1008  2.908896E-05 -4.095467E-01 -2.321982E-12
      1009  1.206148E-05 -3.624364E-01  2.347319E-12
      1010 -1.597423E-06 -2.957387E-01 -2.822312E-13
      1011  3.668709E-06 -2.101493E-01 -2.700838E-12
      1012 -9.954675E-07 -1.092316E-01  6.173018E-12
      1013 -4.126231E-03 -1.078301E+00  3.716069E-12
      1014 -6.286286E-03 -9.895085E-01  9.030610E-12
      1015 -6.003984E-03 -9.400063E-01 -1.067488E-11
      1016 -7.674869E-03 -9.010095E-01 -1.565054E-12
      1017 -7.176147E-03 -8.508526E-01 -1.108766E-11
      1018 -8.690975E-03 -7.737595E-01 -4.497264E-12
      1019 -8.162071E-03 -6.602802E-01  4.833411E-12
      1020 -8.175894E-03 -5.077307E-01  1.052602E-12
      1021 -9.540341E-03 -3.205588E-01 -4.514722E-12
      1022 -7.668588E-03 -1.096979E-01  3.211043E-12

 total force (fx,fy,fz) for set NSET_IND_TOP and time  0.1007589E+00

       -7.328264E-02 -1.069820E+01 -8.598067E-12

                                INCREMENT    20


 displacements (vx,vy,vz) for set NSET_IND_TOP and time  0.1081200E+00

        10  9.861815E-06 -1.092012E-01  0.000000E+00
        11  0.000000E+00 -1.092012E-01  0.000000E+00
      1004  9.674905E-06 -1.092012E-01  0.000000E+00
      1005  9.456014E-06 -1.092012E-01  0.000000E+00
      1006  9.109402E-06 -1.092012E-01  0.000000E+00
      1007  8.558589E-06 -1.092012E-01  0.000000E+00
      1008  7.753014E-06 -1.092012E-01  0.000000E+00
      1009  6.666273E-06 -1.092012E-01  0.000000E+00
      1010  5.300353E-06 -1.092012E-01  0.000000E+00
      1011  3.688350E-06 -1.092012E-01  0.000000E+00
      1012  1.893939E-06 -1.092012E-01  0.000000E+00
      1013  9.765158E-06 -1.092012E-01  0.000000E+00
      1014  9.575263E-06 -1.092012E-01  0.000000E+00
      1015  9.303300E-06 -1.092012E-01  0.000000E+00
      1016  8.862551E-06 -1.092012E-01  0.000000E+00
      1017  8.189367E-06 -1.092012E-01  0.000000E+00
      1018  7.244668E-06 -1.092012E-01  0.000000E+00
      1019  6.016343E-06 -1.092012E-01  0.000000E+00
      1020  4.522119E-06 -1.092012E-01  0.000000E+00
      1021  2.809590E-06 -1.092012E-01  0.000000E+00
      1022  9.541362E-07 -1.092012E-01  0.000000E+00

 forces (fx,fy,fz) for set NSET_IND_TOP and time  0.1081200E+00

        10  8.358207E-05 -3.460944E-01 -3.094894E-12
        11  1.267263E-05 -8.231020E-05 -1.251385E-12
      1004  5.115217E-05 -6.201200E-01 -5.622674E-12
      1005  1.427343E-05 -5.815481E-01  9.745840E-12
      1006  3.766300E-05 -5.575399E-01  2.513903E-12
      1007  1.920191E-05 -5.328312E-01  6.154813E-12
      1008  3.521568E-05 -4.957929E-01 -5.776751E-12
      1009  1.460070E-05 -4.387674E-01 -1.276177E-12
      1010 -1.935549E-06 -3.580263E-01 -6.023397E-12
      1011  4.439768E-06 -2.544123E-01  3.730345E-12
      1012 -1.206696E-06 -1.322392E-01 -2.384689E-12
      1013 -4.995645E-03 -1.305282E+00  6.627199E-13
      1014 -7.610809E-03 -1.197814E+00  4.632406E-13
      1015 -7.269011E-03 -1.137912E+00 -8.226198E-13
      1016 -9.291938E-03 -1.090725E+00 -2.572720E-12
      1017 -8.688136E-03 -1.030025E+00  1.011452E-11
      1018 -1.052214E-02 -9.367110E-01 -2.600475E-12
      1019 -9.881805E-03 -7.993425E-01 -1.919631E-12
      1020 -9.898550E-03 -6.146697E-01  3.223921E-12
      1021 -1.155050E-02 -3.880776E-01 -4.700629E-12
      1022 -9.284368E-03 -1.328038E-01  1.118466E-11

 total force (fx,fy,fz) for set NSET_IND_TOP and time  0.1081200E+00

       -8.872324E-02 -1.295082E+01  9.747926E-12

                                INCREMENT    30


 displacements (vx,vy,vz) for set NSET_IND_TOP and time  0.1161200E+00

        10  1.189977E-05 -1.172812E-01  0.000000E+00
        11  0.000000E+00 -1.172812E-01  0.000000E+00
      1004  1.167429E-05 -1.172812E-01  0.000000E+00
      1005  1.141021E-05 -1.172812E-01  0.000000E+00
      1006  1.099201E-05 -1.172812E-01  0.000000E+00
      1007  1.032741E-05 -1.172812E-01  0.000000E+00
      1008  9.355378E-06 -1.172812E-01  0.000000E+00
      1009  8.044062E-06 -1.172812E-01  0.000000E+00
      1010  6.395853E-06 -1.172812E-01  0.000000E+00
      1011  4.450685E-06 -1.172812E-01  0.000000E+00
      1012  2.285396E-06 -1.172812E-01  0.000000E+00
      1013  1.178317E-05 -1.172812E-01  0.000000E+00
      1014  1.155408E-05 -1.172812E-01  0.000000E+00
      1015  1.122596E-05 -1.172812E-01  0.000000E+00
      1016  1.069417E-05 -1.172812E-01  0.000000E+00
      1017  9.881896E-06 -1.172812E-01  0.000000E+00
      1018  8.741985E-06 -1.172812E-01  0.000000E+00
      1019  7.259816E-06 -1.172812E-01  0.000000E+00
      1020  5.456778E-06 -1.172812E-01  0.000000E+00
      1021  3.390300E-06 -1.172812E-01  0.000000E+00
      1022  1.151347E-06 -1.172812E-01  0.000000E+00

 forces (fx,fy,fz) for set NSET_IND_TOP and time  0.1161200E+00

        10  1.008546E-04 -4.175516E-01  4.122931E-12
        11  1.529176E-05 -9.933059E-05  3.658661E-13
      1004  6.172154E-05 -7.481625E-01 -4.868645E-13
      1005  1.721973E-05 -7.016401E-01 -3.856855E-12
      1006  4.544362E-05 -6.726893E-01  4.521347E-12
      1007  2.316704E-05 -6.428914E-01 -1.702097E-12
      1008  4.249178E-05 -5.982137E-01 -7.583266E-13
      1009  1.761576E-05 -5.294160E-01 -4.140791E-12
      1010 -2.337871E-06 -4.319992E-01 -6.513373E-12
      1011  5.354727E-06 -3.069797E-01 -1.658813E-12
      1012 -1.458263E-06 -1.595637E-01 -2.461899E-13
      1013 -6.028318E-03 -1.574787E+00  2.993134E-12
      1014 -9.184044E-03 -1.445152E+00 -1.067313E-12
      1015 -8.771573E-03 -1.372910E+00 -1.280059E-11
      1016 -1.121264E-02 -1.316008E+00 -4.504397E-12
      1017 -1.048402E-02 -1.242796E+00 -8.093692E-12
      1018 -1.269713E-02 -1.130225E+00 -4.593825E-12
      1019 -1.192445E-02 -9.644910E-01 -3.820610E-12
      1020 -1.194467E-02 -7.416713E-01 -1.236916E-11
      1021 -1.393810E-02 -4.682645E-01 -4.335865E-12
      1022 -1.120355E-02 -1.602451E-01 -4.557466E-14

 total force (fx,fy,fz) for set NSET_IND_TOP and time  0.1161200E+00

       -1.070631E-01 -1.562576E+01 -5.899106E-11

                                INCREMENT    40


 displacements (vx,vy,vz) for set NSET_IND_TOP and time  0.1241200E+00

        10  1.410169E-05 -1.253612E-01  0.000000E+00
        11  0.000000E+00 -1.253612E-01  0.000000E+00
      1004  1.383454E-05 -1.253612E-01  0.000000E+00
      1005  1.352166E-05 -1.253612E-01  0.000000E+00
      1006  1.302613E-05 -1.253612E-01  0.000000E+00
      1007  1.223858E-05 -1.253612E-01  0.000000E+00
      1008  1.108672E-05 -1.253612E-01  0.000000E+00
      1009  9.532760E-06 -1.253612E-01  0.000000E+00
      1010  7.579546E-06 -1.253612E-01  0.000000E+00
      1011  5.274395E-06 -1.253612E-01  0.000000E+00
      1012  2.708370E-06 -1.253612E-01  0.000000E+00
      1013  1.396354E-05 -1.253612E-01  0.000000E+00
      1014  1.369212E-05 -1.253612E-01  0.000000E+00
      1015  1.330334E-05 -1.253612E-01  0.000000E+00
      1016  1.267319E-05 -1.253612E-01  0.000000E+00
      1017  1.171065E-05 -1.253612E-01  0.000000E+00
      1018  1.035983E-05 -1.253612E-01  0.000000E+00
      1019  8.603391E-06 -1.253612E-01  0.000000E+00
      1020  6.466682E-06 -1.253612E-01  0.000000E+00
      1021  4.017763E-06 -1.253612E-01  0.000000E+00
      1022  1.364435E-06 -1.253612E-01  0.000000E+00

 forces (fx,fy,fz) for set NSET_IND_TOP and time  0.1241200E+00

        10  1.195167E-04 -4.947377E-01 -4.966115E-12
        11  1.812166E-05 -1.177237E-04  4.289405E-12
      1004  7.314081E-05 -8.864728E-01  2.415870E-12
      1005  2.040196E-05 -8.313667E-01  6.027278E-12
      1006  5.384935E-05 -7.970817E-01  3.379199E-12
      1007  2.745017E-05 -7.617904E-01 -1.773541E-12
      1008  5.035277E-05 -7.088635E-01  6.370591E-12
      1009  2.087260E-05 -6.273503E-01  6.600003E-12
      1010 -2.773348E-06 -5.119190E-01  8.417049E-13
      1011  6.342418E-06 -3.637742E-01 -1.121265E-11
      1012 -1.730822E-06 -1.890856E-01 -8.219662E-13
      1013 -7.144174E-03 -1.865900E+00 -7.319395E-12
      1014 -1.088399E-02 -1.712329E+00  1.420047E-11
      1015 -1.039515E-02 -1.626767E+00  2.144951E-13
      1016 -1.328803E-02 -1.559379E+00 -5.683565E-12
      1017 -1.242455E-02 -1.472658E+00 -2.648215E-12
      1018 -1.504729E-02 -1.339290E+00 -2.663425E-12
      1019 -1.413161E-02 -1.142915E+00  5.239864E-12
      1020 -1.415559E-02 -8.788843E-01 -1.344097E-11
      1021 -1.651802E-02 -5.548996E-01 -2.194078E-12
      1022 -1.327731E-02 -1.898932E-01  9.636070E-12

 total force (fx,fy,fz) for set NSET_IND_TOP and time  0.1241200E+00

       -1.268802E-01 -1.851547E+01  6.491034E-12

                                INCREMENT    50


 displacements (vx,vy,vz) for set NSET_IND_TOP and time  0.1321200E+00

        10  1.648258E-05 -1.334412E-01  0.000000E+00
        11  0.000000E+00 -1.334412E-01  0.000000E+00
      1004  1.617041E-05 -1.334412E-01  0.000000E+00
      1005  1.580477E-05 -1.334412E-01  0.000000E+00
      1006  1.522564E-05 -1.334412E-01  0.000000E+00
      1007  1.430518E-05 -1.334412E-01  0.000000E+00
      1008  1.295886E-05 -1.334412E-01  0.000000E+00
      1009  1.114254E-05 -1.334412E-01  0.000000E+00
      1010  8.859520E-06 -1.334412E-01  0.000000E+00
      1011  6.165110E-06 -1.334412E-01  0.000000E+00
      1012  3.165752E-06 -1.334412E-01  0.000000E+00
      1013  1.632114E-05 -1.334412E-01  0.000000E+00
      1014  1.600398E-05 -1.334412E-01  0.000000E+00
      1015  1.554963E-05 -1.334412E-01  0.000000E+00
      1016  1.481314E-05 -1.334412E-01  0.000000E+00
      1017  1.368813E-05 -1.334412E-01  0.000000E+00
      1018  1.210925E-05 -1.334412E-01  0.000000E+00
      1019  1.005625E-05 -1.334412E-01  0.000000E+00
      1020  7.558736E-06 -1.334412E-01  0.000000E+00
      1021  4.696268E-06 -1.334412E-01  0.000000E+00
      1022  1.594858E-06 -1.334412E-01  0.000000E+00

 forces (fx,fy,fz) for set NSET_IND_TOP and time  0.1321200E+00

        10  1.396958E-04 -5.781722E-01 -3.960538E-12
        11  2.118163E-05 -1.376161E-04  6.754819E-12
      1004  8.548771E-05 -1.035983E+00 -1.215207E-11
      1005  2.384147E-05 -9.716038E-01 -9.400487E-12
      1006  6.293724E-05 -9.315586E-01 -6.567554E-12
      1007  3.208017E-05 -8.903342E-01  3.846284E-12
      1008  5.885207E-05 -8.284933E-01  2.517997E-12
      1009  2.439317E-05 -7.332359E-01  1.936412E-11
      1010 -3.245223E-06 -5.983296E-01 -9.833197E-12
      1011  7.409271E-06 -4.251824E-01 -3.629329E-12
      1012 -2.026490E-06 -2.210061E-01  4.354241E-12
      1013 -8.350857E-03 -2.180583E+00 -4.943351E-12
      1014 -1.272230E-02 -2.001146E+00 -7.866208E-12
      1015 -1.215086E-02 -1.901198E+00  4.035494E-12
      1016 -1.553231E-02 -1.822486E+00 -3.948564E-12
      1017 -1.452299E-02 -1.721170E+00 -5.277223E-12
      1018 -1.758871E-02 -1.565325E+00 -1.833422E-12
      1019 -1.651839E-02 -1.335827E+00  3.528011E-12
      1020 -1.654644E-02 -1.027242E+00 -4.814760E-12
      1021 -1.930790E-02 -6.485729E-01 -3.850031E-12
      1022 -1.551985E-02 -2.219502E-01  6.674161E-12

 total force (fx,fy,fz) for set NSET_IND_TOP and time  0.1321200E+00

       -1.483100E-01 -2.163954E+01 -2.700161E-11

                                INCREMENT    60


 displacements (vx,vy,vz) for set NSET_IND_TOP and time  0.1401200E+00

        10  1.902500E-05 -1.415212E-01  0.000000E+00
        11  0.000000E+00 -1.415212E-01  0.000000E+00
      1004  1.866477E-05 -1.415212E-01  0.000000E+00
      1005  1.824282E-05 -1.415212E-01  0.000000E+00
      1006  1.757443E-05 -1.415212E-01  0.000000E+00
      1007  1.651205E-05 -1.415212E-01  0.000000E+00
      1008  1.495810E-05 -1.415212E-01  0.000000E+00
      1009  1.286162E-05 -1.415212E-01  0.000000E+00
      1010  1.022641E-05 -1.415212E-01  0.000000E+00
      1011  7.116310E-06 -1.415212E-01  0.000000E+00
      1012  3.654195E-06 -1.415212E-01  0.000000E+00
      1013  1.883870E-05 -1.415212E-01  0.000000E+00
      1014  1.847271E-05 -1.415212E-01  0.000000E+00
      1015  1.794836E-05 -1.415212E-01  0.000000E+00
      1016  1.709834E-05 -1.415212E-01  0.000000E+00
      1017  1.579984E-05 -1.415212E-01  0.000000E+00
      1018  1.397744E-05 -1.415212E-01  0.000000E+00
      1019  1.160775E-05 -1.415212E-01  0.000000E+00
      1020  8.724945E-06 -1.415212E-01  0.000000E+00
      1021  5.420850E-06 -1.415212E-01  0.000000E+00
      1022  1.840929E-06 -1.415212E-01  0.000000E+00

 forces (fx,fy,fz) for set NSET_IND_TOP and time  0.1401200E+00

        10  1.612438E-04 -6.672382E-01 -3.181119E-12
        11  2.444926E-05 -1.588629E-04 -3.077654E-12
      1004  9.867154E-05 -1.195588E+00  5.988873E-14
      1005  2.751274E-05 -1.121316E+00  2.539599E-12
      1006  7.264039E-05 -1.075128E+00  4.117010E-12
      1007  3.702281E-05 -1.027576E+00  3.715591E-12
      1008  6.792723E-05 -9.562231E-01 -3.163918E-12
      1009  2.815144E-05 -8.462946E-01 -8.150467E-13
      1010 -3.750250E-06 -6.905963E-01 -1.233102E-11
      1011  8.547213E-06 -4.907533E-01  1.132798E-12
      1012 -2.343310E-06 -2.550908E-01 -6.337484E-12
      1013 -9.639545E-03 -2.516508E+00 -1.283473E-12
      1014 -1.468552E-02 -2.309471E+00  1.734723E-13
      1015 -1.402586E-02 -2.194177E+00  4.637513E-12
      1016 -1.792907E-02 -2.103389E+00 -8.735568E-12
      1017 -1.676400E-02 -1.986503E+00  4.843292E-12
      1018 -2.030280E-02 -1.806669E+00  8.739676E-12
      1019 -1.906734E-02 -1.541810E+00 -7.609358E-12
      1020 -1.909974E-02 -1.185656E+00 -1.853562E-11
      1021 -2.228735E-02 -7.485968E-01  4.279577E-12
      1022 -1.791477E-02 -2.561807E-01 -6.193379E-12

 total force (fx,fy,fz) for set NSET_IND_TOP and time  0.1401200E+00

       -1.711959E-01 -2.497493E+01 -3.702522E-11

                                INCREMENT    70


 displacements (vx,vy,vz) for set NSET_IND_TOP and time  0.1481200E+00

        10  2.172412E-05 -1.496012E-01  0.000000E+00
        11  0.000000E+00 -1.496012E-01  0.000000E+00
      1004  2.131290E-05 -1.496012E-01  0.000000E+00
      1005  2.083119E-05 -1.496012E-01  0.000000E+00
      1006  2.006808E-05 -1.496012E-01  0.000000E+00
      1007  1.885504E-05 -1.496012E-01  0.000000E+00
      1008  1.708068E-05 -1.496012E-01  0.000000E+00
      1009  1.468676E-05 -1.496012E-01  0.000000E+00
      1010  1.167764E-05 -1.496012E-01  0.000000E+00
      1011  8.126214E-06 -1.496012E-01  0.000000E+00
      1012  4.172784E-06 -1.496012E-01  0.000000E+00
      1013  2.151146E-05 -1.496012E-01  0.000000E+00
      1014  2.109365E-05 -1.496012E-01  0.000000E+00
      1015  2.049501E-05 -1.496012E-01  0.000000E+00
      1016  1.952448E-05 -1.496012E-01  0.000000E+00
      1017  1.804182E-05 -1.496012E-01  0.000000E+00
      1018  1.596090E-05 -1.496012E-01  0.000000E+00
      1019  1.325499E-05 -1.496012E-01  0.000000E+00
      1020  9.963123E-06 -1.496012E-01  0.000000E+00
      1021  6.190151E-06 -1.496012E-01  0.000000E+00
      1022  2.102187E-06 -1.496012E-01  0.000000E+00

 forces (fx,fy,fz) for set NSET_IND_TOP and time  0.1481200E+00

        10  1.841200E-04 -7.617587E-01 -7.317935E-12
        11  2.791835E-05 -1.814252E-04  3.324478E-12
      1004  1.126672E-04 -1.364973E+00 -2.308124E-12
      1005  3.140833E-05 -1.280209E+00  2.435658E-12
      1006  8.294007E-05 -1.227511E+00  8.846061E-12
      1007  4.226827E-05 -1.173250E+00  5.736729E-12
      1008  7.756083E-05 -1.091807E+00 -3.164116E-12
      1009  3.213992E-05 -9.663095E-01 -1.945422E-11
      1010 -4.287827E-06 -7.885428E-01  8.551953E-12
      1011  9.753688E-06 -5.603622E-01 -2.528060E-12
      1012 -2.681024E-06 -2.912749E-01  8.047034E-12
      1013 -1.100784E-02 -2.873010E+00 -1.688588E-11
      1014 -1.677001E-02 -2.636694E+00  2.594747E-11
      1015 -1.601666E-02 -2.505131E+00 -1.035461E-11
      1016 -2.047385E-02 -2.401544E+00 -1.287859E-12
      1017 -1.914340E-02 -2.268145E+00  8.039347E-12
      1018 -2.318449E-02 -2.062857E+00 -3.235412E-12
      1019 -2.177370E-02 -1.760470E+00  6.815326E-12
      1020 -2.181073E-02 -1.353823E+00  2.089551E-12
      1021 -2.545081E-02 -8.547808E-01  7.691403E-12
      1022 -2.045761E-02 -2.925196E-01 -1.052269E-12

 total force (fx,fy,fz) for set NSET_IND_TOP and time  0.1481200E+00

       -1.954953E-01 -2.851515E+01  1.993652E-11

                                INCREMENT    80


 displacements (vx,vy,vz) for set NSET_IND_TOP and time  0.1561200E+00

        10  2.456909E-05 -1.576812E-01  0.000000E+00
        11  0.000000E+00 -1.576812E-01  0.000000E+00
      1004  2.410416E-05 -1.576812E-01  0.000000E+00
      1005  2.355950E-05 -1.576812E-01  0.000000E+00
      1006  2.269656E-05 -1.576812E-01  0.000000E+00
      1007  2.132476E-05 -1.576812E-01  0.000000E+00
      1008  1.931807E-05 -1.576812E-01  0.000000E+00
      1009  1.661066E-05 -1.576812E-01  0.000000E+00
      1010  1.320741E-05 -1.576812E-01  0.000000E+00
      1011  9.190776E-06 -1.576812E-01  0.000000E+00
      1012  4.719444E-06 -1.576812E-01  0.000000E+00
      1013  2.432865E-05 -1.576812E-01  0.000000E+00
      1014  2.385626E-05 -1.576812E-01  0.000000E+00
      1015  2.317934E-05 -1.576812E-01  0.000000E+00
      1016  2.208182E-05 -1.576812E-01  0.000000E+00
      1017  2.040506E-05 -1.576812E-01  0.000000E+00
      1018  1.805166E-05 -1.576812E-01  0.000000E+00
      1019  1.499136E-05 -1.576812E-01  0.000000E+00
      1020  1.126831E-05 -1.576812E-01  0.000000E+00
      1021  7.001091E-06 -1.576812E-01  0.000000E+00
      1022  2.377588E-06 -1.576812E-01  0.000000E+00

 forces (fx,fy,fz) for set NSET_IND_TOP and time  0.1561200E+00

        10  2.082322E-04 -8.613416E-01 -6.444935E-12
        11  3.157494E-05 -2.052140E-04  3.625445E-12
      1004  1.274180E-04 -1.543435E+00  4.003129E-12
      1005  3.551192E-05 -1.447628E+00 -2.476689E-12
      1006  9.379427E-05 -1.388081E+00  1.547093E-11
      1007  4.779484E-05 -1.326761E+00  1.814464E-12
      1008  8.771373E-05 -1.234692E+00 -5.227070E-12
      1009  3.634208E-05 -1.092793E+00 -4.823226E-12
      1010 -4.856264E-06 -8.917724E-01 -1.505001E-11
      1011  1.102330E-05 -6.337275E-01  1.097422E-11
      1012 -3.038722E-06 -3.294123E-01  6.596637E-12
      1013 -1.245030E-02 -3.248611E+00  2.219880E-11
      1014 -1.896744E-02 -2.981463E+00  1.328937E-13
      1015 -1.811532E-02 -2.832781E+00  3.296696E-12
      1016 -2.315649E-02 -2.715727E+00  3.323009E-12
      1017 -2.165170E-02 -2.564946E+00  8.963830E-12
      1018 -2.622229E-02 -2.332848E+00 -2.422906E-11
      1019 -2.462668E-02 -1.990920E+00 -1.232436E-11
      1020 -2.466860E-02 -1.531062E+00 -1.303291E-12
      1021 -2.878568E-02 -9.666957E-01  1.755918E-11
      1022 -2.313822E-02 -3.308202E-01 -1.751710E-12

 total force (fx,fy,fz) for set NSET_IND_TOP and time  0.1561200E+00

       -2.211112E-01 -3.224572E+01  2.432887E-11

                                INCREMENT    90


 displacements (vx,vy,vz) for set NSET_IND_TOP and time  0.1641200E+00

        10  2.596694E-05 -1.657612E-01  0.000000E+00
        11  0.000000E+00 -1.657612E-01  0.000000E+00
      1004  2.547602E-05 -1.657612E-01  0.000000E+00
      1005  2.490082E-05 -1.657612E-01  0.000000E+00
      1006  2.398916E-05 -1.657612E-01  0.000000E+00
      1007  2.253961E-05 -1.657612E-01  0.000000E+00
      1008  2.041894E-05 -1.657612E-01  0.000000E+00
      1009  1.755750E-05 -1.657612E-01  0.000000E+00
      1010  1.396045E-05 -1.657612E-01  0.000000E+00
      1011  9.714900E-06 -1.657612E-01  0.000000E+00
      1012  4.988613E-06 -1.657612E-01  0.000000E+00
      1013  2.571305E-05 -1.657612E-01  0.000000E+00
      1014  2.521425E-05 -1.657612E-01  0.000000E+00
      1015  2.449923E-05 -1.657612E-01  0.000000E+00
      1016  2.333961E-05 -1.657612E-01  0.000000E+00
      1017  2.156770E-05 -1.657612E-01  0.000000E+00
      1018  1.908050E-05 -1.657612E-01  0.000000E+00
      1019  1.584601E-05 -1.657612E-01  0.000000E+00
      1020  1.191085E-05 -1.657612E-01  0.000000E+00
      1021  7.400372E-06 -1.657612E-01  0.000000E+00
      1022  2.513196E-06 -1.657612E-01  0.000000E+00

 forces (fx,fy,fz) for set NSET_IND_TOP and time  0.1641200E+00

        10  2.200793E-04 -9.097671E-01 -5.843603E-12
        11  3.337307E-05 -2.169909E-04  3.526608E-12
      1004  1.346541E-04 -1.630283E+00  4.690261E-12
      1005  3.750048E-05 -1.529213E+00 -1.183756E-11
      1006  9.910584E-05 -1.466450E+00  5.803117E-12
      1007  5.048506E-05 -1.401796E+00  9.794376E-12
      1008  9.269016E-05 -1.304623E+00 -1.578038E-12
      1009  3.838739E-05 -1.154763E+00 -1.631624E-12
      1010 -5.155405E-06 -9.423898E-01 -8.829420E-12
      1011  1.162497E-05 -6.697226E-01 -2.212255E-11
      1012 -3.233466E-06 -3.481301E-01  1.405515E-11
      1013 -1.316154E-02 -3.431312E+00  1.110811E-11
      1014 -2.005069E-02 -3.149350E+00 -2.504374E-11
      1015 -1.914971E-02 -2.992571E+00  1.262701E-11
      1016 -2.447858E-02 -2.869184E+00  2.267075E-12
      1017 -2.288785E-02 -2.710114E+00  3.676615E-12
      1018 -2.771944E-02 -2.465056E+00  3.401168E-12
      1019 -2.603284E-02 -2.103872E+00 -1.164835E-11
      1020 -2.607727E-02 -1.617994E+00 -1.893596E-12
      1021 -3.042958E-02 -1.021613E+00 -8.960610E-13
      1022 -2.445967E-02 -3.496189E-01  7.267298E-12

 total force (fx,fy,fz) for set NSET_IND_TOP and time  0.1641200E+00

       -2.337377E-01 -3.406804E+01 -1.310776E-11

                                INCREMENT   100


 displacements (vx,vy,vz) for set NSET_IND_TOP and time  0.1721200E+00

        10  2.806172E-05 -1.738412E-01  0.000000E+00
        11  0.000000E+00 -1.738412E-01  0.000000E+00
      1004  2.753162E-05 -1.738412E-01  0.000000E+00
      1005  2.691041E-05 -1.738412E-01  0.000000E+00
      1006  2.592556E-05 -1.738412E-01  0.000000E+00
      1007  2.435934E-05 -1.738412E-01  0.000000E+00
      1008  2.206776E-05 -1.738412E-01  0.000000E+00
      1009  1.897550E-05 -1.738412E-01  0.000000E+00
      1010  1.508810E-05 -1.738412E-01  0.000000E+00
      1011  1.049971E-05 -1.738412E-01  0.000000E+00
      1012  5.391644E-06 -1.738412E-01  0.000000E+00
      1013  2.778756E-05 -1.738412E-01  0.000000E+00
      1014  2.724893E-05 -1.738412E-01  0.000000E+00
      1015  2.647661E-05 -1.738412E-01  0.000000E+00
      1016  2.522375E-05 -1.738412E-01  0.000000E+00
      1017  2.330913E-05 -1.738412E-01  0.000000E+00
      1018  2.062137E-05 -1.738412E-01  0.000000E+00
      1019  1.712588E-05 -1.738412E-01  0.000000E+00
      1020  1.287301E-05 -1.738412E-01  0.000000E+00
      1021  7.998232E-06 -1.738412E-01  0.000000E+00
      1022  2.716242E-06 -1.738412E-01  0.000000E+00

 forces (fx,fy,fz) for set NSET_IND_TOP and time  0.1721200E+00

        10  2.378331E-04 -9.826314E-01 -2.040538E-12
        11  3.606677E-05 -2.345872E-04 -4.767436E-12
      1004  1.455047E-04 -1.760921E+00  7.004733E-12
      1005  4.049671E-05 -1.651869E+00  1.045032E-11
      1006  1.070782E-04 -1.584200E+00 -6.928783E-12
      1007  5.453126E-05 -1.514470E+00 -1.328334E-11
      1008  1.001547E-04 -1.409581E+00  6.853356E-12
      1009  4.146373E-05 -1.247732E+00 -9.623936E-13
      1010 -5.592072E-06 -1.018304E+00 -1.098612E-11
      1011  1.253956E-05 -7.236942E-01  1.255556E-11
      1012 -3.514188E-06 -3.761921E-01 -5.961569E-12
      1013 -1.422592E-02 -3.706185E+00 -1.622702E-12
      1014 -2.167193E-02 -3.401828E+00  1.188483E-11
      1015 -2.069792E-02 -3.232729E+00  1.927469E-11
      1016 -2.645747E-02 -3.099687E+00 -4.763412E-12
      1017 -2.473812E-02 -2.928046E+00  1.218714E-11
      1018 -2.996035E-02 -2.663443E+00  7.164047E-12
      1019 -2.813750E-02 -2.273300E+00  1.108680E-11
      1020 -2.818563E-02 -1.748357E+00 -5.975664E-12
      1021 -3.288993E-02 -1.103952E+00 -1.007117E-11
      1022 -2.643739E-02 -3.778017E-01 -2.264899E-11

 total force (fx,fy,fz) for set NSET_IND_TOP and time  0.1721200E+00

       -2.526356E-01 -3.680516E+01  8.449358E-12

                                INCREMENT   110


 displacements (vx,vy,vz) for set NSET_IND_TOP and time  0.1801200E+00

        10  3.164460E-05 -1.819212E-01  0.000000E+00
        11  0.000000E+00 -1.819212E-01  0.000000E+00
      1004  3.104697E-05 -1.819212E-01  0.000000E+00
      1005  3.034657E-05 -1.819212E-01  0.000000E+00
      1006  2.923609E-05 -1.819212E-01  0.000000E+00
      1007  2.746999E-05 -1.819212E-01  0.000000E+00
      1008  2.488586E-05 -1.819212E-01  0.000000E+00
      1009  2.139879E-05 -1.819212E-01  0.000000E+00
      1010  1.701500E-05 -1.819212E-01  0.000000E+00
      1011  1.184065E-05 -1.819212E-01  0.000000E+00
      1012  6.080232E-06 -1.819212E-01  0.000000E+00
      1013  3.133552E-05 -1.819212E-01  0.000000E+00
      1014  3.072825E-05 -1.819212E-01  0.000000E+00
      1015  2.985744E-05 -1.819212E-01  0.000000E+00
      1016  2.844472E-05 -1.819212E-01  0.000000E+00
      1017  2.628571E-05 -1.819212E-01  0.000000E+00
      1018  2.325481E-05 -1.819212E-01  0.000000E+00
      1019  1.931300E-05 -1.819212E-01  0.000000E+00
      1020  1.451704E-05 -1.819212E-01  0.000000E+00
      1021  9.019711E-06 -1.819212E-01  0.000000E+00
      1022  3.063146E-06 -1.819212E-01  0.000000E+00

 forces (fx,fy,fz) for set NSET_IND_TOP and time  0.1801200E+00

        10  2.681991E-04 -1.107916E+00 -1.167325E-11
        11  4.067160E-05 -2.645674E-04  7.577516E-12
      1004  1.640782E-04 -1.985461E+00  4.643660E-12
      1005  4.565723E-05 -1.862542E+00 -7.165068E-12
      1006  1.207415E-04 -1.786286E+00  3.096336E-11
      1007  6.148413E-05 -1.707701E+00 -1.396342E-11
      1008  1.129368E-04 -1.589459E+00  1.929510E-11
      1009  4.674999E-05 -1.406979E+00 -8.529974E-12
      1010 -6.313484E-06 -1.148283E+00 -5.139791E-12
      1011  1.413200E-05 -8.160758E-01  6.449205E-12
      1012 -3.970055E-06 -4.242162E-01 -5.459157E-12
      1013 -1.604315E-02 -4.178740E+00 -6.872392E-12
      1014 -2.444023E-02 -3.835641E+00  1.730505E-12
      1015 -2.334173E-02 -3.645063E+00 -2.569389E-12
      1016 -2.983692E-02 -3.495134E+00  6.400214E-12
      1017 -2.789794E-02 -3.301666E+00 -1.144462E-11
      1018 -3.378721E-02 -3.003352E+00 -1.268596E-11
      1019 -3.173154E-02 -2.563454E+00  6.840306E-12
      1020 -3.178585E-02 -1.971531E+00 -2.280576E-11
      1021 -3.709108E-02 -1.244877E+00  1.345501E-11
      1022 -2.981435E-02 -4.260315E-01  2.171818E-12

 total force (fx,fy,fz) for set NSET_IND_TOP and time  0.1801200E+00

       -2.849056E-01 -4.150067E+01 -8.782083E-12

                                INCREMENT   120


 displacements (vx,vy,vz) for set NSET_IND_TOP and time  0.1881200E+00

        10  3.540196E-05 -1.900012E-01  0.000000E+00
        11  0.000000E+00 -1.900012E-01  0.000000E+00
      1004  3.473353E-05 -1.900012E-01  0.000000E+00
      1005  3.395014E-05 -1.900012E-01  0.000000E+00
      1006  3.270794E-05 -1.900012E-01  0.000000E+00
      1007  3.073224E-05 -1.900012E-01  0.000000E+00
      1008  2.784135E-05 -1.900012E-01  0.000000E+00
      1009  2.394023E-05 -1.900012E-01  0.000000E+00
      1010  1.903586E-05 -1.900012E-01  0.000000E+00
      1011  1.324699E-05 -1.900012E-01  0.000000E+00
      1012  6.802406E-06 -1.900012E-01  0.000000E+00
      1013  3.505626E-05 -1.900012E-01  0.000000E+00
      1014  3.437706E-05 -1.900012E-01  0.000000E+00
      1015  3.340300E-05 -1.900012E-01  0.000000E+00
      1016  3.182267E-05 -1.900012E-01  0.000000E+00
      1017  2.940738E-05 -1.900012E-01  0.000000E+00
      1018  2.601664E-05 -1.900012E-01  0.000000E+00
      1019  2.160676E-05 -1.900012E-01  0.000000E+00
      1020  1.624124E-05 -1.900012E-01  0.000000E+00
      1021  1.009101E-05 -1.900012E-01  0.000000E+00
      1022  3.426970E-06 -1.900012E-01  0.000000E+00

 forces (fx,fy,fz) for set NSET_IND_TOP and time  0.1881200E+00

        10  3.000438E-04 -1.239250E+00  8.246749E-12
        11  4.550067E-05 -2.960159E-04  5.068581E-12
      1004  1.835549E-04 -2.220849E+00 -1.125597E-11
      1005  5.106612E-05 -2.083406E+00 -8.151977E-13
      1006  1.350677E-04 -1.998160E+00 -1.491263E-12
      1007  6.877282E-05 -1.910301E+00  4.476798E-12
      1008  1.263399E-04 -1.778070E+00 -1.275269E-11
      1009  5.229145E-05 -1.573962E+00  1.304443E-12
      1010 -7.072156E-06 -1.284581E+00 -4.921873E-12
      1011  1.579952E-05 -9.129503E-01 -1.208607E-11
      1012 -4.450178E-06 -4.745767E-01 -1.474000E-11
      1013 -1.794913E-02 -4.674118E+00  1.266021E-11
      1014 -2.734369E-02 -4.290425E+00  5.132894E-12
      1015 -2.611462E-02 -4.077354E+00  5.973000E-14
      1016 -3.338134E-02 -3.909745E+00  4.129919E-12
      1017 -3.121200E-02 -3.693412E+00 -1.112277E-11
      1018 -3.780087E-02 -3.359768E+00  7.149170E-12
      1019 -3.550104E-02 -2.867710E+00 -2.220557E-11
      1020 -3.556183E-02 -2.205556E+00  8.520962E-12
      1021 -4.149733E-02 -1.392657E+00 -6.892042E-12
      1022 -3.335617E-02 -4.766078E-01 -6.318279E-13

 total force (fx,fy,fz) for set NSET_IND_TOP and time  0.1881200E+00

       -3.187511E-01 -4.642375E+01 -4.216582E-11

                                INCREMENT   130


 displacements (vx,vy,vz) for set NSET_IND_TOP and time  0.1961200E+00

        10  3.932735E-05 -1.980812E-01  0.000000E+00
        11  0.000000E+00 -1.980812E-01  0.000000E+00
      1004  3.858501E-05 -1.980812E-01  0.000000E+00
      1005  3.771493E-05 -1.980812E-01  0.000000E+00
      1006  3.633516E-05 -1.980812E-01  0.000000E+00
      1007  3.414051E-05 -1.980812E-01  0.000000E+00
      1008  3.092915E-05 -1.980812E-01  0.000000E+00
      1009  2.659547E-05 -1.980812E-01  0.000000E+00
      1010  2.114722E-05 -1.980812E-01  0.000000E+00
      1011  1.471632E-05 -1.980812E-01  0.000000E+00
      1012  7.556928E-06 -1.980812E-01  0.000000E+00
      1013  3.894342E-05 -1.980812E-01  0.000000E+00
      1014  3.818910E-05 -1.980812E-01  0.000000E+00
      1015  3.710722E-05 -1.980812E-01  0.000000E+00
      1016  3.535179E-05 -1.980812E-01  0.000000E+00
      1017  3.266880E-05 -1.980812E-01  0.000000E+00
      1018  2.890213E-05 -1.980812E-01  0.000000E+00
      1019  2.400323E-05 -1.980812E-01  0.000000E+00
      1020  1.804267E-05 -1.980812E-01  0.000000E+00
      1021  1.121030E-05 -1.980812E-01  0.000000E+00
      1022  3.807091E-06 -1.980812E-01  0.000000E+00

 forces (fx,fy,fz) for set NSET_IND_TOP and time  0.1961200E+00

        10  3.333124E-04 -1.376409E+00 -4.423614E-12
        11  5.054560E-05 -3.288786E-04 -3.730677E-12
      1004  2.039014E-04 -2.466682E+00 -7.808832E-13
      1005  5.671406E-05 -2.314082E+00  4.206605E-12
      1006  1.500322E-04 -2.219459E+00 -1.374918E-12
      1007  7.638470E-05 -2.121924E+00 -6.120881E-13
      1008  1.403407E-04 -1.975088E+00 -7.610743E-12
      1009  5.807847E-05 -1.748396E+00 -1.330706E-12
      1010 -7.866873E-06 -1.426965E+00 -1.693547E-11
      1011  1.753912E-05 -1.014152E+00 -6.462474E-12
      1012 -4.953832E-06 -5.271872E-01 -3.598683E-13
      1013 -1.994059E-02 -5.191470E+00 -1.831202E-11
      1014 -3.037734E-02 -4.765401E+00 -1.133371E-11
      1015 -2.901182E-02 -4.528862E+00  7.830736E-12
      1016 -3.708464E-02 -4.342810E+00 -1.279044E-11
      1017 -3.467461E-02 -4.102614E+00 -1.250022E-11
      1018 -4.199445E-02 -3.732080E+00 -2.257727E-11
      1019 -3.943951E-02 -3.185545E+00 -9.060086E-12
      1020 -3.950709E-02 -2.450032E+00 -7.714496E-12
      1021 -4.610112E-02 -1.547039E+00 -8.402834E-12
      1022 -3.705679E-02 -5.294438E-01  2.055689E-12

 total force (fx,fy,fz) for set NSET_IND_TOP and time  0.1961200E+00

       -3.541139E-01 -5.156597E+01 -1.322195E-10

                                INCREMENT   135


 displacements (vx,vy,vz) for set NSET_IND_TOP and time  0.2000000E+00

        10  4.128513E-05 -2.020000E-01  0.000000E+00
        11  0.000000E+00 -2.020000E-01  0.000000E+00
      1004  4.050594E-05 -2.020000E-01  0.000000E+00
      1005  3.959264E-05 -2.020000E-01  0.000000E+00
      1006  3.814427E-05 -2.020000E-01  0.000000E+00
      1007  3.584043E-05 -2.020000E-01  0.000000E+00
      1008  3.246924E-05 -2.020000E-01  0.000000E+00
      1009  2.791983E-05 -2.020000E-01  0.000000E+00
      1010  2.220031E-05 -2.020000E-01  0.000000E+00
      1011  1.544919E-05 -2.020000E-01  0.000000E+00
      1012  7.933265E-06 -2.020000E-01  0.000000E+00
      1013  4.088214E-05 -2.020000E-01  0.000000E+00
      1014  4.009037E-05 -2.020000E-01  0.000000E+00
      1015  3.895472E-05 -2.020000E-01  0.000000E+00
      1016  3.711198E-05 -2.020000E-01  0.000000E+00
      1017  3.429547E-05 -2.020000E-01  0.000000E+00
      1018  3.034132E-05 -2.020000E-01  0.000000E+00
      1019  2.519853E-05 -2.020000E-01  0.000000E+00
      1020  1.894117E-05 -2.020000E-01  0.000000E+00
      1021  1.176857E-05 -2.020000E-01  0.000000E+00
      1022  3.996686E-06 -2.020000E-01  0.000000E+00

 forces (fx,fy,fz) for set NSET_IND_TOP and time  0.2000000E+00

        10  3.499050E-04 -1.444797E+00 -1.385789E-12
        11  5.306174E-05 -3.452720E-04 -5.461920E-12
      1004  2.140486E-04 -2.589259E+00 -1.803686E-12
      1005  5.952985E-05 -2.429105E+00  2.205912E-11
      1006  1.574948E-04 -2.329811E+00  5.391502E-12
      1007  8.018005E-05 -2.227456E+00 -1.373351E-12
      1008  1.473229E-04 -2.073340E+00 -1.918171E-11
      1009  6.096387E-05 -1.835388E+00  2.409815E-12
      1010 -8.264057E-06 -1.497974E+00  2.239864E-12
      1011  1.840580E-05 -1.064624E+00  1.083070E-12
      1012 -5.205823E-06 -5.534258E-01  2.929922E-13
      1013 -2.093392E-02 -5.449427E+00  1.478695E-11
      1014 -3.189051E-02 -5.002236E+00 -9.178214E-13
      1015 -3.045691E-02 -4.754005E+00  1.999445E-11
      1016 -3.893181E-02 -4.558766E+00  9.388046E-13
      1017 -3.640173E-02 -4.306678E+00  1.325984E-11
      1018 -4.408617E-02 -3.917752E+00  4.880762E-12
      1019 -4.140398E-02 -3.344054E+00 -5.414336E-12
      1020 -4.147494E-02 -2.571958E+00  5.702105E-12
      1021 -4.839745E-02 -1.624034E+00  4.058975E-12
      1022 -3.890262E-02 -5.557949E-01  1.903788E-11

 total force (fx,fy,fz) for set NSET_IND_TOP and time  0.2000000E+00

       -3.717526E-01 -5.413023E+01  8.059752E-11

                        S T E P       3


                                INCREMENT    10


 displacements (vx,vy,vz) for set NSET_IND_TOP and time  0.2007589E+00

        10  4.167179E-05 -2.027665E-01  0.000000E+00
        11  0.000000E+00 -2.027665E-01  0.000000E+00
      1004  4.088533E-05 -2.027665E-01  0.000000E+00
      1005  3.996350E-05 -2.027665E-01  0.000000E+00
      1006  3.850158E-05 -2.027665E-01  0.000000E+00
      1007  3.617618E-05 -2.027665E-01  0.000000E+00
      1008  3.277342E-05 -2.027665E-01  0.000000E+00
      1009  2.818140E-05 -2.027665E-01  0.000000E+00
      1010  2.240831E-05 -2.027665E-01  0.000000E+00
      1011  1.559394E-05 -2.027665E-01  0.000000E+00
      1012  8.007596E-06 -2.027665E-01  0.000000E+00
      1013  4.126504E-05 -2.027665E-01  0.000000E+00
      1014  4.046588E-05 -2.027665E-01  0.000000E+00
      1015  3.931961E-05 -2.027665E-01  0.000000E+00
      1016  3.745963E-05 -2.027665E-01  0.000000E+00
      1017  3.461676E-05 -2.027665E-01  0.000000E+00
      1018  3.062557E-05 -2.027665E-01  0.000000E+00
      1019  2.543461E-05 -2.027665E-01  0.000000E+00
      1020  1.911863E-05 -2.027665E-01  0.000000E+00
      1021  1.187884E-05 -2.027665E-01  0.000000E+00
      1022  4.034134E-06 -2.027665E-01  0.000000E+00

 forces (fx,fy,fz) for set NSET_IND_TOP and time  0.2007589E+00

        10  3.531821E-04 -1.458300E+00  2.960176E-12
        11  5.355869E-05 -3.485103E-04  2.841437E-12
      1004  2.160527E-04 -2.613462E+00 -1.639039E-11
      1005  6.008579E-05 -2.451818E+00  4.566702E-12
      1006  1.589686E-04 -2.351602E+00  1.465588E-11
      1007  8.092946E-05 -2.248296E+00  6.868679E-12
      1008  1.487018E-04 -2.092744E+00 -5.763687E-12
      1009  6.153360E-05 -1.852568E+00 -5.292262E-12
      1010 -8.342640E-06 -1.511998E+00 -1.364937E-11
      1011  1.857681E-05 -1.074592E+00  3.886924E-12
      1012 -5.255725E-06 -5.586079E-01  1.601817E-11
      1013 -2.113012E-02 -5.500361E+00 -1.578959E-12
      1014 -3.218939E-02 -5.049002E+00 -2.742362E-12
      1015 -3.074235E-02 -4.798463E+00 -5.040413E-14
      1016 -3.929666E-02 -4.601411E+00  4.207967E-12
      1017 -3.674286E-02 -4.346976E+00  5.779377E-12
      1018 -4.449932E-02 -3.954420E+00 -1.036082E-11
      1019 -4.179200E-02 -3.375358E+00 -2.471734E-11
      1020 -4.186363E-02 -2.596037E+00  6.106671E-12
      1021 -4.885101E-02 -1.639240E+00 -1.321387E-11
      1022 -3.926721E-02 -5.609991E-01  1.815481E-11

 total force (fx,fy,fz) for set NSET_IND_TOP and time  0.2007589E+00

       -3.752366E-01 -5.463660E+01 -7.712680E-12

                                INCREMENT    20


 displacements (vx,vy,vz) for set NSET_IND_TOP and time  0.2056433E+00

        10  4.421310E-05 -2.076997E-01  0.000000E+00
        11  0.000000E+00 -2.076997E-01  0.000000E+00
      1004  4.337882E-05 -2.076997E-01  0.000000E+00
      1005  4.240091E-05 -2.076997E-01  0.000000E+00
      1006  4.084995E-05 -2.076997E-01  0.000000E+00
      1007  3.838283E-05 -2.076997E-01  0.000000E+00
      1008  3.477260E-05 -2.076997E-01  0.000000E+00
      1009  2.990055E-05 -2.076997E-01  0.000000E+00
      1010  2.377533E-05 -2.076997E-01  0.000000E+00
      1011  1.654527E-05 -2.076997E-01  0.000000E+00
      1012  8.496125E-06 -2.076997E-01  0.000000E+00
      1013  4.378162E-05 -2.076997E-01  0.000000E+00
      1014  4.293386E-05 -2.076997E-01  0.000000E+00
      1015  4.171782E-05 -2.076997E-01  0.000000E+00
      1016  3.974451E-05 -2.076997E-01  0.000000E+00
      1017  3.672834E-05 -2.076997E-01  0.000000E+00
      1018  3.249378E-05 -2.076997E-01  0.000000E+00
      1019  2.698622E-05 -2.076997E-01  0.000000E+00
      1020  2.028499E-05 -2.076997E-01  0.000000E+00
      1021  1.260354E-05 -2.076997E-01  0.000000E+00
      1022  4.280250E-06 -2.076997E-01  0.000000E+00

 forces (fx,fy,fz) for set NSET_IND_TOP and time  0.2056433E+00

        10  3.747202E-04 -1.547051E+00 -5.442901E-12
        11  5.682468E-05 -3.697930E-04 -8.134205E-13
      1004  2.292238E-04 -2.772540E+00  3.841172E-13
      1005  6.373960E-05 -2.601097E+00  1.018025E-11
      1006  1.686544E-04 -2.494825E+00  1.268565E-11
      1007  8.585481E-05 -2.385267E+00  1.649501E-11
      1008  1.577644E-04 -2.220270E+00 -1.261823E-12
      1009  6.527798E-05 -1.965482E+00  4.869259E-12
      1010 -8.859150E-06 -1.604168E+00 -3.179503E-12
      1011  1.970067E-05 -1.140106E+00 -1.560762E-11
      1012 -5.583747E-06 -5.926662E-01 -2.875585E-12
      1013 -2.241962E-02 -5.835129E+00 -6.576961E-12
      1014 -3.415371E-02 -5.356366E+00 -1.906797E-11
      1015 -3.261829E-02 -5.090663E+00  9.008683E-12
      1016 -4.169455E-02 -4.881698E+00  1.668754E-11
      1017 -3.898490E-02 -4.611836E+00 -7.196910E-12
      1018 -4.721466E-02 -4.195416E+00 -8.829382E-12
      1019 -4.434216E-02 -3.581101E+00 -2.061484E-11
      1020 -4.441819E-02 -2.754298E+00  2.324807E-12
      1021 -5.183198E-02 -1.739181E+00  7.839285E-12
      1022 -4.166337E-02 -5.952035E-01  8.999690E-12

 total force (fx,fy,fz) for set NSET_IND_TOP and time  0.2056433E+00

       -3.981341E-01 -5.796473E+01 -1.992625E-12

                                INCREMENT    30


 displacements (vx,vy,vz) for set NSET_IND_TOP and time  0.2106433E+00

        10  2.487261E-05 -2.127497E-01  0.000000E+00
        11  0.000000E+00 -2.127497E-01  0.000000E+00
      1004  2.440418E-05 -2.127497E-01  0.000000E+00
      1005  2.385489E-05 -2.127497E-01  0.000000E+00
      1006  2.298312E-05 -2.127497E-01  0.000000E+00
      1007  2.159579E-05 -2.127497E-01  0.000000E+00
      1008  1.956516E-05 -2.127497E-01  0.000000E+00
      1009  1.682436E-05 -2.127497E-01  0.000000E+00
      1010  1.337820E-05 -2.127497E-01  0.000000E+00
      1011  9.310096E-06 -2.127497E-01  0.000000E+00
      1012  4.780870E-06 -2.127497E-01  0.000000E+00
      1013  2.463033E-05 -2.127497E-01  0.000000E+00
      1014  2.415429E-05 -2.127497E-01  0.000000E+00
      1015  2.347099E-05 -2.127497E-01  0.000000E+00
      1016  2.236155E-05 -2.127497E-01  0.000000E+00
      1017  2.066524E-05 -2.127497E-01  0.000000E+00
      1018  1.828324E-05 -2.127497E-01  0.000000E+00
      1019  1.518475E-05 -2.127497E-01  0.000000E+00
      1020  1.141434E-05 -2.127497E-01  0.000000E+00
      1021  7.092120E-06 -2.127497E-01  0.000000E+00
      1022  2.408557E-06 -2.127497E-01  0.000000E+00

 forces (fx,fy,fz) for set NSET_IND_TOP and time  0.2106433E+00

        10  2.107987E-04 -8.691933E-01 -9.765446E-12
        11  3.196836E-05 -2.082335E-04 -5.832612E-12
      1004  1.289232E-04 -1.557869E+00 -1.143595E-12
      1005  3.579270E-05 -1.461789E+00 -9.749551E-12
      1006  9.482621E-05 -1.402340E+00  5.120870E-12
      1007  4.823847E-05 -1.341008E+00  2.674020E-12
      1008  8.872040E-05 -1.248447E+00  8.944598E-12
      1009  3.667521E-05 -1.105327E+00 -8.660927E-12
      1010 -5.031102E-06 -9.022282E-01 -1.690422E-11
      1011  1.102855E-05 -6.412746E-01 -1.412067E-11
      1012 -3.187114E-06 -3.333714E-01  2.650090E-11
      1013 -1.261799E-02 -3.278526E+00 -1.073808E-11
      1014 -1.922145E-02 -3.009944E+00 -1.512812E-11
      1015 -1.835693E-02 -2.861174E+00 -3.362144E-11
      1016 -2.346455E-02 -2.744256E+00 -2.696965E-11
      1017 -2.193956E-02 -2.593003E+00  1.657030E-11
      1018 -2.657112E-02 -2.359217E+00  1.395117E-11
      1019 -2.495476E-02 -2.014003E+00 -9.734324E-12
      1020 -2.499778E-02 -1.549148E+00 -8.744450E-12
      1021 -2.917038E-02 -9.782553E-01 -6.935563E-12
      1022 -2.344774E-02 -3.348004E-01 -5.091705E-12

 total force (fx,fy,fz) for set NSET_IND_TOP and time  0.2106433E+00

       -2.240635E-01 -3.258538E+01 -1.093785E-10

                                INCREMENT    40


 displacements (vx,vy,vz) for set NSET_IND_TOP and time  0.2156433E+00

        10  2.765026E-05 -2.177997E-01  0.000000E+00
        11  0.000000E+00 -2.177997E-01  0.000000E+00
      1004  2.712968E-05 -2.177997E-01  0.000000E+00
      1005  2.651920E-05 -2.177997E-01  0.000000E+00
      1006  2.555020E-05 -2.177997E-01  0.000000E+00
      1007  2.400803E-05 -2.177997E-01  0.000000E+00
      1008  2.175069E-05 -2.177997E-01  0.000000E+00
      1009  1.870381E-05 -2.177997E-01  0.000000E+00
      1010  1.487274E-05 -2.177997E-01  0.000000E+00
      1011  1.035020E-05 -2.177997E-01  0.000000E+00
      1012  5.314988E-06 -2.177997E-01  0.000000E+00
      1013  2.738100E-05 -2.177997E-01  0.000000E+00
      1014  2.685196E-05 -2.177997E-01  0.000000E+00
      1015  2.609249E-05 -2.177997E-01  0.000000E+00
      1016  2.485927E-05 -2.177997E-01  0.000000E+00
      1017  2.297360E-05 -2.177997E-01  0.000000E+00
      1018  2.032562E-05 -2.177997E-01  0.000000E+00
      1019  1.688108E-05 -2.177997E-01  0.000000E+00
      1020  1.268951E-05 -2.177997E-01  0.000000E+00
      1021  7.884444E-06 -2.177997E-01  0.000000E+00
      1022  2.677642E-06 -2.177997E-01  0.000000E+00

 forces (fx,fy,fz) for set NSET_IND_TOP and time  0.2156433E+00

        10  2.343388E-04 -9.660580E-01 -1.011566E-11
        11  3.553781E-05 -2.315210E-04  7.087530E-12
      1004  1.433152E-04 -1.731509E+00 -1.041485E-12
      1005  3.977776E-05 -1.624766E+00 -4.152719E-12
      1006  1.054056E-04 -1.558740E+00  5.176737E-12
      1007  5.361370E-05 -1.490612E+00  5.153873E-12
      1008  9.862098E-05 -1.387761E+00  1.494658E-11
      1009  4.076111E-05 -1.228696E+00  9.022752E-12
      1010 -5.602021E-06 -1.002945E+00 -8.208402E-12
      1011  1.224937E-05 -7.128687E-01 -4.321241E-12
      1012 -3.551918E-06 -3.705927E-01  1.289746E-11
      1013 -1.402811E-02 -3.643915E+00  2.111628E-11
      1014 -2.136942E-02 -3.345476E+00 -2.363765E-11
      1015 -2.040822E-02 -3.180222E+00 -9.895418E-12
      1016 -2.608653E-02 -3.050362E+00 -2.221556E-12
      1017 -2.439111E-02 -2.882319E+00 -2.665534E-12
      1018 -2.954020E-02 -2.622508E+00  2.553024E-11
      1019 -2.774326E-02 -2.238810E+00  9.068746E-12
      1020 -2.779111E-02 -1.722090E+00  1.723433E-11
      1021 -3.243000E-02 -1.087474E+00  4.335432E-11
      1022 -2.606790E-02 -3.721814E-01  1.182776E-11

 total force (fx,fy,fz) for set NSET_IND_TOP and time  0.2156433E+00

       -2.491014E-01 -3.622013E+01  1.161569E-10

                                INCREMENT    50


 displacements (vx,vy,vz) for set NSET_IND_TOP and time  0.2206433E+00

        10  3.052945E-05 -2.228497E-01  0.000000E+00
        11  0.000000E+00 -2.228497E-01  0.000000E+00
      1004  2.995483E-05 -2.228497E-01  0.000000E+00
      1005  2.928094E-05 -2.228497E-01  0.000000E+00
      1006  2.821118E-05 -2.228497E-01  0.000000E+00
      1007  2.650853E-05 -2.228497E-01  0.000000E+00
      1008  2.401620E-05 -2.228497E-01  0.000000E+00
      1009  2.065205E-05 -2.228497E-01  0.000000E+00
      1010  1.642198E-05 -2.228497E-01  0.000000E+00
      1011  1.142838E-05 -2.228497E-01  0.000000E+00
      1012  5.868659E-06 -2.228497E-01  0.000000E+00
      1013  3.023224E-05 -2.228497E-01  0.000000E+00
      1014  2.964828E-05 -2.228497E-01  0.000000E+00
      1015  2.880988E-05 -2.228497E-01  0.000000E+00
      1016  2.744836E-05 -2.228497E-01  0.000000E+00
      1017  2.536642E-05 -2.228497E-01  0.000000E+00
      1018  2.244274E-05 -2.228497E-01  0.000000E+00
      1019  1.863949E-05 -2.228497E-01  0.000000E+00
      1020  1.401135E-05 -2.228497E-01  0.000000E+00
      1021  8.705774E-06 -2.228497E-01  0.000000E+00
      1022  2.956579E-06 -2.228497E-01  0.000000E+00

 forces (fx,fy,fz) for set NSET_IND_TOP and time  0.2206433E+00

        10  2.587393E-04 -1.066437E+00 -8.605884E-12
        11  3.923763E-05 -2.556639E-04  1.170717E-11
      1004  1.582324E-04 -1.911452E+00  4.395179E-12
      1005  4.390687E-05 -1.793665E+00 -1.284984E-11
      1006  1.163703E-04 -1.720829E+00  1.903637E-11
      1007  5.918383E-05 -1.645665E+00 -1.192575E-11
      1008  1.088825E-04 -1.532153E+00 -8.125538E-12
      1009  4.499503E-05 -1.356565E+00  1.477612E-11
      1010 -6.195042E-06 -1.107337E+00 -1.028205E-11
      1011  1.351335E-05 -7.870773E-01 -1.252177E-12
      1012 -3.931263E-06 -4.091735E-01  1.658951E-11
      1013 -1.548991E-02 -4.022561E+00  1.422529E-12
      1014 -2.359612E-02 -3.693194E+00  6.059264E-12
      1015 -2.253467E-02 -3.510869E+00 -1.500733E-11
      1016 -2.880457E-02 -3.367610E+00 -6.517009E-14
      1017 -2.693247E-02 -3.182176E+00  1.822242E-11
      1018 -3.261806E-02 -2.895401E+00  3.381517E-12
      1019 -3.063391E-02 -2.471820E+00  2.214118E-12
      1020 -3.068678E-02 -1.901346E+00 -2.732259E-12
      1021 -3.580904E-02 -1.200682E+00  2.416778E-11
      1022 -2.878406E-02 -4.109280E-01  2.602651E-11

 total force (fx,fy,fz) for set NSET_IND_TOP and time  0.2206433E+00

       -2.750567E-01 -3.998720E+01  7.715250E-11

                                INCREMENT    60


 displacements (vx,vy,vz) for set NSET_IND_TOP and time  0.2256433E+00

        10  3.352608E-05 -2.278997E-01  0.000000E+00
        11  0.000000E+00 -2.278997E-01  0.000000E+00
      1004  3.289525E-05 -2.278997E-01  0.000000E+00
      1005  3.215539E-05 -2.278997E-01  0.000000E+00
      1006  3.098078E-05 -2.278997E-01  0.000000E+00
      1007  2.911112E-05 -2.278997E-01  0.000000E+00
      1008  2.637421E-05 -2.278997E-01  0.000000E+00
      1009  2.267985E-05 -2.278997E-01  0.000000E+00
      1010  1.803450E-05 -2.278997E-01  0.000000E+00
      1011  1.255060E-05 -2.278997E-01  0.000000E+00
      1012  6.444951E-06 -2.278997E-01  0.000000E+00
      1013  3.319980E-05 -2.278997E-01  0.000000E+00
      1014  3.255871E-05 -2.278997E-01  0.000000E+00
      1015  3.163817E-05 -2.278997E-01  0.000000E+00
      1016  3.014315E-05 -2.278997E-01  0.000000E+00
      1017  2.785695E-05 -2.278997E-01  0.000000E+00
      1018  2.464632E-05 -2.278997E-01  0.000000E+00
      1019  2.046972E-05 -2.278997E-01  0.000000E+00
      1020  1.538719E-05 -2.278997E-01  0.000000E+00
      1021  9.560658E-06 -2.278997E-01  0.000000E+00
      1022  3.246911E-06 -2.278997E-01  0.000000E+00

 forces (fx,fy,fz) for set NSET_IND_TOP and time  0.2256433E+00

        10  2.841348E-04 -1.170876E+00  3.831869E-12
        11  4.308817E-05 -2.807971E-04 -2.905613E-12
      1004  1.737572E-04 -2.098678E+00 -8.587286E-12
      1005  4.820230E-05 -1.969409E+00 -2.732611E-11
      1006  1.277803E-04 -1.889495E+00  1.334534E-11
      1007  6.497903E-05 -1.807017E+00 -1.119589E-11
      1008  1.195611E-04 -1.682418E+00 -5.100627E-12
      1009  4.939982E-05 -1.489640E+00  5.250157E-12
      1010 -6.813884E-06 -1.215982E+00 -1.481252E-11
      1011  1.482690E-05 -8.643097E-01  3.466430E-12
      1012 -4.327700E-06 -4.493268E-01  2.229256E-11
      1013 -1.701151E-02 -4.416529E+00 -1.040668E-11
      1014 -2.591388E-02 -4.054994E+00 -5.133449E-12
      1015 -2.474808E-02 -3.854924E+00 -2.212674E-11
      1016 -3.163374E-02 -3.697739E+00 -6.472045E-12
      1017 -2.957774E-02 -3.494222E+00  9.279355E-12
      1018 -3.582175E-02 -3.179398E+00 -9.326317E-12
      1019 -3.364275E-02 -2.714317E+00 -1.607936E-11
      1020 -3.370084E-02 -2.087904E+00  3.099854E-12
      1021 -3.932625E-02 -1.318504E+00  1.803113E-11
      1022 -3.161129E-02 -4.512537E-01  2.133771E-11

 total force (fx,fy,fz) for set NSET_IND_TOP and time  0.2256433E+00

       -3.020732E-01 -4.390722E+01 -3.953823E-11

                                INCREMENT    70


 displacements (vx,vy,vz) for set NSET_IND_TOP and time  0.2306433E+00

        10  3.660243E-05 -2.329497E-01  0.000000E+00
        11  0.000000E+00 -2.329497E-01  0.000000E+00
      1004  3.591392E-05 -2.329497E-01  0.000000E+00
      1005  3.510636E-05 -2.329497E-01  0.000000E+00
      1006  3.382412E-05 -2.329497E-01  0.000000E+00
      1007  3.178303E-05 -2.329497E-01  0.000000E+00
      1008  2.879504E-05 -2.329497E-01  0.000000E+00
      1009  2.476169E-05 -2.329497E-01  0.000000E+00
      1010  1.969000E-05 -2.329497E-01  0.000000E+00
      1011  1.370274E-05 -2.329497E-01  0.000000E+00
      1012  7.036605E-06 -2.329497E-01  0.000000E+00
      1013  3.624631E-05 -2.329497E-01  0.000000E+00
      1014  3.554659E-05 -2.329497E-01  0.000000E+00
      1015  3.454176E-05 -2.329497E-01  0.000000E+00
      1016  3.290970E-05 -2.329497E-01  0.000000E+00
      1017  3.041381E-05 -2.329497E-01  0.000000E+00
      1018  2.690861E-05 -2.329497E-01  0.000000E+00
      1019  2.234873E-05 -2.329497E-01  0.000000E+00
      1020  1.679970E-05 -2.329497E-01  0.000000E+00
      1021  1.043833E-05 -2.329497E-01  0.000000E+00
      1022  3.544983E-06 -2.329497E-01  0.000000E+00

 forces (fx,fy,fz) for set NSET_IND_TOP and time  0.2306433E+00

        10  3.102059E-04 -1.278062E+00  2.495410E-12
        11  4.704098E-05 -3.066038E-04 -5.823548E-12
      1004  1.896941E-04 -2.290833E+00 -1.164937E-11
      1005  5.261007E-05 -2.149786E+00  4.535743E-12
      1006  1.394922E-04 -2.062617E+00  1.090431E-11
      1007  7.092649E-05 -1.972638E+00  2.297176E-11
      1008  1.305226E-04 -1.836664E+00 -1.432443E-11
      1009  5.392018E-05 -1.626243E+00  8.293266E-12
      1010 -7.450645E-06 -1.327511E+00  2.016566E-12
      1011  1.617363E-05 -9.435934E-01 -2.359423E-12
      1012 -4.736111E-06 -4.905470E-01 -2.298817E-12
      1013 -1.857375E-02 -4.820862E+00  1.331357E-11
      1014 -2.829351E-02 -4.426326E+00 -9.353407E-12
      1015 -2.702056E-02 -4.208058E+00 -1.614486E-11
      1016 -3.453842E-02 -4.036595E+00  7.944312E-12
      1017 -3.229360E-02 -3.814529E+00  1.597389E-11
      1018 -3.911094E-02 -3.470922E+00  9.015677E-12
      1019 -3.673188E-02 -2.963249E+00 -3.531020E-11
      1020 -3.679534E-02 -2.279416E+00  1.087530E-11
      1021 -4.293733E-02 -1.439455E+00  2.798473E-11
      1022 -3.451398E-02 -4.926511E-01  2.607803E-12

 total force (fx,fy,fz) for set NSET_IND_TOP and time  0.2306433E+00

       -3.298109E-01 -4.793086E+01  4.166828E-11

                                INCREMENT    80


 displacements (vx,vy,vz) for set NSET_IND_TOP and time  0.2356433E+00

        10  3.976396E-05 -2.379997E-01  0.000000E+00
        11  0.000000E+00 -2.379997E-01  0.000000E+00
      1004  3.901620E-05 -2.379997E-01  0.000000E+00
      1005  3.813909E-05 -2.379997E-01  0.000000E+00
      1006  3.674627E-05 -2.379997E-01  0.000000E+00
      1007  3.452901E-05 -2.379997E-01  0.000000E+00
      1008  3.128301E-05 -2.379997E-01  0.000000E+00
      1009  2.690128E-05 -2.379997E-01  0.000000E+00
      1010  2.139144E-05 -2.379997E-01  0.000000E+00
      1011  1.488684E-05 -2.379997E-01  0.000000E+00
      1012  7.644679E-06 -2.379997E-01  0.000000E+00
      1013  3.937720E-05 -2.379997E-01  0.000000E+00
      1014  3.861725E-05 -2.379997E-01  0.000000E+00
      1015  3.752582E-05 -2.379997E-01  0.000000E+00
      1016  3.575294E-05 -2.379997E-01  0.000000E+00
      1017  3.304157E-05 -2.379997E-01  0.000000E+00
      1018  2.923365E-05 -2.379997E-01  0.000000E+00
      1019  2.427986E-05 -2.379997E-01  0.000000E+00
      1020  1.825141E-05 -2.379997E-01  0.000000E+00
      1021  1.134036E-05 -2.379997E-01  0.000000E+00
      1022  3.851328E-06 -2.379997E-01  0.000000E+00

 forces (fx,fy,fz) for set NSET_IND_TOP and time  0.2356433E+00

        10  3.369985E-04 -1.388179E+00  3.285826E-12
        11  5.110306E-05 -3.331308E-04 -2.521809E-12
      1004  2.060712E-04 -2.488249E+00 -3.359565E-12
      1005  5.713767E-05 -2.335110E+00 -7.704357E-12
      1006  1.515264E-04 -2.240495E+00 -2.231843E-11
      1007  7.703643E-05 -2.142817E+00  1.089636E-11
      1008  1.417861E-04 -1.995162E+00  2.085275E-11
      1009  5.856384E-05 -1.766617E+00  3.050786E-11
      1010 -8.106715E-06 -1.442120E+00 -1.041715E-12
      1011  1.755562E-05 -1.025069E+00  1.733951E-11
      1012 -5.157488E-06 -5.329071E-01  1.274015E-11
      1013 -2.017942E-02 -5.236259E+00  5.555556E-13
      1014 -3.073930E-02 -4.807832E+00  9.647616E-12
      1015 -2.935620E-02 -4.570886E+00  1.224376E-11
      1016 -3.752380E-02 -4.384770E+00 -1.451572E-11
      1017 -3.508491E-02 -4.143659E+00  3.296918E-12
      1018 -4.249151E-02 -3.770488E+00  1.990896E-11
      1019 -3.990685E-02 -3.219054E+00  1.155853E-11
      1020 -3.997583E-02 -2.476221E+00  3.935297E-12
      1021 -4.664875E-02 -1.563751E+00  2.744915E-12
      1022 -3.749732E-02 -5.351932E-01 -3.045342E-12

 total force (fx,fy,fz) for set NSET_IND_TOP and time  0.2356433E+00

       -3.583194E-01 -5.206517E+01  1.050071E-10

                                INCREMENT    90


 displacements (vx,vy,vz) for set NSET_IND_TOP and time  0.2406433E+00

        10  4.299583E-05 -2.430497E-01  0.000000E+00
        11  0.000000E+00 -2.430497E-01  0.000000E+00
      1004  4.218754E-05 -2.430497E-01  0.000000E+00
      1005  4.123936E-05 -2.430497E-01  0.000000E+00
      1006  3.973352E-05 -2.430497E-01  0.000000E+00
      1007  3.733618E-05 -2.430497E-01  0.000000E+00
      1008  3.382645E-05 -2.430497E-01  0.000000E+00
      1009  2.908858E-05 -2.430497E-01  0.000000E+00
      1010  2.313082E-05 -2.430497E-01  0.000000E+00
      1011  1.609737E-05 -2.430497E-01  0.000000E+00
      1012  8.266323E-06 -2.430497E-01  0.000000E+00
      1013  4.257775E-05 -2.430497E-01  0.000000E+00
      1014  4.175627E-05 -2.430497E-01  0.000000E+00
      1015  4.057634E-05 -2.430497E-01  0.000000E+00
      1016  3.865953E-05 -2.430497E-01  0.000000E+00
      1017  3.572790E-05 -2.430497E-01  0.000000E+00
      1018  3.161053E-05 -2.430497E-01  0.000000E+00
      1019  2.625407E-05 -2.430497E-01  0.000000E+00
      1020  1.973550E-05 -2.430497E-01  0.000000E+00
      1021  1.226252E-05 -2.430497E-01  0.000000E+00
      1022  4.164509E-06 -2.430497E-01  0.000000E+00

 forces (fx,fy,fz) for set NSET_IND_TOP and time  0.2406433E+00

        10  3.643871E-04 -1.500707E+00  5.980008E-13
        11  5.525530E-05 -3.602542E-04  5.610841E-12
      1004  2.228114E-04 -2.689990E+00  1.587929E-12
      1005  6.176353E-05 -2.524504E+00 -1.191904E-11
      1006  1.638262E-04 -2.422290E+00  8.391068E-12
      1007  8.327982E-05 -2.316753E+00  6.046843E-12
      1008  1.532986E-04 -2.157165E+00 -5.053874E-13
      1009  6.330870E-05 -1.910101E+00  1.122710E-11
      1010 -8.779272E-06 -1.559272E+00 -3.227508E-11
      1011  1.896606E-05 -1.108353E+00 -3.535121E-11
      1012 -5.590104E-06 -5.762080E-01  2.782136E-11
      1013 -2.182102E-02 -5.660750E+00  4.529488E-12
      1014 -3.323977E-02 -5.197706E+00  6.168954E-12
      1015 -3.174405E-02 -4.941693E+00 -1.095246E-11
      1016 -4.057591E-02 -4.740620E+00 -1.802714E-11
      1017 -3.793861E-02 -4.480061E+00  1.143552E-11
      1018 -4.594764E-02 -4.076684E+00 -1.020117E-11
      1019 -4.315277E-02 -3.480529E+00 -1.324940E-11
      1020 -4.322740E-02 -2.677392E+00 -1.310219E-11
      1021 -5.044313E-02 -1.690806E+00  2.104938E-11
      1022 -4.054735E-02 -5.786804E-01 -9.750423E-12

 total force (fx,fy,fz) for set NSET_IND_TOP and time  0.2406433E+00

       -3.874651E-01 -5.629063E+01 -5.086700E-11

                                INCREMENT   100


 displacements (vx,vy,vz) for set NSET_IND_TOP and time  0.2420417E+00

        10  4.352307E-05 -2.444622E-01  0.000000E+00
        11  0.000000E+00 -2.444622E-01  0.000000E+00
      1004  4.270502E-05 -2.444622E-01  0.000000E+00
      1005  4.174535E-05 -2.444622E-01  0.000000E+00
      1006  4.022116E-05 -2.444622E-01  0.000000E+00
      1007  3.779452E-05 -2.444622E-01  0.000000E+00
      1008  3.424180E-05 -2.444622E-01  0.000000E+00
      1009  2.944584E-05 -2.444622E-01  0.000000E+00
      1010  2.341496E-05 -2.444622E-01  0.000000E+00
      1011  1.629514E-05 -2.444622E-01  0.000000E+00
      1012  8.367892E-06 -2.444622E-01  0.000000E+00
      1013  4.309994E-05 -2.444622E-01  0.000000E+00
      1014  4.226853E-05 -2.444622E-01  0.000000E+00
      1015  4.107426E-05 -2.444622E-01  0.000000E+00
      1016  3.913405E-05 -2.444622E-01  0.000000E+00
      1017  3.616655E-05 -2.444622E-01  0.000000E+00
      1018  3.199872E-05 -2.444622E-01  0.000000E+00
      1019  2.657654E-05 -2.444622E-01  0.000000E+00
      1020  1.997796E-05 -2.444622E-01  0.000000E+00
      1021  1.241318E-05 -2.444622E-01  0.000000E+00
      1022  4.215681E-06 -2.444622E-01  0.000000E+00

 forces (fx,fy,fz) for set NSET_IND_TOP and time  0.2420417E+00

        10  3.688545E-04 -1.518921E+00 -1.179837E-11
        11  5.593245E-05 -3.647034E-04  3.652676E-12
      1004  2.255385E-04 -2.722666E+00  2.188904E-12
      1005  6.250974E-05 -2.555213E+00  1.261119E-11
      1006  1.658257E-04 -2.451801E+00  1.720850E-11
      1007  8.429026E-05 -2.345021E+00 -1.616980E-11
      1008  1.551720E-04 -2.183519E+00 -7.211141E-12
      1009  6.407615E-05 -1.933460E+00 -5.120451E-12
      1010 -8.895272E-06 -1.578356E+00  1.747286E-11
      1011  1.918878E-05 -1.121926E+00 -8.090099E-13
      1012 -5.666816E-06 -5.832667E-01  3.718596E-13
      1013 -2.208953E-02 -5.729479E+00  1.240630E-11
      1014 -3.364870E-02 -5.260884E+00  4.541367E-12
      1015 -3.213451E-02 -5.001850E+00 -9.467871E-12
      1016 -4.107494E-02 -4.798419E+00 -1.058709E-12
      1017 -3.840519E-02 -4.534759E+00  2.125411E-12
      1018 -4.651271E-02 -4.126514E+00  5.988543E-12
      1019 -4.368349E-02 -3.523111E+00 -9.159340E-13
      1020 -4.375907E-02 -2.710170E+00 -7.185141E-12
      1021 -5.106359E-02 -1.711515E+00  1.932676E-12
      1022 -4.104611E-02 -5.857696E-01 -1.648681E-12

 total force (fx,fy,fz) for set NSET_IND_TOP and time  0.2420417E+00

       -3.922310E-01 -5.697698E+01  1.911517E-11

                                INCREMENT   110


 displacements (vx,vy,vz) for set NSET_IND_TOP and time  0.2458987E+00

        10  4.611852E-05 -2.483577E-01  0.000000E+00
        11  0.000000E+00 -2.483577E-01  0.000000E+00
      1004  4.525187E-05 -2.483577E-01  0.000000E+00
      1005  4.423515E-05 -2.483577E-01  0.000000E+00
      1006  4.262022E-05 -2.483577E-01  0.000000E+00
      1007  4.004898E-05 -2.483577E-01  0.000000E+00
      1008  3.628445E-05 -2.483577E-01  0.000000E+00
      1009  3.120248E-05 -2.483577E-01  0.000000E+00
      1010  2.481189E-05 -2.483577E-01  0.000000E+00
      1011  1.726734E-05 -2.483577E-01  0.000000E+00
      1012  8.867146E-06 -2.483577E-01  0.000000E+00
      1013  4.567025E-05 -2.483577E-01  0.000000E+00
      1014  4.478944E-05 -2.483577E-01  0.000000E+00
      1015  4.352412E-05 -2.483577E-01  0.000000E+00
      1016  4.146833E-05 -2.483577E-01  0.000000E+00
      1017  3.832396E-05 -2.483577E-01  0.000000E+00
      1018  3.390761E-05 -2.483577E-01  0.000000E+00
      1019  2.816205E-05 -2.483577E-01  0.000000E+00
      1020  2.116986E-05 -2.483577E-01  0.000000E+00
      1021  1.315378E-05 -2.483577E-01  0.000000E+00
      1022  4.467203E-06 -2.483577E-01  0.000000E+00

 forces (fx,fy,fz) for set NSET_IND_TOP and time  0.2458987E+00

        10  3.908495E-04 -1.609265E+00 -8.512070E-12
        11  5.926676E-05 -3.864895E-04  1.201454E-11
      1004  2.389814E-04 -2.884638E+00  3.924994E-13
      1005  6.622301E-05 -2.707278E+00 -5.666072E-12
      1006  1.757018E-04 -2.597771E+00 -7.086926E-12
      1007  8.930248E-05 -2.484687E+00  1.372560E-11
      1008  1.644161E-04 -2.313607E+00  3.314315E-12
      1009  6.788511E-05 -2.048681E+00 -4.156326E-12
      1010 -9.436695E-06 -1.672434E+00 -2.224092E-11
      1011  2.031984E-05 -1.188807E+00 -4.543837E-12
      1012 -6.015547E-06 -6.180399E-01 -1.678308E-11
      1013 -2.340799E-02 -6.070287E+00 -1.179845E-11
      1014 -3.565696E-02 -5.573909E+00  1.385336E-11
      1015 -3.405230E-02 -5.299579E+00  1.301959E-12
      1016 -4.352622E-02 -5.084152E+00  1.658851E-11
      1017 -4.069711E-02 -4.804886E+00  4.413359E-12
      1018 -4.928846E-02 -4.372393E+00 -7.056578E-13
      1019 -4.629042E-02 -3.733084E+00 -4.555911E-12
      1020 -4.637054E-02 -2.871720E+00 -1.889466E-11
      1021 -5.411101E-02 -1.813547E+00  1.603606E-11
      1022 -4.349571E-02 -6.206923E-01  1.894196E-11

 total force (fx,fy,fz) for set NSET_IND_TOP and time  0.2458987E+00

       -4.156392E-01 -6.036984E+01 -4.361754E-12

                                INCREMENT   120


 displacements (vx,vy,vz) for set NSET_IND_TOP and time  0.2508987E+00

        10  4.954231E-05 -2.534077E-01  0.000000E+00
        11  0.000000E+00 -2.534077E-01  0.000000E+00
      1004  4.861159E-05 -2.534077E-01  0.000000E+00
      1005  4.751963E-05 -2.534077E-01  0.000000E+00
      1006  4.578502E-05 -2.534077E-01  0.000000E+00
      1007  4.302305E-05 -2.534077E-01  0.000000E+00
      1008  3.897913E-05 -2.534077E-01  0.000000E+00
      1009  3.351988E-05 -2.534077E-01  0.000000E+00
      1010  2.665475E-05 -2.534077E-01  0.000000E+00
      1011  1.854989E-05 -2.534077E-01  0.000000E+00
      1012  9.525779E-06 -2.534077E-01  0.000000E+00
      1013  4.906090E-05 -2.534077E-01  0.000000E+00
      1014  4.811496E-05 -2.534077E-01  0.000000E+00
      1015  4.675592E-05 -2.534077E-01  0.000000E+00
      1016  4.454771E-05 -2.534077E-01  0.000000E+00
      1017  4.117002E-05 -2.534077E-01  0.000000E+00
      1018  3.642585E-05 -2.534077E-01  0.000000E+00
      1019  3.025370E-05 -2.534077E-01  0.000000E+00
      1020  2.274224E-05 -2.534077E-01  0.000000E+00
      1021  1.413081E-05 -2.534077E-01  0.000000E+00
      1022  4.799020E-06 -2.534077E-01  0.000000E+00

 forces (fx,fy,fz) for set NSET_IND_TOP and time  0.2508987E+00

        10  4.198640E-04 -1.728402E+00 -9.948171E-13
        11  6.366507E-05 -4.152348E-04  8.097579E-12
      1004  2.567136E-04 -3.098241E+00 -1.109356E-11
      1005  7.111904E-05 -2.907825E+00 -2.500128E-11
      1006  1.887280E-04 -2.790289E+00 -3.931361E-12
      1007  9.591203E-05 -2.668898E+00 -3.749700E-13
      1008  1.766091E-04 -2.485194E+00  5.145999E-12
      1009  7.290778E-05 -2.200662E+00  3.640674E-12
      1010 -1.015269E-05 -1.796529E+00 -1.993256E-11
      1011  2.180974E-05 -1.277031E+00 -3.426700E-11
      1012 -6.477322E-06 -6.639095E-01  2.183531E-11
      1013 -2.514743E-02 -6.519723E+00 -8.444134E-12
      1014 -3.830643E-02 -5.986722E+00 -2.209721E-11
      1015 -3.658241E-02 -5.692239E+00 -3.338751E-11
      1016 -4.676013E-02 -5.461009E+00 -1.464717E-11
      1017 -4.372078E-02 -5.161175E+00  1.315437E-11
      1018 -5.295044E-02 -4.696712E+00  1.576850E-11
      1019 -4.972968E-02 -4.010050E+00 -1.248690E-11
      1020 -4.981579E-02 -3.084817E+00 -2.949863E-12
      1021 -5.813141E-02 -1.948138E+00  4.384937E-12
      1022 -4.672743E-02 -6.667593E-01 -3.683498E-12

 total force (fx,fy,fz) for set NSET_IND_TOP and time  0.2508987E+00

       -4.465212E-01 -6.484474E+01 -1.212645E-10

                                INCREMENT   130


 displacements (vx,vy,vz) for set NSET_IND_TOP and time  0.2558987E+00

        10  5.301269E-05 -2.584577E-01  0.000000E+00
        11  0.000000E+00 -2.584577E-01  0.000000E+00
      1004  5.201705E-05 -2.584577E-01  0.000000E+00
      1005  5.084886E-05 -2.584577E-01  0.000000E+00
      1006  4.899296E-05 -2.584577E-01  0.000000E+00
      1007  4.603768E-05 -2.584577E-01  0.000000E+00
      1008  4.171059E-05 -2.584577E-01  0.000000E+00
      1009  3.586892E-05 -2.584577E-01  0.000000E+00
      1010  2.852278E-05 -2.584577E-01  0.000000E+00
      1011  1.984996E-05 -2.584577E-01  0.000000E+00
      1012  1.019341E-05 -2.584577E-01  0.000000E+00
      1013  5.249770E-05 -2.584577E-01  0.000000E+00
      1014  5.148577E-05 -2.584577E-01  0.000000E+00
      1015  5.003177E-05 -2.584577E-01  0.000000E+00
      1016  4.766907E-05 -2.584577E-01  0.000000E+00
      1017  4.405491E-05 -2.584577E-01  0.000000E+00
      1018  3.897846E-05 -2.584577E-01  0.000000E+00
      1019  3.237390E-05 -2.584577E-01  0.000000E+00
      1020  2.433611E-05 -2.584577E-01  0.000000E+00
      1021  1.512118E-05 -2.584577E-01  0.000000E+00
      1022  5.135371E-06 -2.584577E-01  0.000000E+00

 forces (fx,fy,fz) for set NSET_IND_TOP and time  0.2558987E+00

        10  4.492730E-04 -1.849123E+00  5.528430E-12
        11  6.812301E-05 -4.443772E-04  5.271068E-12
      1004  2.746860E-04 -3.314687E+00 -4.540880E-12
      1005  7.607935E-05 -3.111050E+00 -7.345531E-12
      1006  2.019292E-04 -2.985388E+00  1.581450E-11
      1007  1.026092E-04 -2.855588E+00 -1.851319E-11
      1008  1.889665E-04 -2.659096E+00  1.451228E-11
      1009  7.799678E-05 -2.354697E+00  1.173546E-11
      1010 -1.088021E-05 -1.922305E+00  1.645165E-11
      1011  2.331774E-05 -1.366450E+00 -9.786210E-12
      1012 -6.947141E-06 -7.104017E-01 -2.344075E-12
      1013 -2.691073E-02 -6.975135E+00 -6.299739E-12
      1014 -4.099222E-02 -6.405039E+00  1.793721E-11
      1015 -3.914719E-02 -6.090152E+00  1.109113E-11
      1016 -5.003834E-02 -5.842926E+00  1.241474E-11
      1017 -4.678586E-02 -5.522264E+00 -4.373168E-12
      1018 -5.666256E-02 -5.025412E+00  1.673484E-11
      1019 -5.321605E-02 -4.290764E+00 -1.337375E-12
      1020 -5.330823E-02 -3.300803E+00  4.706013E-12
      1021 -6.220688E-02 -2.084555E+00  2.408651E-11
      1022 -5.000342E-02 -7.134515E-01  4.873213E-12

 total force (fx,fy,fz) for set NSET_IND_TOP and time  0.2558987E+00

       -4.778263E-01 -6.937973E+01  1.066169E-10

                                INCREMENT   140


 displacements (vx,vy,vz) for set NSET_IND_TOP and time  0.2608987E+00

        10  5.654320E-05 -2.635077E-01  0.000000E+00
        11  0.000000E+00 -2.635077E-01  0.000000E+00
      1004  5.548156E-05 -2.635077E-01  0.000000E+00
      1005  5.423586E-05 -2.635077E-01  0.000000E+00
      1006  5.225659E-05 -2.635077E-01  0.000000E+00
      1007  4.910468E-05 -2.635077E-01  0.000000E+00
      1008  4.448951E-05 -2.635077E-01  0.000000E+00
      1009  3.825880E-05 -2.635077E-01  0.000000E+00
      1010  3.042331E-05 -2.635077E-01  0.000000E+00
      1011  2.117265E-05 -2.635077E-01  0.000000E+00
      1012  1.087266E-05 -2.635077E-01  0.000000E+00
      1013  5.599406E-05 -2.635077E-01  0.000000E+00
      1014  5.491504E-05 -2.635077E-01  0.000000E+00
      1015  5.336448E-05 -2.635077E-01  0.000000E+00
      1016  5.084463E-05 -2.635077E-01  0.000000E+00
      1017  4.698992E-05 -2.635077E-01  0.000000E+00
      1018  4.157544E-05 -2.635077E-01  0.000000E+00
      1019  3.453097E-05 -2.635077E-01  0.000000E+00
      1020  2.595770E-05 -2.635077E-01  0.000000E+00
      1021  1.612879E-05 -2.635077E-01  0.000000E+00
      1022  5.477576E-06 -2.635077E-01  0.000000E+00

 forces (fx,fy,fz) for set NSET_IND_TOP and time  0.2608987E+00

        10  4.791913E-04 -1.971885E+00 -1.202368E-11
        11  7.265779E-05 -4.740322E-04  8.290773E-12
      1004  2.929682E-04 -3.534803E+00  6.648912E-12
      1005  8.112242E-05 -3.317731E+00 -8.412934E-12
      1006  2.153563E-04 -3.183817E+00 -3.351745E-12
      1007  1.094191E-04 -3.045476E+00 -7.509062E-12
      1008  2.015357E-04 -2.835986E+00 -5.660209E-12
      1009  8.317116E-05 -2.511386E+00 -2.349982E-11
      1010 -1.162279E-05 -2.050251E+00  5.341826E-12
      1011  2.484883E-05 -1.457414E+00 -2.397682E-12
      1012 -7.427543E-06 -7.576977E-01  8.867944E-12
      1013 -2.870482E-02 -7.438258E+00 -1.091305E-11
      1014 -4.372489E-02 -6.830458E+00  9.429568E-12
      1015 -4.175671E-02 -6.494846E+00 -1.989120E-11
      1016 -5.337373E-02 -6.231375E+00 -3.236966E-12
      1017 -4.990439E-02 -5.889548E+00 -1.426037E-11
      1018 -6.043942E-02 -5.359766E+00 -1.635958E-11
      1019 -5.676321E-02 -4.576318E+00 -1.087930E-11
      1020 -5.686158E-02 -3.520518E+00 -8.449907E-12
      1021 -6.635344E-02 -2.223330E+00  1.311218E-11
      1022 -5.333655E-02 -7.609511E-01  5.942136E-12

 total force (fx,fy,fz) for set NSET_IND_TOP and time  0.2608987E+00

       -5.096775E-01 -7.399229E+01 -8.921216E-11

                                INCREMENT   150


 displacements (vx,vy,vz) for set NSET_IND_TOP and time  0.2658987E+00

        10  6.002312E-05 -2.685577E-01  0.000000E+00
        11  0.000000E+00 -2.685577E-01  0.000000E+00
      1004  5.889649E-05 -2.685577E-01  0.000000E+00
      1005  5.757443E-05 -2.685577E-01  0.000000E+00
      1006  5.547362E-05 -2.685577E-01  0.000000E+00
      1007  5.212792E-05 -2.685577E-01  0.000000E+00
      1008  4.722882E-05 -2.685577E-01  0.000000E+00
      1009  4.061464E-05 -2.685577E-01  0.000000E+00
      1010  3.229678E-05 -2.685577E-01  0.000000E+00
      1011  2.247653E-05 -2.685577E-01  0.000000E+00
      1012  1.154226E-05 -2.685577E-01  0.000000E+00
      1013  5.944036E-05 -2.685577E-01  0.000000E+00
      1014  5.829526E-05 -2.685577E-01  0.000000E+00
      1015  5.664956E-05 -2.685577E-01  0.000000E+00
      1016  5.397486E-05 -2.685577E-01  0.000000E+00
      1017  4.988307E-05 -2.685577E-01  0.000000E+00
      1018  4.413542E-05 -2.685577E-01  0.000000E+00
      1019  3.665733E-05 -2.685577E-01  0.000000E+00
      1020  2.755623E-05 -2.685577E-01  0.000000E+00
      1021  1.712207E-05 -2.685577E-01  0.000000E+00
      1022  5.814915E-06 -2.685577E-01  0.000000E+00

 forces (fx,fy,fz) for set NSET_IND_TOP and time  0.2658987E+00

        10  5.086804E-04 -2.092818E+00 -1.587987E-12
        11  7.712720E-05 -5.032737E-04  2.801211E-12
      1004  3.109863E-04 -3.751646E+00  1.390736E-11
      1005  8.608882E-05 -3.521358E+00 -4.248714E-12
      1006  2.285871E-04 -3.379332E+00  8.333939E-12
      1007  1.161271E-04 -3.232590E+00  1.783159E-12
      1008  2.139218E-04 -3.010304E+00 -3.109314E-12
      1009  8.826761E-05 -2.665807E+00  3.469447E-13
      1010 -1.235812E-05 -2.176350E+00 -1.663826E-11
      1011  2.635387E-05 -1.547069E+00 -2.880067E-11
      1012 -7.904410E-06 -8.043134E-01  1.035015E-11
      1013 -3.047357E-02 -7.894484E+00  3.108735E-12
      1014 -4.641891E-02 -7.249570E+00  1.050959E-11
      1015 -4.432930E-02 -6.893575E+00 -4.098677E-11
      1016 -5.666188E-02 -6.614133E+00 -1.304556E-11
      1017 -5.297875E-02 -6.251481E+00 -3.626077E-11
      1018 -6.416277E-02 -5.689270E+00  1.692890E-11
      1019 -6.026012E-02 -4.857743E+00 -4.747092E-12
      1020 -6.036460E-02 -3.737064E+00 -3.619993E-12
      1021 -7.044127E-02 -2.360107E+00  2.100142E-11
      1022 -5.662248E-02 -8.077675E-01  1.179257E-11

 total force (fx,fy,fz) for set NSET_IND_TOP and time  0.2658987E+00

       -5.410778E-01 -7.853729E+01 -5.218115E-11

                                INCREMENT   160


 displacements (vx,vy,vz) for set NSET_IND_TOP and time  0.2708987E+00

        10  6.196868E-05 -2.736077E-01  0.000000E+00
        11  0.000000E+00 -2.736077E-01  0.000000E+00
      1004  6.080618E-05 -2.736077E-01  0.000000E+00
      1005  5.944186E-05 -2.736077E-01  0.000000E+00
      1006  5.727346E-05 -2.736077E-01  0.000000E+00
      1007  5.381969E-05 -2.736077E-01  0.000000E+00
      1008  4.876201E-05 -2.736077E-01  0.000000E+00
      1009  4.193344E-05 -2.736077E-01  0.000000E+00
      1010  3.334571E-05 -2.736077E-01  0.000000E+00
      1011  2.320664E-05 -2.736077E-01  0.000000E+00
      1012  1.191723E-05 -2.736077E-01  0.000000E+00
      1013  6.136736E-05 -2.736077E-01  0.000000E+00
      1014  6.018577E-05 -2.736077E-01  0.000000E+00
      1015  5.848728E-05 -2.736077E-01  0.000000E+00
      1016  5.572633E-05 -2.736077E-01  0.000000E+00
      1017  5.150221E-05 -2.736077E-01  0.000000E+00
      1018  4.556838E-05 -2.736077E-01  0.000000E+00
      1019  3.784777E-05 -2.736077E-01  0.000000E+00
      1020  2.845128E-05 -2.736077E-01  0.000000E+00
      1021  1.767829E-05 -2.736077E-01  0.000000E+00
      1022  6.003829E-06 -2.736077E-01  0.000000E+00

 forces (fx,fy,fz) for set NSET_IND_TOP and time  0.2708987E+00

        10  5.251626E-04 -2.159847E+00  1.376116E-11
        11  7.962274E-05 -5.197188E-04 -8.060200E-13
      1004  3.210419E-04 -3.871919E+00  2.824511E-12
      1005  8.882892E-05 -3.634436E+00 -1.287279E-11
      1006  2.359519E-04 -3.488052E+00  2.375791E-11
      1007  1.198411E-04 -3.336771E+00 -4.571466E-12
      1008  2.208228E-04 -3.107466E+00  3.151561E-11
      1009  9.108604E-05 -2.751951E+00 -7.106968E-12
      1010 -1.279711E-05 -2.246743E+00 -2.005374E-11
      1011  2.716136E-05 -1.597140E+00  9.619230E-12
      1012 -8.198656E-06 -8.303551E-01 -4.444160E-12
      1013 -3.146532E-02 -8.147427E+00  1.256706E-11
      1014 -4.792916E-02 -7.482163E+00 -5.032419E-12
      1015 -4.577123E-02 -7.115147E+00  1.108491E-11
      1016 -5.850469E-02 -6.827111E+00 -6.417533E-12
      1017 -5.470166E-02 -6.453106E+00 -1.683387E-11
      1018 -6.624938E-02 -5.873007E+00  5.514034E-12
      1019 -6.221988E-02 -5.014790E+00 -2.162315E-11
      1020 -6.232787E-02 -3.857974E+00 -2.142064E-12
      1021 -7.273237E-02 -2.436505E+00  2.059242E-11
      1022 -5.846420E-02 -8.339222E-01  7.187806E-12

 total force (fx,fy,fz) for set NSET_IND_TOP and time  0.2708987E+00

       -5.586772E-01 -8.106635E+01  3.652047E-11

                                INCREMENT   170


 displacements (vx,vy,vz) for set NSET_IND_TOP and time  0.2758987E+00

        10  6.569449E-05 -2.786577E-01  0.000000E+00
        11  0.000000E+00 -2.786577E-01  0.000000E+00
      1004  6.446247E-05 -2.786577E-01  0.000000E+00
      1005  6.301647E-05 -2.786577E-01  0.000000E+00
      1006  6.071799E-05 -2.786577E-01  0.000000E+00
      1007  5.705679E-05 -2.786577E-01  0.000000E+00
      1008  5.169514E-05 -2.786577E-01  0.000000E+00
      1009  4.445600E-05 -2.786577E-01  0.000000E+00
      1010  3.535179E-05 -2.786577E-01  0.000000E+00
      1011  2.460282E-05 -2.786577E-01  0.000000E+00
      1012  1.263422E-05 -2.786577E-01  0.000000E+00
      1013  6.505721E-05 -2.786577E-01  0.000000E+00
      1014  6.380494E-05 -2.786577E-01  0.000000E+00
      1015  6.200465E-05 -2.786577E-01  0.000000E+00
      1016  5.907797E-05 -2.786577E-01  0.000000E+00
      1017  5.460005E-05 -2.786577E-01  0.000000E+00
      1018  4.830950E-05 -2.786577E-01  0.000000E+00
      1019  4.012462E-05 -2.786577E-01  0.000000E+00
      1020  3.016295E-05 -2.786577E-01  0.000000E+00
      1021  1.874189E-05 -2.786577E-01  0.000000E+00
      1022  6.365052E-06 -2.786577E-01  0.000000E+00

 forces (fx,fy,fz) for set NSET_IND_TOP and time  0.2758987E+00

        10  5.567346E-04 -2.289233E+00 -1.000242E-13
        11  8.440718E-05 -5.510409E-04 -5.164811E-12
      1004  3.403302E-04 -4.103932E+00 -1.611699E-12
      1005  9.414029E-05 -3.852330E+00  6.240692E-12
      1006  2.501121E-04 -3.697289E+00  1.142542E-11
      1007  1.270169E-04 -3.537039E+00  1.749262E-11
      1008  2.340799E-04 -3.294055E+00 -9.919502E-12
      1009  9.653732E-05 -2.917253E+00  1.310943E-11
      1010 -1.358902E-05 -2.381735E+00 -2.766059E-11
      1011  2.876700E-05 -1.693120E+00 -2.518170E-11
      1012 -8.713817E-06 -8.802612E-01  4.837578E-12
      1013 -3.335950E-02 -8.635553E+00 -2.049871E-11
      1014 -5.081418E-02 -7.930616E+00 -1.240341E-11
      1015 -4.852617E-02 -7.541837E+00 -2.529732E-11
      1016 -6.202587E-02 -7.236755E+00 -4.807710E-12
      1017 -5.799388E-02 -6.840498E+00 -2.344280E-11
      1018 -7.023658E-02 -6.225718E+00 -1.275691E-11
      1019 -6.596461E-02 -5.316054E+00  5.537792E-12
      1020 -6.607915E-02 -4.089796E+00  2.649858E-11
      1021 -7.710992E-02 -2.582935E+00  3.137002E-11
      1022 -6.198301E-02 -8.840433E-01  1.997336E-11

 total force (fx,fy,fz) for set NSET_IND_TOP and time  0.2758987E+00

       -5.923030E-01 -8.593060E+01 -3.235971E-11

                                INCREMENT   180


 displacements (vx,vy,vz) for set NSET_IND_TOP and time  0.2808987E+00

        10  6.954911E-05 -2.837077E-01  0.000000E+00
        11  0.000000E+00 -2.837077E-01  0.000000E+00
      1004  6.824518E-05 -2.837077E-01  0.000000E+00
      1005  6.671469E-05 -2.837077E-01  0.000000E+00
      1006  6.428165E-05 -2.837077E-01  0.000000E+00
      1007  6.040584E-05 -2.837077E-01  0.000000E+00
      1008  5.472972E-05 -2.837077E-01  0.000000E+00
      1009  4.706582E-05 -2.837077E-01  0.000000E+00
      1010  3.742727E-05 -2.837077E-01  0.000000E+00
      1011  2.604731E-05 -2.837077E-01  0.000000E+00
      1012  1.337603E-05 -2.837077E-01  0.000000E+00
      1013  6.887462E-05 -2.837077E-01  0.000000E+00
      1014  6.754926E-05 -2.837077E-01  0.000000E+00
      1015  6.564366E-05 -2.837077E-01  0.000000E+00
      1016  6.254552E-05 -2.837077E-01  0.000000E+00
      1017  5.780503E-05 -2.837077E-01  0.000000E+00
      1018  5.114545E-05 -2.837077E-01  0.000000E+00
      1019  4.248025E-05 -2.837077E-01  0.000000E+00
      1020  3.193385E-05 -2.837077E-01  0.000000E+00
      1021  1.984228E-05 -2.837077E-01  0.000000E+00
      1022  6.738772E-06 -2.837077E-01  0.000000E+00

 forces (fx,fy,fz) for set NSET_IND_TOP and time  0.2808987E+00

        10  5.893978E-04 -2.423069E+00  1.002379E-11
        11  8.935678E-05 -5.834487E-04 -2.571178E-12
      1004  3.602846E-04 -4.343931E+00  1.027668E-13
      1005  9.963390E-05 -4.077728E+00 -1.478997E-11
      1006  2.647606E-04 -3.913737E+00  9.954278E-12
      1007  1.344394E-04 -3.744215E+00  5.724455E-12
      1008  2.477942E-04 -3.487083E+00  3.166116E-12
      1009  1.021757E-04 -3.088262E+00 -1.817674E-13
      1010 -1.440939E-05 -2.521390E+00 -1.454470E-11
      1011  3.042679E-05 -1.792417E+00 -2.577921E-11
      1012 -9.247874E-06 -9.318917E-01 -1.530595E-11
      1013 -3.531927E-02 -9.140475E+00  6.735279E-12
      1014 -5.379908E-02 -8.394509E+00 -1.560085E-11
      1015 -5.137648E-02 -7.983228E+00  8.381518E-12
      1016 -6.566895E-02 -7.660523E+00 -1.515765E-11
      1017 -6.140007E-02 -7.241256E+00  5.607514E-12
      1018 -7.436180E-02 -6.590603E+00  1.036327E-11
      1019 -6.983895E-02 -5.627722E+00 -7.815082E-12
      1020 -6.996027E-02 -4.329626E+00  2.693401E-12
      1021 -8.163899E-02 -2.734424E+00 -2.947864E-12
      1022 -6.562364E-02 -9.358963E-01  6.370460E-13

 total force (fx,fy,fz) for set NSET_IND_TOP and time  0.2808987E+00

       -6.270929E-01 -9.096257E+01 -5.130479E-11

                                INCREMENT   190


 displacements (vx,vy,vz) for set NSET_IND_TOP and time  0.2858987E+00

        10  7.350374E-05 -2.887577E-01  0.000000E+00
        11  0.000000E+00 -2.887577E-01  0.000000E+00
      1004  7.212607E-05 -2.887577E-01  0.000000E+00
      1005  7.050892E-05 -2.887577E-01  0.000000E+00
      1006  6.793784E-05 -2.887577E-01  0.000000E+00
      1007  6.384189E-05 -2.887577E-01  0.000000E+00
      1008  5.784314E-05 -2.887577E-01  0.000000E+00
      1009  4.974345E-05 -2.887577E-01  0.000000E+00
      1010  3.955669E-05 -2.887577E-01  0.000000E+00
      1011  2.752933E-05 -2.887577E-01  0.000000E+00
      1012  1.413711E-05 -2.887577E-01  0.000000E+00
      1013  7.279111E-05 -2.887577E-01  0.000000E+00
      1014  7.139076E-05 -2.887577E-01  0.000000E+00
      1015  6.937716E-05 -2.887577E-01  0.000000E+00
      1016  6.610312E-05 -2.887577E-01  0.000000E+00
      1017  6.109326E-05 -2.887577E-01  0.000000E+00
      1018  5.405507E-05 -2.887577E-01  0.000000E+00
      1019  4.489708E-05 -2.887577E-01  0.000000E+00
      1020  3.375076E-05 -2.887577E-01  0.000000E+00
      1021  2.097128E-05 -2.887577E-01  0.000000E+00
      1022  7.122206E-06 -2.887577E-01  0.000000E+00

 forces (fx,fy,fz) for set NSET_IND_TOP and time  0.2858987E+00

        10  6.229084E-04 -2.560346E+00 -4.564821E-13
        11  9.443452E-05 -6.167022E-04  8.956485E-12
      1004  3.807558E-04 -4.590104E+00  2.248647E-11
      1005  1.052679E-04 -4.308932E+00  3.784788E-12
      1006  2.797872E-04 -4.135769E+00  1.896572E-11
      1007  1.420523E-04 -3.956742E+00  1.781934E-11
      1008  2.618628E-04 -3.685104E+00 -1.393201E-11
      1009  1.079586E-04 -3.263698E+00 -1.133505E-11
      1010 -1.525267E-05 -2.664662E+00 -1.009284E-11
      1011  3.212760E-05 -1.894286E+00 -1.091366E-11
      1012 -9.797419E-06 -9.848606E-01 -1.447395E-12
      1013 -3.733005E-02 -9.658380E+00  3.557377E-12
      1014 -5.686166E-02 -8.870343E+00  1.591083E-11
      1015 -5.430095E-02 -8.435998E+00 -1.231260E-11
      1016 -6.940681E-02 -8.095231E+00  9.829915E-12
      1017 -6.489486E-02 -7.652373E+00  1.933631E-11
      1018 -7.859433E-02 -6.964930E+00  4.495959E-12
      1019 -7.381409E-02 -5.947460E+00  1.357048E-11
      1020 -7.394236E-02 -4.575670E+00  2.362155E-11
      1021 -8.628588E-02 -2.889840E+00 -2.461986E-11
      1022 -6.935897E-02 -9.890935E-01  3.369705E-11

 total force (fx,fy,fz) for set NSET_IND_TOP and time  0.2858987E+00

       -6.627879E-01 -9.612444E+01  1.109224E-10

                                INCREMENT   200


 displacements (vx,vy,vz) for set NSET_IND_TOP and time  0.2908987E+00

        10  7.753698E-05 -2.938077E-01  0.000000E+00
        11  0.000000E+00 -2.938077E-01  0.000000E+00
      1004  7.608413E-05 -2.938077E-01  0.000000E+00
      1005  7.437863E-05 -2.938077E-01  0.000000E+00
      1006  7.166679E-05 -2.938077E-01  0.000000E+00
      1007  6.734632E-05 -2.938077E-01  0.000000E+00
      1008  6.101854E-05 -2.938077E-01  0.000000E+00
      1009  5.247440E-05 -2.938077E-01  0.000000E+00
      1010  4.172851E-05 -2.938077E-01  0.000000E+00
      1011  2.904088E-05 -2.938077E-01  0.000000E+00
      1012  1.491336E-05 -2.938077E-01  0.000000E+00
      1013  7.678546E-05 -2.938077E-01  0.000000E+00
      1014  7.530867E-05 -2.938077E-01  0.000000E+00
      1015  7.318493E-05 -2.938077E-01  0.000000E+00
      1016  6.973152E-05 -2.938077E-01  0.000000E+00
      1017  6.444695E-05 -2.938077E-01  0.000000E+00
      1018  5.702263E-05 -2.938077E-01  0.000000E+00
      1019  4.736204E-05 -2.938077E-01  0.000000E+00
      1020  3.560387E-05 -2.938077E-01  0.000000E+00
      1021  2.212276E-05 -2.938077E-01  0.000000E+00
      1022  7.513279E-06 -2.938077E-01  0.000000E+00

 forces (fx,fy,fz) for set NSET_IND_TOP and time  0.2908987E+00

        10  6.570848E-04 -2.700317E+00  4.193864E-12
        11  9.961283E-05 -6.506218E-04 -8.253485E-13
      1004  4.016327E-04 -4.841112E+00 -1.104940E-11
      1005  1.110117E-04 -4.544686E+00 -9.570604E-12
      1006  2.951103E-04 -4.362180E+00 -1.707640E-11
      1007  1.498142E-04 -4.173468E+00  3.633031E-13
      1008  2.762092E-04 -3.887043E+00 -2.925351E-13
      1009  1.138542E-04 -3.442609E+00 -1.390204E-11
      1010 -1.611451E-05 -2.810776E+00 -1.267917E-11
      1011  3.385997E-05 -1.998178E+00 -7.089096E-12
      1012 -1.035967E-05 -1.038881E+00 -1.290631E-11
      1013 -3.938098E-02 -1.018645E+01 -3.171663E-11
      1014 -5.998537E-02 -9.355532E+00 -6.757706E-12
      1015 -5.728377E-02 -8.897687E+00  5.899725E-13
      1016 -7.321923E-02 -8.538519E+00 -7.175149E-12
      1017 -6.845937E-02 -8.071618E+00 -1.634559E-11
      1018 -8.291129E-02 -7.346669E+00  1.517408E-11
      1019 -7.786851E-02 -6.273536E+00  1.815925E-11
      1020 -7.800388E-02 -4.826595E+00  1.452349E-11
      1021 -9.102547E-02 -3.048340E+00  7.226220E-12
      1022 -7.316882E-02 -1.043347E+00  6.855405E-12

 total force (fx,fy,fz) for set NSET_IND_TOP and time  0.2908987E+00

       -6.991950E-01 -1.013882E+02 -8.030038E-11

                                INCREMENT   210


 displacements (vx,vy,vz) for set NSET_IND_TOP and time  0.2958987E+00

        10  8.161503E-05 -2.988577E-01  0.000000E+00
        11  0.000000E+00 -2.988577E-01  0.000000E+00
      1004  8.008619E-05 -2.988577E-01  0.000000E+00
      1005  7.829139E-05 -2.988577E-01  0.000000E+00
      1006  7.543725E-05 -2.988577E-01  0.000000E+00
      1007  7.088978E-05 -2.988577E-01  0.000000E+00
      1008  6.422933E-05 -2.988577E-01  0.000000E+00
      1009  5.523581E-05 -2.988577E-01  0.000000E+00
      1010  4.392457E-05 -2.988577E-01  0.000000E+00
      1011  3.056929E-05 -2.988577E-01  0.000000E+00
      1012  1.569827E-05 -2.988577E-01  0.000000E+00
      1013  8.082419E-05 -2.988577E-01  0.000000E+00
      1014  7.927016E-05 -2.988577E-01  0.000000E+00
      1015  7.703508E-05 -2.988577E-01  0.000000E+00
      1016  7.340033E-05 -2.988577E-01  0.000000E+00
      1017  6.783801E-05 -2.988577E-01  0.000000E+00
      1018  6.002327E-05 -2.988577E-01  0.000000E+00
      1019  4.985450E-05 -2.988577E-01  0.000000E+00
      1020  3.747765E-05 -2.988577E-01  0.000000E+00
      1021  2.328710E-05 -2.988577E-01  0.000000E+00
      1022  7.908717E-06 -2.988577E-01  0.000000E+00

 forces (fx,fy,fz) for set NSET_IND_TOP and time  0.2958987E+00

        10  6.916406E-04 -2.841802E+00 -1.646245E-11
        11  1.048484E-04 -6.849244E-04  6.351619E-12
      1004  4.227404E-04 -5.094842E+00 -2.135621E-11
      1005  1.168168E-04 -4.783006E+00  9.281762E-12
      1006  3.106015E-04 -4.591065E+00 -7.118924E-12
      1007  1.576597E-04 -4.392572E+00  1.899878E-11
      1008  2.907134E-04 -4.091205E+00 -3.618768E-12
      1009  1.198132E-04 -3.623495E+00  1.135451E-11
      1010 -1.698784E-05 -2.958504E+00  1.608359E-11
      1011  3.560926E-05 -2.103219E+00 -2.046136E-11
      1012 -1.093005E-05 -1.093500E+00  2.263589E-11
      1013 -4.145488E-02 -1.072024E+01 -1.274714E-11
      1014 -6.314406E-02 -9.845991E+00 -1.099321E-11
      1015 -6.029999E-02 -9.364411E+00  3.598233E-12
      1016 -7.707431E-02 -8.986661E+00 -1.160050E-11
      1017 -7.206375E-02 -8.495470E+00  1.750955E-11
      1018 -8.727654E-02 -7.732613E+00 -1.439604E-11
      1019 -8.196829E-02 -6.603213E+00 -1.840661E-11
      1020 -8.211084E-02 -5.080295E+00  2.610356E-11
      1021 -9.581809E-02 -3.208595E+00  2.859579E-11
      1022 -7.702130E-02 -1.098201E+00  9.639400E-12

 total force (fx,fy,fz) for set NSET_IND_TOP and time  0.2958987E+00

       -7.360095E-01 -1.067096E+02  3.299147E-11

                                INCREMENT   219


 displacements (vx,vy,vz) for set NSET_IND_TOP and time  0.3000000E+00

        10  8.501889E-05 -3.030000E-01  0.000000E+00
        11  0.000000E+00 -3.030000E-01  0.000000E+00
      1004  8.342667E-05 -3.030000E-01  0.000000E+00
      1005  8.155736E-05 -3.030000E-01  0.000000E+00
      1006  7.858447E-05 -3.030000E-01  0.000000E+00
      1007  7.384757E-05 -3.030000E-01  0.000000E+00
      1008  6.690945E-05 -3.030000E-01  0.000000E+00
      1009  5.754083E-05 -3.030000E-01  0.000000E+00
      1010  4.575769E-05 -3.030000E-01  0.000000E+00
      1011  3.184512E-05 -3.030000E-01  0.000000E+00
      1012  1.635347E-05 -3.030000E-01  0.000000E+00
      1013  8.419526E-05 -3.030000E-01  0.000000E+00
      1014  8.257678E-05 -3.030000E-01  0.000000E+00
      1015  8.024880E-05 -3.030000E-01  0.000000E+00
      1016  7.646272E-05 -3.030000E-01  0.000000E+00
      1017  7.066859E-05 -3.030000E-01  0.000000E+00
      1018  6.252799E-05 -3.030000E-01  0.000000E+00
      1019  5.193503E-05 -3.030000E-01  0.000000E+00
      1020  3.904176E-05 -3.030000E-01  0.000000E+00
      1021  2.425902E-05 -3.030000E-01  0.000000E+00
      1022  8.238806E-06 -3.030000E-01  0.000000E+00

 forces (fx,fy,fz) for set NSET_IND_TOP and time  0.3000000E+00

        10  7.204833E-04 -2.959848E+00 -3.462345E-12
        11  1.092181E-04 -7.135635E-04  1.305517E-11
      1004  4.403570E-04 -5.306545E+00 -2.967567E-12
      1005  1.216591E-04 -4.981863E+00  2.397241E-11
      1006  3.235288E-04 -4.782062E+00  1.114154E-11
      1007  1.642051E-04 -4.575417E+00 -1.219548E-11
      1008  3.028175E-04 -4.261590E+00  3.015204E-12
      1009  1.247843E-04 -3.774461E+00 -6.337093E-12
      1010 -1.771918E-05 -3.081802E+00 -1.476116E-11
      1011  3.706637E-05 -2.190890E+00 -1.705620E-11
      1012 -1.140854E-05 -1.139087E+00 -1.947638E-11
      1013 -4.318618E-02 -1.116561E+01  2.544431E-11
      1014 -6.578090E-02 -1.025522E+01  7.465584E-12
      1015 -6.281787E-02 -9.753863E+00  3.466227E-11
      1016 -8.029244E-02 -9.360632E+00 -2.030376E-12
      1017 -7.507260E-02 -8.849191E+00 -2.852429E-11
      1018 -9.092054E-02 -8.054714E+00 -2.534417E-12
      1019 -8.539069E-02 -6.878363E+00  1.348610E-11
      1020 -8.553923E-02 -5.292041E+00 -2.913048E-11
      1021 -9.981886E-02 -3.342351E+00  5.738965E-12
      1022 -8.023726E-02 -1.143985E+00 -2.240430E-11

 total force (fx,fy,fz) for set NSET_IND_TOP and time  0.3000000E+00

       -7.667416E-01 -1.111503E+02 -2.289853E-11

                        S T E P       4


                                INCREMENT    10


 displacements (vx,vy,vz) for set NSET_IND_TOP and time  0.3007589E+00

        10  8.565351E-05 -3.037665E-01  0.000000E+00
        11  0.000000E+00 -3.037665E-01  0.000000E+00
      1004  8.404947E-05 -3.037665E-01  0.000000E+00
      1005  8.216626E-05 -3.037665E-01  0.000000E+00
      1006  7.917124E-05 -3.037665E-01  0.000000E+00
      1007  7.439902E-05 -3.037665E-01  0.000000E+00
      1008  6.740913E-05 -3.037665E-01  0.000000E+00
      1009  5.797058E-05 -3.037665E-01  0.000000E+00
      1010  4.609945E-05 -3.037665E-01  0.000000E+00
      1011  3.208298E-05 -3.037665E-01  0.000000E+00
      1012  1.647562E-05 -3.037665E-01  0.000000E+00
      1013  8.482377E-05 -3.037665E-01  0.000000E+00
      1014  8.319327E-05 -3.037665E-01  0.000000E+00
      1015  8.084797E-05 -3.037665E-01  0.000000E+00
      1016  7.703367E-05 -3.037665E-01  0.000000E+00
      1017  7.119632E-05 -3.037665E-01  0.000000E+00
      1018  6.299496E-05 -3.037665E-01  0.000000E+00
      1019  5.232292E-05 -3.037665E-01  0.000000E+00
      1020  3.933337E-05 -3.037665E-01  0.000000E+00
      1021  2.444022E-05 -3.037665E-01  0.000000E+00
      1022  8.300347E-06 -3.037665E-01  0.000000E+00

 forces (fx,fy,fz) for set NSET_IND_TOP and time  0.3007589E+00

        10  7.258606E-04 -2.981857E+00 -8.296544E-12
        11  1.100326E-04 -7.189028E-04  1.216628E-11
      1004  4.436413E-04 -5.346016E+00 -6.201980E-12
      1005  1.225618E-04 -5.018938E+00 -2.025264E-11
      1006  3.259388E-04 -4.817672E+00  4.174437E-11
      1007  1.654253E-04 -4.609508E+00 -1.251540E-11
      1008  3.050740E-04 -4.293357E+00  5.635371E-12
      1009  1.257110E-04 -3.802607E+00 -2.445702E-11
      1010 -1.785563E-05 -3.104789E+00 -6.892746E-12
      1011  3.733787E-05 -2.207236E+00 -2.919488E-11
      1012 -1.149785E-05 -1.147587E+00 -1.011196E-11
      1013 -4.350896E-02 -1.124865E+01  1.085132E-11
      1014 -6.627251E-02 -1.033152E+01  4.160450E-12
      1015 -6.328730E-02 -9.826474E+00 -6.389778E-12
      1016 -8.089243E-02 -9.430356E+00 -4.888534E-12
      1017 -7.563357E-02 -8.915139E+00 -2.437650E-11
      1018 -9.159991E-02 -8.114767E+00 -1.868816E-11
      1019 -8.602875E-02 -6.929663E+00  7.628120E-12
      1020 -8.617841E-02 -5.331519E+00  2.071232E-12
      1021 -1.005648E-01 -3.367288E+00  4.468426E-12
      1022 -8.083683E-02 -1.152521E+00 -4.189538E-12

 total force (fx,fy,fz) for set NSET_IND_TOP and time  0.3007589E+00

       -7.724712E-01 -1.119782E+02 -8.773012E-11

                                INCREMENT    20


 displacements (vx,vy,vz) for set NSET_IND_TOP and time  0.3056433E+00

        10  8.968972E-05 -3.086997E-01  0.000000E+00
        11  0.000000E+00 -3.086997E-01  0.000000E+00
      1004  8.801058E-05 -3.086997E-01  0.000000E+00
      1005  8.603908E-05 -3.086997E-01  0.000000E+00
      1006  8.290329E-05 -3.086997E-01  0.000000E+00
      1007  7.790646E-05 -3.086997E-01  0.000000E+00
      1008  7.058734E-05 -3.086997E-01  0.000000E+00
      1009  6.070401E-05 -3.086997E-01  0.000000E+00
      1010  4.827329E-05 -3.086997E-01  0.000000E+00
      1011  3.359595E-05 -3.086997E-01  0.000000E+00
      1012  1.725261E-05 -3.086997E-01  0.000000E+00
      1013  8.882112E-05 -3.086997E-01  0.000000E+00
      1014  8.711426E-05 -3.086997E-01  0.000000E+00
      1015  8.465886E-05 -3.086997E-01  0.000000E+00
      1016  8.066514E-05 -3.086997E-01  0.000000E+00
      1017  7.455294E-05 -3.086997E-01  0.000000E+00
      1018  6.596518E-05 -3.086997E-01  0.000000E+00
      1019  5.479014E-05 -3.086997E-01  0.000000E+00
      1020  4.118821E-05 -3.086997E-01  0.000000E+00
      1021  2.559280E-05 -3.086997E-01  0.000000E+00
      1022  8.691793E-06 -3.086997E-01  0.000000E+00

 forces (fx,fy,fz) for set NSET_IND_TOP and time  0.3056433E+00

        10  7.600607E-04 -3.121763E+00 -8.530066E-12
        11  1.152132E-04 -7.528731E-04  6.066723E-12
      1004  4.645282E-04 -5.596932E+00  2.281642E-12
      1005  1.282989E-04 -5.254645E+00 -1.159331E-11
      1006  3.412632E-04 -5.044081E+00  2.800121E-11
      1007  1.731816E-04 -4.826270E+00 -1.468118E-11
      1008  3.194229E-04 -4.495360E+00 -2.150560E-11
      1009  1.316011E-04 -3.981596E+00 -2.081460E-13
      1010 -1.872662E-05 -3.250979E+00 -6.388632E-12
      1011  3.906090E-05 -2.311188E+00 -1.461140E-11
      1012 -1.206902E-05 -1.201641E+00  1.349088E-11
      1013 -4.556223E-02 -1.177649E+01  1.552536E-11
      1014 -6.939969E-02 -1.081657E+01 -1.302602E-11
      1015 -6.627337E-02 -1.028811E+01 -1.800493E-11
      1016 -8.470894E-02 -9.873680E+00  9.282353E-12
      1017 -7.920186E-02 -9.334486E+00 -2.473710E-11
      1018 -9.592145E-02 -8.496648E+00 -7.638334E-12
      1019 -9.008747E-02 -7.255895E+00  1.134781E-11
      1020 -9.024426E-02 -5.582582E+00  1.830847E-11
      1021 -1.053094E-01 -3.525884E+00  4.569367E-11
      1022 -8.465076E-02 -1.206809E+00  1.082290E-11

 total force (fx,fy,fz) for set NSET_IND_TOP and time  0.3056433E+00

       -8.089176E-01 -1.172424E+02  1.989628E-11

                                INCREMENT    30


 displacements (vx,vy,vz) for set NSET_IND_TOP and time  0.3106433E+00

        10  5.948489E-05 -3.137497E-01  0.000000E+00
        11  0.000000E+00 -3.137497E-01  0.000000E+00
      1004  5.837417E-05 -3.137497E-01  0.000000E+00
      1005  5.706928E-05 -3.137497E-01  0.000000E+00
      1006  5.499177E-05 -3.137497E-01  0.000000E+00
      1007  5.167938E-05 -3.137497E-01  0.000000E+00
      1008  4.682602E-05 -3.137497E-01  0.000000E+00
      1009  4.027104E-05 -3.137497E-01  0.000000E+00
      1010  3.202545E-05 -3.137497E-01  0.000000E+00
      1011  2.228873E-05 -3.137497E-01  0.000000E+00
      1012  1.144615E-05 -3.137497E-01  0.000000E+00
      1013  5.891030E-05 -3.137497E-01  0.000000E+00
      1014  5.778108E-05 -3.137497E-01  0.000000E+00
      1015  5.615506E-05 -3.137497E-01  0.000000E+00
      1016  5.350827E-05 -3.137497E-01  0.000000E+00
      1017  4.945578E-05 -3.137497E-01  0.000000E+00
      1018  4.376057E-05 -3.137497E-01  0.000000E+00
      1019  3.634835E-05 -3.137497E-01  0.000000E+00
      1020  2.732541E-05 -3.137497E-01  0.000000E+00
      1021  1.697930E-05 -3.137497E-01  0.000000E+00
      1022  5.766549E-06 -3.137497E-01  0.000000E+00

 forces (fx,fy,fz) for set NSET_IND_TOP and time  0.3106433E+00

        10  5.040371E-04 -2.066786E+00 -6.793611E-13
        11  7.636736E-05 -4.999404E-04  1.165665E-11
      1004  3.079479E-04 -3.706056E+00 -1.612790E-11
      1005  8.483457E-05 -3.480307E+00 -5.420230E-14
      1006  2.260912E-04 -3.341799E+00 -1.199645E-12
      1007  1.145912E-04 -3.198342E+00 -2.867324E-12
      1008  2.116493E-04 -2.979715E+00 -7.839969E-12
      1009  8.704176E-05 -2.639643E+00 -1.052607E-11
      1010 -1.262407E-05 -2.155565E+00 -8.895202E-12
      1011  2.564557E-05 -1.532583E+00 -2.286208E-11
      1012 -8.211422E-06 -7.968708E-01  2.688586E-11
      1013 -3.023629E-02 -7.797197E+00 -2.086742E-11
      1014 -4.605319E-02 -7.163153E+00 -1.265499E-11
      1015 -4.397693E-02 -6.815083E+00  9.325207E-12
      1016 -5.620868E-02 -6.542367E+00 -2.349010E-11
      1017 -5.255374E-02 -6.186603E+00 -1.724065E-11
      1018 -6.364755E-02 -5.632439E+00 -1.999156E-11
      1019 -5.977661E-02 -4.810694E+00 -1.875078E-11
      1020 -5.988093E-02 -3.701706E+00  2.630962E-11
      1021 -6.987766E-02 -2.338124E+00  3.508838E-11
      1022 -5.616993E-02 -8.003031E-01  4.739720E-11

 total force (fx,fy,fz) for set NSET_IND_TOP and time  0.3106433E+00

       -5.367641E-01 -7.768584E+01 -2.738434E-11

                                INCREMENT    40


 displacements (vx,vy,vz) for set NSET_IND_TOP and time  0.3156433E+00

        10  6.437817E-05 -3.187997E-01  0.000000E+00
        11  0.000000E+00 -3.187997E-01  0.000000E+00
      1004  6.317664E-05 -3.187997E-01  0.000000E+00
      1005  6.176491E-05 -3.187997E-01  0.000000E+00
      1006  5.951692E-05 -3.187997E-01  0.000000E+00
      1007  5.593236E-05 -3.187997E-01  0.000000E+00
      1008  5.067993E-05 -3.187997E-01  0.000000E+00
      1009  4.358571E-05 -3.187997E-01  0.000000E+00
      1010  3.466162E-05 -3.187997E-01  0.000000E+00
      1011  2.412351E-05 -3.187997E-01  0.000000E+00
      1012  1.238841E-05 -3.187997E-01  0.000000E+00
      1013  6.375659E-05 -3.187997E-01  0.000000E+00
      1014  6.253502E-05 -3.187997E-01  0.000000E+00
      1015  6.077571E-05 -3.187997E-01  0.000000E+00
      1016  5.791156E-05 -3.187997E-01  0.000000E+00
      1017  5.352595E-05 -3.187997E-01  0.000000E+00
      1018  4.736233E-05 -3.187997E-01  0.000000E+00
      1019  3.934026E-05 -3.187997E-01  0.000000E+00
      1020  2.957476E-05 -3.187997E-01  0.000000E+00
      1021  1.837705E-05 -3.187997E-01  0.000000E+00
      1022  6.241265E-06 -3.187997E-01  0.000000E+00

 forces (fx,fy,fz) for set NSET_IND_TOP and time  0.3156433E+00

        10  5.454935E-04 -2.236109E+00  1.154092E-11
        11  8.264342E-05 -5.411736E-04 -8.438226E-12
      1004  3.332575E-04 -4.009777E+00  1.053640E-11
      1005  9.176831E-05 -3.765693E+00 -2.320962E-11
      1006  2.446484E-04 -3.616004E+00  6.813641E-12
      1007  1.239717E-04 -3.460933E+00 -2.732785E-11
      1008  2.290272E-04 -3.224479E+00  4.112009E-11
      1009  9.416173E-05 -2.856559E+00  7.721006E-12
      1010 -1.369741E-05 -2.332755E+00 -3.016125E-11
      1011  2.771180E-05 -1.658590E+00  8.298744E-12
      1012 -8.921689E-06 -8.623971E-01  4.647129E-11
      1013 -3.272700E-02 -8.436071E+00  2.057798E-11
      1014 -4.984641E-02 -7.750352E+00  5.005774E-12
      1015 -4.759885E-02 -7.374098E+00  1.047051E-11
      1016 -6.083773E-02 -7.079349E+00 -2.393841E-11
      1017 -5.688167E-02 -6.694664E+00 -1.512124E-13
      1018 -6.888903E-02 -6.095199E+00  1.870815E-11
      1019 -6.469934E-02 -5.206079E+00  5.696554E-12
      1020 -6.481232E-02 -4.006023E+00  2.671219E-11
      1021 -7.563237E-02 -2.530374E+00  5.311795E-11
      1022 -6.079580E-02 -8.661126E-01 -1.020295E-12

 total force (fx,fy,fz) for set NSET_IND_TOP and time  0.3156433E+00

       -5.809705E-01 -8.406216E+01  1.585443E-10

                                INCREMENT    50


 displacements (vx,vy,vz) for set NSET_IND_TOP and time  0.3206433E+00

        10  6.899169E-05 -3.238497E-01  0.000000E+00
        11  0.000000E+00 -3.238497E-01  0.000000E+00
      1004  6.770499E-05 -3.238497E-01  0.000000E+00
      1005  6.619294E-05 -3.238497E-01  0.000000E+00
      1006  6.378457E-05 -3.238497E-01  0.000000E+00
      1007  5.994367E-05 -3.238497E-01  0.000000E+00
      1008  5.431513E-05 -3.238497E-01  0.000000E+00
      1009  4.671251E-05 -3.238497E-01  0.000000E+00
      1010  3.714852E-05 -3.238497E-01  0.000000E+00
      1011  2.585449E-05 -3.238497E-01  0.000000E+00
      1012  1.327740E-05 -3.238497E-01  0.000000E+00
      1013  6.832605E-05 -3.238497E-01  0.000000E+00
      1014  6.701783E-05 -3.238497E-01  0.000000E+00
      1015  6.513322E-05 -3.238497E-01  0.000000E+00
      1016  6.206446E-05 -3.238497E-01  0.000000E+00
      1017  5.736499E-05 -3.238497E-01  0.000000E+00
      1018  5.075981E-05 -3.238497E-01  0.000000E+00
      1019  4.216267E-05 -3.238497E-01  0.000000E+00
      1020  3.169680E-05 -3.238497E-01  0.000000E+00
      1021  1.969574E-05 -3.238497E-01  0.000000E+00
      1022  6.689142E-06 -3.238497E-01  0.000000E+00

 forces (fx,fy,fz) for set NSET_IND_TOP and time  0.3206433E+00

        10  5.845763E-04 -2.395197E+00  1.267022E-11
        11  8.855838E-05 -5.801417E-04  1.409203E-12
      1004  3.571039E-04 -4.295219E+00  1.338747E-11
      1005  9.827163E-05 -4.034032E+00 -1.026988E-12
      1006  2.621152E-04 -3.873970E+00 -1.772513E-11
      1007  1.327824E-04 -3.708097E+00  1.042697E-11
      1008  2.453903E-04 -3.454964E+00 -9.513858E-12
      1009  1.008466E-04 -3.060892E+00  1.111278E-11
      1010 -1.473510E-05 -2.499711E+00 -2.404533E-11
      1011  2.962896E-05 -1.777342E+00  1.519949E-11
      1012 -9.616705E-06 -9.241572E-01  1.862764E-11
      1013 -3.507806E-02 -9.036395E+00 -5.830891E-13
      1014 -5.342665E-02 -8.302334E+00 -7.408296E-12
      1015 -5.101719E-02 -7.899862E+00 -4.590706E-11
      1016 -6.520642E-02 -7.584657E+00 -2.075118E-11
      1017 -6.096610E-02 -7.172981E+00 -2.676037E-11
      1018 -7.383561E-02 -6.531037E+00  1.338041E-11
      1019 -6.934517E-02 -5.578575E+00 -9.506618E-12
      1020 -6.946638E-02 -4.292788E+00  2.152523E-11
      1021 -8.106356E-02 -2.711562E+00 -1.720668E-11
      1022 -6.516165E-02 -9.281403E-01  1.515854E-11

 total force (fx,fy,fz) for set NSET_IND_TOP and time  0.3206433E+00

       -6.226919E-01 -9.006249E+01 -4.753665E-11

                                INCREMENT    60


 displacements (vx,vy,vz) for set NSET_IND_TOP and time  0.3256433E+00

        10  7.406140E-05 -3.288997E-01  0.000000E+00
        11  0.000000E+00 -3.288997E-01  0.000000E+00
      1004  7.268069E-05 -3.288997E-01  0.000000E+00
      1005  7.105804E-05 -3.288997E-01  0.000000E+00
      1006  6.847313E-05 -3.288997E-01  0.000000E+00
      1007  6.435029E-05 -3.288997E-01  0.000000E+00
      1008  5.830832E-05 -3.288997E-01  0.000000E+00
      1009  5.014702E-05 -3.288997E-01  0.000000E+00
      1010  3.988002E-05 -3.288997E-01  0.000000E+00
      1011  2.775565E-05 -3.288997E-01  0.000000E+00
      1012  1.425375E-05 -3.288997E-01  0.000000E+00
      1013  7.334712E-05 -3.288997E-01  0.000000E+00
      1014  7.194330E-05 -3.288997E-01  0.000000E+00
      1015  6.992068E-05 -3.288997E-01  0.000000E+00
      1016  6.662679E-05 -3.288997E-01  0.000000E+00
      1017  6.158223E-05 -3.288997E-01  0.000000E+00
      1018  5.449176E-05 -3.288997E-01  0.000000E+00
      1019  4.526277E-05 -3.288997E-01  0.000000E+00
      1020  3.402751E-05 -3.288997E-01  0.000000E+00
      1021  2.114405E-05 -3.288997E-01  0.000000E+00
      1022  7.181035E-06 -3.288997E-01  0.000000E+00

 forces (fx,fy,fz) for set NSET_IND_TOP and time  0.3256433E+00

        10  6.275273E-04 -2.570511E+00  1.279770E-11
        11  9.506051E-05 -6.228792E-04 -9.029821E-13
      1004  3.833232E-04 -4.609703E+00  4.331736E-12
      1005  1.054489E-04 -4.329556E+00  1.146094E-12
      1006  2.813361E-04 -4.157945E+00 -1.167325E-12
      1007  1.424947E-04 -3.980069E+00  1.176121E-11
      1008  2.633910E-04 -3.708492E+00 -1.061339E-13
      1009  1.082181E-04 -3.285589E+00 -3.833645E-11
      1010 -1.585199E-05 -2.683267E+00 -3.195217E-11
      1011  3.176401E-05 -1.907881E+00 -2.619341E-11
      1012 -1.035728E-05 -9.920410E-01  2.171914E-11
      1013 -3.765913E-02 -9.697889E+00  1.773315E-11
      1014 -5.735743E-02 -8.910366E+00  4.141132E-13
      1015 -5.477041E-02 -8.478766E+00 -4.461942E-11
      1016 -7.000325E-02 -8.140797E+00  3.240430E-11
      1017 -6.545089E-02 -7.699213E+00 -6.343592E-12
      1018 -7.926706E-02 -7.010382E+00 -1.104805E-11
      1019 -7.444633E-02 -5.988153E+00 -6.258638E-11
      1020 -7.457652E-02 -4.608041E+00  7.975398E-12
      1021 -8.702689E-02 -2.910726E+00  1.829648E-11
      1022 -6.995523E-02 -9.963176E-01  1.622924E-11

 total force (fx,fy,fz) for set NSET_IND_TOP and time  0.3256433E+00

       -6.685008E-01 -9.666633E+01 -7.844735E-11

                                INCREMENT    70


 displacements (vx,vy,vz) for set NSET_IND_TOP and time  0.3306433E+00

        10  7.916872E-05 -3.339497E-01  0.000000E+00
        11  0.000000E+00 -3.339497E-01  0.000000E+00
      1004  7.769336E-05 -3.339497E-01  0.000000E+00
      1005  7.595932E-05 -3.339497E-01  0.000000E+00
      1006  7.319658E-05 -3.339497E-01  0.000000E+00
      1007  6.878974E-05 -3.339497E-01  0.000000E+00
      1008  6.233128E-05 -3.339497E-01  0.000000E+00
      1009  5.360716E-05 -3.339497E-01  0.000000E+00
      1010  4.263192E-05 -3.339497E-01  0.000000E+00
      1011  2.967100E-05 -3.339497E-01  0.000000E+00
      1012  1.523741E-05 -3.339497E-01  0.000000E+00
      1013  7.840546E-05 -3.339497E-01  0.000000E+00
      1014  7.690538E-05 -3.339497E-01  0.000000E+00
      1015  7.474375E-05 -3.339497E-01  0.000000E+00
      1016  7.122309E-05 -3.339497E-01  0.000000E+00
      1017  6.583090E-05 -3.339497E-01  0.000000E+00
      1018  5.825155E-05 -3.339497E-01  0.000000E+00
      1019  4.838600E-05 -3.339497E-01  0.000000E+00
      1020  3.637562E-05 -3.339497E-01  0.000000E+00
      1021  2.260318E-05 -3.339497E-01  0.000000E+00
      1022  7.676603E-06 -3.339497E-01  0.000000E+00

 forces (fx,fy,fz) for set NSET_IND_TOP and time  0.3306433E+00

        10  6.707964E-04 -2.747070E+00  3.364427E-12
        11  1.016102E-04 -6.659417E-04  1.173471E-12
      1004  4.097351E-04 -4.926429E+00  8.193831E-12
      1005  1.126756E-04 -4.627201E+00  4.659411E-13
      1006  3.006959E-04 -4.443971E+00 -5.374357E-12
      1007  1.522751E-04 -4.254019E+00 -1.094138E-11
      1008  2.815221E-04 -3.963874E+00  5.911684E-12
      1009  1.156407E-04 -3.511937E+00  7.632365E-12
      1010 -1.698014E-05 -2.868174E+00 -5.057189E-12
      1011  3.391109E-05 -2.039383E+00  1.820520E-13
      1012 -1.110635E-05 -1.060426E+00  1.965756E-11
      1013 -4.025963E-02 -1.036409E+01  3.795919E-11
      1014 -6.131777E-02 -9.522747E+00 -1.590061E-11
      1015 -5.855183E-02 -9.061838E+00  9.009682E-12
      1016 -7.483610E-02 -8.700968E+00 -5.425438E-12
      1017 -6.996932E-02 -8.229283E+00  1.345724E-11
      1018 -8.473925E-02 -7.493239E+00 -9.320544E-12
      1019 -7.958576E-02 -6.400742E+00 -9.489298E-12
      1020 -7.972500E-02 -4.925619E+00  1.006262E-11
      1021 -9.303496E-02 -3.111361E+00  8.917311E-12
      1022 -7.478477E-02 -1.064999E+00  1.423128E-11

 total force (fx,fy,fz) for set NSET_IND_TOP and time  0.3306433E+00

       -7.146536E-01 -1.033180E+02  7.870984E-11

                                INCREMENT    80


 displacements (vx,vy,vz) for set NSET_IND_TOP and time  0.3356433E+00

        10  8.434437E-05 -3.389997E-01  0.000000E+00
        11  0.000000E+00 -3.389997E-01  0.000000E+00
      1004  8.277312E-05 -3.389997E-01  0.000000E+00
      1005  8.092623E-05 -3.389997E-01  0.000000E+00
      1006  7.798331E-05 -3.389997E-01  0.000000E+00
      1007  7.328869E-05 -3.389997E-01  0.000000E+00
      1008  6.640818E-05 -3.389997E-01  0.000000E+00
      1009  5.711370E-05 -3.389997E-01  0.000000E+00
      1010  4.542073E-05 -3.389997E-01  0.000000E+00
      1011  3.161206E-05 -3.389997E-01  0.000000E+00
      1012  1.623426E-05 -3.389997E-01  0.000000E+00
      1013  8.353150E-05 -3.389997E-01  0.000000E+00
      1014  8.193390E-05 -3.389997E-01  0.000000E+00
      1015  7.963143E-05 -3.389997E-01  0.000000E+00
      1016  7.588098E-05 -3.389997E-01  0.000000E+00
      1017  7.013652E-05 -3.389997E-01  0.000000E+00
      1018  6.206175E-05 -3.389997E-01  0.000000E+00
      1019  5.155112E-05 -3.389997E-01  0.000000E+00
      1020  3.875523E-05 -3.389997E-01  0.000000E+00
      1021  2.408189E-05 -3.389997E-01  0.000000E+00
      1022  8.178820E-06 -3.389997E-01  0.000000E+00

 forces (fx,fy,fz) for set NSET_IND_TOP and time  0.3356433E+00

        10  7.146438E-04 -2.925949E+00 -8.989143E-12
        11  1.082467E-04 -7.095858E-04  2.427090E-11
      1004  4.364988E-04 -5.247324E+00  1.735106E-11
      1005  1.199960E-04 -4.928774E+00  1.970988E-11
      1006  3.203118E-04 -4.733783E+00 -8.846325E-12
      1007  1.621831E-04 -4.531603E+00  1.086488E-11
      1008  2.998931E-04 -4.222651E+00  6.312003E-12
      1009  1.231596E-04 -3.741299E+00  6.081408E-12
      1010 -1.812579E-05 -3.055547E+00 -1.907180E-11
      1011  3.608375E-05 -2.172640E+00 -2.141287E-11
      1012 -1.186788E-05 -1.129725E+00 -1.453913E-11
      1013 -4.289512E-02 -1.103905E+01  6.488809E-12
      1014 -6.533137E-02 -1.014320E+01  5.165779E-11
      1015 -6.238409E-02 -9.652615E+00 -3.452927E-11
      1016 -7.973391E-02 -9.268563E+00 -6.767475E-12
      1017 -7.454849E-02 -8.766394E+00  1.432898E-11
      1018 -9.028499E-02 -7.982523E+00  3.920508E-11
      1019 -8.479425E-02 -6.818830E+00 -1.864020E-11
      1020 -8.494266E-02 -5.247434E+00  2.127454E-11
      1021 -9.912377E-02 -3.314674E+00  6.643575E-13
      1022 -7.967921E-02 -1.134597E+00  2.398259E-11

 total force (fx,fy,fz) for set NSET_IND_TOP and time  0.3356433E+00

       -7.614268E-01 -1.100579E+02  1.093961E-10

                                INCREMENT    90


 displacements (vx,vy,vz) for set NSET_IND_TOP and time  0.3406433E+00

        10  8.956990E-05 -3.440497E-01  0.000000E+00
        11  0.000000E+00 -3.440497E-01  0.000000E+00
      1004  8.790189E-05 -3.440497E-01  0.000000E+00
      1005  8.594111E-05 -3.440497E-01  0.000000E+00
      1006  8.281630E-05 -3.440497E-01  0.000000E+00
      1007  7.783115E-05 -3.440497E-01  0.000000E+00
      1008  7.052452E-05 -3.440497E-01  0.000000E+00
      1009  6.065419E-05 -3.440497E-01  0.000000E+00
      1010  4.823655E-05 -3.440497E-01  0.000000E+00
      1011  3.357191E-05 -3.440497E-01  0.000000E+00
      1012  1.724077E-05 -3.440497E-01  0.000000E+00
      1013  8.870697E-05 -3.440497E-01  0.000000E+00
      1014  8.701095E-05 -3.440497E-01  0.000000E+00
      1015  8.456631E-05 -3.440497E-01  0.000000E+00
      1016  8.058389E-05 -3.440497E-01  0.000000E+00
      1017  7.448379E-05 -3.440497E-01  0.000000E+00
      1018  6.590883E-05 -3.440497E-01  0.000000E+00
      1019  5.474689E-05 -3.440497E-01  0.000000E+00
      1020  4.115789E-05 -3.440497E-01  0.000000E+00
      1021  2.557493E-05 -3.440497E-01  0.000000E+00
      1022  8.685905E-06 -3.440497E-01  0.000000E+00

 forces (fx,fy,fz) for set NSET_IND_TOP and time  0.3406433E+00

        10  7.589133E-04 -3.106499E+00  2.004525E-12
        11  1.149467E-04 -7.536584E-04  8.935565E-12
      1004  4.635187E-04 -5.571223E+00  2.205514E-11
      1005  1.273834E-04 -5.233183E+00 -2.154310E-12
      1006  3.401134E-04 -5.026335E+00  2.658453E-11
      1007  1.721829E-04 -4.811825E+00  1.402474E-11
      1008  3.184384E-04 -4.483897E+00 -3.186061E-12
      1009  1.307476E-04 -3.972855E+00  1.610441E-11
      1010 -1.928533E-05 -3.244717E+00 -1.674280E-11
      1011  3.827376E-05 -2.307177E+00 -4.632755E-11
      1012 -1.263960E-05 -1.199690E+00  8.543670E-12
      1013 -4.555629E-02 -1.172031E+01  9.240830E-12
      1014 -6.938405E-02 -1.076947E+01 -3.146372E-12
      1015 -6.625363E-02 -1.024896E+01 -1.944156E-11
      1016 -8.467934E-02 -9.841536E+00 -1.055733E-11
      1017 -7.917217E-02 -9.308616E+00  4.978240E-12
      1018 -9.588462E-02 -8.476479E+00  1.864153E-11
      1019 -9.005336E-02 -7.240922E+00  2.060041E-11
      1020 -9.021103E-02 -5.572336E+00 -8.126833E-13
      1021 -1.052718E-01 -3.519940E+00 -1.455724E-11
      1022 -8.462123E-02 -1.204865E+00  8.234302E-12

 total force (fx,fy,fz) for set NSET_IND_TOP and time  0.3406433E+00

       -8.086549E-01 -1.168616E+02  4.302197E-11

                                INCREMENT   100


 displacements (vx,vy,vz) for set NSET_IND_TOP and time  0.3456433E+00

        10  9.483398E-05 -3.490997E-01  0.000000E+00
        11  0.000000E+00 -3.490997E-01  0.000000E+00
      1004  9.306854E-05 -3.490997E-01  0.000000E+00
      1005  9.099306E-05 -3.490997E-01  0.000000E+00
      1006  8.768505E-05 -3.490997E-01  0.000000E+00
      1007  8.240725E-05 -3.490997E-01  0.000000E+00
      1008  7.467139E-05 -3.490997E-01  0.000000E+00
      1009  6.422095E-05 -3.490997E-01  0.000000E+00
      1010  5.107327E-05 -3.490997E-01  0.000000E+00
      1011  3.554633E-05 -3.490997E-01  0.000000E+00
      1012  1.825475E-05 -3.490997E-01  0.000000E+00
      1013  9.392063E-05 -3.490997E-01  0.000000E+00
      1014  9.212551E-05 -3.490997E-01  0.000000E+00
      1015  8.953771E-05 -3.490997E-01  0.000000E+00
      1016  8.532163E-05 -3.490997E-01  0.000000E+00
      1017  7.886327E-05 -3.490997E-01  0.000000E+00
      1018  6.978445E-05 -3.490997E-01  0.000000E+00
      1019  5.796638E-05 -3.490997E-01  0.000000E+00
      1020  4.357840E-05 -3.490997E-01  0.000000E+00
      1021  2.707906E-05 -3.490997E-01  0.000000E+00
      1022  9.196757E-06 -3.490997E-01  0.000000E+00

 forces (fx,fy,fz) for set NSET_IND_TOP and time  0.3456433E+00

        10  8.035088E-04 -3.288320E+00  8.450071E-12
        11  1.216952E-04 -7.980645E-04  1.551693E-11
      1004  4.907358E-04 -5.897413E+00 -1.450016E-11
      1005  1.348214E-04 -5.539761E+00 -3.090173E-11
      1006  3.600572E-04 -5.320986E+00 -9.202500E-13
      1007  1.822521E-04 -5.094070E+00 -1.196118E-11
      1008  3.371172E-04 -4.747040E+00 -2.616442E-11
      1009  1.383878E-04 -4.206100E+00 -3.763260E-12
      1010 -2.045657E-05 -3.435271E+00  4.249023E-12
      1011  4.047589E-05 -2.442700E+00 -3.113468E-11
      1012 -1.342018E-05 -1.270168E+00  2.884707E-11
      1013 -4.823738E-02 -1.240639E+01 -2.114242E-11
      1014 -7.346703E-02 -1.140018E+01  2.334755E-11
      1015 -7.015209E-02 -1.084957E+01  2.724532E-11
      1016 -8.966169E-02 -1.041863E+01 -5.770495E-12
      1017 -8.383035E-02 -9.854766E+00 -2.001732E-11
      1018 -1.015260E-01 -8.974030E+00 -3.620748E-11
      1019 -9.535171E-02 -7.666098E+00  1.860734E-13
      1020 -9.551871E-02 -5.899618E+00 -6.552092E-12
      1021 -1.114656E-01 -3.726713E+00  3.801848E-11
      1022 -8.960012E-02 -1.275648E+00 -7.313705E-12

 total force (fx,fy,fz) for set NSET_IND_TOP and time  0.3456433E+00

       -8.562356E-01 -1.237143E+02 -7.048869E-11

                                INCREMENT   110


 displacements (vx,vy,vz) for set NSET_IND_TOP and time  0.3506433E+00

        10  1.001141E-04 -3.541497E-01  0.000000E+00
        11  0.000000E+00 -3.541497E-01  0.000000E+00
      1004  9.825103E-05 -3.541497E-01  0.000000E+00
      1005  9.606056E-05 -3.541497E-01  0.000000E+00
      1006  9.256884E-05 -3.541497E-01  0.000000E+00
      1007  8.699753E-05 -3.541497E-01  0.000000E+00
      1008  7.883112E-05 -3.541497E-01  0.000000E+00
      1009  6.779881E-05 -3.541497E-01  0.000000E+00
      1010  5.391884E-05 -3.541497E-01  0.000000E+00
      1011  3.752691E-05 -3.541497E-01  0.000000E+00
      1012  1.927191E-05 -3.541497E-01  0.000000E+00
      1013  9.915026E-05 -3.541497E-01  0.000000E+00
      1014  9.725579E-05 -3.541497E-01  0.000000E+00
      1015  9.452443E-05 -3.541497E-01  0.000000E+00
      1016  9.007402E-05 -3.541497E-01  0.000000E+00
      1017  8.325634E-05 -3.541497E-01  0.000000E+00
      1018  7.367211E-05 -3.541497E-01  0.000000E+00
      1019  6.119590E-05 -3.541497E-01  0.000000E+00
      1020  4.600645E-05 -3.541497E-01  0.000000E+00
      1021  2.858789E-05 -3.541497E-01  0.000000E+00
      1022  9.709207E-06 -3.541497E-01  0.000000E+00

 forces (fx,fy,fz) for set NSET_IND_TOP and time  0.3506433E+00

        10  8.482396E-04 -3.470622E+00  8.571442E-13
        11  1.284634E-04 -8.426172E-04  6.869436E-12
      1004  5.180333E-04 -6.224476E+00  7.520267E-12
      1005  1.422768E-04 -5.847177E+00  1.560194E-12
      1006  3.800569E-04 -5.616463E+00  2.211346E-11
      1007  1.923466E-04 -5.377124E+00 -1.646134E-11
      1008  3.558488E-04 -5.010949E+00 -1.404945E-11
      1009  1.460463E-04 -4.440034E+00 -1.783032E-12
      1010 -2.163554E-05 -3.626394E+00  4.031433E-12
      1011  4.267943E-05 -2.578631E+00 -2.318528E-11
      1012 -1.420733E-05 -1.340860E+00  3.858860E-11
      1013 -5.092704E-02 -1.309429E+01 -1.752909E-11
      1014 -7.756301E-02 -1.203260E+01 -4.935163E-11
      1015 -7.406292E-02 -1.145185E+01  4.283240E-12
      1016 -9.465983E-02 -1.099737E+01 -2.497247E-11
      1017 -8.850328E-02 -1.040249E+01  1.230127E-11
      1018 -1.071853E-01 -9.473042E+00 -2.148548E-11
      1019 -1.006668E-01 -8.092536E+00 -1.434408E-11
      1020 -1.008432E-01 -6.227881E+00 -7.560175E-12
      1021 -1.176791E-01 -3.934108E+00  2.944445E-11
      1022 -9.459477E-02 -1.346646E+00  5.371703E-12

 total force (fx,fy,fz) for set NSET_IND_TOP and time  0.3506433E+00

       -9.039671E-01 -1.305864E+02 -5.778084E-11

                                INCREMENT   120


 displacements (vx,vy,vz) for set NSET_IND_TOP and time  0.3556433E+00

        10  1.019349E-04 -3.591997E-01  0.000000E+00
        11  0.000000E+00 -3.591997E-01  0.000000E+00
      1004  1.000403E-04 -3.591997E-01  0.000000E+00
      1005  9.781216E-05 -3.591997E-01  0.000000E+00
      1006  9.425878E-05 -3.591997E-01  0.000000E+00
      1007  8.858750E-05 -3.591997E-01  0.000000E+00
      1008  8.027331E-05 -3.591997E-01  0.000000E+00
      1009  6.904030E-05 -3.591997E-01  0.000000E+00
      1010  5.490695E-05 -3.591997E-01  0.000000E+00
      1011  3.821504E-05 -3.591997E-01  0.000000E+00
      1012  1.962544E-05 -3.591997E-01  0.000000E+00
      1013  1.009547E-04 -3.591997E-01  0.000000E+00
      1014  9.902806E-05 -3.591997E-01  0.000000E+00
      1015  9.624906E-05 -3.591997E-01  0.000000E+00
      1016  9.171933E-05 -3.591997E-01  0.000000E+00
      1017  8.477873E-05 -3.591997E-01  0.000000E+00
      1018  7.502055E-05 -3.591997E-01  0.000000E+00
      1019  6.231695E-05 -3.591997E-01  0.000000E+00
      1020  4.684984E-05 -3.591997E-01  0.000000E+00
      1021  2.911222E-05 -3.591997E-01  0.000000E+00
      1022  9.887334E-06 -3.591997E-01  0.000000E+00

 forces (fx,fy,fz) for set NSET_IND_TOP and time  0.3556433E+00

        10  8.636315E-04 -3.530729E+00 -7.109466E-12
        11  1.307698E-04 -8.584249E-04  1.913268E-11
      1004  5.273501E-04 -6.332726E+00  4.233081E-12
      1005  1.446634E-04 -5.949593E+00 -5.546439E-12
      1006  3.867818E-04 -5.715614E+00  1.323160E-11
      1007  1.956377E-04 -5.472738E+00 -6.722106E-12
      1008  3.621704E-04 -5.100593E+00  1.053876E-12
      1009  1.485198E-04 -4.519848E+00  8.456414E-12
      1010 -2.218642E-05 -3.691819E+00 -4.395611E-12
      1011  4.325776E-05 -2.625272E+00 -1.230108E-11
      1012 -1.462375E-05 -1.365149E+00  1.124812E-11
      1013 -5.186813E-02 -1.332145E+01  3.416645E-11
      1014 -7.899453E-02 -1.224257E+01  3.070655E-11
      1015 -7.542854E-02 -1.165321E+01  9.476864E-12
      1016 -9.640407E-02 -1.119222E+01  1.640155E-11
      1017 -9.013352E-02 -1.058803E+01 -1.394440E-13
      1018 -1.091594E-01 -9.642917E+00  4.917844E-12
      1019 -1.025210E-01 -8.238266E+00  1.998846E-12
      1020 -1.027009E-01 -6.340377E+00 -3.044676E-11
      1021 -1.198473E-01 -4.005315E+00 -9.020784E-12
      1022 -9.633783E-02 -1.371044E+00  8.455903E-12

 total force (fx,fy,fz) for set NSET_IND_TOP and time  0.3556433E+00

       -9.206293E-01 -1.329003E+02  8.779808E-11

                                INCREMENT   130


 displacements (vx,vy,vz) for set NSET_IND_TOP and time  0.3606433E+00

        10  1.073386E-04 -3.642497E-01  0.000000E+00
        11  0.000000E+00 -3.642497E-01  0.000000E+00
      1004  1.053442E-04 -3.642497E-01  0.000000E+00
      1005  1.029985E-04 -3.642497E-01  0.000000E+00
      1006  9.925721E-05 -3.642497E-01  0.000000E+00
      1007  9.328561E-05 -3.642497E-01  0.000000E+00
      1008  8.453085E-05 -3.642497E-01  0.000000E+00
      1009  7.270233E-05 -3.642497E-01  0.000000E+00
      1010  5.781950E-05 -3.642497E-01  0.000000E+00
      1011  4.024227E-05 -3.642497E-01  0.000000E+00
      1012  2.066655E-05 -3.642497E-01  0.000000E+00
      1013  1.063067E-04 -3.642497E-01  0.000000E+00
      1014  1.042786E-04 -3.642497E-01  0.000000E+00
      1015  1.013528E-04 -3.642497E-01  0.000000E+00
      1016  9.658332E-05 -3.642497E-01  0.000000E+00
      1017  8.927504E-05 -3.642497E-01  0.000000E+00
      1018  7.899964E-05 -3.642497E-01  0.000000E+00
      1019  6.562247E-05 -3.642497E-01  0.000000E+00
      1020  4.933507E-05 -3.642497E-01  0.000000E+00
      1021  3.065659E-05 -3.642497E-01  0.000000E+00
      1022  1.041186E-05 -3.642497E-01  0.000000E+00

 forces (fx,fy,fz) for set NSET_IND_TOP and time  0.3606433E+00

        10  9.094073E-04 -3.717137E+00 -8.321094E-12
        11  1.376944E-04 -9.040445E-04  4.857651E-12
      1004  5.552808E-04 -6.667180E+00  6.310334E-12
      1005  1.522825E-04 -6.263995E+00 -1.611877E-12
      1006  4.072392E-04 -6.017848E+00  2.426696E-11
      1007  2.059570E-04 -5.762301E+00 -1.774659E-11
      1008  3.813317E-04 -5.370601E+00 -7.141721E-12
      1009  1.563472E-04 -4.759207E+00  1.574044E-11
      1010 -2.340163E-05 -3.887386E+00 -3.828494E-11
      1011  4.550184E-05 -2.764370E+00  9.678052E-12
      1012 -1.543804E-05 -1.437489E+00 -7.358856E-12
      1013 -5.462154E-02 -1.402486E+01  1.369904E-11
      1014 -8.318748E-02 -1.288932E+01  9.842793E-12
      1015 -7.943190E-02 -1.226921E+01 -2.905232E-12
      1016 -1.015204E-01 -1.178422E+01 -3.182787E-12
      1017 -9.491691E-02 -1.114838E+01 -2.252509E-11
      1018 -1.149524E-01 -1.015348E+01  3.440803E-12
      1019 -1.079618E-01 -8.674607E+00  1.208811E-11
      1020 -1.081512E-01 -6.676281E+00  2.922906E-11
      1021 -1.262076E-01 -4.217545E+00  4.722445E-12
      1022 -1.014505E-01 -1.443698E+00 -8.753887E-12

 total force (fx,fy,fz) for set NSET_IND_TOP and time  0.3606433E+00

       -9.694895E-01 -1.399300E+02  1.604361E-11

                                INCREMENT   140


 displacements (vx,vy,vz) for set NSET_IND_TOP and time  0.3628171E+00

        10  1.076675E-04 -3.664453E-01  0.000000E+00
        11  0.000000E+00 -3.664453E-01  0.000000E+00
      1004  1.056693E-04 -3.664453E-01  0.000000E+00
      1005  1.033186E-04 -3.664453E-01  0.000000E+00
      1006  9.956766E-05 -3.664453E-01  0.000000E+00
      1007  9.357912E-05 -3.664453E-01  0.000000E+00
      1008  8.479828E-05 -3.664453E-01  0.000000E+00
      1009  7.293349E-05 -3.664453E-01  0.000000E+00
      1010  5.800414E-05 -3.664453E-01  0.000000E+00
      1011  4.037119E-05 -3.664453E-01  0.000000E+00
      1012  2.073290E-05 -3.664453E-01  0.000000E+00
      1013  1.066337E-04 -3.664453E-01  0.000000E+00
      1014  1.046016E-04 -3.664453E-01  0.000000E+00
      1015  1.016688E-04 -3.664453E-01  0.000000E+00
      1016  9.688632E-05 -3.664453E-01  0.000000E+00
      1017  8.955672E-05 -3.664453E-01  0.000000E+00
      1018  7.925022E-05 -3.664453E-01  0.000000E+00
      1019  6.583160E-05 -3.664453E-01  0.000000E+00
      1020  4.949289E-05 -3.664453E-01  0.000000E+00
      1021  3.075493E-05 -3.664453E-01  0.000000E+00
      1022  1.044530E-05 -3.664453E-01  0.000000E+00

 forces (fx,fy,fz) for set NSET_IND_TOP and time  0.3628171E+00

        10  9.121663E-04 -3.725610E+00  2.514600E-12
        11  1.380947E-04 -9.072936E-04 -1.382944E-11
      1004  5.568874E-04 -6.682804E+00  1.380378E-12
      1005  1.525608E-04 -6.279369E+00  1.331580E-11
      1006  4.083166E-04 -6.033363E+00 -6.378106E-12
      1007  2.063980E-04 -5.777821E+00  1.246445E-11
      1008  3.823694E-04 -5.385591E+00  1.946295E-11
      1009  1.566619E-04 -4.772864E+00 -1.580513E-11
      1010 -2.361875E-05 -3.898773E+00 -3.133146E-11
      1011  4.546162E-05 -2.772585E+00 -2.073281E-11
      1012 -1.563034E-05 -1.441797E+00  2.106874E-11
      1013 -5.480338E-02 -1.405719E+01  3.722489E-11
      1014 -8.346274E-02 -1.292019E+01  5.502265E-12
      1015 -7.969352E-02 -1.230007E+01  1.926503E-11
      1016 -1.018537E-01 -1.181528E+01 -4.058087E-12
      1017 -9.522809E-02 -1.117895E+01 -1.860423E-11
      1018 -1.153292E-01 -1.018221E+01  2.741496E-11
      1019 -1.083158E-01 -8.699752E+00 -2.939693E-11
      1020 -1.085062E-01 -6.695972E+00  1.362777E-11
      1021 -1.266222E-01 -4.230126E+00  4.407008E-11
      1022 -1.017841E-01 -1.448028E+00 -3.769429E-12

 total force (fx,fy,fz) for set NSET_IND_TOP and time  0.3628171E+00

       -9.726792E-01 -1.402993E+02  7.340629E-11

                                INCREMENT   150


 displacements (vx,vy,vz) for set NSET_IND_TOP and time  0.3678171E+00

        10  1.132285E-04 -3.714953E-01  0.000000E+00
        11  0.000000E+00 -3.714953E-01  0.000000E+00
      1004  1.111276E-04 -3.714953E-01  0.000000E+00
      1005  1.086559E-04 -3.714953E-01  0.000000E+00
      1006  1.047116E-04 -3.714953E-01  0.000000E+00
      1007  9.841397E-05 -3.714953E-01  0.000000E+00
      1008  8.917973E-05 -3.714953E-01  0.000000E+00
      1009  7.670210E-05 -3.714953E-01  0.000000E+00
      1010  6.100144E-05 -3.714953E-01  0.000000E+00
      1011  4.245740E-05 -3.714953E-01  0.000000E+00
      1012  2.180431E-05 -3.714953E-01  0.000000E+00
      1013  1.121416E-04 -3.714953E-01  0.000000E+00
      1014  1.100049E-04 -3.714953E-01  0.000000E+00
      1015  1.069211E-04 -3.714953E-01  0.000000E+00
      1016  1.018919E-04 -3.714953E-01  0.000000E+00
      1017  9.418390E-05 -3.714953E-01  0.000000E+00
      1018  8.334511E-05 -3.714953E-01  0.000000E+00
      1019  6.923331E-05 -3.714953E-01  0.000000E+00
      1020  5.205044E-05 -3.714953E-01  0.000000E+00
      1021  3.234423E-05 -3.714953E-01  0.000000E+00
      1022  1.098509E-05 -3.714953E-01  0.000000E+00

 forces (fx,fy,fz) for set NSET_IND_TOP and time  0.3678171E+00

        10  9.592738E-04 -3.917441E+00  1.360847E-11
        11  1.452198E-04 -9.542392E-04  1.895028E-11
      1004  5.856302E-04 -7.026990E+00 -2.129360E-11
      1005  1.604007E-04 -6.602922E+00  1.155066E-11
      1006  4.293678E-04 -6.344395E+00  1.526692E-11
      1007  2.170160E-04 -6.075815E+00  1.398260E-11
      1008  4.020862E-04 -5.663460E+00  8.812378E-12
      1009  1.647152E-04 -5.019192E+00 -2.223615E-11
      1010 -2.487043E-05 -4.100034E+00 -2.970702E-11
      1011  4.776920E-05 -2.915733E+00 -1.971986E-11
      1012 -1.646956E-05 -1.516243E+00  2.379513E-11
      1013 -5.763693E-02 -1.478106E+01 -1.743361E-11
      1014 -8.777775E-02 -1.358576E+01  3.282308E-11
      1015 -8.381340E-02 -1.293401E+01 -2.589395E-11
      1016 -1.071189E-01 -1.242452E+01 -2.808953E-11
      1017 -1.001507E-01 -1.175562E+01 -5.878409E-12
      1018 -1.212908E-01 -1.070764E+01 -1.887290E-11
      1019 -1.139148E-01 -9.148797E+00 -6.595169E-12
      1020 -1.141151E-01 -7.041655E+00 -7.641887E-12
      1021 -1.331676E-01 -4.448534E+00 -1.024025E-11
      1022 -1.070455E-01 -1.522797E+00  1.489298E-11

 total force (fx,fy,fz) for set NSET_IND_TOP and time  0.3678171E+00

       -1.022961E+00 -1.475336E+02 -5.991986E-11

                                INCREMENT   160


 displacements (vx,vy,vz) for set NSET_IND_TOP and time  0.3728171E+00

        10  1.180440E-04 -3.765453E-01  0.000000E+00
        11  0.000000E+00 -3.765453E-01  0.000000E+00
      1004  1.158544E-04 -3.765453E-01  0.000000E+00
      1005  1.132782E-04 -3.765453E-01  0.000000E+00
      1006  1.091667E-04 -3.765453E-01  0.000000E+00
      1007  1.026016E-04 -3.765453E-01  0.000000E+00
      1008  9.297483E-05 -3.765453E-01  0.000000E+00
      1009  7.996650E-05 -3.765453E-01  0.000000E+00
      1010  6.359783E-05 -3.765453E-01  0.000000E+00
      1011  4.426461E-05 -3.765453E-01  0.000000E+00
      1012  2.273245E-05 -3.765453E-01  0.000000E+00
      1013  1.169111E-04 -3.765453E-01  0.000000E+00
      1014  1.146843E-04 -3.765453E-01  0.000000E+00
      1015  1.114699E-04 -3.765453E-01  0.000000E+00
      1016  1.062273E-04 -3.765453E-01  0.000000E+00
      1017  9.819175E-05 -3.765453E-01  0.000000E+00
      1018  8.689208E-05 -3.765453E-01  0.000000E+00
      1019  7.217996E-05 -3.765453E-01  0.000000E+00
      1020  5.426591E-05 -3.765453E-01  0.000000E+00
      1021  3.372100E-05 -3.765453E-01  0.000000E+00
      1022  1.145269E-05 -3.765453E-01  0.000000E+00

 forces (fx,fy,fz) for set NSET_IND_TOP and time  0.3728171E+00

        10  1.000057E-03 -4.083139E+00  8.817367E-12
        11  1.513816E-04 -9.949522E-04  1.143484E-12
      1004  6.105016E-04 -7.324356E+00  3.863590E-12
      1005  1.671584E-04 -6.882567E+00  1.962729E-12
      1006  4.475653E-04 -6.613328E+00  4.258238E-11
      1007  2.261766E-04 -6.333571E+00  1.895555E-11
      1008  4.191313E-04 -5.903883E+00 -7.657153E-12
      1009  1.716573E-04 -5.232378E+00 -2.432181E-11
      1010 -2.597963E-05 -4.274247E+00 -3.463380E-12
      1011  4.973389E-05 -3.039658E+00 -3.263229E-11
      1012 -1.722225E-05 -1.580697E+00 -1.366137E-11
      1013 -6.009261E-02 -1.540639E+01  3.649991E-11
      1014 -9.151705E-02 -1.416090E+01 -2.317124E-11
      1015 -8.738340E-02 -1.348202E+01  9.145573E-12
      1016 -1.116812E-01 -1.295140E+01  1.206146E-12
      1017 -1.044160E-01 -1.225450E+01  1.855360E-11
      1018 -1.264562E-01 -1.116232E+01  7.498446E-12
      1019 -1.187661E-01 -9.537458E+00 -3.540279E-12
      1020 -1.189749E-01 -7.340898E+00  8.308021E-12
      1021 -1.388388E-01 -4.637620E+00  1.065370E-12
      1022 -1.116043E-01 -1.587530E+00 -1.920997E-11

 total force (fx,fy,fz) for set NSET_IND_TOP and time  0.3728171E+00

       -1.066530E+00 -1.537899E+02  3.194469E-11

                                INCREMENT   170


 displacements (vx,vy,vz) for set NSET_IND_TOP and time  0.3778171E+00

        10  1.232554E-04 -3.815953E-01  0.000000E+00
        11  0.000000E+00 -3.815953E-01  0.000000E+00
      1004  1.209702E-04 -3.815953E-01  0.000000E+00
      1005  1.182813E-04 -3.815953E-01  0.000000E+00
      1006  1.139890E-04 -3.815953E-01  0.000000E+00
      1007  1.071347E-04 -3.815953E-01  0.000000E+00
      1008  9.708321E-05 -3.815953E-01  0.000000E+00
      1009  8.350055E-05 -3.815953E-01  0.000000E+00
      1010  6.640881E-05 -3.815953E-01  0.000000E+00
      1011  4.622125E-05 -3.815953E-01  0.000000E+00
      1012  2.373736E-05 -3.815953E-01  0.000000E+00
      1013  1.220731E-04 -3.815953E-01  0.000000E+00
      1014  1.197490E-04 -3.815953E-01  0.000000E+00
      1015  1.163935E-04 -3.815953E-01  0.000000E+00
      1016  1.109201E-04 -3.815953E-01  0.000000E+00
      1017  1.025303E-04 -3.815953E-01  0.000000E+00
      1018  9.073195E-05 -3.815953E-01  0.000000E+00
      1019  7.537009E-05 -3.815953E-01  0.000000E+00
      1020  5.666455E-05 -3.815953E-01  0.000000E+00
      1021  3.521163E-05 -3.815953E-01  0.000000E+00
      1022  1.195898E-05 -3.815953E-01  0.000000E+00

 forces (fx,fy,fz) for set NSET_IND_TOP and time  0.3778171E+00

        10  1.044196E-03 -4.262092E+00 -4.126206E-12
        11  1.580526E-04 -1.039080E-03  8.924926E-12
      1004  6.374112E-04 -7.645557E+00 -1.712434E-11
      1005  1.744526E-04 -7.184709E+00  3.564308E-12
      1006  4.672453E-04 -6.903987E+00  2.896709E-11
      1007  2.360736E-04 -6.612232E+00  9.496405E-12
      1008  4.375717E-04 -6.163873E+00  3.939562E-11
      1009  1.791581E-04 -5.462960E+00 -3.541845E-11
      1010 -2.719347E-05 -4.462709E+00  3.024333E-11
      1011  5.184590E-05 -3.173734E+00 -7.693885E-12
      1012 -1.804944E-05 -1.650436E+00 -2.376394E-11
      1013 -6.275212E-02 -1.608177E+01  2.778000E-12
      1014 -9.556655E-02 -1.478221E+01 -3.190515E-11
      1015 -9.124944E-02 -1.407422E+01 -2.159961E-11
      1016 -1.166217E-01 -1.352092E+01 -4.098055E-12
      1017 -1.090348E-01 -1.279391E+01  8.558487E-12
      1018 -1.320499E-01 -1.165405E+01 -2.804024E-11
      1019 -1.240197E-01 -9.957870E+00  2.827516E-11
      1020 -1.242378E-01 -7.664634E+00  5.507150E-12
      1021 -1.449806E-01 -4.842201E+00 -5.953460E-12
      1022 -1.165414E-01 -1.657572E+00 -1.226041E-11

 total force (fx,fy,fz) for set NSET_IND_TOP and time  0.3778171E+00

       -1.113713E+00 -1.605527E+02 -2.627327E-11

                                INCREMENT   180


 displacements (vx,vy,vz) for set NSET_IND_TOP and time  0.3828171E+00

        10  1.289959E-04 -3.866453E-01  0.000000E+00
        11  0.000000E+00 -3.866453E-01  0.000000E+00
      1004  1.266048E-04 -3.866453E-01  0.000000E+00
      1005  1.237910E-04 -3.866453E-01  0.000000E+00
      1006  1.192992E-04 -3.866453E-01  0.000000E+00
      1007  1.121259E-04 -3.866453E-01  0.000000E+00
      1008  1.016064E-04 -3.866453E-01  0.000000E+00
      1009  8.739112E-05 -3.866453E-01  0.000000E+00
      1010  6.950315E-05 -3.866453E-01  0.000000E+00
      1011  4.837501E-05 -3.866453E-01  0.000000E+00
      1012  2.484346E-05 -3.866453E-01  0.000000E+00
      1013  1.277588E-04 -3.866453E-01  0.000000E+00
      1014  1.253269E-04 -3.866453E-01  0.000000E+00
      1015  1.218156E-04 -3.866453E-01  0.000000E+00
      1016  1.160876E-04 -3.866453E-01  0.000000E+00
      1017  1.073072E-04 -3.866453E-01  0.000000E+00
      1018  9.495935E-05 -3.866453E-01  0.000000E+00
      1019  7.888191E-05 -3.866453E-01  0.000000E+00
      1020  5.930490E-05 -3.866453E-01  0.000000E+00
      1021  3.685240E-05 -3.866453E-01  0.000000E+00
      1022  1.251624E-05 -3.866453E-01  0.000000E+00

 forces (fx,fy,fz) for set NSET_IND_TOP and time  0.3828171E+00

        10  1.092822E-03 -4.459979E+00 -1.483772E-11
        11  1.654053E-04 -1.087558E-03 -8.639626E-12
      1004  6.670765E-04 -8.000629E+00  1.199440E-11
      1005  1.825359E-04 -7.518529E+00  1.466503E-11
      1006  4.889663E-04 -7.224923E+00  2.898825E-11
      1007  2.470239E-04 -6.919746E+00 -2.927965E-11
      1008  4.579162E-04 -6.450643E+00  9.088067E-12
      1009  1.874618E-04 -5.717196E+00 -4.286762E-13
      1010 -2.849328E-05 -4.670440E+00 -8.056895E-12
      1011  5.421786E-05 -3.321489E+00 -1.628790E-11
      1012 -1.892358E-05 -1.727279E+00  7.406634E-12
      1013 -6.567780E-02 -1.682852E+01  2.010214E-11
      1014 -1.000218E-01 -1.546886E+01 -2.074652E-11
      1015 -9.550311E-02 -1.472830E+01  2.996137E-11
      1016 -1.220579E-01 -1.414960E+01 -1.124745E-11
      1017 -1.141172E-01 -1.338903E+01 -2.018385E-11
      1018 -1.382050E-01 -1.219633E+01 -1.349054E-11
      1019 -1.298004E-01 -1.042134E+01 -2.156808E-11
      1020 -1.300287E-01 -8.021436E+00 -9.653611E-12
      1021 -1.517383E-01 -5.067641E+00  1.133671E-11
      1022 -1.219736E-01 -1.734749E+00 -5.772272E-12

 total force (fx,fy,fz) for set NSET_IND_TOP and time  0.3828171E+00

       -1.165628E+00 -1.680177E+02 -4.665018E-11

                                INCREMENT   190


 displacements (vx,vy,vz) for set NSET_IND_TOP and time  0.3878171E+00

        10  1.346286E-04 -3.916953E-01  0.000000E+00
        11  0.000000E+00 -3.916953E-01  0.000000E+00
      1004  1.321336E-04 -3.916953E-01  0.000000E+00
      1005  1.291975E-04 -3.916953E-01  0.000000E+00
      1006  1.245099E-04 -3.916953E-01  0.000000E+00
      1007  1.170236E-04 -3.916953E-01  0.000000E+00
      1008  1.060449E-04 -3.916953E-01  0.000000E+00
      1009  9.120886E-05 -3.916953E-01  0.000000E+00
      1010  7.253958E-05 -3.916953E-01  0.000000E+00
      1011  5.048848E-05 -3.916953E-01  0.000000E+00
      1012  2.592888E-05 -3.916953E-01  0.000000E+00
      1013  1.333377E-04 -3.916953E-01  0.000000E+00
      1014  1.308002E-04 -3.916953E-01  0.000000E+00
      1015  1.271359E-04 -3.916953E-01  0.000000E+00
      1016  1.211581E-04 -3.916953E-01  0.000000E+00
      1017  1.119946E-04 -3.916953E-01  0.000000E+00
      1018  9.910760E-05 -3.916953E-01  0.000000E+00
      1019  8.232800E-05 -3.916953E-01  0.000000E+00
      1020  6.189584E-05 -3.916953E-01  0.000000E+00
      1021  3.846247E-05 -3.916953E-01  0.000000E+00
      1022  1.306308E-05 -3.916953E-01  0.000000E+00

 forces (fx,fy,fz) for set NSET_IND_TOP and time  0.3878171E+00

        10  1.140533E-03 -4.654055E+00 -7.222334E-12
        11  1.726177E-04 -1.135139E-03  2.924655E-11
      1004  6.961805E-04 -8.348881E+00  9.507457E-12
      1005  1.904600E-04 -7.845962E+00 -1.404061E-11
      1006  5.102718E-04 -7.539745E+00  6.917653E-11
      1007  2.577602E-04 -7.221423E+00  5.438185E-13
      1008  4.778713E-04 -6.731987E+00  4.816079E-11
      1009  1.956016E-04 -5.966632E+00  1.042408E-11
      1010 -2.977483E-05 -4.874257E+00 -2.053261E-11
      1011  5.653696E-05 -3.466462E+00  8.783593E-12
      1012 -1.978767E-05 -1.802677E+00 -3.271647E-11
      1013 -6.854900E-02 -1.756090E+01  3.422818E-12
      1014 -1.043939E-01 -1.614235E+01 -3.200196E-11
      1015 -9.967747E-02 -1.536990E+01 -1.449951E-11
      1016 -1.273926E-01 -1.476631E+01 -9.982681E-12
      1017 -1.191047E-01 -1.397287E+01  8.554935E-12
      1018 -1.442451E-01 -1.272835E+01  2.872369E-12
      1019 -1.354732E-01 -1.087607E+01  2.092770E-11
      1020 -1.357115E-01 -8.371517E+00 -1.420952E-11
      1021 -1.583699E-01 -5.288838E+00 -3.741008E-12
      1022 -1.273043E-01 -1.810474E+00  1.970069E-11

 total force (fx,fy,fz) for set NSET_IND_TOP and time  0.3878171E+00

       -1.216574E+00 -1.753408E+02  8.237463E-11

                                INCREMENT   200


 displacements (vx,vy,vz) for set NSET_IND_TOP and time  0.3919421E+00

        10  1.210683E-04 -3.958616E-01  0.000000E+00
        11  0.000000E+00 -3.958616E-01  0.000000E+00
      1004  1.188246E-04 -3.958616E-01  0.000000E+00
      1005  1.161841E-04 -3.958616E-01  0.000000E+00
      1006  1.119685E-04 -3.958616E-01  0.000000E+00
      1007  1.052362E-04 -3.958616E-01  0.000000E+00
      1008  9.536318E-05 -3.958616E-01  0.000000E+00
      1009  8.202140E-05 -3.958616E-01  0.000000E+00
      1010  6.523257E-05 -3.958616E-01  0.000000E+00
      1011  4.540265E-05 -3.958616E-01  0.000000E+00
      1012  2.331698E-05 -3.958616E-01  0.000000E+00
      1013  1.199074E-04 -3.958616E-01  0.000000E+00
      1014  1.176254E-04 -3.958616E-01  0.000000E+00
      1015  1.143301E-04 -3.958616E-01  0.000000E+00
      1016  1.089543E-04 -3.958616E-01  0.000000E+00
      1017  1.007136E-04 -3.958616E-01  0.000000E+00
      1018  8.912459E-05 -3.958616E-01  0.000000E+00
      1019  7.403505E-05 -3.958616E-01  0.000000E+00
      1020  5.566095E-05 -3.958616E-01  0.000000E+00
      1021  3.458803E-05 -3.958616E-01  0.000000E+00
      1022  1.174719E-05 -3.958616E-01  0.000000E+00

 forces (fx,fy,fz) for set NSET_IND_TOP and time  0.3919421E+00

        10  1.025625E-03 -4.185340E+00 -1.815055E-12
        11  1.552037E-04 -1.020791E-03  4.865850E-12
      1004  6.260307E-04 -7.508095E+00  2.705267E-12
      1005  1.712509E-04 -7.055853E+00 -3.422410E-13
      1006  4.588341E-04 -6.780491E+00  4.752709E-12
      1007  2.317588E-04 -6.494230E+00  1.776617E-11
      1008  4.296848E-04 -6.054079E+00  2.116857E-11
      1009  1.758535E-04 -5.365790E+00  1.900220E-12
      1010 -2.680358E-05 -4.383411E+00 -5.249188E-12
      1011  5.079500E-05 -3.117379E+00 -5.825469E-12
      1012 -1.782714E-05 -1.621141E+00  2.925372E-11
      1013 -6.164410E-02 -1.579236E+01  1.777645E-11
      1014 -9.387824E-02 -1.451675E+01  5.001777E-12
      1015 -8.963668E-02 -1.382213E+01 -2.937650E-11
      1016 -1.145598E-01 -1.327935E+01 -4.843592E-11
      1017 -1.071065E-01 -1.256581E+01 -1.775957E-11
      1018 -1.297140E-01 -1.144661E+01 -2.302869E-11
      1019 -1.218255E-01 -9.780837E+00 -1.758904E-11
      1020 -1.220396E-01 -7.528486E+00  9.035883E-12
      1021 -1.424151E-01 -4.756234E+00  2.180300E-11
      1022 -1.144791E-01 -1.628152E+00 -1.703304E-11

 total force (fx,fy,fz) for set NSET_IND_TOP and time  0.3919421E+00

       -1.094018E+00 -1.576835E+02 -3.042511E-11

                                INCREMENT   210


 displacements (vx,vy,vz) for set NSET_IND_TOP and time  0.3969421E+00

        10  1.274389E-04 -4.009116E-01  0.000000E+00
        11  0.000000E+00 -4.009116E-01  0.000000E+00
      1004  1.250778E-04 -4.009116E-01  0.000000E+00
      1005  1.222991E-04 -4.009116E-01  0.000000E+00
      1006  1.178623E-04 -4.009116E-01  0.000000E+00
      1007  1.107761E-04 -4.009116E-01  0.000000E+00
      1008  1.003838E-04 -4.009116E-01  0.000000E+00
      1009  8.633995E-05 -4.009116E-01  0.000000E+00
      1010  6.866738E-05 -4.009116E-01  0.000000E+00
      1011  4.779343E-05 -4.009116E-01  0.000000E+00
      1012  2.454483E-05 -4.009116E-01  0.000000E+00
      1013  1.262173E-04 -4.009116E-01  0.000000E+00
      1014  1.238159E-04 -4.009116E-01  0.000000E+00
      1015  1.203479E-04 -4.009116E-01  0.000000E+00
      1016  1.146897E-04 -4.009116E-01  0.000000E+00
      1017  1.060157E-04 -4.009116E-01  0.000000E+00
      1018  9.381695E-05 -4.009116E-01  0.000000E+00
      1019  7.793324E-05 -4.009116E-01  0.000000E+00
      1020  5.859185E-05 -4.009116E-01  0.000000E+00
      1021  3.640938E-05 -4.009116E-01  0.000000E+00
      1022  1.236579E-05 -4.009116E-01  0.000000E+00

 forces (fx,fy,fz) for set NSET_IND_TOP and time  0.3969421E+00

        10  1.079582E-03 -4.404592E+00 -1.251517E-11
        11  1.633577E-04 -1.074646E-03  2.649146E-12
      1004  6.589377E-04 -7.901560E+00 -1.779863E-11
      1005  1.801958E-04 -7.425857E+00  2.236544E-11
      1006  4.829139E-04 -7.136309E+00  1.134078E-11
      1007  2.438834E-04 -6.835250E+00  2.683962E-11
      1008  4.522404E-04 -6.372159E+00 -1.509706E-11
      1009  1.850434E-04 -5.647828E+00  2.824839E-11
      1010 -2.826677E-05 -4.613886E+00  5.378208E-13
      1011  5.340030E-05 -3.281325E+00 -8.477395E-12
      1012 -1.881836E-05 -1.706409E+00  3.136871E-11
      1013 -6.489264E-02 -1.661978E+01  1.049583E-11
      1014 -9.882488E-02 -1.527773E+01 -3.985257E-12
      1015 -9.435939E-02 -1.454721E+01  2.307576E-11
      1016 -1.205952E-01 -1.397644E+01  4.761080E-12
      1017 -1.127490E-01 -1.322583E+01  2.747713E-11
      1018 -1.365474E-01 -1.204814E+01 -9.115375E-12
      1019 -1.282433E-01 -1.029502E+01 -4.570122E-12
      1020 -1.284687E-01 -7.924369E+00  2.545475E-11
      1021 -1.499177E-01 -5.006383E+00  3.493650E-11
      1022 -1.205100E-01 -1.713790E+00  3.801626E-11

 total force (fx,fy,fz) for set NSET_IND_TOP and time  0.3969421E+00

       -1.151656E+00 -1.659609E+02  2.160082E-10

                                INCREMENT   217


 displacements (vx,vy,vz) for set NSET_IND_TOP and time  0.4000000E+00

        10  1.313348E-04 -4.040000E-01  0.000000E+00
        11  0.000000E+00 -4.040000E-01  0.000000E+00
      1004  1.289021E-04 -4.040000E-01  0.000000E+00
      1005  1.260389E-04 -4.040000E-01  0.000000E+00
      1006  1.214668E-04 -4.040000E-01  0.000000E+00
      1007  1.141643E-04 -4.040000E-01  0.000000E+00
      1008  1.034544E-04 -4.040000E-01  0.000000E+00
      1009  8.898116E-05 -4.040000E-01  0.000000E+00
      1010  7.076812E-05 -4.040000E-01  0.000000E+00
      1011  4.925565E-05 -4.040000E-01  0.000000E+00
      1012  2.529579E-05 -4.040000E-01  0.000000E+00
      1013  1.300761E-04 -4.040000E-01  0.000000E+00
      1014  1.276019E-04 -4.040000E-01  0.000000E+00
      1015  1.240282E-04 -4.040000E-01  0.000000E+00
      1016  1.181974E-04 -4.040000E-01  0.000000E+00
      1017  1.092584E-04 -4.040000E-01  0.000000E+00
      1018  9.668677E-05 -4.040000E-01  0.000000E+00
      1019  8.031737E-05 -4.040000E-01  0.000000E+00
      1020  6.038439E-05 -4.040000E-01  0.000000E+00
      1021  3.752333E-05 -4.040000E-01  0.000000E+00
      1022  1.274413E-05 -4.040000E-01  0.000000E+00

 forces (fx,fy,fz) for set NSET_IND_TOP and time  0.4000000E+00

        10  1.112580E-03 -4.538619E+00 -2.943867E-12
        11  1.683444E-04 -1.107590E-03  1.613966E-11
      1004  6.790608E-04 -8.142091E+00  4.324929E-12
      1005  1.856628E-04 -7.652059E+00  2.084159E-11
      1006  4.976375E-04 -7.353853E+00  3.733414E-11
      1007  2.512952E-04 -7.043759E+00 -2.147485E-11
      1008  4.660327E-04 -6.566652E+00 -1.129578E-11
      1009  1.906610E-04 -5.820290E+00 -1.618747E-11
      1010 -2.916400E-05 -4.754824E+00 -3.587566E-11
      1011  5.499082E-05 -3.381581E+00 -1.578806E-11
      1012 -1.942688E-05 -1.758553E+00 -9.947702E-12
      1013 -6.687960E-02 -1.712559E+01  4.853673E-12
      1014 -1.018504E-01 -1.574295E+01 -1.698508E-11
      1015 -9.724796E-02 -1.499050E+01  5.739675E-11
      1016 -1.242866E-01 -1.440264E+01 -1.608669E-11
      1017 -1.162001E-01 -1.362940E+01 -1.489475E-12
      1018 -1.407269E-01 -1.241596E+01 -2.033396E-11
      1019 -1.321687E-01 -1.060944E+01  1.751488E-11
      1020 -1.324010E-01 -8.166457E+00 -2.521228E-11
      1021 -1.545065E-01 -5.159355E+00 -6.084910E-12
      1022 -1.241988E-01 -1.766160E+00  4.777467E-11

 total force (fx,fy,fz) for set NSET_IND_TOP and time  0.4000000E+00

       -1.186909E+00 -1.710218E+02  6.474527E-12

                        S T E P       5


                                INCREMENT    10


 displacements (vx,vy,vz) for set NSET_IND_TOP and time  0.4007026E+00

        10  1.281080E-04 -4.014454E-01  0.000000E+00
        11  0.000000E+00 -4.014454E-01  0.000000E+00
      1004  1.257347E-04 -4.014454E-01  0.000000E+00
      1005  1.229415E-04 -4.014454E-01  0.000000E+00
      1006  1.184815E-04 -4.014454E-01  0.000000E+00
      1007  1.113582E-04 -4.014454E-01  0.000000E+00
      1008  1.009114E-04 -4.014454E-01  0.000000E+00
      1009  8.679378E-05 -4.014454E-01  0.000000E+00
      1010  6.902837E-05 -4.014454E-01  0.000000E+00
      1011  4.804471E-05 -4.014454E-01  0.000000E+00
      1012  2.467388E-05 -4.014454E-01  0.000000E+00
      1013  1.268801E-04 -4.014454E-01  0.000000E+00
      1014  1.244662E-04 -4.014454E-01  0.000000E+00
      1015  1.209801E-04 -4.014454E-01  0.000000E+00
      1016  1.152923E-04 -4.014454E-01  0.000000E+00
      1017  1.065728E-04 -4.014454E-01  0.000000E+00
      1018  9.431004E-05 -4.014454E-01  0.000000E+00
      1019  7.834291E-05 -4.014454E-01  0.000000E+00
      1020  5.889988E-05 -4.014454E-01  0.000000E+00
      1021  3.660081E-05 -4.014454E-01  0.000000E+00
      1022  1.243081E-05 -4.014454E-01  0.000000E+00

 forces (fx,fy,fz) for set NSET_IND_TOP and time  0.4007026E+00

        10  1.085250E-03 -4.427544E+00 -1.090533E-11
        11  1.642146E-04 -1.080316E-03  1.588205E-12
      1004  6.623924E-04 -7.942760E+00 -4.982442E-12
      1005  1.811312E-04 -7.464617E+00 -6.413214E-12
      1006  4.854401E-04 -7.173602E+00  3.044114E-11
      1007  2.451533E-04 -6.871009E+00  4.895468E-11
      1008  4.546079E-04 -6.405526E+00  2.561104E-11
      1009  1.860059E-04 -5.677424E+00 -6.309449E-13
      1010 -2.842331E-05 -4.638078E+00 -2.194690E-11
      1011  5.367086E-05 -3.298536E+00 -2.721479E-11
      1012 -1.892517E-05 -1.715362E+00 -4.657574E-12
      1013 -6.523423E-02 -1.670641E+01 -1.818723E-11
      1014 -9.934498E-02 -1.535743E+01  1.246248E-11
      1015 -9.485592E-02 -1.462318E+01  1.365574E-12
      1016 -1.212297E-01 -1.404951E+01  2.173373E-12
      1017 -1.133422E-01 -1.329506E+01  2.464162E-11
      1018 -1.372658E-01 -1.211125E+01  1.326539E-11
      1019 -1.289181E-01 -1.034898E+01  3.919887E-11
      1020 -1.291447E-01 -7.965926E+00  3.131184E-11
      1021 -1.507065E-01 -5.032646E+00  3.516831E-11
      1022 -1.211441E-01 -1.722782E+00  9.740209E-12

 total force (fx,fy,fz) for set NSET_IND_TOP and time  0.4007026E+00

       -1.157716E+00 -1.668287E+02  1.809843E-10

                                INCREMENT    20


 displacements (vx,vy,vz) for set NSET_IND_TOP and time  0.4027026E+00

        10  1.189460E-04 -3.941734E-01  0.000000E+00
        11  0.000000E+00 -3.941734E-01  0.000000E+00
      1004  1.167414E-04 -3.941734E-01  0.000000E+00
      1005  1.141470E-04 -3.941734E-01  0.000000E+00
      1006  1.100052E-04 -3.941734E-01  0.000000E+00
      1007  1.033908E-04 -3.941734E-01  0.000000E+00
      1008  9.369083E-05 -3.941734E-01  0.000000E+00
      1009  8.058295E-05 -3.941734E-01  0.000000E+00
      1010  6.408850E-05 -3.941734E-01  0.000000E+00
      1011  4.460634E-05 -3.941734E-01  0.000000E+00
      1012  2.290802E-05 -3.941734E-01  0.000000E+00
      1013  1.178054E-04 -3.941734E-01  0.000000E+00
      1014  1.155632E-04 -3.941734E-01  0.000000E+00
      1015  1.123255E-04 -3.941734E-01  0.000000E+00
      1016  1.070438E-04 -3.941734E-01  0.000000E+00
      1017  9.894749E-05 -3.941734E-01  0.000000E+00
      1018  8.756159E-05 -3.941734E-01  0.000000E+00
      1019  7.273663E-05 -3.941734E-01  0.000000E+00
      1020  5.468473E-05 -3.941734E-01  0.000000E+00
      1021  3.398139E-05 -3.941734E-01  0.000000E+00
      1022  1.154115E-05 -3.941734E-01  0.000000E+00

 forces (fx,fy,fz) for set NSET_IND_TOP and time  0.4027026E+00

        10  1.007650E-03 -4.112216E+00  7.335899E-12
        11  1.524873E-04 -1.002864E-03  1.959062E-11
      1004  6.150659E-04 -7.376879E+00 -2.356852E-11
      1005  1.682665E-04 -6.932479E+00  3.854378E-12
      1006  4.508084E-04 -6.661867E+00  1.575244E-11
      1007  2.277153E-04 -6.380559E+00 -7.260962E-12
      1008  4.221684E-04 -5.948068E+00  2.485864E-11
      1009  1.727886E-04 -5.271802E+00  8.281070E-12
      1010 -2.631940E-05 -4.306612E+00 -1.177654E-11
      1011  4.992334E-05 -3.062753E+00  5.288694E-12
      1012 -1.750007E-05 -1.592730E+00  1.858463E-11
      1013 -6.056227E-02 -1.551642E+01  1.319367E-11
      1014 -9.223086E-02 -1.426299E+01  1.822587E-11
      1015 -8.806385E-02 -1.358038E+01  9.999113E-12
      1016 -1.125497E-01 -1.304697E+01 -4.056755E-12
      1017 -1.052273E-01 -1.234582E+01 -4.846790E-12
      1018 -1.274382E-01 -1.124614E+01 -3.537171E-11
      1019 -1.196882E-01 -9.609495E+00  2.819656E-11
      1020 -1.198985E-01 -7.396574E+00 -1.162315E-11
      1021 -1.399165E-01 -4.672887E+00  5.094236E-11
      1022 -1.124707E-01 -1.599618E+00  4.851763E-11

 total force (fx,fy,fz) for set NSET_IND_TOP and time  0.4027026E+00

       -1.074823E+00 -1.549243E+02  1.741172E-10

                                INCREMENT    30


 displacements (vx,vy,vz) for set NSET_IND_TOP and time  0.4047026E+00

        10  1.098822E-04 -3.869014E-01  0.000000E+00
        11  0.000000E+00 -3.869014E-01  0.000000E+00
      1004  1.078445E-04 -3.869014E-01  0.000000E+00
      1005  1.054469E-04 -3.869014E-01  0.000000E+00
      1006  1.016199E-04 -3.869014E-01  0.000000E+00
      1007  9.550896E-05 -3.869014E-01  0.000000E+00
      1008  8.654784E-05 -3.869014E-01  0.000000E+00
      1009  7.443884E-05 -3.869014E-01  0.000000E+00
      1010  5.920172E-05 -3.869014E-01  0.000000E+00
      1011  4.120491E-05 -3.869014E-01  0.000000E+00
      1012  2.116113E-05 -3.869014E-01  0.000000E+00
      1013  1.088279E-04 -3.869014E-01  0.000000E+00
      1014  1.067556E-04 -3.869014E-01  0.000000E+00
      1015  1.037638E-04 -3.869014E-01  0.000000E+00
      1016  9.888386E-05 -3.869014E-01  0.000000E+00
      1017  9.140405E-05 -3.869014E-01  0.000000E+00
      1018  8.088564E-05 -3.869014E-01  0.000000E+00
      1019  6.719059E-05 -3.869014E-01  0.000000E+00
      1020  5.051488E-05 -3.869014E-01  0.000000E+00
      1021  3.139012E-05 -3.869014E-01  0.000000E+00
      1022  1.066106E-05 -3.869014E-01  0.000000E+00

 forces (fx,fy,fz) for set NSET_IND_TOP and time  0.4047026E+00

        10  9.308797E-04 -3.800198E+00 -2.814401E-12
        11  1.408835E-04 -9.262489E-04 -3.222143E-12
      1004  5.682434E-04 -6.816950E+00 -1.532850E-11
      1005  1.555339E-04 -6.405956E+00 -2.497637E-11
      1006  4.165416E-04 -6.155552E+00  1.685822E-13
      1007  2.104574E-04 -5.895319E+00  4.408119E-11
      1008  3.900701E-04 -5.495483E+00 -2.381323E-11
      1009  1.597064E-04 -4.870507E+00  1.062603E-11
      1010 -2.424296E-05 -3.978687E+00 -4.667916E-12
      1011  4.620920E-05 -2.829491E+00  1.811765E-11
      1012 -1.609533E-05 -1.471411E+00  3.899788E-11
      1013 -5.594074E-02 -1.433892E+01 -2.809353E-11
      1014 -8.519349E-02 -1.318006E+01  1.841149E-11
      1015 -8.134501E-02 -1.254860E+01  7.347012E-12
      1016 -1.039633E-01 -1.205506E+01  3.592326E-11
      1017 -9.719975E-02 -1.140668E+01  6.313172E-12
      1018 -1.177164E-01 -1.039025E+01 -1.315126E-11
      1019 -1.105576E-01 -8.877900E+00  2.509370E-11
      1020 -1.107518E-01 -6.833308E+00  1.581402E-12
      1021 -1.292427E-01 -4.316975E+00  1.506040E-11
      1022 -1.038905E-01 -1.477773E+00 -4.686029E-12

 total force (fx,fy,fz) for set NSET_IND_TOP and time  0.4047026E+00

       -9.928232E-01 -1.431460E+02  1.009684E-10

                                INCREMENT    40


 displacements (vx,vy,vz) for set NSET_IND_TOP and time  0.4067026E+00

        10  1.008973E-04 -3.796294E-01  0.000000E+00
        11  0.000000E+00 -3.796294E-01  0.000000E+00
      1004  9.902522E-05 -3.796294E-01  0.000000E+00
      1005  9.682271E-05 -3.796294E-01  0.000000E+00
      1006  9.330791E-05 -3.796294E-01  0.000000E+00
      1007  8.769609E-05 -3.796294E-01  0.000000E+00
      1008  7.946743E-05 -3.796294E-01  0.000000E+00
      1009  6.834861E-05 -3.796294E-01  0.000000E+00
      1010  5.435782E-05 -3.796294E-01  0.000000E+00
      1011  3.783336E-05 -3.796294E-01  0.000000E+00
      1012  1.942959E-05 -3.796294E-01  0.000000E+00
      1013  9.992872E-05 -3.796294E-01  0.000000E+00
      1014  9.802483E-05 -3.796294E-01  0.000000E+00
      1015  9.527680E-05 -3.796294E-01  0.000000E+00
      1016  9.079526E-05 -3.796294E-01  0.000000E+00
      1017  8.392665E-05 -3.796294E-01  0.000000E+00
      1018  7.426820E-05 -3.796294E-01  0.000000E+00
      1019  6.169320E-05 -3.796294E-01  0.000000E+00
      1020  4.638164E-05 -3.796294E-01  0.000000E+00
      1021  2.882161E-05 -3.796294E-01  0.000000E+00
      1022  9.788692E-06 -3.796294E-01  0.000000E+00

 forces (fx,fy,fz) for set NSET_IND_TOP and time  0.4067026E+00

        10  8.547766E-04 -3.490741E+00 -6.595238E-12
        11  1.293791E-04 -8.503224E-04 -3.236590E-12
      1004  5.218234E-04 -6.261640E+00  8.055280E-12
      1005  1.429022E-04 -5.883815E+00  1.023460E-12
      1006  3.825636E-04 -5.653489E+00  7.971655E-12
      1007  1.933393E-04 -5.414190E+00  4.787777E-11
      1008  3.582434E-04 -5.046758E+00  1.144227E-11
      1009  1.467287E-04 -4.472655E+00  3.340489E-12
      1010 -2.219241E-05 -3.653587E+00 -1.168583E-11
      1011  4.251756E-05 -2.598243E+00  4.088560E-11
      1012 -1.471062E-05 -1.351142E+00  1.371359E-11
      1013 -5.136019E-02 -1.317111E+01 -3.411005E-11
      1014 -7.821842E-02 -1.210611E+01  1.985390E-11
      1015 -7.468559E-02 -1.152545E+01 -3.195666E-12
      1016 -9.545273E-02 -1.107152E+01 -1.588729E-11
      1017 -8.924314E-02 -1.047552E+01 -1.977751E-11
      1018 -1.080805E-01 -9.541683E+00 -3.600231E-12
      1019 -1.015077E-01 -8.152593E+00  3.196510E-11
      1020 -1.016860E-01 -6.274899E+00  2.110312E-11
      1021 -1.186631E-01 -3.964140E+00  3.691047E-11
      1022 -9.538619E-02 -1.356981E+00  1.567058E-11

 total force (fx,fy,fz) for set NSET_IND_TOP and time  0.4067026E+00

       -9.115482E-01 -1.314671E+02  1.617249E-10

                                INCREMENT    50


 displacements (vx,vy,vz) for set NSET_IND_TOP and time  0.4087026E+00

        10  9.201855E-05 -3.723574E-01  0.000000E+00
        11  0.000000E+00 -3.723574E-01  0.000000E+00
      1004  9.031015E-05 -3.723574E-01  0.000000E+00
      1005  8.830050E-05 -3.723574E-01  0.000000E+00
      1006  8.509420E-05 -3.723574E-01  0.000000E+00
      1007  7.997563E-05 -3.723574E-01  0.000000E+00
      1008  7.247078E-05 -3.723574E-01  0.000000E+00
      1009  6.233044E-05 -3.723574E-01  0.000000E+00
      1010  4.957124E-05 -3.723574E-01  0.000000E+00
      1011  3.450170E-05 -3.723574E-01  0.000000E+00
      1012  1.771854E-05 -3.723574E-01  0.000000E+00
      1013  9.113467E-05 -3.723574E-01  0.000000E+00
      1014  8.939730E-05 -3.723574E-01  0.000000E+00
      1015  8.689020E-05 -3.723574E-01  0.000000E+00
      1016  8.280234E-05 -3.723574E-01  0.000000E+00
      1017  7.653771E-05 -3.723574E-01  0.000000E+00
      1018  6.772905E-05 -3.723574E-01  0.000000E+00
      1019  5.626085E-05 -3.723574E-01  0.000000E+00
      1020  4.229730E-05 -3.723574E-01  0.000000E+00
      1021  2.628349E-05 -3.723574E-01  0.000000E+00
      1022  8.926649E-06 -3.723574E-01  0.000000E+00

 forces (fx,fy,fz) for set NSET_IND_TOP and time  0.4087026E+00

        10  7.795716E-04 -3.184893E+00 -1.147340E-11
        11  1.180086E-04 -7.752965E-04 -6.687298E-12
      1004  4.759493E-04 -5.712816E+00  5.173539E-12
      1005  1.304155E-04 -5.367784E+00  8.153233E-12
      1006  3.489822E-04 -5.157316E+00  4.715641E-12
      1007  1.764182E-04 -4.938716E+00 -1.011294E-11
      1008  3.267874E-04 -4.603316E+00  1.624560E-11
      1009  1.338991E-04 -4.079492E+00 -1.755611E-11
      1010 -2.016988E-05 -3.332321E+00 -9.140182E-12
      1011  3.886412E-05 -2.369724E+00 -1.104183E-11
      1012 -1.334625E-05 -1.232291E+00 -2.367358E-11
      1013 -4.683401E-02 -1.201693E+01 -3.894129E-11
      1014 -7.132610E-02 -1.104472E+01  1.968337E-11
      1015 -6.810515E-02 -1.051428E+01 -1.892553E-11
      1016 -8.704306E-02 -1.009953E+01 -1.966649E-11
      1017 -8.138082E-02 -9.555313E+00 -1.257883E-11
      1018 -9.855879E-02 -8.703111E+00 -7.840839E-12
      1019 -9.256501E-02 -7.435838E+00 -2.996137E-11
      1020 -9.272749E-02 -5.723078E+00  1.502931E-11
      1021 -1.082089E-01 -3.615468E+00 -2.740475E-12
      1022 -8.698256E-02 -1.237616E+00  6.356693E-12

 total force (fx,fy,fz) for set NSET_IND_TOP and time  0.4087026E+00

       -8.312365E-01 -1.199253E+02 -1.449828E-10

                                INCREMENT    60


 displacements (vx,vy,vz) for set NSET_IND_TOP and time  0.4107026E+00

        10  8.319774E-05 -3.650854E-01  0.000000E+00
        11  0.000000E+00 -3.650854E-01  0.000000E+00
      1004  8.165206E-05 -3.650854E-01  0.000000E+00
      1005  7.983409E-05 -3.650854E-01  0.000000E+00
      1006  7.693435E-05 -3.650854E-01  0.000000E+00
      1007  7.230588E-05 -3.650854E-01  0.000000E+00
      1008  6.552014E-05 -3.650854E-01  0.000000E+00
      1009  5.635189E-05 -3.650854E-01  0.000000E+00
      1010  4.481619E-05 -3.650854E-01  0.000000E+00
      1011  3.119201E-05 -3.650854E-01  0.000000E+00
      1012  1.601877E-05 -3.650854E-01  0.000000E+00
      1013  8.239805E-05 -3.650854E-01  0.000000E+00
      1014  8.082622E-05 -3.650854E-01  0.000000E+00
      1015  7.855857E-05 -3.650854E-01  0.000000E+00
      1016  7.486188E-05 -3.650854E-01  0.000000E+00
      1017  6.919733E-05 -3.650854E-01  0.000000E+00
      1018  6.123292E-05 -3.650854E-01  0.000000E+00
      1019  5.086429E-05 -3.650854E-01  0.000000E+00
      1020  3.823988E-05 -3.650854E-01  0.000000E+00
      1021  2.376210E-05 -3.650854E-01  0.000000E+00
      1022  8.070294E-06 -3.650854E-01  0.000000E+00

 forces (fx,fy,fz) for set NSET_IND_TOP and time  0.4107026E+00

        10  7.048567E-04 -2.880914E+00 -6.694791E-12
        11  1.067113E-04 -7.007782E-04 -1.431439E-11
      1004  4.303708E-04 -5.167363E+00  3.689878E-12
      1005  1.180023E-04 -4.854954E+00 -2.862979E-12
      1006  3.156125E-04 -4.664252E+00 -6.446885E-12
      1007  1.595993E-04 -4.466251E+00 -1.387731E-11
      1008  2.955309E-04 -4.162702E+00 -2.012708E-11
      1009  1.211460E-04 -3.688851E+00 -3.434013E-12
      1010 -1.816669E-05 -3.013126E+00 -9.380783E-12
      1011  3.522691E-05 -2.142683E+00  7.380152E-12
      1012 -1.199687E-05 -1.114211E+00  3.739855E-11
      1013 -4.233799E-02 -1.086982E+01  7.717604E-12
      1014 -6.447964E-02 -9.989872E+00  1.606137E-11
      1015 -6.156844E-02 -9.509419E+00 -4.261014E-11
      1016 -7.868924E-02 -9.133661E+00 -3.528466E-11
      1017 -7.357070E-02 -8.640953E+00 -5.645040E-11
      1018 -8.910024E-02 -7.869902E+00 -1.747136E-11
      1019 -8.368166E-02 -6.723692E+00 -3.736567E-12
      1020 -8.382847E-02 -5.174819E+00  3.074874E-11
      1021 -9.782402E-02 -3.269053E+00  4.391287E-11
      1022 -7.863473E-02 -1.119024E+00 -5.424550E-12

 total force (fx,fy,fz) for set NSET_IND_TOP and time  0.4107026E+00

       -7.514583E-01 -1.084562E+02 -9.120673E-11

                                INCREMENT    70


 displacements (vx,vy,vz) for set NSET_IND_TOP and time  0.4127026E+00

        10  7.445363E-05 -3.578134E-01  0.000000E+00
        11  0.000000E+00 -3.578134E-01  0.000000E+00
      1004  7.306931E-05 -3.578134E-01  0.000000E+00
      1005  7.144142E-05 -3.578134E-01  0.000000E+00
      1006  6.884562E-05 -3.578134E-01  0.000000E+00
      1007  6.470301E-05 -3.578134E-01  0.000000E+00
      1008  5.863014E-05 -3.578134E-01  0.000000E+00
      1009  5.042551E-05 -3.578134E-01  0.000000E+00
      1010  4.010266E-05 -3.578134E-01  0.000000E+00
      1011  2.791122E-05 -3.578134E-01  0.000000E+00
      1012  1.433385E-05 -3.578134E-01  0.000000E+00
      1013  7.373744E-05 -3.578134E-01  0.000000E+00
      1014  7.232975E-05 -3.578134E-01  0.000000E+00
      1015  7.029952E-05 -3.578134E-01  0.000000E+00
      1016  6.699064E-05 -3.578134E-01  0.000000E+00
      1017  6.192097E-05 -3.578134E-01  0.000000E+00
      1018  5.479348E-05 -3.578134E-01  0.000000E+00
      1019  4.551483E-05 -3.578134E-01  0.000000E+00
      1020  3.421789E-05 -3.578134E-01  0.000000E+00
      1021  2.126275E-05 -3.578134E-01  0.000000E+00
      1022  7.221420E-06 -3.578134E-01  0.000000E+00

 forces (fx,fy,fz) for set NSET_IND_TOP and time  0.4127026E+00

        10  6.307906E-04 -2.579496E+00 -1.470956E-11
        11  9.551083E-05 -6.269177E-04  1.284823E-11
      1004  3.851856E-04 -4.626520E+00 -6.057382E-12
      1005  1.056915E-04 -4.346478E+00  3.746095E-12
      1006  2.825275E-04 -4.175396E+00  1.690569E-11
      1007  1.429205E-04 -3.997835E+00  7.477487E-12
      1008  2.645410E-04 -3.725879E+00 -2.919712E-11
      1009  1.084981E-04 -3.301581E+00 -3.871015E-11
      1010 -1.618547E-05 -2.696691E+00 -2.194264E-11
      1011  3.161540E-05 -1.917608E+00  2.083671E-12
      1012 -1.066382E-05 -9.971547E-01  5.900272E-13
      1013 -3.788147E-02 -9.732386E+00  1.479861E-11
      1014 -5.769328E-02 -8.943961E+00 -1.814437E-11
      1015 -5.508907E-02 -8.513110E+00  3.388934E-11
      1016 -7.040866E-02 -8.176051E+00  2.545875E-11
      1017 -6.582902E-02 -7.734447E+00 -2.126965E-11
      1018 -7.972457E-02 -7.043873E+00 -9.171774E-12
      1019 -7.487614E-02 -6.017697E+00 -2.444533E-11
      1020 -7.500742E-02 -4.631305E+00 -1.465850E-11
      1021 -8.753014E-02 -2.925639E+00  9.376944E-12
      1022 -7.036004E-02 -1.001460E+00 -1.429834E-11

 total force (fx,fy,fz) for set NSET_IND_TOP and time  0.4127026E+00

       -6.723794E-01 -9.708520E+01 -8.543001E-11

                                INCREMENT    80


 displacements (vx,vy,vz) for set NSET_IND_TOP and time  0.4147026E+00

        10  6.581560E-05 -3.505414E-01  0.000000E+00
        11  0.000000E+00 -3.505414E-01  0.000000E+00
      1004  6.459076E-05 -3.505414E-01  0.000000E+00
      1005  6.315072E-05 -3.505414E-01  0.000000E+00
      1006  6.085523E-05 -3.505414E-01  0.000000E+00
      1007  5.719262E-05 -3.505414E-01  0.000000E+00
      1008  5.182399E-05 -3.505414E-01  0.000000E+00
      1009  4.457130E-05 -3.505414E-01  0.000000E+00
      1010  3.544655E-05 -3.505414E-01  0.000000E+00
      1011  2.467041E-05 -3.505414E-01  0.000000E+00
      1012  1.266947E-05 -3.505414E-01  0.000000E+00
      1013  6.518193E-05 -3.505414E-01  0.000000E+00
      1014  6.393648E-05 -3.505414E-01  0.000000E+00
      1015  6.214085E-05 -3.505414E-01  0.000000E+00
      1016  5.921512E-05 -3.505414E-01  0.000000E+00
      1017  5.473315E-05 -3.505414E-01  0.000000E+00
      1018  4.843243E-05 -3.505414E-01  0.000000E+00
      1019  4.023052E-05 -3.505414E-01  0.000000E+00
      1020  3.024490E-05 -3.505414E-01  0.000000E+00
      1021  1.879384E-05 -3.505414E-01  0.000000E+00
      1022  6.382890E-06 -3.505414E-01  0.000000E+00

 forces (fx,fy,fz) for set NSET_IND_TOP and time  0.4147026E+00

        10  5.576222E-04 -2.281637E+00 -3.296610E-12
        11  8.444496E-05 -5.539663E-04 -2.231038E-12
      1004  3.405454E-04 -4.092075E+00  1.769641E-11
      1005  9.352342E-05 -3.844042E+00  1.799718E-11
      1006  2.498374E-04 -3.692373E+00  1.317145E-12
      1007  1.264370E-04 -3.535031E+00 -5.204763E-12
      1008  2.339217E-04 -3.294305E+00  2.199753E-11
      1009  9.599723E-05 -2.918978E+00  6.798143E-13
      1010 -1.423353E-05 -2.384075E+00 -2.221631E-11
      1011  2.804102E-05 -1.695254E+00 -2.456440E-11
      1012 -9.352193E-06 -8.815139E-01  2.654146E-11
      1013 -3.347951E-02 -8.608390E+00 -1.874145E-11
      1014 -5.098995E-02 -7.910446E+00 -9.661827E-12
      1015 -4.868893E-02 -7.528662E+00 -3.619327E-11
      1016 -6.222929E-02 -7.229889E+00  6.644907E-12
      1017 -5.818194E-02 -6.838817E+00  2.151390E-12
      1018 -7.046344E-02 -6.227784E+00 -1.572609E-11
      1019 -6.617820E-02 -5.320217E+00 -5.575318E-12
      1020 -6.629414E-02 -4.094355E+00 -1.749489E-11
      1021 -7.736203E-02 -2.586378E+00  3.466649E-11
      1022 -6.218645E-02 -8.853178E-01  3.110157E-11

 total force (fx,fy,fz) for set NSET_IND_TOP and time  0.4147026E+00

       -5.942671E-01 -8.585009E+01 -1.120806E-13

                                INCREMENT    90


 displacements (vx,vy,vz) for set NSET_IND_TOP and time  0.4167026E+00

        10  5.740597E-05 -3.432694E-01  0.000000E+00
        11  0.000000E+00 -3.432694E-01  0.000000E+00
      1004  5.633647E-05 -3.432694E-01  0.000000E+00
      1005  5.507937E-05 -3.432694E-01  0.000000E+00
      1006  5.307631E-05 -3.432694E-01  0.000000E+00
      1007  4.988105E-05 -3.432694E-01  0.000000E+00
      1008  4.519806E-05 -3.432694E-01  0.000000E+00
      1009  3.887212E-05 -3.432694E-01  0.000000E+00
      1010  3.091376E-05 -3.432694E-01  0.000000E+00
      1011  2.151544E-05 -3.432694E-01  0.000000E+00
      1012  1.104917E-05 -3.432694E-01  0.000000E+00
      1013  5.685267E-05 -3.432694E-01  0.000000E+00
      1014  5.576524E-05 -3.432694E-01  0.000000E+00
      1015  5.419807E-05 -3.432694E-01  0.000000E+00
      1016  5.164541E-05 -3.432694E-01  0.000000E+00
      1017  4.773562E-05 -3.432694E-01  0.000000E+00
      1018  4.223982E-05 -3.432694E-01  0.000000E+00
      1019  3.508617E-05 -3.432694E-01  0.000000E+00
      1020  2.637715E-05 -3.432694E-01  0.000000E+00
      1021  1.639035E-05 -3.432694E-01  0.000000E+00
      1022  5.566575E-06 -3.432694E-01  0.000000E+00

 forces (fx,fy,fz) for set NSET_IND_TOP and time  0.4167026E+00

        10  4.863878E-04 -1.991560E+00  2.006111E-12
        11  7.367055E-05 -4.829562E-04  1.898436E-11
      1004  2.970825E-04 -3.571609E+00 -4.680646E-12
      1005  8.167101E-05 -3.354769E+00  1.233212E-11
      1006  2.180059E-04 -3.222027E+00  2.617918E-11
      1007  1.103829E-04 -3.084395E+00  1.312593E-11
      1008  2.041069E-04 -2.874096E+00  1.321407E-11
      1009  8.382111E-05 -2.546460E+00 -6.746340E-13
      1010 -1.233803E-05 -2.079708E+00 -1.456345E-11
      1011  2.455500E-05 -1.478769E+00 -1.041768E-12
      1012 -8.080076E-06 -7.689269E-01 -1.248148E-12
      1013 -2.919440E-02 -7.513774E+00 -1.296641E-11
      1014 -4.446451E-02 -6.903984E+00 -2.645528E-11
      1015 -4.245860E-02 -6.570029E+00  2.818901E-11
      1016 -5.426689E-02 -6.308584E+00 -1.004374E-11
      1017 -5.073770E-02 -5.966753E+00  3.419709E-12
      1018 -6.144795E-02 -5.433196E+00  1.914424E-11
      1019 -5.771095E-02 -4.641130E+00 -4.021716E-11
      1020 -5.781195E-02 -3.571576E+00 -1.208145E-12
      1021 -6.746360E-02 -2.256074E+00  2.402523E-13
      1022 -5.422964E-02 -7.722429E-01 -2.116751E-12

 total force (fx,fy,fz) for set NSET_IND_TOP and time  0.4167026E+00

       -5.182269E-01 -7.491015E+01  2.161884E-11

                                INCREMENT   100


 displacements (vx,vy,vz) for set NSET_IND_TOP and time  0.4187026E+00

        10  4.921190E-05 -3.359974E-01  0.000000E+00
        11  0.000000E+00 -3.359974E-01  0.000000E+00
      1004  4.829384E-05 -3.359974E-01  0.000000E+00
      1005  4.721506E-05 -3.359974E-01  0.000000E+00
      1006  4.549698E-05 -3.359974E-01  0.000000E+00
      1007  4.275713E-05 -3.359974E-01  0.000000E+00
      1008  3.874222E-05 -3.359974E-01  0.000000E+00
      1009  3.331928E-05 -3.359974E-01  0.000000E+00
      1010  2.649737E-05 -3.359974E-01  0.000000E+00
      1011  1.844151E-05 -3.359974E-01  0.000000E+00
      1012  9.470501E-06 -3.359974E-01  0.000000E+00
      1013  4.873697E-05 -3.359974E-01  0.000000E+00
      1014  4.780356E-05 -3.359974E-01  0.000000E+00
      1015  4.645906E-05 -3.359974E-01  0.000000E+00
      1016  4.426995E-05 -3.359974E-01  0.000000E+00
      1017  4.091771E-05 -3.359974E-01  0.000000E+00
      1018  3.620620E-05 -3.359974E-01  0.000000E+00
      1019  3.007391E-05 -3.359974E-01  0.000000E+00
      1020  2.260874E-05 -3.359974E-01  0.000000E+00
      1021  1.404858E-05 -3.359974E-01  0.000000E+00
      1022  4.771229E-06 -3.359974E-01  0.000000E+00

 forces (fx,fy,fz) for set NSET_IND_TOP and time  0.4187026E+00

        10  4.169787E-04 -1.708826E+00 -9.459071E-12
        11  6.317119E-05 -4.137788E-04 -7.486924E-12
      1004  2.547307E-04 -3.064331E+00 -1.303358E-11
      1005  7.011629E-05 -2.877917E+00  2.152753E-11
      1006  1.869845E-04 -2.763647E+00  3.713113E-11
      1007  9.473372E-05 -2.645244E+00 -1.335384E-11
      1008  1.750514E-04 -2.464611E+00  1.292081E-11
      1009  7.195125E-05 -2.183460E+00 -2.136773E-11
      1010 -1.049598E-05 -1.783124E+00 -1.493037E-11
      1011  2.115217E-05 -1.267824E+00 -2.992654E-11
      1012 -6.845432E-06 -6.592219E-01  7.503213E-12
      1013 -2.501960E-02 -6.446877E+00 -2.420908E-11
      1014 -3.810700E-02 -5.923048E+00 -3.993916E-12
      1015 -3.638855E-02 -5.635757E+00  2.319633E-11
      1016 -4.650930E-02 -5.410736E+00 -7.012391E-12
      1017 -4.348491E-02 -5.116929E+00  7.956524E-12
      1018 -5.266431E-02 -4.658899E+00 -3.328227E-12
      1019 -4.946145E-02 -3.979403E+00 -1.175882E-11
      1020 -4.954790E-02 -3.062171E+00  3.093747E-12
      1021 -5.781974E-02 -1.934223E+00  2.039857E-11
      1022 -4.647747E-02 -6.620628E-01  1.904255E-12

 total force (fx,fy,fz) for set NSET_IND_TOP and time  0.4187026E+00

       -4.441427E-01 -6.424873E+01 -2.422836E-11

                                INCREMENT   110


 displacements (vx,vy,vz) for set NSET_IND_TOP and time  0.4207026E+00

        10  4.130209E-05 -3.287254E-01  0.000000E+00
        11  0.000000E+00 -3.287254E-01  0.000000E+00
      1004  4.053028E-05 -3.287254E-01  0.000000E+00
      1005  3.962372E-05 -3.287254E-01  0.000000E+00
      1006  3.818081E-05 -3.287254E-01  0.000000E+00
      1007  3.588060E-05 -3.287254E-01  0.000000E+00
      1008  3.251063E-05 -3.287254E-01  0.000000E+00
      1009  2.795935E-05 -3.287254E-01  0.000000E+00
      1010  2.223444E-05 -3.287254E-01  0.000000E+00
      1011  1.547440E-05 -3.287254E-01  0.000000E+00
      1012  7.946692E-06 -3.287254E-01  0.000000E+00
      1013  4.090283E-05 -3.287254E-01  0.000000E+00
      1014  4.011820E-05 -3.287254E-01  0.000000E+00
      1015  3.898871E-05 -3.287254E-01  0.000000E+00
      1016  3.715060E-05 -3.287254E-01  0.000000E+00
      1017  3.433660E-05 -3.287254E-01  0.000000E+00
      1018  3.038219E-05 -3.287254E-01  0.000000E+00
      1019  2.523581E-05 -3.287254E-01  0.000000E+00
      1020  1.897127E-05 -3.287254E-01  0.000000E+00
      1021  1.178820E-05 -3.287254E-01  0.000000E+00
      1022  4.003525E-06 -3.287254E-01  0.000000E+00

 forces (fx,fy,fz) for set NSET_IND_TOP and time  0.4207026E+00

        10  3.499760E-04 -1.435787E+00 -1.075221E-11
        11  5.303442E-05 -3.470166E-04  5.636827E-12
      1004  2.138440E-04 -2.574465E+00  1.067020E-11
      1005  5.895469E-05 -2.417460E+00  2.079492E-12
      1006  1.570317E-04 -2.321055E+00  3.317080E-11
      1007  7.961914E-05 -2.221245E+00  1.620181E-11
      1008  1.469973E-04 -2.069275E+00 -1.977141E-11
      1009  6.048557E-05 -1.833018E+00 -8.687038E-13
      1010 -8.724015E-06 -1.496809E+00  8.123554E-13
      1011  1.785940E-05 -1.064186E+00 -2.273680E-11
      1012 -5.659861E-06 -5.533183E-01  1.596901E-11
      1013 -2.099018E-02 -5.416579E+00 -7.080336E-12
      1014 -3.197080E-02 -4.975808E+00  2.321421E-11
      1015 -3.052977E-02 -4.733636E+00 -2.801781E-11
      1016 -3.902166E-02 -4.543841E+00 -4.233280E-12
      1017 -3.648447E-02 -4.296449E+00 -1.237810E-11
      1018 -4.418626E-02 -3.911372E+00 -2.112577E-11
      1019 -4.149895E-02 -3.340575E+00  2.172795E-11
      1020 -4.157136E-02 -2.570405E+00  2.137557E-11
      1021 -4.851140E-02 -1.623523E+00 -5.909273E-12
      1022 -3.899501E-02 -5.557006E-01  2.404610E-11

 total force (fx,fy,fz) for set NSET_IND_TOP and time  0.4207026E+00

       -3.726364E-01 -5.395485E+01  4.203065E-11

                                INCREMENT   120


 displacements (vx,vy,vz) for set NSET_IND_TOP and time  0.4227026E+00

        10  3.380453E-05 -3.214534E-01  0.000000E+00
        11  0.000000E+00 -3.214534E-01  0.000000E+00
      1004  3.317149E-05 -3.214534E-01  0.000000E+00
      1005  3.242827E-05 -3.214534E-01  0.000000E+00
      1006  3.124626E-05 -3.214534E-01  0.000000E+00
      1007  2.936286E-05 -3.214534E-01  0.000000E+00
      1008  2.660423E-05 -3.214534E-01  0.000000E+00
      1009  2.287918E-05 -3.214534E-01  0.000000E+00
      1010  1.819405E-05 -3.214534E-01  0.000000E+00
      1011  1.266220E-05 -3.214534E-01  0.000000E+00
      1012  6.502445E-06 -3.214534E-01  0.000000E+00
      1013  3.347707E-05 -3.214534E-01  0.000000E+00
      1014  3.283358E-05 -3.214534E-01  0.000000E+00
      1015  3.190799E-05 -3.214534E-01  0.000000E+00
      1016  3.040265E-05 -3.214534E-01  0.000000E+00
      1017  2.809889E-05 -3.214534E-01  0.000000E+00
      1018  2.486212E-05 -3.214534E-01  0.000000E+00
      1019  2.065025E-05 -3.214534E-01  0.000000E+00
      1020  1.552370E-05 -3.214534E-01  0.000000E+00
      1021  9.645835E-06 -3.214534E-01  0.000000E+00
      1022  3.275905E-06 -3.214534E-01  0.000000E+00

 forces (fx,fy,fz) for set NSET_IND_TOP and time  0.4227026E+00

        10  2.864640E-04 -1.176831E+00  1.307360E-11
        11  4.342417E-05 -2.837555E-04  1.318994E-11
      1004  1.750831E-04 -2.109888E+00 -4.544227E-12
      1005  4.836490E-05 -1.980811E+00 -1.082679E-11
      1006  1.286305E-04 -1.901386E+00  1.673185E-11
      1007  6.528185E-05 -1.819238E+00  1.703693E-11
      1008  1.203974E-04 -1.694471E+00 -5.512011E-12
      1009  4.960808E-05 -1.500794E+00 -4.447011E-11
      1010 -7.052291E-06 -1.225389E+00 -1.155603E-11
      1011  1.472821E-05 -8.711487E-01 -1.223135E-11
      1012 -4.544011E-06 -4.529291E-01  1.547013E-11
      1013 -1.717150E-02 -4.439442E+00 -1.559036E-11
      1014 -2.615545E-02 -4.077504E+00  1.684097E-11
      1015 -2.497727E-02 -3.878196E+00 -5.207834E-12
      1016 -3.192538E-02 -3.721878E+00 -2.444056E-11
      1017 -2.984991E-02 -3.518555E+00  5.241696E-12
      1018 -3.615129E-02 -3.202687E+00  6.074252E-12
      1019 -3.395259E-02 -2.734971E+00 -1.766864E-11
      1020 -3.401170E-02 -2.104232E+00 -2.243650E-11
      1021 -3.968954E-02 -1.328998E+00  9.664047E-12
      1022 -3.190361E-02 -4.548768E-01  1.091971E-11

 total force (fx,fy,fz) for set NSET_IND_TOP and time  0.4227026E+00

       -3.048679E-01 -4.419451E+01 -5.024129E-11

                                INCREMENT   130


 displacements (vx,vy,vz) for set NSET_IND_TOP and time  0.4247026E+00

        10  2.760238E-05 -3.141814E-01  0.000000E+00
        11  0.000000E+00 -3.141814E-01  0.000000E+00
      1004  2.708448E-05 -3.141814E-01  0.000000E+00
      1005  2.647671E-05 -3.141814E-01  0.000000E+00
      1006  2.551081E-05 -3.141814E-01  0.000000E+00
      1007  2.397239E-05 -3.141814E-01  0.000000E+00
      1008  2.171958E-05 -3.141814E-01  0.000000E+00
      1009  1.867800E-05 -3.141814E-01  0.000000E+00
      1010  1.485285E-05 -3.141814E-01  0.000000E+00
      1011  1.033671E-05 -3.141814E-01  0.000000E+00
      1012  5.308175E-06 -3.141814E-01  0.000000E+00
      1013  2.733449E-05 -3.141814E-01  0.000000E+00
      1014  2.680810E-05 -3.141814E-01  0.000000E+00
      1015  2.605149E-05 -3.141814E-01  0.000000E+00
      1016  2.482166E-05 -3.141814E-01  0.000000E+00
      1017  2.294013E-05 -3.141814E-01  0.000000E+00
      1018  2.029707E-05 -3.141814E-01  0.000000E+00
      1019  1.685816E-05 -3.141814E-01  0.000000E+00
      1020  1.267277E-05 -3.141814E-01  0.000000E+00
      1021  7.874269E-06 -3.141814E-01  0.000000E+00
      1022  2.674228E-06 -3.141814E-01  0.000000E+00

 forces (fx,fy,fz) for set NSET_IND_TOP and time  0.4247026E+00

        10  2.339196E-04 -9.621645E-01 -8.006782E-12
        11  3.546897E-05 -2.314951E-04  5.015418E-12
      1004  1.430030E-04 -1.724838E+00  7.561485E-12
      1005  3.957393E-05 -1.619017E+00  1.346310E-11
      1006  1.051071E-04 -1.553779E+00  4.169200E-12
      1007  5.338943E-05 -1.486366E+00  1.645655E-11
      1008  9.836901E-05 -1.384205E+00 -8.914773E-12
      1009  4.058110E-05 -1.225832E+00 -6.740983E-12
      1010 -5.693832E-06 -1.000786E+00 -4.432127E-12
      1011  1.210693E-05 -7.114257E-01 -8.456494E-12
      1012 -3.645593E-06 -3.698706E-01  1.877394E-11
      1013 -1.401484E-02 -3.629485E+00  1.061362E-11
      1014 -2.134800E-02 -3.333079E+00  3.742451E-12
      1015 -2.038690E-02 -3.169525E+00  5.673240E-14
      1016 -2.605856E-02 -3.041163E+00 -1.107858E-11
      1017 -2.436471E-02 -2.874520E+00 -1.305533E-11
      1018 -2.950826E-02 -2.616090E+00 -1.938683E-11
      1019 -2.771352E-02 -2.233787E+00 -8.446466E-12
      1020 -2.776166E-02 -1.718488E+00 -2.069289E-11
      1021 -3.239600E-02 -1.085310E+00  1.724421E-11
      1022 -2.604077E-02 -3.714594E-01  9.098278E-13

 total force (fx,fy,fz) for set NSET_IND_TOP and time  0.4247026E+00

       -2.488410E-01 -3.611142E+01 -1.120473E-11

                                INCREMENT   140


 displacements (vx,vy,vz) for set NSET_IND_TOP and time  0.4267026E+00

        10  2.893456E-05 -3.069094E-01  0.000000E+00
        11  0.000000E+00 -3.069094E-01  0.000000E+00
      1004  2.839195E-05 -3.069094E-01  0.000000E+00
      1005  2.775510E-05 -3.069094E-01  0.000000E+00
      1006  2.674280E-05 -3.069094E-01  0.000000E+00
      1007  2.513032E-05 -3.069094E-01  0.000000E+00
      1008  2.276888E-05 -3.069094E-01  0.000000E+00
      1009  1.958051E-05 -3.069094E-01  0.000000E+00
      1010  1.557064E-05 -3.069094E-01  0.000000E+00
      1011  1.083631E-05 -3.069094E-01  0.000000E+00
      1012  5.564750E-06 -3.069094E-01  0.000000E+00
      1013  2.865388E-05 -3.069094E-01  0.000000E+00
      1014  2.810236E-05 -3.069094E-01  0.000000E+00
      1015  2.730948E-05 -3.069094E-01  0.000000E+00
      1016  2.602050E-05 -3.069094E-01  0.000000E+00
      1017  2.404830E-05 -3.069094E-01  0.000000E+00
      1018  2.127773E-05 -3.069094E-01  0.000000E+00
      1019  1.767280E-05 -3.069094E-01  0.000000E+00
      1020  1.328524E-05 -3.069094E-01  0.000000E+00
      1021  8.254867E-06 -3.069094E-01  0.000000E+00
      1022  2.803492E-06 -3.069094E-01  0.000000E+00

 forces (fx,fy,fz) for set NSET_IND_TOP and time  0.4267026E+00

        10  2.452088E-04 -1.008257E+00 -2.657645E-11
        11  3.718131E-05 -2.427272E-04  1.629552E-12
      1004  1.498964E-04 -1.807510E+00 -1.093372E-11
      1005  4.146452E-05 -1.696695E+00  2.400789E-11
      1006  1.101644E-04 -1.628412E+00  2.063880E-11
      1007  5.594818E-05 -1.557837E+00  1.022029E-11
      1008  1.031073E-04 -1.450825E+00 -6.872840E-12
      1009  4.252552E-05 -1.284874E+00 -2.686900E-11
      1010 -5.982699E-06 -1.049017E+00 -4.033946E-11
      1011  1.267528E-05 -7.457259E-01  5.772536E-14
      1012 -3.835087E-06 -3.877078E-01  8.572446E-12
      1013 -1.469296E-02 -3.803391E+00  2.884248E-12
      1014 -2.238076E-02 -3.492910E+00  1.748957E-11
      1015 -2.137304E-02 -3.321679E+00  2.254352E-11
      1016 -2.731896E-02 -3.187317E+00 -1.122924E-11
      1017 -2.554316E-02 -3.012803E+00  5.115908E-13
      1018 -3.093550E-02 -2.742046E+00 -3.216827E-11
      1019 -2.905402E-02 -2.341409E+00 -1.468570E-11
      1020 -2.910456E-02 -1.801324E+00  1.090028E-11
      1021 -3.396314E-02 -1.137642E+00 -1.061251E-11
      1022 -2.730052E-02 -3.893737E-01  3.483769E-12

 total force (fx,fy,fz) for set NSET_IND_TOP and time  0.4267026E+00

       -2.608783E-01 -3.784700E+01 -5.734751E-11

                                INCREMENT   150


 displacements (vx,vy,vz) for set NSET_IND_TOP and time  0.4287026E+00

        10  2.469300E-05 -2.996374E-01  0.000000E+00
        11  0.000000E+00 -2.996374E-01  0.000000E+00
      1004  2.422972E-05 -2.996374E-01  0.000000E+00
      1005  2.368604E-05 -2.996374E-01  0.000000E+00
      1006  2.282197E-05 -2.996374E-01  0.000000E+00
      1007  2.144574E-05 -2.996374E-01  0.000000E+00
      1008  1.943041E-05 -2.996374E-01  0.000000E+00
      1009  1.670942E-05 -2.996374E-01  0.000000E+00
      1010  1.328746E-05 -2.996374E-01  0.000000E+00
      1011  9.247297E-06 -2.996374E-01  0.000000E+00
      1012  4.748738E-06 -2.996374E-01  0.000000E+00
      1013  2.445336E-05 -2.996374E-01  0.000000E+00
      1014  2.398248E-05 -2.996374E-01  0.000000E+00
      1015  2.330565E-05 -2.996374E-01  0.000000E+00
      1016  2.220548E-05 -2.996374E-01  0.000000E+00
      1017  2.052230E-05 -2.996374E-01  0.000000E+00
      1018  1.815784E-05 -2.996374E-01  0.000000E+00
      1019  1.508140E-05 -2.996374E-01  0.000000E+00
      1020  1.133715E-05 -2.996374E-01  0.000000E+00
      1021  7.044384E-06 -2.996374E-01  0.000000E+00
      1022  2.392387E-06 -2.996374E-01  0.000000E+00

 forces (fx,fy,fz) for set NSET_IND_TOP and time  0.4287026E+00

        10  2.092653E-04 -8.607175E-01 -6.227174E-12
        11  3.173275E-05 -2.071040E-04  1.368831E-11
      1004  1.279311E-04 -1.542978E+00 -1.875279E-11
      1005  3.540287E-05 -1.448319E+00  2.705706E-12
      1006  9.403033E-05 -1.389965E+00  3.844668E-11
      1007  4.776356E-05 -1.329665E+00 -1.103323E-12
      1008  8.800427E-05 -1.238280E+00 -1.772883E-12
      1009  3.630626E-05 -1.096608E+00  1.555561E-11
      1010 -5.092803E-06 -8.952893E-01  5.322967E-12
      1011  1.083306E-05 -6.364334E-01 -6.575957E-12
      1012 -3.260092E-06 -3.308827E-01  2.072549E-11
      1013 -1.253780E-02 -3.246806E+00  2.450934E-11
      1014 -1.909809E-02 -2.981657E+00 -3.480327E-12
      1015 -1.823829E-02 -2.835358E+00 -1.679212E-12
      1016 -2.331222E-02 -2.720540E+00  7.427947E-12
      1017 -2.179691E-02 -2.571478E+00 -2.343448E-11
      1018 -2.639841E-02 -2.340303E+00  9.609868E-12
      1019 -2.479286E-02 -1.998311E+00  1.239919E-11
      1020 -2.483595E-02 -1.537338E+00  1.753175E-11
      1021 -2.898193E-02 -9.709066E-01  5.569667E-11
      1022 -2.329646E-02 -3.323041E-01  8.763879E-12

 total force (fx,fy,fz) for set NSET_IND_TOP and time  0.4287026E+00

       -2.226160E-01 -3.230435E+01  1.693573E-10

                                INCREMENT   160


 displacements (vx,vy,vz) for set NSET_IND_TOP and time  0.4307026E+00

        10  2.242605E-05 -2.923654E-01  0.000000E+00
        11  0.000000E+00 -2.923654E-01  0.000000E+00
      1004  2.200510E-05 -2.923654E-01  0.000000E+00
      1005  2.151115E-05 -2.923654E-01  0.000000E+00
      1006  2.072626E-05 -2.923654E-01  0.000000E+00
      1007  1.947626E-05 -2.923654E-01  0.000000E+00
      1008  1.764589E-05 -2.923654E-01  0.000000E+00
      1009  1.517471E-05 -2.923654E-01  0.000000E+00
      1010  1.206698E-05 -2.923654E-01  0.000000E+00
      1011  8.397884E-06 -2.923654E-01  0.000000E+00
      1012  4.312530E-06 -2.923654E-01  0.000000E+00
      1013  2.220831E-05 -2.923654E-01  0.000000E+00
      1014  2.178047E-05 -2.923654E-01  0.000000E+00
      1015  2.116560E-05 -2.923654E-01  0.000000E+00
      1016  2.016630E-05 -2.923654E-01  0.000000E+00
      1017  1.863756E-05 -2.923654E-01  0.000000E+00
      1018  1.649014E-05 -2.923654E-01  0.000000E+00
      1019  1.369618E-05 -2.923654E-01  0.000000E+00
      1020  1.029579E-05 -2.923654E-01  0.000000E+00
      1021  6.397310E-06 -2.923654E-01  0.000000E+00
      1022  2.172626E-06 -2.923654E-01  0.000000E+00

 forces (fx,fy,fz) for set NSET_IND_TOP and time  0.4307026E+00

        10  1.900569E-04 -7.819526E-01 -2.009196E-11
        11  2.882259E-05 -1.880512E-04  1.074087E-12
      1004  1.161956E-04 -1.401741E+00  8.820566E-12
      1005  3.217005E-05 -1.315684E+00  2.385155E-11
      1006  8.541437E-05 -1.262609E+00 -2.923858E-11
      1007  4.339680E-05 -1.207776E+00  3.767081E-11
      1008  7.993873E-05 -1.124723E+00 -8.525991E-12
      1009  3.298944E-05 -9.960111E-01  3.624844E-12
      1010 -4.611507E-06 -8.131405E-01  8.611196E-12
      1011  9.856054E-06 -5.780265E-01 -4.885831E-12
      1012 -2.946921E-06 -3.005139E-01  9.288028E-13
      1013 -1.138551E-02 -2.949656E+00 -2.754513E-11
      1014 -1.734303E-02 -2.708669E+00  2.703127E-11
      1015 -1.656235E-02 -2.575635E+00 -1.650274E-11
      1016 -2.117014E-02 -2.471210E+00 -8.422707E-12
      1017 -1.979412E-02 -2.335706E+00 -3.024803E-12
      1018 -2.397284E-02 -2.125650E+00  3.048195E-11
      1019 -2.251481E-02 -1.814975E+00 -2.724510E-11
      1020 -2.255393E-02 -1.396265E+00  1.201261E-12
      1021 -2.631894E-02 -8.818004E-01  2.977818E-11
      1022 -2.115586E-02 -3.018045E-01  2.443390E-11

 total force (fx,fy,fz) for set NSET_IND_TOP and time  0.4307026E+00

       -2.021602E-01 -2.934374E+01  5.202558E-11

                                INCREMENT   170


 displacements (vx,vy,vz) for set NSET_IND_TOP and time  0.4327026E+00

        10  1.897740E-05 -2.850934E-01  0.000000E+00
        11  0.000000E+00 -2.850934E-01  0.000000E+00
      1004  1.862094E-05 -2.850934E-01  0.000000E+00
      1005  1.820272E-05 -2.850934E-01  0.000000E+00
      1006  1.753833E-05 -2.850934E-01  0.000000E+00
      1007  1.648041E-05 -2.850934E-01  0.000000E+00
      1008  1.493141E-05 -2.850934E-01  0.000000E+00
      1009  1.284024E-05 -2.850934E-01  0.000000E+00
      1010  1.021051E-05 -2.850934E-01  0.000000E+00
      1011  7.105842E-06 -2.850934E-01  0.000000E+00
      1012  3.649016E-06 -2.850934E-01  0.000000E+00
      1013  1.879302E-05 -2.850934E-01  0.000000E+00
      1014  1.843073E-05 -2.850934E-01  0.000000E+00
      1015  1.791021E-05 -2.850934E-01  0.000000E+00
      1016  1.706440E-05 -2.850934E-01  0.000000E+00
      1017  1.577062E-05 -2.850934E-01  0.000000E+00
      1018  1.395338E-05 -2.850934E-01  0.000000E+00
      1019  1.158911E-05 -2.850934E-01  0.000000E+00
      1020  8.711779E-06 -2.850934E-01  0.000000E+00
      1021  5.413048E-06 -2.850934E-01  0.000000E+00
      1022  1.838350E-06 -2.850934E-01  0.000000E+00

 forces (fx,fy,fz) for set NSET_IND_TOP and time  0.4327026E+00

        10  1.608302E-04 -6.620050E-01 -1.033612E-11
        11  2.438942E-05 -1.590813E-04 -1.060721E-12
      1004  9.833392E-05 -1.186682E+00  3.716204E-11
      1005  2.723937E-05 -1.113763E+00 -5.484916E-12
      1006  7.229219E-05 -1.068759E+00  5.011637E-12
      1007  3.673826E-05 -1.022279E+00 -1.408194E-11
      1008  6.765308E-05 -9.519283E-01 -1.685068E-11
      1009  2.792788E-05 -8.429525E-01 -1.694585E-11
      1010 -3.890611E-06 -6.881594E-01 -3.223237E-11
      1011  8.353482E-06 -4.891703E-01 -4.356063E-11
      1012 -2.482536E-06 -2.543140E-01  3.804079E-12
      1013 -9.633159E-03 -2.497162E+00  4.566070E-12
      1014 -1.467391E-02 -2.293035E+00  1.023076E-11
      1015 -1.401348E-02 -2.180272E+00 -1.923928E-11
      1016 -1.791223E-02 -2.091736E+00  1.698419E-12
      1017 -1.674799E-02 -1.976921E+00  1.359585E-11
      1018 -2.028362E-02 -1.799040E+00 -1.752232E-11
      1019 -1.904991E-02 -1.536038E+00 -4.231948E-12
      1020 -1.908295E-02 -1.181643E+00  2.247014E-11
      1021 -2.226846E-02 -7.462420E-01  1.304645E-11
      1022 -1.789995E-02 -2.554057E-01 -7.118750E-12

 total force (fx,fy,fz) for set NSET_IND_TOP and time  0.4327026E+00

       -1.710483E-01 -2.483767E+01 -7.708008E-11

                                INCREMENT   180


 displacements (vx,vy,vz) for set NSET_IND_TOP and time  0.4347026E+00

        10  1.581344E-05 -2.778214E-01  0.000000E+00
        11  0.000000E+00 -2.778214E-01  0.000000E+00
      1004  1.551635E-05 -2.778214E-01  0.000000E+00
      1005  1.516780E-05 -2.778214E-01  0.000000E+00
      1006  1.461413E-05 -2.778214E-01  0.000000E+00
      1007  1.373255E-05 -2.778214E-01  0.000000E+00
      1008  1.244179E-05 -2.778214E-01  0.000000E+00
      1009  1.069927E-05 -2.778214E-01  0.000000E+00
      1010  8.507995E-06 -2.778214E-01  0.000000E+00
      1011  5.920994E-06 -2.778214E-01  0.000000E+00
      1012  3.040566E-06 -2.778214E-01  0.000000E+00
      1013  1.565977E-05 -2.778214E-01  0.000000E+00
      1014  1.535782E-05 -2.778214E-01  0.000000E+00
      1015  1.492403E-05 -2.778214E-01  0.000000E+00
      1016  1.421920E-05 -2.778214E-01  0.000000E+00
      1017  1.314109E-05 -2.778214E-01  0.000000E+00
      1018  1.162682E-05 -2.778214E-01  0.000000E+00
      1019  9.656740E-06 -2.778214E-01  0.000000E+00
      1020  7.259159E-06 -2.778214E-01  0.000000E+00
      1021  4.510459E-06 -2.778214E-01  0.000000E+00
      1022  1.531816E-06 -2.778214E-01  0.000000E+00

 forces (fx,fy,fz) for set NSET_IND_TOP and time  0.4347026E+00

        10  1.340169E-04 -5.517127E-01  3.203557E-14
        11  2.032398E-05 -1.325470E-04 -4.368431E-12
      1004  8.194208E-05 -9.889651E-01 -5.723646E-12
      1005  2.270315E-05 -9.281760E-01  1.684775E-11
      1006  6.024434E-05 -8.906516E-01 -2.378510E-12
      1007  3.061858E-05 -8.518993E-01  1.859723E-12
      1008  5.637778E-05 -7.932597E-01  1.857622E-11
      1009  2.327648E-05 -7.024383E-01 -2.864298E-11
      1010 -3.237868E-06 -5.734421E-01 -1.775814E-12
      1011  6.965922E-06 -4.076218E-01  1.216092E-13
      1012 -2.064544E-06 -2.119169E-01  9.503951E-12
      1013 -8.026703E-03 -2.081116E+00 -1.661568E-11
      1014 -1.222689E-02 -1.910967E+00 -1.076766E-11
      1015 -1.167663E-02 -1.816952E+00  3.892781E-11
      1016 -1.492526E-02 -1.743132E+00 -1.119838E-11
      1017 -1.395518E-02 -1.647419E+00  1.914552E-11
      1018 -1.690123E-02 -1.499163E+00 -1.730993E-11
      1019 -1.587325E-02 -1.279985E+00 -1.166528E-11
      1020 -1.590077E-02 -9.846574E-01  2.928352E-11
      1021 -1.855508E-02 -6.218365E-01 -1.590061E-12
      1022 -1.491504E-02 -2.128266E-01 -3.719969E-12

 total force (fx,fy,fz) for set NSET_IND_TOP and time  0.4347026E+00

       -1.425249E-01 -2.069827E+01  1.854179E-11

                                INCREMENT   190


 displacements (vx,vy,vz) for set NSET_IND_TOP and time  0.4352405E+00

        10  2.983513E-05 -2.758657E-01  0.000000E+00
        11  0.000000E+00 -2.758657E-01  0.000000E+00
      1004  2.927366E-05 -2.758657E-01  0.000000E+00
      1005  2.861516E-05 -2.758657E-01  0.000000E+00
      1006  2.756977E-05 -2.758657E-01  0.000000E+00
      1007  2.590588E-05 -2.758657E-01  0.000000E+00
      1008  2.347024E-05 -2.758657E-01  0.000000E+00
      1009  2.018259E-05 -2.758657E-01  0.000000E+00
      1010  1.604869E-05 -2.758657E-01  0.000000E+00
      1011  1.116861E-05 -2.758657E-01  0.000000E+00
      1012  5.735265E-06 -2.758657E-01  0.000000E+00
      1013  2.954472E-05 -2.758657E-01  0.000000E+00
      1014  2.897411E-05 -2.758657E-01  0.000000E+00
      1015  2.815484E-05 -2.758657E-01  0.000000E+00
      1016  2.682433E-05 -2.758657E-01  0.000000E+00
      1017  2.478976E-05 -2.758657E-01  0.000000E+00
      1018  2.193257E-05 -2.758657E-01  0.000000E+00
      1019  1.821579E-05 -2.758657E-01  0.000000E+00
      1020  1.369286E-05 -2.758657E-01  0.000000E+00
      1021  8.507892E-06 -2.758657E-01  0.000000E+00
      1022  2.889376E-06 -2.758657E-01  0.000000E+00

 forces (fx,fy,fz) for set NSET_IND_TOP and time  0.4352405E+00

        10  2.528515E-04 -1.042087E+00 -4.149489E-12
        11  3.834181E-05 -2.498627E-04  4.262220E-12
      1004  1.546281E-04 -1.867826E+00 -5.165290E-12
      1005  4.289952E-05 -1.752754E+00 -1.429100E-11
      1006  1.137139E-04 -1.681607E+00 -8.462659E-12
      1007  5.782752E-05 -1.608179E+00 -2.214130E-11
      1008  1.063964E-04 -1.497271E+00 -2.170702E-11
      1009  4.396153E-05 -1.325693E+00 -3.165993E-11
      1010 -6.061765E-06 -1.082144E+00 -1.877733E-11
      1011  1.319537E-05 -7.691734E-01 -1.002873E-11
      1012 -3.849874E-06 -3.998669E-01 -1.004367E-12
      1013 -1.513810E-02 -3.930731E+00 -1.354622E-11
      1014 -2.306012E-02 -3.608929E+00 -8.675061E-12
      1015 -2.202273E-02 -3.430819E+00 -3.210221E-11
      1016 -2.815012E-02 -3.290878E+00  2.637335E-12
      1017 -2.632052E-02 -3.109710E+00 -7.984502E-12
      1018 -3.187688E-02 -2.829495E+00 -3.546730E-11
      1019 -2.993779E-02 -2.415574E+00 -1.599954E-11
      1020 -2.998945E-02 -1.858091E+00 -2.552425E-11
      1021 -3.499530E-02 -1.173371E+00  4.617551E-11
      1022 -2.812996E-02 -4.015815E-01  4.587219E-12

 total force (fx,fy,fz) for set NSET_IND_TOP and time  0.4352405E+00

       -2.688071E-01 -3.907603E+01 -2.190239E-10

                                INCREMENT   200


 displacements (vx,vy,vz) for set NSET_IND_TOP and time  0.4354397E+00

        10  2.942916E-05 -2.751413E-01  0.000000E+00
        11  0.000000E+00 -2.751413E-01  0.000000E+00
      1004  2.887540E-05 -2.751413E-01  0.000000E+00
      1005  2.822593E-05 -2.751413E-01  0.000000E+00
      1006  2.719483E-05 -2.751413E-01  0.000000E+00
      1007  2.555363E-05 -2.751413E-01  0.000000E+00
      1008  2.315116E-05 -2.751413E-01  0.000000E+00
      1009  1.990825E-05 -2.751413E-01  0.000000E+00
      1010  1.583058E-05 -2.751413E-01  0.000000E+00
      1011  1.101683E-05 -2.751413E-01  0.000000E+00
      1012  5.657332E-06 -2.751413E-01  0.000000E+00
      1013  2.914274E-05 -2.751413E-01  0.000000E+00
      1014  2.857997E-05 -2.751413E-01  0.000000E+00
      1015  2.777190E-05 -2.751413E-01  0.000000E+00
      1016  2.645955E-05 -2.751413E-01  0.000000E+00
      1017  2.445271E-05 -2.751413E-01  0.000000E+00
      1018  2.163442E-05 -2.751413E-01  0.000000E+00
      1019  1.796820E-05 -2.751413E-01  0.000000E+00
      1020  1.350678E-05 -2.751413E-01  0.000000E+00
      1021  8.392279E-06 -2.751413E-01  0.000000E+00
      1022  2.850115E-06 -2.751413E-01  0.000000E+00

 forces (fx,fy,fz) for set NSET_IND_TOP and time  0.4354397E+00

        10  2.494116E-04 -1.027821E+00  1.655868E-12
        11  3.782127E-05 -2.464791E-04 -9.027439E-12
      1004  1.525229E-04 -1.842266E+00  2.301243E-11
      1005  4.231188E-05 -1.728787E+00 -1.405918E-11
      1006  1.121643E-04 -1.658632E+00  4.144693E-12
      1007  5.703768E-05 -1.586226E+00  2.529447E-12
      1008  1.049484E-04 -1.476847E+00 -4.933973E-12
      1009  4.336161E-05 -1.307621E+00  2.050524E-12
      1010 -5.981753E-06 -1.067399E+00  1.275887E-12
      1011  1.301358E-05 -7.586970E-01 -2.504329E-12
      1012 -3.799683E-06 -3.944218E-01  3.765965E-11
      1013 -1.493254E-02 -3.876929E+00  1.095934E-11
      1014 -2.274696E-02 -3.559560E+00 -2.033718E-11
      1015 -2.172363E-02 -3.383925E+00 -2.435785E-11
      1016 -2.776779E-02 -3.245935E+00  6.773249E-12
      1017 -2.596305E-02 -3.067275E+00  1.183820E-11
      1018 -3.144396E-02 -2.790911E+00  2.700173E-12
      1019 -2.953124E-02 -2.382652E+00 -9.842793E-12
      1020 -2.958221E-02 -1.832778E+00 -1.010103E-11
      1021 -3.452012E-02 -1.157391E+00 -4.505174E-12
      1022 -2.774801E-02 -3.961132E-01 -1.934519E-11

 total force (fx,fy,fz) for set NSET_IND_TOP and time  0.4354397E+00

       -2.651567E-01 -3.854243E+01 -1.441467E-11

                                INCREMENT   210


 displacements (vx,vy,vz) for set NSET_IND_TOP and time  0.4372931E+00

        10  2.615879E-05 -2.684023E-01  0.000000E+00
        11  0.000000E+00 -2.684023E-01  0.000000E+00
      1004  2.566649E-05 -2.684023E-01  0.000000E+00
      1005  2.508912E-05 -2.684023E-01  0.000000E+00
      1006  2.417254E-05 -2.684023E-01  0.000000E+00
      1007  2.271368E-05 -2.684023E-01  0.000000E+00
      1008  2.057816E-05 -2.684023E-01  0.000000E+00
      1009  1.769563E-05 -2.684023E-01  0.000000E+00
      1010  1.407112E-05 -2.684023E-01  0.000000E+00
      1011  9.792376E-06 -2.684023E-01  0.000000E+00
      1012  5.028548E-06 -2.684023E-01  0.000000E+00
      1013  2.590416E-05 -2.684023E-01  0.000000E+00
      1014  2.540385E-05 -2.684023E-01  0.000000E+00
      1015  2.468552E-05 -2.684023E-01  0.000000E+00
      1016  2.351895E-05 -2.684023E-01  0.000000E+00
      1017  2.173509E-05 -2.684023E-01  0.000000E+00
      1018  1.922997E-05 -2.684023E-01  0.000000E+00
      1019  1.597118E-05 -2.684023E-01  0.000000E+00
      1020  1.200559E-05 -2.684023E-01  0.000000E+00
      1021  7.459523E-06 -2.684023E-01  0.000000E+00
      1022  2.533338E-06 -2.684023E-01  0.000000E+00

 forces (fx,fy,fz) for set NSET_IND_TOP and time  0.4372931E+00

        10  2.216949E-04 -9.136954E-01 -5.160292E-12
        11  3.361795E-05 -2.190737E-04 -5.487575E-13
      1004  1.355753E-04 -1.637696E+00  3.422480E-11
      1005  3.761474E-05 -1.536797E+00 -1.347076E-11
      1006  9.970349E-05 -1.474411E+00 -2.193382E-11
      1007  5.070367E-05 -1.410027E+00  5.242654E-12
      1008  9.328784E-05 -1.312782E+00 -1.778903E-11
      1009  3.854631E-05 -1.162343E+00  9.954326E-12
      1010 -5.313590E-06 -9.488031E-01 -3.939124E-11
      1011  1.157117E-05 -6.743963E-01 -3.615553E-11
      1012 -3.374204E-06 -3.505954E-01  8.408341E-12
      1013 -1.327267E-02 -3.446438E+00 -2.944534E-12
      1014 -2.021850E-02 -3.164277E+00  4.399925E-12
      1015 -1.930895E-02 -3.008102E+00 -2.090417E-11
      1016 -2.468130E-02 -2.885395E+00 -3.458067E-11
      1017 -2.307716E-02 -2.726543E+00  1.574407E-12
      1018 -2.794885E-02 -2.480852E+00 -2.892575E-12
      1019 -2.624871E-02 -2.117930E+00 -1.940437E-11
      1020 -2.629400E-02 -1.629138E+00  3.065326E-13
      1021 -3.068302E-02 -1.028789E+00  1.575917E-11
      1022 -2.466366E-02 -3.520988E-01  1.041367E-11

 total force (fx,fy,fz) for set NSET_IND_TOP and time  0.4372931E+00

       -2.356832E-01 -3.426133E+01 -1.248919E-10

                                INCREMENT   220


 displacements (vx,vy,vz) for set NSET_IND_TOP and time  0.4392931E+00

        10  2.271897E-05 -2.611303E-01  0.000000E+00
        11  0.000000E+00 -2.611303E-01  0.000000E+00
      1004  2.229139E-05 -2.611303E-01  0.000000E+00
      1005  2.178994E-05 -2.611303E-01  0.000000E+00
      1006  2.099388E-05 -2.611303E-01  0.000000E+00
      1007  1.972684E-05 -2.611303E-01  0.000000E+00
      1008  1.787214E-05 -2.611303E-01  0.000000E+00
      1009  1.536865E-05 -2.611303E-01  0.000000E+00
      1010  1.222077E-05 -2.611303E-01  0.000000E+00
      1011  8.504675E-06 -2.611303E-01  0.000000E+00
      1012  4.367292E-06 -2.611303E-01  0.000000E+00
      1013  2.249781E-05 -2.611303E-01  0.000000E+00
      1014  2.206328E-05 -2.611303E-01  0.000000E+00
      1015  2.143940E-05 -2.611303E-01  0.000000E+00
      1016  2.042622E-05 -2.611303E-01  0.000000E+00
      1017  1.887693E-05 -2.611303E-01  0.000000E+00
      1018  1.670123E-05 -2.611303E-01  0.000000E+00
      1019  1.387097E-05 -2.611303E-01  0.000000E+00
      1020  1.042685E-05 -2.611303E-01  0.000000E+00
      1021  6.478592E-06 -2.611303E-01  0.000000E+00
      1022  2.200203E-06 -2.611303E-01  0.000000E+00

 forces (fx,fy,fz) for set NSET_IND_TOP and time  0.4392931E+00

        10  1.925425E-04 -7.935649E-01 -1.246160E-11
        11  2.919752E-05 -1.902645E-04  6.670959E-13
      1004  1.177480E-04 -1.422373E+00 -2.391295E-11
      1005  3.266960E-05 -1.334736E+00  2.106771E-11
      1006  8.659381E-05 -1.280548E+00 -1.370079E-11
      1007  4.403749E-05 -1.224626E+00  1.283788E-11
      1008  8.102172E-05 -1.140164E+00 -5.178843E-14
      1009  3.347870E-05 -1.009505E+00 -1.251831E-12
      1010 -4.613969E-06 -8.240420E-01  1.666078E-11
      1011  1.005073E-05 -5.857173E-01 -2.499875E-11
      1012 -2.929622E-06 -3.044941E-01  1.146124E-11
      1013 -1.152725E-02 -2.993307E+00 -1.255346E-11
      1014 -1.755968E-02 -2.748237E+00 -1.478417E-11
      1015 -1.676975E-02 -2.612587E+00 -1.426398E-11
      1016 -2.143562E-02 -2.506005E+00  3.855694E-12
      1017 -2.004244E-02 -2.368033E+00 -3.301137E-12
      1018 -2.427349E-02 -2.154642E+00 -6.520118E-12
      1019 -2.279693E-02 -1.839438E+00  2.685929E-11
      1020 -2.283627E-02 -1.414917E+00 -2.439937E-12
      1021 -2.664812E-02 -8.935094E-01  7.647327E-12
      1022 -2.142032E-02 -3.057998E-01  5.257794E-11

 total force (fx,fy,fz) for set NSET_IND_TOP and time  0.4392931E+00

       -2.046901E-01 -2.975643E+01  2.339445E-11

                                INCREMENT   230


 displacements (vx,vy,vz) for set NSET_IND_TOP and time  0.4412931E+00

        10  1.942367E-05 -2.538583E-01  0.000000E+00
        11  0.000000E+00 -2.538583E-01  0.000000E+00
      1004  1.905813E-05 -2.538583E-01  0.000000E+00
      1005  1.862941E-05 -2.538583E-01  0.000000E+00
      1006  1.794883E-05 -2.538583E-01  0.000000E+00
      1007  1.686558E-05 -2.538583E-01  0.000000E+00
      1008  1.527990E-05 -2.538583E-01  0.000000E+00
      1009  1.313954E-05 -2.538583E-01  0.000000E+00
      1010  1.044823E-05 -2.538583E-01  0.000000E+00
      1011  7.271137E-06 -2.538583E-01  0.000000E+00
      1012  3.733851E-06 -2.538583E-01  0.000000E+00
      1013  1.923460E-05 -2.538583E-01  0.000000E+00
      1014  1.886311E-05 -2.538583E-01  0.000000E+00
      1015  1.832972E-05 -2.538583E-01  0.000000E+00
      1016  1.746351E-05 -2.538583E-01  0.000000E+00
      1017  1.613895E-05 -2.538583E-01  0.000000E+00
      1018  1.427883E-05 -2.538583E-01  0.000000E+00
      1019  1.185908E-05 -2.538583E-01  0.000000E+00
      1020  8.914513E-06 -2.538583E-01  0.000000E+00
      1021  5.538924E-06 -2.538583E-01  0.000000E+00
      1022  1.881081E-06 -2.538583E-01  0.000000E+00

 forces (fx,fy,fz) for set NSET_IND_TOP and time  0.4412931E+00

        10  1.646149E-04 -6.784513E-01 -5.828171E-12
        11  2.496277E-05 -1.626705E-04 -1.529000E-11
      1004  1.006689E-04 -1.216046E+00  1.587655E-11
      1005  2.793049E-05 -1.141124E+00  1.155966E-11
      1006  7.403348E-05 -1.094799E+00  1.900856E-11
      1007  3.764971E-05 -1.046990E+00  1.766701E-11
      1008  6.926998E-05 -9.747823E-01  5.175099E-12
      1009  2.862262E-05 -8.630768E-01  5.904600E-12
      1010 -3.945044E-06 -7.045166E-01  2.515239E-11
      1011  8.592652E-06 -5.007609E-01  9.426886E-12
      1012 -2.504982E-06 -2.603285E-01  3.113781E-11
      1013 -9.855324E-03 -2.559102E+00  4.354073E-12
      1014 -1.501279E-02 -2.349585E+00 -7.184642E-12
      1015 -1.433743E-02 -2.233617E+00 -2.309153E-12
      1016 -1.832656E-02 -2.142500E+00  1.010947E-11
      1017 -1.713545E-02 -2.024546E+00  2.630873E-11
      1018 -2.075283E-02 -1.842111E+00 -4.995671E-12
      1019 -1.949043E-02 -1.572631E+00  1.551959E-11
      1020 -1.952407E-02 -1.209688E+00 -3.815281E-12
      1021 -2.278305E-02 -7.639091E-01  1.164957E-12
      1022 -1.831350E-02 -2.614448E-01  2.864597E-12

 total force (fx,fy,fz) for set NSET_IND_TOP and time  0.4412931E+00

       -1.750016E-01 -2.544017E+01  1.618070E-10

                                INCREMENT   240


 displacements (vx,vy,vz) for set NSET_IND_TOP and time  0.4432931E+00

        10  1.762403E-05 -2.465863E-01  0.000000E+00
        11  0.000000E+00 -2.465863E-01  0.000000E+00
      1004  1.729243E-05 -2.465863E-01  0.000000E+00
      1005  1.690352E-05 -2.465863E-01  0.000000E+00
      1006  1.628606E-05 -2.465863E-01  0.000000E+00
      1007  1.530323E-05 -2.465863E-01  0.000000E+00
      1008  1.386450E-05 -2.465863E-01  0.000000E+00
      1009  1.192245E-05 -2.465863E-01  0.000000E+00
      1010  9.480468E-06 -2.465863E-01  0.000000E+00
      1011  6.597667E-06 -2.465863E-01  0.000000E+00
      1012  3.388019E-06 -2.465863E-01  0.000000E+00
      1013  1.745252E-05 -2.465863E-01  0.000000E+00
      1014  1.711552E-05 -2.465863E-01  0.000000E+00
      1015  1.663163E-05 -2.465863E-01  0.000000E+00
      1016  1.584574E-05 -2.465863E-01  0.000000E+00
      1017  1.464394E-05 -2.465863E-01  0.000000E+00
      1018  1.295618E-05 -2.465863E-01  0.000000E+00
      1019  1.076062E-05 -2.465863E-01  0.000000E+00
      1020  8.088819E-06 -2.465863E-01  0.000000E+00
      1021  5.025900E-06 -2.465863E-01  0.000000E+00
      1022  1.706855E-06 -2.465863E-01  0.000000E+00

 forces (fx,fy,fz) for set NSET_IND_TOP and time  0.4432931E+00

        10  1.493625E-04 -6.154864E-01 -1.981095E-12
        11  2.264985E-05 -1.476173E-04 -6.924973E-12
      1004  9.133883E-05 -1.103203E+00 -1.919028E-11
      1005  2.533649E-05 -1.035257E+00 -5.264658E-12
      1006  6.716901E-05 -9.932558E-01  1.213893E-11
      1007  3.415554E-05 -9.499051E-01  1.012035E-11
      1008  6.284867E-05 -8.844114E-01 -2.215638E-11
      1009  2.596596E-05 -7.830757E-01  1.315586E-12
      1010 -3.584089E-06 -6.392215E-01 -8.257332E-12
      1011  7.791208E-06 -4.543545E-01  1.171036E-12
      1012 -2.277339E-06 -2.362047E-01  4.658279E-13
      1013 -8.942727E-03 -2.321612E+00  1.741129E-11
      1014 -1.362256E-02 -2.131578E+00 -1.246675E-11
      1015 -1.300970E-02 -2.026421E+00  3.660855E-11
      1016 -1.662938E-02 -1.943806E+00 -1.784406E-11
      1017 -1.554857E-02 -1.836833E+00  9.071077E-12
      1018 -1.883095E-02 -1.671346E+00 -2.118339E-11
      1019 -1.768549E-02 -1.426868E+00  2.372991E-12
      1020 -1.771603E-02 -1.097578E+00 -1.375122E-12
      1021 -2.067323E-02 -6.931180E-01  7.801537E-13
      1022 -1.661759E-02 -2.372177E-01  5.404233E-12

 total force (fx,fy,fz) for set NSET_IND_TOP and time  0.4432931E+00

       -1.587955E-01 -2.308090E+01 -1.978400E-11

                                INCREMENT   250


 displacements (vx,vy,vz) for set NSET_IND_TOP and time  0.4452931E+00

        10  1.438930E-05 -2.393143E-01  0.000000E+00
        11  0.000000E+00 -2.393143E-01  0.000000E+00
      1004  1.411861E-05 -2.393143E-01  0.000000E+00
      1005  1.380112E-05 -2.393143E-01  0.000000E+00
      1006  1.329703E-05 -2.393143E-01  0.000000E+00
      1007  1.249462E-05 -2.393143E-01  0.000000E+00
      1008  1.131997E-05 -2.393143E-01  0.000000E+00
      1009  9.734368E-06 -2.393143E-01  0.000000E+00
      1010  7.740575E-06 -2.393143E-01  0.000000E+00
      1011  5.386847E-06 -2.393143E-01  0.000000E+00
      1012  2.766245E-06 -2.393143E-01  0.000000E+00
      1013  1.424929E-05 -2.393143E-01  0.000000E+00
      1014  1.397419E-05 -2.393143E-01  0.000000E+00
      1015  1.357916E-05 -2.393143E-01  0.000000E+00
      1016  1.293754E-05 -2.393143E-01  0.000000E+00
      1017  1.195635E-05 -2.393143E-01  0.000000E+00
      1018  1.057837E-05 -2.393143E-01  0.000000E+00
      1019  8.785777E-06 -2.393143E-01  0.000000E+00
      1020  6.604334E-06 -2.393143E-01  0.000000E+00
      1021  4.103538E-06 -2.393143E-01  0.000000E+00
      1022  1.393611E-06 -2.393143E-01  0.000000E+00

 forces (fx,fy,fz) for set NSET_IND_TOP and time  0.4452931E+00

        10  1.219482E-04 -5.024635E-01 -8.824656E-12
        11  1.849287E-05 -1.205341E-04  1.058920E-11
      1004  7.457300E-05 -9.006272E-01  1.930407E-11
      1005  2.068305E-05 -8.451702E-01  1.306261E-11
      1006  5.483830E-05 -8.108946E-01  1.618092E-11
      1007  2.788377E-05 -7.755156E-01 -9.415142E-13
      1008  5.131205E-05 -7.220559E-01  7.174255E-12
      1009  2.119797E-05 -6.393302E-01  1.980381E-12
      1010 -2.928522E-06 -5.218875E-01 -9.971523E-12
      1011  6.358678E-06 -3.709567E-01  1.217756E-12
      1012 -1.861531E-06 -1.928495E-01 -4.547897E-12
      1013 -7.301648E-03 -1.895296E+00  5.012268E-12
      1014 -1.112266E-02 -1.740178E+00  1.031103E-11
      1015 -1.062225E-02 -1.654357E+00  6.122824E-12
      1016 -1.357765E-02 -1.586937E+00  2.719869E-11
      1017 -1.269518E-02 -1.499626E+00 -1.129707E-11
      1018 -1.537521E-02 -1.364537E+00 -6.996403E-12
      1019 -1.443996E-02 -1.164950E+00 -7.078116E-12
      1020 -1.446492E-02 -8.961118E-01 -5.529799E-12
      1021 -1.687945E-02 -5.658956E-01 -1.719902E-12
      1022 -1.356808E-02 -1.936767E-01  2.522160E-11

 total force (fx,fy,fz) for set NSET_IND_TOP and time  0.4452931E+00

       -1.296545E-01 -1.884344E+01  8.646872E-11

                                INCREMENT   260


 displacements (vx,vy,vz) for set NSET_IND_TOP and time  0.4472931E+00

        10  1.130747E-05 -2.320423E-01  0.000000E+00
        11  0.000000E+00 -2.320423E-01  0.000000E+00
      1004  1.109482E-05 -2.320423E-01  0.000000E+00
      1005  1.084539E-05 -2.320423E-01  0.000000E+00
      1006  1.044931E-05 -2.320423E-01  0.000000E+00
      1007  9.818796E-06 -2.320423E-01  0.000000E+00
      1008  8.895753E-06 -2.320423E-01  0.000000E+00
      1009  7.649749E-06 -2.320423E-01  0.000000E+00
      1010  6.082952E-06 -2.320423E-01  0.000000E+00
      1011  4.233282E-06 -2.320423E-01  0.000000E+00
      1012  2.173872E-06 -2.320423E-01  0.000000E+00
      1013  1.119748E-05 -2.320423E-01  0.000000E+00
      1014  1.098136E-05 -2.320423E-01  0.000000E+00
      1015  1.067099E-05 -2.320423E-01  0.000000E+00
      1016  1.016684E-05 -2.320423E-01  0.000000E+00
      1017  9.395822E-06 -2.320423E-01  0.000000E+00
      1018  8.312990E-06 -2.320423E-01  0.000000E+00
      1019  6.904314E-06 -2.320423E-01  0.000000E+00
      1020  5.190043E-06 -2.320423E-01  0.000000E+00
      1021  3.224791E-06 -2.320423E-01  0.000000E+00
      1022  1.095180E-06 -2.320423E-01  0.000000E+00

 forces (fx,fy,fz) for set NSET_IND_TOP and time  0.4472931E+00

        10  9.582973E-05 -3.947730E-01  3.377439E-12
        11  1.453234E-05 -9.473257E-05 -1.520549E-11
      1004  5.859948E-05 -7.076100E-01 -2.193282E-12
      1005  1.624899E-05 -6.640552E-01  1.262412E-12
      1006  4.308997E-05 -6.371432E-01  2.573704E-11
      1007  2.190787E-05 -6.093617E-01 -1.145032E-12
      1008  4.032039E-05 -5.673693E-01  3.084474E-12
      1009  1.665488E-05 -5.023760E-01 -1.823190E-11
      1010 -2.304384E-06 -4.100976E-01 -8.464406E-12
      1011  4.993336E-06 -2.914999E-01 -3.643322E-13
      1012 -1.465809E-06 -1.515433E-01  2.466243E-11
      1013 -5.738196E-03 -1.489095E+00  3.793915E-11
      1014 -8.740999E-03 -1.367250E+00  1.229405E-11
      1015 -8.347712E-03 -1.299856E+00  8.396756E-12
      1016 -1.067026E-02 -1.246919E+00 -3.947892E-11
      1017 -9.976751E-03 -1.178346E+00  6.958933E-12
      1018 -1.208291E-02 -1.072222E+00 -8.951007E-12
      1019 -1.134794E-02 -9.154070E-01  3.576084E-12
      1020 -1.136757E-02 -7.041656E-01  2.108069E-11
      1021 -1.326510E-02 -4.446853E-01  1.596823E-11
      1022 -1.066279E-02 -1.521934E-01  7.833789E-12

 total force (fx,fy,fz) for set NSET_IND_TOP and time  0.4472931E+00

       -1.018918E-01 -1.480606E+01  7.813711E-11

                                INCREMENT   270


 displacements (vx,vy,vz) for set NSET_IND_TOP and time  0.4492931E+00

        10  8.497590E-06 -2.247703E-01  0.000000E+00
        11  0.000000E+00 -2.247703E-01  0.000000E+00
      1004  8.337844E-06 -2.247703E-01  0.000000E+00
      1005  8.150453E-06 -2.247703E-01  0.000000E+00
      1006  7.852852E-06 -2.247703E-01  0.000000E+00
      1007  7.379061E-06 -2.247703E-01  0.000000E+00
      1008  6.685417E-06 -2.247703E-01  0.000000E+00
      1009  5.749045E-06 -2.247703E-01  0.000000E+00
      1010  4.571570E-06 -2.247703E-01  0.000000E+00
      1011  3.181487E-06 -2.247703E-01  0.000000E+00
      1012  1.633760E-06 -2.247703E-01  0.000000E+00
      1013  8.414963E-06 -2.247703E-01  0.000000E+00
      1014  8.252611E-06 -2.247703E-01  0.000000E+00
      1015  8.019419E-06 -2.247703E-01  0.000000E+00
      1016  7.640596E-06 -2.247703E-01  0.000000E+00
      1017  7.061210E-06 -2.247703E-01  0.000000E+00
      1018  6.247474E-06 -2.247703E-01  0.000000E+00
      1019  5.188841E-06 -2.247703E-01  0.000000E+00
      1020  3.900524E-06 -2.247703E-01  0.000000E+00
      1021  2.423568E-06 -2.247703E-01  0.000000E+00
      1022  8.230758E-07 -2.247703E-01  0.000000E+00

 forces (fx,fy,fz) for set NSET_IND_TOP and time  0.4492931E+00

        10  7.201612E-05 -2.965948E-01 -3.336975E-13
        11  1.092135E-05 -7.120584E-05 -8.879236E-12
      1004  4.403578E-05 -5.316407E-01 -2.866551E-12
      1005  1.220683E-05 -4.989344E-01  1.415609E-11
      1006  3.237886E-05 -4.787332E-01  2.784436E-11
      1007  1.645991E-05 -4.578762E-01 -4.103384E-12
      1008  3.029902E-05 -4.263370E-01  4.738004E-12
      1009  1.251320E-05 -3.775094E-01  1.129157E-11
      1010 -1.734833E-06 -3.081735E-01  2.547734E-12
      1011  3.749067E-06 -2.190550E-01 -8.047921E-12
      1012 -1.104515E-06 -1.138821E-01  7.578217E-12
      1013 -4.312654E-03 -1.118772E+00 -1.257895E-11
      1014 -6.569429E-03 -1.027257E+00  7.102513E-12
      1015 -6.273822E-03 -9.766594E-01  1.132675E-11
      1016 -8.019340E-03 -9.369212E-01  1.242076E-11
      1017 -7.498124E-03 -8.854274E-01 -5.617756E-12
      1018 -9.081035E-03 -8.057078E-01 -1.672407E-11
      1019 -8.528680E-03 -6.878879E-01 -4.559741E-12
      1020 -8.543448E-03 -5.291589E-01  6.630974E-12
      1021 -9.969581E-03 -3.341714E-01 -1.025147E-11
      1022 -8.013786E-03 -1.143707E-01  9.191620E-12

 total force (fx,fy,fz) for set NSET_IND_TOP and time  0.4492931E+00

       -7.657816E-02 -1.112514E+01  4.086582E-11

                                INCREMENT   280


 displacements (vx,vy,vz) for set NSET_IND_TOP and time  0.4512931E+00

        10  6.416098E-06 -2.174983E-01  0.000000E+00
        11  0.000000E+00 -2.174983E-01  0.000000E+00
      1004  6.295393E-06 -2.174983E-01  0.000000E+00
      1005  6.153819E-06 -2.174983E-01  0.000000E+00
      1006  5.929040E-06 -2.174983E-01  0.000000E+00
      1007  5.571243E-06 -2.174983E-01  0.000000E+00
      1008  5.047470E-06 -2.174983E-01  0.000000E+00
      1009  4.340458E-06 -2.174983E-01  0.000000E+00
      1010  3.451441E-06 -2.174983E-01  0.000000E+00
      1011  2.401936E-06 -2.174983E-01  0.000000E+00
      1012  1.233437E-06 -2.174983E-01  0.000000E+00
      1013  6.353666E-06 -2.174983E-01  0.000000E+00
      1014  6.230995E-06 -2.174983E-01  0.000000E+00
      1015  6.054843E-06 -2.174983E-01  0.000000E+00
      1016  5.768744E-06 -2.174983E-01  0.000000E+00
      1017  5.331228E-06 -2.174983E-01  0.000000E+00
      1018  4.716794E-06 -2.174983E-01  0.000000E+00
      1019  3.917488E-06 -2.174983E-01  0.000000E+00
      1020  2.944801E-06 -2.174983E-01  0.000000E+00
      1021  1.829721E-06 -2.174983E-01  0.000000E+00
      1022  6.213952E-07 -2.174983E-01  0.000000E+00

 forces (fx,fy,fz) for set NSET_IND_TOP and time  0.4512931E+00

        10  5.437511E-05 -2.240540E-01 -2.593585E-12
        11  8.245111E-06 -5.374398E-05  2.242566E-12
      1004  3.325103E-05 -4.015998E-01  1.521210E-12
      1005  9.222137E-06 -3.768702E-01 -4.602439E-12
      1006  2.445125E-05 -3.615851E-01  2.339003E-11
      1007  1.243251E-05 -3.458079E-01  4.322125E-12
      1008  2.287847E-05 -3.219685E-01  1.166032E-11
      1009  9.451080E-06 -2.850797E-01 -1.660593E-11
      1010 -1.306278E-06 -2.327108E-01  1.679211E-13
      1011  2.834335E-06 -1.654100E-01  6.356398E-12
      1012 -8.306545E-07 -8.599172E-02  2.602490E-11
      1013 -3.255714E-03 -8.451339E-01 -4.478473E-12
      1014 -4.959453E-03 -7.759644E-01 -1.548781E-11
      1015 -4.736323E-03 -7.376936E-01  1.885972E-11
      1016 -6.054096E-03 -7.076279E-01 -2.685241E-12
      1017 -5.660609E-03 -6.686927E-01  2.390310E-12
      1018 -6.855587E-03 -6.084532E-01 -5.385886E-12
      1019 -6.438567E-03 -5.194548E-01 -2.057882E-12
      1020 -6.449686E-03 -3.995779E-01  1.981493E-11
      1021 -7.526282E-03 -2.523334E-01 -2.584405E-11
      1022 -6.049790E-03 -8.636054E-02  1.247497E-11

 total force (fx,fy,fz) for set NSET_IND_TOP and time  0.4512931E+00

       -5.781110E-02 -8.402424E+00  4.948411E-11

                                INCREMENT   290


 displacements (vx,vy,vz) for set NSET_IND_TOP and time  0.4532931E+00

        10  4.411718E-06 -2.102263E-01  0.000000E+00
        11  0.000000E+00 -2.102263E-01  0.000000E+00
      1004  4.328712E-06 -2.102263E-01  0.000000E+00
      1005  4.231359E-06 -2.102263E-01  0.000000E+00
      1006  4.076795E-06 -2.102263E-01  0.000000E+00
      1007  3.830769E-06 -2.102263E-01  0.000000E+00
      1008  3.470620E-06 -2.102263E-01  0.000000E+00
      1009  2.984478E-06 -2.102263E-01  0.000000E+00
      1010  2.373191E-06 -2.102263E-01  0.000000E+00
      1011  1.651556E-06 -2.102263E-01  0.000000E+00
      1012  8.481034E-07 -2.102263E-01  0.000000E+00
      1013  4.368785E-06 -2.102263E-01  0.000000E+00
      1014  4.284429E-06 -2.102263E-01  0.000000E+00
      1015  4.163300E-06 -2.102263E-01  0.000000E+00
      1016  3.966573E-06 -2.102263E-01  0.000000E+00
      1017  3.665733E-06 -2.102263E-01  0.000000E+00
      1018  3.243247E-06 -2.102263E-01  0.000000E+00
      1019  2.693644E-06 -2.102263E-01  0.000000E+00
      1020  2.024828E-06 -2.102263E-01  0.000000E+00
      1021  1.258105E-06 -2.102263E-01  0.000000E+00
      1022  4.272673E-07 -2.102263E-01  0.000000E+00

 forces (fx,fy,fz) for set NSET_IND_TOP and time  0.4532931E+00

        10  3.738848E-05 -1.540697E-01  1.572409E-12
        11  5.669443E-06 -3.695299E-05 -7.110633E-12
      1004  2.286377E-05 -2.761568E-01 -1.444355E-12
      1005  6.341793E-06 -2.591493E-01  6.863032E-12
      1006  1.681330E-05 -2.486362E-01  8.531718E-12
      1007  8.549266E-06 -2.377852E-01  1.076243E-11
      1008  1.573175E-05 -2.213910E-01 -3.502906E-12
      1009  6.499157E-06 -1.960244E-01 -2.049684E-12
      1010 -8.977001E-07 -1.600141E-01 -2.893238E-11
      1011  1.949513E-06 -1.137371E-01 -7.807683E-12
      1012 -5.706646E-07 -5.912841E-02  9.627513E-12
      1013 -2.238584E-03 -5.811511E-01  3.473222E-12
      1014 -3.410057E-03 -5.335833E-01  1.543168E-12
      1015 -3.256640E-03 -5.072618E-01 -1.111139E-12
      1016 -4.162730E-03 -4.865829E-01 -2.114164E-11
      1017 -3.892174E-03 -4.598062E-01  9.462708E-12
      1018 -4.713829E-03 -4.183814E-01 -1.337735E-11
      1019 -4.427090E-03 -3.571828E-01 -4.124945E-11
      1020 -4.434735E-03 -2.747531E-01 -1.556349E-11
      1021 -5.174990E-03 -1.735061E-01 -1.632333E-12
      1022 -4.159770E-03 -5.938199E-02  1.261491E-13

 total force (fx,fy,fz) for set NSET_IND_TOP and time  0.4532931E+00

       -3.975026E-02 -5.777720E+00 -9.296070E-11

                                INCREMENT   300


 displacements (vx,vy,vz) for set NSET_IND_TOP and time  0.4552931E+00

        10  2.600212E-06 -2.029543E-01  0.000000E+00
        11  0.000000E+00 -2.029543E-01  0.000000E+00
      1004  2.551310E-06 -2.029543E-01  0.000000E+00
      1005  2.493951E-06 -2.029543E-01  0.000000E+00
      1006  2.402871E-06 -2.029543E-01  0.000000E+00
      1007  2.257881E-06 -2.029543E-01  0.000000E+00
      1008  2.045624E-06 -2.029543E-01  0.000000E+00
      1009  1.759100E-06 -2.029543E-01  0.000000E+00
      1010  1.398807E-06 -2.029543E-01  0.000000E+00
      1011  9.734662E-07 -2.029543E-01  0.000000E+00
      1012  4.998939E-07 -2.029543E-01  0.000000E+00
      1013  2.574918E-06 -2.029543E-01  0.000000E+00
      1014  2.525220E-06 -2.029543E-01  0.000000E+00
      1015  2.453847E-06 -2.029543E-01  0.000000E+00
      1016  2.337915E-06 -2.029543E-01  0.000000E+00
      1017  2.160617E-06 -2.029543E-01  0.000000E+00
      1018  1.911615E-06 -2.029543E-01  0.000000E+00
      1019  1.587683E-06 -2.029543E-01  0.000000E+00
      1020  1.193478E-06 -2.029543E-01  0.000000E+00
      1021  7.415582E-07 -2.029543E-01  0.000000E+00
      1022  2.518426E-07 -2.029543E-01  0.000000E+00

 forces (fx,fy,fz) for set NSET_IND_TOP and time  0.4552931E+00

        10  2.203658E-05 -9.078165E-02  6.327382E-12
        11  3.341930E-06 -2.178451E-05  4.955870E-12
      1004  1.347536E-05 -1.627210E-01 -1.001420E-11
      1005  3.736715E-06 -1.527047E-01  6.211606E-12
      1006  9.909012E-06 -1.465156E-01  5.878827E-12
      1007  5.038089E-06 -1.401267E-01 -1.084858E-11
      1008  9.272206E-06 -1.304701E-01  1.309621E-11
      1009  3.830165E-06 -1.155244E-01  1.018122E-11
      1010 -5.297333E-07 -9.430439E-02 -1.907972E-11
      1011  1.148511E-06 -6.703215E-02  6.555318E-12
      1012 -3.368864E-07 -3.484830E-02 -6.908261E-12
      1013 -1.319520E-03 -3.424306E-01  2.191955E-12
      1014 -2.010027E-03 -3.144104E-01 -2.130379E-12
      1015 -1.919590E-03 -2.989117E-01 -1.725921E-11
      1016 -2.453672E-03 -2.867376E-01 -1.506417E-11
      1017 -2.294198E-03 -2.709682E-01  1.016395E-11
      1018 -2.778521E-03 -2.465639E-01  1.065119E-11
      1019 -2.609515E-03 -2.105033E-01 -1.123351E-12
      1020 -2.614030E-03 -1.619271E-01  5.999104E-12
      1021 -3.050378E-03 -1.022581E-01  9.068316E-12
      1022 -2.451964E-03 -3.499779E-02  1.546083E-11

 total force (fx,fy,fz) for set NSET_IND_TOP and time  0.4552931E+00

       -2.343049E-02 -3.404759E+00  2.431390E-11

                                INCREMENT   310


 displacements (vx,vy,vz) for set NSET_IND_TOP and time  0.4572931E+00

        10  1.131304E-06 -1.956823E-01  0.000000E+00
        11  0.000000E+00 -1.956823E-01  0.000000E+00
      1004  1.110035E-06 -1.956823E-01  0.000000E+00
      1005  1.085086E-06 -1.956823E-01  0.000000E+00
      1006  1.045465E-06 -1.956823E-01  0.000000E+00
      1007  9.823882E-07 -1.956823E-01  0.000000E+00
      1008  8.900423E-07 -1.956823E-01  0.000000E+00
      1009  7.653818E-07 -1.956823E-01  0.000000E+00
      1010  6.086226E-07 -1.956823E-01  0.000000E+00
      1011  4.235582E-07 -1.956823E-01  0.000000E+00
      1012  2.175061E-07 -1.956823E-01  0.000000E+00
      1013  1.120303E-06 -1.956823E-01  0.000000E+00
      1014  1.098687E-06 -1.956823E-01  0.000000E+00
      1015  1.067641E-06 -1.956823E-01  0.000000E+00
      1016  1.017207E-06 -1.956823E-01  0.000000E+00
      1017  9.400722E-07 -1.956823E-01  0.000000E+00
      1018  8.317383E-07 -1.956823E-01  0.000000E+00
      1019  6.908009E-07 -1.956823E-01  0.000000E+00
      1020  5.192851E-07 -1.956823E-01  0.000000E+00
      1021  3.226549E-07 -1.956823E-01  0.000000E+00
      1022  1.095779E-07 -1.956823E-01  0.000000E+00

 forces (fx,fy,fz) for set NSET_IND_TOP and time  0.4572931E+00

        10  9.587839E-06 -3.948882E-02 -6.638075E-12
        11  1.454199E-06 -9.479750E-06  3.636521E-12
      1004  5.862826E-06 -7.078237E-02  9.682406E-12
      1005  1.625448E-06 -6.642702E-02 -6.898077E-13
      1006  4.311096E-06 -6.373667E-02 -8.580024E-12
      1007  2.191784E-06 -6.095922E-02 -1.140725E-12
      1008  4.034280E-06 -5.675983E-02  3.865843E-12
      1009  1.666380E-06 -5.025899E-02 -3.013456E-13
      1010 -2.306573E-07 -4.102797E-02 -2.055550E-13
      1011  4.995870E-07 -2.916333E-02 -2.621352E-11
      1012 -1.467141E-07 -1.516140E-02 -5.449445E-12
      1013 -5.741420E-04 -1.489535E-01  1.160357E-13
      1014 -8.745881E-04 -1.367676E-01 -1.133718E-12
      1015 -8.352363E-04 -1.300294E-01 -5.147854E-12
      1016 -1.067621E-03 -1.247374E-01 -4.115631E-13
      1017 -9.982334E-04 -1.178807E-01  8.097963E-12
      1018 -1.208971E-03 -1.072666E-01  3.335762E-12
      1019 -1.135438E-03 -9.158049E-02  9.272687E-12
      1020 -1.137406E-03 -7.044829E-02 -1.746676E-11
      1021 -1.327271E-03 -4.448905E-02 -2.616761E-12
      1022 -1.066893E-03 -1.522645E-02  5.814127E-12

 total force (fx,fy,fz) for set NSET_IND_TOP and time  0.4572931E+00

       -1.019494E-02 -1.481155E+00 -3.217381E-11

                                INCREMENT   320


 displacements (vx,vy,vz) for set NSET_IND_TOP and time  0.4592931E+00

        10  1.762292E-07 -1.884103E-01  0.000000E+00
        11  0.000000E+00 -1.884103E-01  0.000000E+00
      1004  1.729136E-07 -1.884103E-01  0.000000E+00
      1005  1.690249E-07 -1.884103E-01  0.000000E+00
      1006  1.628509E-07 -1.884103E-01  0.000000E+00
      1007  1.530234E-07 -1.884103E-01  0.000000E+00
      1008  1.386372E-07 -1.884103E-01  0.000000E+00
      1009  1.192181E-07 -1.884103E-01  0.000000E+00
      1010  9.479979E-08 -1.884103E-01  0.000000E+00
      1011  6.597338E-08 -1.884103E-01  0.000000E+00
      1012  3.387853E-08 -1.884103E-01  0.000000E+00
      1013  1.745142E-07 -1.884103E-01  0.000000E+00
      1014  1.711447E-07 -1.884103E-01  0.000000E+00
      1015  1.663063E-07 -1.884103E-01  0.000000E+00
      1016  1.584481E-07 -1.884103E-01  0.000000E+00
      1017  1.464311E-07 -1.884103E-01  0.000000E+00
      1018  1.295547E-07 -1.884103E-01  0.000000E+00
      1019  1.076005E-07 -1.884103E-01  0.000000E+00
      1020  8.088409E-08 -1.884103E-01  0.000000E+00
      1021  5.025653E-08 -1.884103E-01  0.000000E+00
      1022  1.706772E-08 -1.884103E-01  0.000000E+00

 forces (fx,fy,fz) for set NSET_IND_TOP and time  0.4592931E+00

        10  1.493530E-06 -6.154321E-03 -6.845129E-12
        11  2.265005E-07 -1.476176E-06 -3.734481E-12
      1004  9.133336E-07 -1.103106E-02  8.038473E-12
      1005  2.533477E-07 -1.035168E-02  6.074450E-12
      1006  6.716590E-07 -9.931733E-03  2.341002E-11
      1007  3.415447E-07 -9.498298E-03  1.746118E-11
      1008  6.284745E-07 -8.843453E-03 -7.022224E-12
      1009  2.596624E-07 -7.830207E-03 -1.861389E-11
      1010 -3.583348E-08 -6.391794E-03  7.169129E-12
      1011  7.792010E-08 -4.543261E-03 -1.088699E-11
      1012 -2.276583E-08 -2.361905E-03  2.228941E-11
      1013 -8.942237E-05 -2.321407E-02 -1.057394E-11
      1014 -1.362181E-04 -2.131392E-02 -3.983120E-12
      1015 -1.300899E-04 -2.026249E-02  1.123749E-11
      1016 -1.662849E-04 -1.943648E-02 -7.622635E-14
      1017 -1.554775E-04 -1.836692E-02 -1.344846E-11
      1018 -1.883000E-04 -1.671225E-02 -2.105804E-11
      1019 -1.768462E-04 -1.426771E-02  6.246969E-12
      1020 -1.771519E-04 -1.097507E-02 -9.104800E-13
      1021 -2.067228E-04 -6.930754E-03  6.111466E-12
      1022 -1.661684E-04 -2.372035E-03 -1.351968E-12

 total force (fx,fy,fz) for set NSET_IND_TOP and time  0.4592931E+00

       -1.587875E-03 -2.307909E-01  9.533651E-12

                                INCREMENT   330


 displacements (vx,vy,vz) for set NSET_IND_TOP and time  0.4612931E+00

        10 -2.547478E-17 -1.811383E-01  0.000000E+00
        11  0.000000E+00 -1.811383E-01  0.000000E+00
      1004 -1.718199E-17 -1.811383E-01  0.000000E+00
      1005 -1.555616E-17 -1.811383E-01  0.000000E+00
      1006  5.734684E-18 -1.811383E-01  0.000000E+00
      1007 -1.565174E-17 -1.811383E-01  0.000000E+00
      1008 -1.104468E-18 -1.811383E-01  0.000000E+00
      1009  3.515278E-18 -1.811383E-01  0.000000E+00
      1010  1.015021E-17 -1.811383E-01  0.000000E+00
      1011  6.184471E-18 -1.811383E-01  0.000000E+00
      1012 -8.714007E-18 -1.811383E-01  0.000000E+00
      1013 -2.162818E-17 -1.811383E-01  0.000000E+00
      1014 -1.716844E-17 -1.811383E-01  0.000000E+00
      1015 -9.776650E-18 -1.811383E-01  0.000000E+00
      1016 -2.918032E-18 -1.811383E-01  0.000000E+00
      1017 -1.178882E-17 -1.811383E-01  0.000000E+00
      1018 -3.390401E-18 -1.811383E-01  0.000000E+00
      1019  4.428070E-18 -1.811383E-01  0.000000E+00
      1020  8.744016E-18 -1.811383E-01  0.000000E+00
      1021 -6.635830E-18 -1.811383E-01  0.000000E+00
      1022 -5.393451E-18 -1.811383E-01  0.000000E+00

 forces (fx,fy,fz) for set NSET_IND_TOP and time  0.4612931E+00

        10 -5.345290E-12 -5.068665E-12  5.815404E-12
        11 -4.035743E-14  5.414213E-16  5.494833E-12
      1004  1.270904E-12  2.567303E-12  4.649441E-12
      1005  2.939594E-12  1.450747E-11  4.560498E-12
      1006 -7.839440E-13  1.103885E-11  3.518576E-12
      1007 -7.062645E-13  7.110038E-12  6.440990E-12
      1008 -9.586092E-13  5.139732E-12 -3.790445E-12
      1009  5.097457E-13  7.374586E-12  6.754636E-12
      1010  1.169861E-12  9.682738E-13  3.304624E-12
      1011  1.861755E-13  3.652116E-13 -1.508044E-11
      1012 -7.093932E-14 -1.086371E-12  1.155914E-12
      1013 -2.112161E-13 -1.805795E-11  2.006165E-11
      1014 -1.580281E-12 -1.339257E-11  9.130069E-12
      1015 -2.008419E-14 -4.487713E-12 -3.087883E-12
      1016  1.499660E-12 -7.124035E-13 -3.878101E-12
      1017  1.437733E-15 -8.389277E-12 -3.757298E-12
      1018  5.789586E-13 -2.331332E-12 -2.657927E-11
      1019 -1.372199E-12 -4.511613E-12 -2.600365E-12
      1020 -1.079766E-12  8.401379E-13 -6.524548E-12
      1021  8.076669E-14  6.224219E-13  1.101855E-11
      1022  1.711907E-13 -7.761679E-13  1.161127E-12

 total force (fx,fy,fz) for set NSET_IND_TOP and time  0.4612931E+00

       -3.760657E-12 -8.279495E-12  1.776796E-11

                                INCREMENT   340


 displacements (vx,vy,vz) for set NSET_IND_TOP and time  0.4632931E+00

        10 -1.939848E-17 -1.738663E-01  0.000000E+00
        11  0.000000E+00 -1.738663E-01  0.000000E+00
      1004 -1.385506E-17 -1.738663E-01  0.000000E+00
      1005 -1.509912E-17 -1.738663E-01  0.000000E+00
      1006  2.176205E-18 -1.738663E-01  0.000000E+00
      1007 -8.248023E-18 -1.738663E-01  0.000000E+00
      1008  4.853813E-18 -1.738663E-01  0.000000E+00
      1009 -1.112338E-18 -1.738663E-01  0.000000E+00
      1010  9.307433E-18 -1.738663E-01  0.000000E+00
      1011  3.820179E-18 -1.738663E-01  0.000000E+00
      1012 -2.203817E-18 -1.738663E-01  0.000000E+00
      1013 -1.778619E-17 -1.738663E-01  0.000000E+00
      1014 -1.466440E-17 -1.738663E-01  0.000000E+00
      1015 -1.241780E-17 -1.738663E-01  0.000000E+00
      1016 -1.751115E-18 -1.738663E-01  0.000000E+00
      1017 -4.161342E-18 -1.738663E-01  0.000000E+00
      1018  1.785359E-19 -1.738663E-01  0.000000E+00
      1019  5.414455E-18 -1.738663E-01  0.000000E+00
      1020  4.425934E-18 -1.738663E-01  0.000000E+00
      1021 -6.441493E-18 -1.738663E-01  0.000000E+00
      1022 -4.582461E-18 -1.738663E-01  0.000000E+00

 forces (fx,fy,fz) for set NSET_IND_TOP and time  0.4632931E+00

        10 -2.085966E-12  4.407607E-13 -2.886403E-12
        11  3.622010E-14 -1.170991E-14  3.695796E-13
      1004 -3.335656E-12  1.594588E-11  7.673550E-12
      1005 -7.782189E-13  3.507285E-12 -5.775445E-12
      1006  2.969559E-12  7.050273E-13 -9.691301E-13
      1007 -3.197388E-13  7.298767E-13  5.498335E-12
      1008  2.974559E-12 -1.857272E-12 -9.867643E-13
      1009 -1.838948E-13  3.733260E-12 -4.747123E-12
      1010  7.196599E-14  3.076426E-12  1.015109E-11
      1011  2.321790E-13  4.513595E-13 -9.456177E-12
      1012 -5.111871E-13 -1.197470E-12  4.706579E-12
      1013  3.711726E-12 -5.593883E-12  7.455026E-12
      1014 -1.429000E-12 -1.370318E-11  2.924943E-12
      1015 -5.077208E-13 -2.016075E-11 -2.802130E-11
      1016 -1.358565E-12  1.876316E-12 -3.336479E-12
      1017 -6.046010E-14 -1.015616E-11  3.051677E-12
      1018 -1.178885E-12  1.267473E-12  1.649119E-11
      1019  3.968190E-13 -3.603504E-12  9.000331E-12
      1020 -2.071278E-13 -1.266557E-12 -7.411282E-12
      1021 -2.669044E-13 -2.016289E-12 -1.223978E-11
      1022  3.906976E-13 -2.396315E-13  1.723352E-11

 total force (fx,fy,fz) for set NSET_IND_TOP and time  0.4632931E+00

       -1.439599E-12 -2.807274E-11  8.725936E-12

                                INCREMENT   350


 displacements (vx,vy,vz) for set NSET_IND_TOP and time  0.4652931E+00

        10 -1.599201E-17 -1.665943E-01  0.000000E+00
        11  0.000000E+00 -1.665943E-01  0.000000E+00
      1004 -1.415445E-17 -1.665943E-01  0.000000E+00
      1005 -6.073815E-18 -1.665943E-01  0.000000E+00
      1006 -3.066292E-18 -1.665943E-01  0.000000E+00
      1007 -1.433644E-17 -1.665943E-01  0.000000E+00
      1008 -1.974110E-18 -1.665943E-01  0.000000E+00
      1009  2.229316E-18 -1.665943E-01  0.000000E+00
      1010  2.067306E-18 -1.665943E-01  0.000000E+00
      1011 -1.666504E-18 -1.665943E-01  0.000000E+00
      1012 -4.614325E-18 -1.665943E-01  0.000000E+00
      1013 -1.347043E-17 -1.665943E-01  0.000000E+00
      1014 -1.026798E-17 -1.665943E-01  0.000000E+00
      1015 -8.380315E-18 -1.665943E-01  0.000000E+00
      1016 -6.242075E-18 -1.665943E-01  0.000000E+00
      1017 -8.867066E-18 -1.665943E-01  0.000000E+00
      1018 -4.082196E-18 -1.665943E-01  0.000000E+00
      1019  3.094090E-18 -1.665943E-01  0.000000E+00
      1020 -9.607966E-19 -1.665943E-01  0.000000E+00
      1021 -2.804722E-18 -1.665943E-01  0.000000E+00
      1022 -6.772702E-21 -1.665943E-01  0.000000E+00

 forces (fx,fy,fz) for set NSET_IND_TOP and time  0.4652931E+00

        10 -2.792878E-12 -8.131121E-13  8.615437E-13
        11 -3.367576E-14  2.500541E-13  3.589756E-12
      1004  4.556020E-12 -5.623121E-12  8.322739E-12
      1005  1.585079E-12  8.054672E-12 -6.663299E-12
      1006 -2.747760E-12  2.785896E-12  1.153823E-11
      1007 -1.149710E-12  3.022158E-12  1.060384E-11
      1008 -2.957131E-12  5.650946E-12 -2.653253E-12
      1009 -1.065315E-12  2.486035E-12  1.395165E-11
      1010  1.099308E-12  5.134155E-12  8.898455E-13
      1011 -1.505365E-12  1.030682E-12  3.957663E-12
      1012 -8.251967E-13 -2.670580E-13  8.322129E-12
      1013 -6.221590E-13 -1.281322E-11  1.507954E-11
      1014 -1.849711E-12 -2.240268E-12  1.321708E-12
      1015  1.170340E-12 -1.050171E-11 -3.004886E-12
      1016  1.207744E-12 -1.068740E-11 -4.395937E-12
      1017  2.536318E-12 -7.201289E-12 -2.833551E-12
      1018  1.706719E-12 -8.269230E-13 -3.022610E-12
      1019  2.895998E-13 -4.367561E-12  3.847935E-12
      1020 -3.489382E-13  2.064849E-12 -9.582095E-12
      1021  4.610996E-13 -8.744157E-13  3.266000E-13
      1022  2.985323E-13 -1.148022E-12  1.322375E-11

 total force (fx,fy,fz) for set NSET_IND_TOP and time  0.4652931E+00

       -9.870808E-13 -2.688465E-11  6.368129E-11

                                INCREMENT   360


 displacements (vx,vy,vz) for set NSET_IND_TOP and time  0.4672931E+00

        10 -1.844187E-17 -1.593223E-01  0.000000E+00
        11  0.000000E+00 -1.593223E-01  0.000000E+00
      1004 -1.360006E-17 -1.593223E-01  0.000000E+00
      1005 -1.347386E-17 -1.593223E-01  0.000000E+00
      1006  1.903579E-18 -1.593223E-01  0.000000E+00
      1007 -1.205591E-17 -1.593223E-01  0.000000E+00
      1008  3.720229E-18 -1.593223E-01  0.000000E+00
      1009 -4.372049E-18 -1.593223E-01  0.000000E+00
      1010  6.533415E-18 -1.593223E-01  0.000000E+00
      1011 -6.848405E-18 -1.593223E-01  0.000000E+00
      1012  4.872645E-18 -1.593223E-01  0.000000E+00
      1013 -1.583640E-17 -1.593223E-01  0.000000E+00
      1014 -1.040792E-17 -1.593223E-01  0.000000E+00
      1015 -9.254117E-18 -1.593223E-01  0.000000E+00
      1016 -4.139185E-18 -1.593223E-01  0.000000E+00
      1017 -7.787174E-18 -1.593223E-01  0.000000E+00
      1018 -1.356455E-18 -1.593223E-01  0.000000E+00
      1019  9.302638E-19 -1.593223E-01  0.000000E+00
      1020  1.406259E-19 -1.593223E-01  0.000000E+00
      1021 -6.419359E-18 -1.593223E-01  0.000000E+00
      1022  3.018842E-18 -1.593223E-01  0.000000E+00

 forces (fx,fy,fz) for set NSET_IND_TOP and time  0.4672931E+00

        10 -1.017875E-12 -1.011099E-11 -1.168219E-11
        11  1.110257E-13 -1.211103E-13 -6.872644E-12
      1004  1.411376E-12  9.829512E-13 -9.956478E-13
      1005 -2.592017E-12 -1.347716E-12  1.348908E-11
      1006  2.211917E-12  9.187496E-12  2.337465E-11
      1007 -1.783361E-12  1.429020E-11  4.276352E-12
      1008 -3.952955E-13 -2.075834E-12 -1.137284E-11
      1009 -3.759966E-13 -2.011592E-12 -6.439614E-12
      1010 -3.507999E-13 -1.824742E-13  4.219719E-12
      1011  5.226869E-13  2.791826E-13 -6.335652E-12
      1012  3.027665E-13 -3.083374E-13  6.851166E-12
      1013 -3.420939E-14 -2.060352E-11 -4.274423E-12
      1014 -1.158684E-12 -1.479806E-11 -5.984795E-12
      1015  2.427884E-12 -1.139125E-11  2.850376E-12
      1016 -2.130153E-13  5.517872E-12 -4.086964E-12
      1017  3.704355E-13 -1.071793E-11 -8.634834E-14
      1018  4.005180E-13 -7.258409E-13 -9.012029E-12
      1019  2.377055E-13 -6.331876E-12 -6.340876E-12
      1020 -2.038160E-13 -1.416136E-12  8.796160E-13
      1021 -2.975836E-13 -8.838150E-13  2.014264E-11
      1022  1.228216E-13  9.272214E-13 -1.298020E-11

 total force (fx,fy,fz) for set NSET_IND_TOP and time  0.4672931E+00

       -3.035168E-13 -5.184155E-11 -1.038062E-11

                                INCREMENT   370


 displacements (vx,vy,vz) for set NSET_IND_TOP and time  0.4692931E+00

        10 -1.565649E-17 -1.520503E-01  0.000000E+00
        11  0.000000E+00 -1.520503E-01  0.000000E+00
      1004 -1.264931E-17 -1.520503E-01  0.000000E+00
      1005 -1.522578E-17 -1.520503E-01  0.000000E+00
      1006  3.490661E-18 -1.520503E-01  0.000000E+00
      1007 -1.455312E-17 -1.520503E-01  0.000000E+00
      1008 -3.672587E-18 -1.520503E-01  0.000000E+00
      1009 -9.563130E-19 -1.520503E-01  0.000000E+00
      1010  1.846487E-18 -1.520503E-01  0.000000E+00
      1011 -4.675486E-19 -1.520503E-01  0.000000E+00
      1012  5.662698E-18 -1.520503E-01  0.000000E+00
      1013 -1.313611E-17 -1.520503E-01  0.000000E+00
      1014 -1.240267E-17 -1.520503E-01  0.000000E+00
      1015 -1.223151E-17 -1.520503E-01  0.000000E+00
      1016 -7.563119E-18 -1.520503E-01  0.000000E+00
      1017 -9.795905E-18 -1.520503E-01  0.000000E+00
      1018 -4.654687E-18 -1.520503E-01  0.000000E+00
      1019  2.809299E-18 -1.520503E-01  0.000000E+00
      1020 -1.686181E-18 -1.520503E-01  0.000000E+00
      1021 -2.173029E-18 -1.520503E-01  0.000000E+00
      1022 -6.867094E-18 -1.520503E-01  0.000000E+00

 forces (fx,fy,fz) for set NSET_IND_TOP and time  0.4692931E+00

        10 -1.620622E-12  1.179378E-12 -2.406230E-12
        11  1.112683E-13 -2.744417E-13 -1.564588E-12
      1004  1.468036E-12 -5.663261E-12  2.792756E-12
      1005 -4.703686E-13 -2.239951E-12 -2.794096E-12
      1006  3.299589E-13  1.522130E-11  1.027070E-11
      1007 -1.666692E-13  4.856730E-12  6.592821E-12
      1008  1.705911E-13 -5.103530E-13 -7.947395E-12
      1009 -2.162367E-12  4.145665E-12  1.536186E-12
      1010 -1.016614E-12  1.903559E-12 -3.546958E-12
      1011 -1.295957E-12  2.038614E-12 -5.628838E-12
      1012 -2.187379E-13 -6.709833E-13  1.164354E-11
      1013 -1.686331E-12 -7.875213E-12 -2.564571E-12
      1014 -7.830293E-15 -1.397458E-11  7.479812E-12
      1015  3.155201E-12 -6.282172E-12 -1.049151E-12
      1016  6.344284E-13 -8.731913E-13  1.354740E-11
      1017 -7.392192E-13 -1.291740E-11  2.297069E-12
      1018  1.042383E-12 -1.776085E-12  4.460941E-12
      1019  1.351749E-12 -1.275877E-12 -9.077373E-12
      1020  9.247049E-13 -2.022057E-13  4.181288E-12
      1021 -1.919858E-13 -2.100539E-12  1.139816E-11
      1022 -1.404579E-13  2.242189E-13  9.860112E-12

 total force (fx,fy,fz) for set NSET_IND_TOP and time  0.4692931E+00

       -5.288380E-13 -2.706679E-11  4.948158E-11

                                INCREMENT   380


 displacements (vx,vy,vz) for set NSET_IND_TOP and time  0.4712931E+00

        10 -2.139113E-17 -1.447783E-01  0.000000E+00
        11  0.000000E+00 -1.447783E-01  0.000000E+00
      1004 -1.592623E-17 -1.447783E-01  0.000000E+00
      1005 -7.266305E-18 -1.447783E-01  0.000000E+00
      1006  9.817572E-18 -1.447783E-01  0.000000E+00
      1007 -1.284678E-18 -1.447783E-01  0.000000E+00
      1008  1.408486E-17 -1.447783E-01  0.000000E+00
      1009  8.536830E-18 -1.447783E-01  0.000000E+00
      1010  8.730200E-18 -1.447783E-01  0.000000E+00
      1011 -7.589004E-19 -1.447783E-01  0.000000E+00
      1012  1.222256E-18 -1.447783E-01  0.000000E+00
      1013 -1.707881E-17 -1.447783E-01  0.000000E+00
      1014 -1.424270E-17 -1.447783E-01  0.000000E+00
      1015 -9.136534E-19 -1.447783E-01  0.000000E+00
      1016  5.847583E-18 -1.447783E-01  0.000000E+00
      1017  6.120790E-18 -1.447783E-01  0.000000E+00
      1018  1.033114E-17 -1.447783E-01  0.000000E+00
      1019  1.002492E-17 -1.447783E-01  0.000000E+00
      1020 -2.526753E-18 -1.447783E-01  0.000000E+00
      1021 -9.308403E-19 -1.447783E-01  0.000000E+00
      1022 -4.299040E-18 -1.447783E-01  0.000000E+00

 forces (fx,fy,fz) for set NSET_IND_TOP and time  0.4712931E+00

        10 -3.599571E-12 -5.183519E-12 -1.110230E-12
        11  8.020154E-14 -3.694736E-14  7.567836E-12
      1004  1.797758E-12 -8.292530E-13 -1.009325E-11
      1005 -4.836651E-13  1.007666E-12 -1.382517E-13
      1006  2.376798E-12 -7.091324E-13  1.492601E-12
      1007  4.039240E-13  7.864471E-12  1.039487E-11
      1008 -2.618001E-13 -2.045433E-12 -1.793069E-11
      1009  6.136460E-13 -8.102424E-14 -9.229708E-12
      1010 -4.288461E-13  1.868731E-12 -1.176008E-11
      1011  6.787290E-14 -2.697519E-13  7.533904E-13
      1012  5.029289E-13  9.165822E-13  1.049510E-11
      1013 -1.027443E-12 -1.575810E-11  3.253739E-12
      1014 -1.747130E-12 -1.019434E-11 -9.148545E-12
      1015  1.099450E-12 -1.269272E-11 -5.665853E-13
      1016 -1.910923E-12 -5.497605E-12 -1.827111E-11
      1017 -3.859792E-13 -1.344668E-11 -1.564109E-12
      1018  1.064393E-14 -3.930890E-12 -2.258919E-12
      1019 -3.071206E-13 -1.904402E-12 -4.153094E-12
      1020 -5.717473E-13 -2.535465E-12  1.086459E-11
      1021  1.127289E-13 -1.624222E-12  2.147407E-13
      1022 -1.238493E-13  4.780554E-13  6.287839E-12

 total force (fx,fy,fz) for set NSET_IND_TOP and time  0.4712931E+00

       -3.782124E-12 -6.460397E-11 -3.489987E-11

                                INCREMENT   390


 displacements (vx,vy,vz) for set NSET_IND_TOP and time  0.4732931E+00

        10 -2.757319E-18 -1.375063E-01  0.000000E+00
        11  0.000000E+00 -1.375063E-01  0.000000E+00
      1004  3.868328E-19 -1.375063E-01  0.000000E+00
      1005 -3.920491E-18 -1.375063E-01  0.000000E+00
      1006  1.222271E-17 -1.375063E-01  0.000000E+00
      1007 -3.071921E-18 -1.375063E-01  0.000000E+00
      1008  6.017385E-18 -1.375063E-01  0.000000E+00
      1009  1.544522E-17 -1.375063E-01  0.000000E+00
      1010  1.516102E-17 -1.375063E-01  0.000000E+00
      1011  1.537057E-18 -1.375063E-01  0.000000E+00
      1012  2.815424E-18 -1.375063E-01  0.000000E+00
      1013 -5.440708E-19 -1.375063E-01  0.000000E+00
      1014 -2.751996E-18 -1.375063E-01  0.000000E+00
      1015 -1.922959E-19 -1.375063E-01  0.000000E+00
      1016  3.296102E-18 -1.375063E-01  0.000000E+00
      1017  1.429486E-18 -1.375063E-01  0.000000E+00
      1018  7.903483E-18 -1.375063E-01  0.000000E+00
      1019  1.711301E-17 -1.375063E-01  0.000000E+00
      1020  5.816262E-18 -1.375063E-01  0.000000E+00
      1021 -3.267407E-18 -1.375063E-01  0.000000E+00
      1022  1.352358E-19 -1.375063E-01  0.000000E+00

 forces (fx,fy,fz) for set NSET_IND_TOP and time  0.4732931E+00

        10 -2.499935E-12 -2.852899E-12 -9.498810E-12
        11  5.094608E-14  5.475400E-14 -1.782152E-12
      1004 -2.025281E-12  6.312004E-12  1.174724E-11
      1005  2.583566E-12  6.921349E-12 -3.587497E-12
      1006 -5.091558E-12  1.022921E-11  2.188822E-12
      1007  1.516784E-12  2.489553E-12 -9.003150E-12
      1008 -1.070480E-13 -2.640514E-12 -6.021218E-12
      1009  6.162366E-13 -8.404918E-13 -4.133867E-12
      1010 -5.178203E-13  2.759217E-12 -9.834776E-12
      1011  1.167937E-15  9.544254E-13  2.602596E-12
      1012 -2.349571E-14  9.598389E-13  4.153484E-12
      1013  5.333980E-12 -3.402805E-12  3.640342E-12
      1014 -3.111879E-13 -8.807246E-12 -5.825865E-12
      1015 -3.132920E-13 -2.578478E-12 -8.451103E-12
      1016 -5.679152E-13 -7.703640E-12 -9.444616E-12
      1017 -1.261239E-12 -8.667836E-12 -8.475686E-12
      1018 -1.412905E-14 -3.904952E-12  2.047003E-12
      1019  4.820320E-13 -7.239876E-13 -1.011130E-11
      1020 -9.610094E-14  5.516411E-13 -1.418284E-11
      1021  3.210355E-13  6.579996E-14  3.364451E-12
      1022 -3.683370E-14  2.980099E-13  7.059075E-12

 total force (fx,fy,fz) for set NSET_IND_TOP and time  0.4732931E+00

       -1.960086E-12 -1.052705E-11 -6.354987E-11

                                INCREMENT   400


 displacements (vx,vy,vz) for set NSET_IND_TOP and time  0.4752931E+00

        10 -7.868863E-18 -1.302343E-01  0.000000E+00
        11  0.000000E+00 -1.302343E-01  0.000000E+00
      1004 -1.283671E-17 -1.302343E-01  0.000000E+00
      1005 -1.163974E-17 -1.302343E-01  0.000000E+00
      1006 -7.013495E-19 -1.302343E-01  0.000000E+00
      1007 -8.601447E-18 -1.302343E-01  0.000000E+00
      1008  4.311581E-18 -1.302343E-01  0.000000E+00
      1009  7.941849E-18 -1.302343E-01  0.000000E+00
      1010  9.057002E-18 -1.302343E-01  0.000000E+00
      1011  6.510587E-19 -1.302343E-01  0.000000E+00
      1012 -2.759938E-18 -1.302343E-01  0.000000E+00
      1013 -8.588754E-18 -1.302343E-01  0.000000E+00
      1014 -1.505661E-17 -1.302343E-01  0.000000E+00
      1015 -8.611236E-18 -1.302343E-01  0.000000E+00
      1016 -3.991210E-18 -1.302343E-01  0.000000E+00
      1017 -4.340285E-18 -1.302343E-01  0.000000E+00
      1018  5.190413E-18 -1.302343E-01  0.000000E+00
      1019  6.337935E-18 -1.302343E-01  0.000000E+00
      1020  8.113149E-18 -1.302343E-01  0.000000E+00
      1021 -3.390988E-18 -1.302343E-01  0.000000E+00
      1022 -6.132373E-18 -1.302343E-01  0.000000E+00

 forces (fx,fy,fz) for set NSET_IND_TOP and time  0.4752931E+00

        10  2.337508E-12 -7.218365E-12 -1.163850E-11
        11 -6.380123E-16 -5.290552E-14 -7.268644E-13
      1004 -3.256316E-13  2.710984E-12  2.446528E-12
      1005 -2.818899E-12  7.318077E-12  4.862797E-12
      1006  1.848798E-12  8.596853E-12 -9.531077E-12
      1007 -1.523304E-12  8.278070E-12  1.125057E-11
      1008 -3.122507E-13 -3.652294E-12  2.938195E-12
      1009  1.111319E-12  1.766153E-12 -9.295797E-13
      1010 -5.041896E-13 -6.352056E-13 -2.749006E-12
      1011  1.692559E-13  1.542433E-12 -1.010087E-11
      1012 -2.116155E-13 -9.966167E-14  2.003196E-11
      1013 -1.269238E-12 -3.576028E-12 -1.576359E-11
      1014  2.614992E-12 -4.342634E-12  9.033343E-12
      1015  4.632041E-13 -1.185147E-11 -1.752424E-11
      1016  7.852666E-13  3.955205E-12 -7.246600E-12
      1017 -8.689550E-13 -8.344792E-12  9.880988E-12
      1018  2.900109E-13 -1.425594E-12  8.864211E-12
      1019 -4.814596E-13 -6.319143E-13  1.786805E-12
      1020  4.836268E-13 -5.988533E-13 -7.323359E-12
      1021 -3.445151E-13 -1.453434E-12 -2.709237E-12
      1022  1.025140E-13 -3.293160E-13  5.514741E-12

 total force (fx,fy,fz) for set NSET_IND_TOP and time  0.4752931E+00

        1.545800E-12 -1.004469E-11 -9.632782E-12

                                INCREMENT   410


 displacements (vx,vy,vz) for set NSET_IND_TOP and time  0.4772931E+00

        10 -1.788150E-17 -1.229623E-01  0.000000E+00
        11  0.000000E+00 -1.229623E-01  0.000000E+00
      1004 -1.597010E-17 -1.229623E-01  0.000000E+00
      1005 -9.926785E-18 -1.229623E-01  0.000000E+00
      1006  1.877076E-18 -1.229623E-01  0.000000E+00
      1007  1.565745E-18 -1.229623E-01  0.000000E+00
      1008  6.381704E-18 -1.229623E-01  0.000000E+00
      1009  4.989617E-18 -1.229623E-01  0.000000E+00
      1010  8.495451E-18 -1.229623E-01  0.000000E+00
      1011  8.874568E-18 -1.229623E-01  0.000000E+00
      1012 -4.107560E-18 -1.229623E-01  0.000000E+00
      1013 -1.850087E-17 -1.229623E-01  0.000000E+00
      1014 -1.238048E-17 -1.229623E-01  0.000000E+00
      1015 -6.782509E-18 -1.229623E-01  0.000000E+00
      1016  4.512127E-18 -1.229623E-01  0.000000E+00
      1017  1.098519E-18 -1.229623E-01  0.000000E+00
      1018  2.792019E-18 -1.229623E-01  0.000000E+00
      1019  8.553071E-18 -1.229623E-01  0.000000E+00
      1020  7.178247E-18 -1.229623E-01  0.000000E+00
      1021  7.054147E-19 -1.229623E-01  0.000000E+00
      1022 -5.651438E-18 -1.229623E-01  0.000000E+00

 forces (fx,fy,fz) for set NSET_IND_TOP and time  0.4772931E+00

        10  1.432753E-12 -3.047925E-12 -6.738946E-12
        11  3.609971E-14 -3.174198E-14 -4.360017E-12
      1004  7.606255E-13  6.328695E-12  9.940916E-12
      1005  2.415503E-13  1.206128E-11 -7.563908E-12
      1006  3.882725E-13 -2.133874E-13  1.716518E-12
      1007  1.744068E-12  7.123335E-12 -3.268779E-12
      1008 -1.131605E-12  3.722386E-12 -8.314539E-13
      1009 -2.155275E-13  3.307446E-12 -5.921084E-12
      1010  1.012377E-12  1.594128E-12 -8.308835E-13
      1011  8.113248E-14  4.569668E-13 -6.248438E-12
      1012 -2.681389E-14 -3.338470E-13  3.258916E-12
      1013  9.944082E-13 -2.388336E-12  5.690940E-12
      1014  1.569215E-13 -8.301971E-12  6.755589E-12
      1015 -1.498601E-12 -7.113263E-12  3.379417E-12
      1016  1.740667E-13 -7.660083E-12 -5.834610E-12
      1017  2.493734E-13 -5.660346E-12  1.965936E-12
      1018  1.037051E-12 -4.500273E-12  1.351235E-12
      1019 -3.126140E-13 -3.021049E-13  5.937551E-14
      1020  5.761030E-13 -3.666994E-12 -3.861714E-12
      1021 -1.692743E-13 -1.079499E-12 -1.024610E-11
      1022  2.200787E-14 -1.239969E-13 -1.585836E-12

 total force (fx,fy,fz) for set NSET_IND_TOP and time  0.4772931E+00

        5.552374E-12 -9.829529E-12 -2.317293E-11

                                INCREMENT   420


 displacements (vx,vy,vz) for set NSET_IND_TOP and time  0.4792931E+00

        10 -6.771984E-18 -1.156903E-01  0.000000E+00
        11  0.000000E+00 -1.156903E-01  0.000000E+00
      1004 -7.205083E-18 -1.156903E-01  0.000000E+00
      1005  1.849454E-18 -1.156903E-01  0.000000E+00
      1006  5.952172E-18 -1.156903E-01  0.000000E+00
      1007  2.760819E-18 -1.156903E-01  0.000000E+00
      1008  8.390405E-18 -1.156903E-01  0.000000E+00
      1009  5.307808E-18 -1.156903E-01  0.000000E+00
      1010  8.017784E-18 -1.156903E-01  0.000000E+00
      1011  7.203662E-18 -1.156903E-01  0.000000E+00
      1012  1.656679E-18 -1.156903E-01  0.000000E+00
      1013 -7.206900E-18 -1.156903E-01  0.000000E+00
      1014 -2.867817E-18 -1.156903E-01  0.000000E+00
      1015  1.115028E-18 -1.156903E-01  0.000000E+00
      1016  6.345094E-18 -1.156903E-01  0.000000E+00
      1017  3.170117E-18 -1.156903E-01  0.000000E+00
      1018  3.537507E-18 -1.156903E-01  0.000000E+00
      1019  7.464868E-18 -1.156903E-01  0.000000E+00
      1020  6.182568E-18 -1.156903E-01  0.000000E+00
      1021 -1.444721E-18 -1.156903E-01  0.000000E+00
      1022  1.633894E-18 -1.156903E-01  0.000000E+00

 forces (fx,fy,fz) for set NSET_IND_TOP and time  0.4792931E+00

        10  1.247506E-12 -4.991638E-13 -1.887350E-12
        11 -5.106100E-14  8.753891E-14 -6.840983E-13
      1004 -2.347269E-13  4.358521E-12 -3.656939E-12
      1005 -5.122724E-14  9.108512E-12 -1.048526E-11
      1006  4.874880E-13  4.566305E-12  1.147082E-11
      1007  4.693367E-13  9.442505E-12  5.953476E-12
      1008 -1.338467E-13 -4.257654E-13  2.004031E-12
      1009 -2.160287E-13  1.661502E-12  4.804048E-13
      1010  6.432034E-13  1.405347E-12 -1.604859E-12
      1011  5.057579E-13  5.524455E-13  3.024649E-12
      1012 -3.609994E-13  6.110301E-13 -4.373434E-12
      1013 -1.195242E-12  2.565253E-12  2.055190E-12
      1014 -1.374873E-12 -4.520566E-12  3.228461E-12
      1015 -4.787152E-13 -4.894237E-12  1.541859E-11
      1016  6.557630E-13 -4.501733E-12  1.089865E-11
      1017 -8.721827E-13 -8.634128E-12  8.939478E-12
      1018  1.315594E-12 -4.102598E-12  7.432451E-12
      1019  5.335737E-14 -3.163845E-12 -8.402005E-12
      1020 -3.976941E-13 -2.751430E-13  4.225753E-12
      1021  3.256055E-13 -1.144638E-12 -2.869773E-12
      1022  9.550235E-14 -4.462334E-13 -6.686868E-12

 total force (fx,fy,fz) for set NSET_IND_TOP and time  0.4792931E+00

        4.325176E-13  1.750909E-12  3.448136E-11

                                INCREMENT   430


 displacements (vx,vy,vz) for set NSET_IND_TOP and time  0.4812931E+00

        10 -1.227842E-17 -1.084183E-01  0.000000E+00
        11  0.000000E+00 -1.084183E-01  0.000000E+00
      1004 -7.240311E-18 -1.084183E-01  0.000000E+00
      1005 -6.506641E-18 -1.084183E-01  0.000000E+00
      1006 -4.872534E-18 -1.084183E-01  0.000000E+00
      1007 -5.111978E-18 -1.084183E-01  0.000000E+00
      1008  7.366543E-18 -1.084183E-01  0.000000E+00
      1009 -1.993511E-18 -1.084183E-01  0.000000E+00
      1010  9.882423E-19 -1.084183E-01  0.000000E+00
      1011  2.813194E-19 -1.084183E-01  0.000000E+00
      1012  5.711840E-18 -1.084183E-01  0.000000E+00
      1013 -8.913668E-18 -1.084183E-01  0.000000E+00
      1014 -6.989671E-18 -1.084183E-01  0.000000E+00
      1015 -6.367406E-18 -1.084183E-01  0.000000E+00
      1016 -5.122019E-18 -1.084183E-01  0.000000E+00
      1017  1.320530E-18 -1.084183E-01  0.000000E+00
      1018  2.270751E-19 -1.084183E-01  0.000000E+00
      1019  1.106901E-19 -1.084183E-01  0.000000E+00
      1020 -5.801207E-19 -1.084183E-01  0.000000E+00
      1021  1.847730E-18 -1.084183E-01  0.000000E+00
      1022 -1.536969E-18 -1.084183E-01  0.000000E+00

 forces (fx,fy,fz) for set NSET_IND_TOP and time  0.4812931E+00

        10  8.536061E-13  2.009198E-12 -8.562777E-12
        11  4.672150E-14 -3.110584E-14  1.890616E-12
      1004  8.571040E-13  6.280257E-12  4.418080E-12
      1005  9.732536E-13  1.077607E-11 -1.128727E-12
      1006 -2.085434E-12  2.400474E-12 -7.904600E-14
      1007 -1.477493E-13  5.395675E-12 -3.692103E-12
      1008 -7.326953E-13  1.352477E-12 -1.519457E-12
      1009 -7.308718E-13  2.273959E-12 -1.955942E-12
      1010 -9.319095E-13  3.627986E-12  6.064820E-12
      1011 -7.481292E-13  1.147149E-12 -1.891418E-12
      1012 -1.923590E-13  1.951096E-13  2.677289E-12
      1013 -8.205357E-13 -3.497028E-12  4.069826E-12
      1014 -1.290720E-13 -4.282110E-12  5.163733E-12
      1015  8.516950E-14  7.242418E-13  1.583869E-12
      1016  1.154254E-12  4.308353E-13 -2.777064E-14
      1017  2.454023E-13 -4.183428E-12 -9.286577E-12
      1018  1.207251E-12 -9.458052E-14  3.117196E-12
      1019  3.520742E-13 -2.322027E-12  2.096007E-12
      1020 -4.953073E-13 -2.314950E-13 -8.441507E-12
      1021 -1.004528E-13 -9.512447E-13  7.129767E-12
      1022  5.584675E-15  2.016536E-13  1.194886E-11

 total force (fx,fy,fz) for set NSET_IND_TOP and time  0.4812931E+00

       -1.334095E-12  2.122207E-11  1.357474E-11

                                INCREMENT   440


 displacements (vx,vy,vz) for set NSET_IND_TOP and time  0.4832931E+00

        10 -2.216187E-18 -1.011463E-01  0.000000E+00
        11  0.000000E+00 -1.011463E-01  0.000000E+00
      1004 -5.551769E-19 -1.011463E-01  0.000000E+00
      1005 -2.881626E-18 -1.011463E-01  0.000000E+00
      1006  7.063146E-18 -1.011463E-01  0.000000E+00
      1007  2.220208E-18 -1.011463E-01  0.000000E+00
      1008  5.129700E-19 -1.011463E-01  0.000000E+00
      1009  3.689542E-18 -1.011463E-01  0.000000E+00
      1010  6.147418E-18 -1.011463E-01  0.000000E+00
      1011  2.560719E-18 -1.011463E-01  0.000000E+00
      1012  4.244695E-18 -1.011463E-01  0.000000E+00
      1013 -1.979525E-19 -1.011463E-01  0.000000E+00
      1014 -2.029256E-18 -1.011463E-01  0.000000E+00
      1015  2.041578E-18 -1.011463E-01  0.000000E+00
      1016  4.701402E-18 -1.011463E-01  0.000000E+00
      1017  9.214717E-19 -1.011463E-01  0.000000E+00
      1018 -6.307869E-19 -1.011463E-01  0.000000E+00
      1019  6.585072E-18 -1.011463E-01  0.000000E+00
      1020  4.796781E-19 -1.011463E-01  0.000000E+00
      1021  2.513159E-18 -1.011463E-01  0.000000E+00
      1022  1.179025E-18 -1.011463E-01  0.000000E+00

 forces (fx,fy,fz) for set NSET_IND_TOP and time  0.4832931E+00

        10  7.195314E-13  2.779885E-12 -4.446573E-12
        11  5.694105E-14  1.148871E-13 -1.979666E-12
      1004 -1.030912E-12  6.986664E-12  2.459175E-12
      1005  1.754921E-12  6.201122E-12 -7.138970E-12
      1006 -1.508989E-12  5.487881E-12  1.304095E-11
      1007  6.777244E-13  3.511750E-12  6.635960E-12
      1008 -2.369350E-13 -2.005190E-12 -5.510130E-12
      1009 -1.180709E-12  1.945347E-12 -5.497457E-12
      1010 -3.174195E-13  1.098834E-12 -2.930252E-12
      1011 -3.085901E-13  7.949127E-13 -5.138219E-12
      1012  3.321568E-13  4.275261E-13 -1.613167E-12
      1013  1.177033E-13  6.471421E-12  2.709315E-12
      1014 -5.890463E-13 -5.827607E-12  1.358326E-11
      1015 -1.361470E-13 -5.734437E-12  8.379178E-13
      1016 -9.754756E-13 -4.324239E-12  5.268534E-12
      1017 -2.798509E-13 -5.262953E-12  6.161650E-12
      1018  1.076031E-12 -1.052759E-12  9.074150E-12
      1019  5.041131E-13 -1.956212E-12 -6.599907E-12
      1020  7.100515E-13  1.006233E-12  3.663242E-12
      1021 -1.869308E-13 -1.032803E-12 -1.297836E-12
      1022  2.660893E-14 -3.351152E-13  3.002760E-12

 total force (fx,fy,fz) for set NSET_IND_TOP and time  0.4832931E+00

       -7.752231E-13  9.295147E-12  2.428474E-11

                                INCREMENT   450


 displacements (vx,vy,vz) for set NSET_IND_TOP and time  0.4852931E+00

        10 -1.337923E-17 -9.387432E-02  0.000000E+00
        11  0.000000E+00 -9.387432E-02  0.000000E+00
      1004 -1.243851E-17 -9.387432E-02  0.000000E+00
      1005 -9.730780E-18 -9.387432E-02  0.000000E+00
      1006 -6.482319E-18 -9.387432E-02  0.000000E+00
      1007 -1.070552E-17 -9.387432E-02  0.000000E+00
      1008 -1.999130E-18 -9.387432E-02  0.000000E+00
      1009  2.676759E-20 -9.387432E-02  0.000000E+00
      1010  4.068524E-18 -9.387432E-02  0.000000E+00
      1011 -1.099423E-18 -9.387432E-02  0.000000E+00
      1012  3.627894E-18 -9.387432E-02  0.000000E+00
      1013 -1.251705E-17 -9.387432E-02  0.000000E+00
      1014 -1.043622E-17 -9.387432E-02  0.000000E+00
      1015 -1.033476E-17 -9.387432E-02  0.000000E+00
      1016 -8.200078E-18 -9.387432E-02  0.000000E+00
      1017 -7.944212E-18 -9.387432E-02  0.000000E+00
      1018 -3.162054E-18 -9.387432E-02  0.000000E+00
      1019  4.376268E-18 -9.387432E-02  0.000000E+00
      1020  4.549173E-20 -9.387432E-02  0.000000E+00
      1021 -2.059450E-18 -9.387432E-02  0.000000E+00
      1022  5.031251E-18 -9.387432E-02  0.000000E+00

 forces (fx,fy,fz) for set NSET_IND_TOP and time  0.4852931E+00

        10  8.364259E-13 -1.900260E-12 -3.282009E-12
        11 -9.039307E-15  1.129062E-14 -9.304919E-13
      1004  3.986331E-13  1.204559E-11 -2.784690E-12
      1005 -2.170762E-12  6.192476E-12  3.561400E-12
      1006  8.725361E-13  3.706570E-12 -9.829670E-13
      1007 -5.210884E-13  9.137212E-12  4.759808E-12
      1008  3.553044E-13  5.832473E-13  1.254529E-12
      1009  9.381793E-13 -1.604219E-12 -1.839519E-12
      1010 -2.366468E-13  2.824764E-13  1.041757E-12
      1011  1.410525E-13 -2.567332E-13 -7.604838E-12
      1012 -3.569622E-13  6.846582E-14  5.659735E-12
      1013  1.724392E-12  5.481371E-13 -5.887169E-12
      1014  1.235090E-12  1.871598E-13 -1.341140E-12
      1015  2.413110E-13 -9.297196E-12  5.671753E-13
      1016 -2.343717E-13 -3.757069E-13  9.215642E-13
      1017 -6.891014E-13 -6.255758E-12 -5.543357E-13
      1018 -1.000799E-12  9.912702E-13  1.615307E-12
      1019  2.222008E-13 -2.746546E-12  6.530162E-12
      1020 -1.542712E-14 -5.596895E-13 -3.989783E-12
      1021  2.678668E-13 -9.151624E-13  1.241161E-11
      1022  2.508171E-13  1.109247E-13  8.845636E-13

 total force (fx,fy,fz) for set NSET_IND_TOP and time  0.4852931E+00

        2.249612E-12  9.953552E-12  1.001067E-11

                                INCREMENT   460


 displacements (vx,vy,vz) for set NSET_IND_TOP and time  0.4872931E+00

        10 -6.930896E-18 -8.660232E-02  0.000000E+00
        11  0.000000E+00 -8.660232E-02  0.000000E+00
      1004 -5.522558E-18 -8.660232E-02  0.000000E+00
      1005 -2.528638E-18 -8.660232E-02  0.000000E+00
      1006  8.310423E-19 -8.660232E-02  0.000000E+00
      1007 -9.244928E-18 -8.660232E-02  0.000000E+00
      1008 -3.856757E-18 -8.660232E-02  0.000000E+00
      1009 -7.353674E-19 -8.660232E-02  0.000000E+00
      1010  3.479306E-18 -8.660232E-02  0.000000E+00
      1011  2.455106E-19 -8.660232E-02  0.000000E+00
      1012  4.650460E-18 -8.660232E-02  0.000000E+00
      1013 -5.909231E-18 -8.660232E-02  0.000000E+00
      1014 -3.224240E-18 -8.660232E-02  0.000000E+00
      1015 -4.184079E-18 -8.660232E-02  0.000000E+00
      1016 -3.469144E-18 -8.660232E-02  0.000000E+00
      1017 -6.308078E-18 -8.660232E-02  0.000000E+00
      1018 -3.679949E-18 -8.660232E-02  0.000000E+00
      1019  1.526794E-18 -8.660232E-02  0.000000E+00
      1020  2.416518E-18 -8.660232E-02  0.000000E+00
      1021  1.566981E-18 -8.660232E-02  0.000000E+00
      1022 -3.928801E-19 -8.660232E-02  0.000000E+00

 forces (fx,fy,fz) for set NSET_IND_TOP and time  0.4872931E+00

        10  8.573423E-13 -3.126702E-12  1.798206E-13
        11 -4.636088E-14  8.530564E-14  1.422861E-13
      1004  3.906653E-13 -2.006402E-12 -4.622231E-13
      1005  2.690243E-13  2.315144E-12 -1.567498E-12
      1006  1.357612E-12  4.495710E-12  7.787230E-12
      1007 -2.230515E-13  5.611657E-12  3.816070E-13
      1008  4.854792E-13  8.053447E-13  4.848294E-12
      1009  4.848516E-14  3.329837E-13 -2.828986E-13
      1010 -5.207757E-13 -2.917693E-13  1.982341E-12
      1011  8.329043E-14 -5.195644E-13 -7.983476E-13
      1012  2.956838E-13  4.428949E-13  1.374477E-12
      1013 -1.999502E-13 -6.695777E-12 -6.894792E-13
      1014 -3.055341E-13 -8.022727E-12  1.549394E-12
      1015  1.173735E-13 -7.330245E-12  2.082228E-12
      1016 -3.097113E-13  1.344546E-12  2.847256E-12
      1017 -5.972912E-13 -6.907593E-12  4.944452E-12
      1018 -9.665717E-13 -2.325519E-12 -2.772524E-12
      1019 -9.425836E-14 -2.312268E-12  1.877720E-13
      1020  3.025302E-13 -1.070542E-12 -2.775517E-12
      1021 -1.453778E-13 -9.944791E-13  3.934275E-12
      1022  1.454674E-13  4.550237E-13  9.859369E-12

 total force (fx,fy,fz) for set NSET_IND_TOP and time  0.4872931E+00

        9.440708E-13 -2.571498E-11  3.275232E-11

                                INCREMENT   470


 displacements (vx,vy,vz) for set NSET_IND_TOP and time  0.4892931E+00

        10 -8.351457E-18 -7.933032E-02  0.000000E+00
        11  0.000000E+00 -7.933032E-02  0.000000E+00
      1004 -1.143829E-17 -7.933032E-02  0.000000E+00
      1005 -1.143314E-17 -7.933032E-02  0.000000E+00
      1006  5.458509E-19 -7.933032E-02  0.000000E+00
      1007 -5.252204E-18 -7.933032E-02  0.000000E+00
      1008  2.892406E-19 -7.933032E-02  0.000000E+00
      1009  7.053743E-18 -7.933032E-02  0.000000E+00
      1010  8.249784E-18 -7.933032E-02  0.000000E+00
      1011  2.190658E-18 -7.933032E-02  0.000000E+00
      1012  3.961910E-18 -7.933032E-02  0.000000E+00
      1013 -1.052841E-17 -7.933032E-02  0.000000E+00
      1014 -1.056342E-17 -7.933032E-02  0.000000E+00
      1015 -8.131055E-18 -7.933032E-02  0.000000E+00
      1016 -1.284399E-18 -7.933032E-02  0.000000E+00
      1017 -4.999575E-18 -7.933032E-02  0.000000E+00
      1018  2.799549E-18 -7.933032E-02  0.000000E+00
      1019  6.863844E-18 -7.933032E-02  0.000000E+00
      1020  5.167959E-18 -7.933032E-02  0.000000E+00
      1021  9.780950E-19 -7.933032E-02  0.000000E+00
      1022  1.913831E-18 -7.933032E-02  0.000000E+00

 forces (fx,fy,fz) for set NSET_IND_TOP and time  0.4892931E+00

        10  1.980394E-12 -2.652134E-12 -6.508925E-13
        11 -7.451889E-14  1.152532E-13  3.193074E-12
      1004 -1.373950E-12  7.710323E-12 -1.551269E-12
      1005 -1.323007E-12  4.268008E-12 -2.507934E-12
      1006  1.492060E-12  3.436726E-12  6.587250E-14
      1007  1.515529E-13  2.252391E-12 -3.828442E-12
      1008 -4.288179E-14 -2.224384E-12  3.323888E-12
      1009  1.577030E-13  1.598272E-12  4.591304E-13
      1010  9.497642E-14  1.157515E-12  7.561360E-13
      1011  1.387247E-13 -3.918644E-13 -6.683502E-12
      1012  1.381130E-13 -3.358812E-13  2.957152E-12
      1013  1.241098E-12 -1.111305E-11 -1.544873E-13
      1014 -2.427370E-14 -4.843774E-12  6.242424E-12
      1015  1.108505E-13 -9.360991E-12  7.541516E-13
      1016 -7.063293E-13 -6.287339E-13 -5.222831E-12
      1017 -5.673457E-14 -6.124662E-12 -3.457096E-12
      1018 -2.154768E-14 -5.290573E-13 -7.106979E-12
      1019  2.078659E-13 -7.505277E-13 -9.896079E-13
      1020  1.749868E-13 -1.071994E-12  1.109061E-12
      1021 -4.965316E-14 -1.391923E-12 -3.589112E-12
      1022  1.712206E-13  8.232152E-14  1.032367E-12

 total force (fx,fy,fz) for set NSET_IND_TOP and time  0.4892931E+00

        2.386649E-12 -2.079816E-11 -1.584890E-11

                                INCREMENT   480


 displacements (vx,vy,vz) for set NSET_IND_TOP and time  0.4912931E+00

        10 -2.425461E-18 -7.205832E-02  0.000000E+00
        11  0.000000E+00 -7.205832E-02  0.000000E+00
      1004 -1.548450E-18 -7.205832E-02  0.000000E+00
      1005 -1.208764E-18 -7.205832E-02  0.000000E+00
      1006  5.442153E-18 -7.205832E-02  0.000000E+00
      1007 -1.411869E-18 -7.205832E-02  0.000000E+00
      1008  3.085177E-18 -7.205832E-02  0.000000E+00
      1009  5.952125E-18 -7.205832E-02  0.000000E+00
      1010  6.383352E-18 -7.205832E-02  0.000000E+00
      1011  1.490292E-18 -7.205832E-02  0.000000E+00
      1012 -1.207865E-19 -7.205832E-02  0.000000E+00
      1013 -5.636294E-19 -7.205832E-02  0.000000E+00
      1014 -2.522173E-18 -7.205832E-02  0.000000E+00
      1015  3.880881E-19 -7.205832E-02  0.000000E+00
      1016  3.136403E-18 -7.205832E-02  0.000000E+00
      1017 -5.082404E-19 -7.205832E-02  0.000000E+00
      1018  4.106805E-18 -7.205832E-02  0.000000E+00
      1019  6.895778E-18 -7.205832E-02  0.000000E+00
      1020  4.440636E-18 -7.205832E-02  0.000000E+00
      1021 -5.910521E-19 -7.205832E-02  0.000000E+00
      1022  2.293662E-18 -7.205832E-02  0.000000E+00

 forces (fx,fy,fz) for set NSET_IND_TOP and time  0.4912931E+00

        10 -1.066448E-12 -1.619522E-12 -1.033367E-13
        11 -9.618907E-14  1.860933E-13  2.772794E-12
      1004  5.905357E-13  3.547061E-12 -1.482200E-12
      1005  1.950839E-12  1.988246E-12 -3.051352E-13
      1006  1.329956E-12  1.733976E-12  4.117965E-12
      1007  8.106509E-13  4.143107E-12  3.210176E-12
      1008 -6.175655E-14  5.845060E-13 -8.042136E-12
      1009 -9.205661E-13  1.520107E-12  1.004835E-11
      1010 -1.764052E-13 -6.701584E-13 -6.264435E-12
      1011  6.361680E-14  7.541168E-13 -1.280906E-12
      1012 -3.785094E-14  1.558282E-13  6.109878E-12
      1013  9.270890E-13 -1.165703E-11  7.829402E-13
      1014 -1.338930E-12 -3.544950E-12 -8.526206E-12
      1015 -2.336248E-12 -7.067350E-12 -2.147213E-12
      1016 -7.856985E-13 -4.708826E-13  6.382531E-13
      1017 -8.801367E-13 -4.818217E-12  3.873959E-12
      1018  5.639101E-13  5.322789E-13 -3.510817E-12
      1019  3.660905E-13 -1.612819E-12  7.104674E-12
      1020  2.382284E-13  1.585579E-13 -1.101398E-12
      1021 -9.483758E-14 -9.460970E-13  8.585474E-12
      1022  2.085760E-13 -2.060948E-13  6.214872E-12

 total force (fx,fy,fz) for set NSET_IND_TOP and time  0.4912931E+00

       -7.455741E-13 -1.730924E-11  2.069555E-11

                                INCREMENT   490


 displacements (vx,vy,vz) for set NSET_IND_TOP and time  0.4932931E+00

        10 -3.418211E-18 -6.478632E-02  0.000000E+00
        11  0.000000E+00 -6.478632E-02  0.000000E+00
      1004  6.663390E-19 -6.478632E-02  0.000000E+00
      1005  6.826507E-19 -6.478632E-02  0.000000E+00
      1006  4.096934E-18 -6.478632E-02  0.000000E+00
      1007 -1.003350E-18 -6.478632E-02  0.000000E+00
      1008  3.484778E-18 -6.478632E-02  0.000000E+00
      1009  1.030566E-18 -6.478632E-02  0.000000E+00
      1010  3.176559E-18 -6.478632E-02  0.000000E+00
      1011  1.754873E-18 -6.478632E-02  0.000000E+00
      1012  2.877867E-18 -6.478632E-02  0.000000E+00
      1013 -7.064577E-19 -6.478632E-02  0.000000E+00
      1014  1.099256E-18 -6.478632E-02  0.000000E+00
      1015  1.378986E-18 -6.478632E-02  0.000000E+00
      1016  8.059600E-19 -6.478632E-02  0.000000E+00
      1017 -3.214858E-19 -6.478632E-02  0.000000E+00
      1018  2.013284E-18 -6.478632E-02  0.000000E+00
      1019  3.338845E-18 -6.478632E-02  0.000000E+00
      1020  4.231262E-19 -6.478632E-02  0.000000E+00
      1021  2.651386E-18 -6.478632E-02  0.000000E+00
      1022 -1.265571E-18 -6.478632E-02  0.000000E+00

 forces (fx,fy,fz) for set NSET_IND_TOP and time  0.4932931E+00

        10  1.911626E-12  4.285721E-12 -2.368339E-12
        11 -6.845147E-14  1.547223E-13  1.234461E-12
      1004  1.630026E-12 -1.167298E-12 -5.640764E-13
      1005 -8.352188E-13  5.361642E-13 -1.044003E-12
      1006 -8.580486E-13 -2.734962E-12  1.778598E-12
      1007  5.911515E-13  6.468558E-13  2.201444E-12
      1008 -3.081511E-13 -3.507987E-13 -3.474076E-12
      1009 -6.441737E-14  9.913804E-14 -1.424986E-12
      1010  5.547374E-15  1.600383E-12 -1.099696E-11
      1011  2.390182E-13  1.737885E-13  1.489194E-12
      1012 -5.018594E-15 -1.204252E-13 -2.345475E-12
      1013 -2.369799E-12  5.269169E-12  6.685544E-13
      1014 -7.768132E-13 -2.854784E-12 -1.252219E-13
      1015  4.008444E-13 -1.115865E-11 -1.591447E-12
      1016  1.977762E-13 -6.312881E-12 -3.341154E-12
      1017  2.423839E-13 -4.805118E-12  1.644004E-12
      1018  1.792177E-13 -1.029776E-12 -5.135408E-12
      1019  1.625917E-13 -2.191182E-12 -8.226567E-12
      1020 -2.321879E-14  2.976341E-13  4.558013E-12
      1021 -1.295204E-13  3.483296E-14  3.971466E-13
      1022 -2.834692E-14 -3.369831E-13 -7.548211E-12

 total force (fx,fy,fz) for set NSET_IND_TOP and time  0.4932931E+00

        9.317890E-14 -1.996445E-11 -3.421451E-11

                                INCREMENT   500


 displacements (vx,vy,vz) for set NSET_IND_TOP and time  0.4952931E+00

        10 -4.195221E-18 -5.751432E-02  0.000000E+00
        11  0.000000E+00 -5.751432E-02  0.000000E+00
      1004 -3.132102E-18 -5.751432E-02  0.000000E+00
      1005 -3.281274E-18 -5.751432E-02  0.000000E+00
      1006  1.366820E-18 -5.751432E-02  0.000000E+00
      1007 -1.390115E-18 -5.751432E-02  0.000000E+00
      1008  3.579627E-18 -5.751432E-02  0.000000E+00
      1009  1.957591E-18 -5.751432E-02  0.000000E+00
      1010  3.877603E-18 -5.751432E-02  0.000000E+00
      1011  2.220096E-18 -5.751432E-02  0.000000E+00
      1012  4.686869E-19 -5.751432E-02  0.000000E+00
      1013 -2.729730E-18 -5.751432E-02  0.000000E+00
      1014 -4.830088E-18 -5.751432E-02  0.000000E+00
      1015 -2.515109E-18 -5.751432E-02  0.000000E+00
      1016  1.387873E-18 -5.751432E-02  0.000000E+00
      1017  1.588682E-18 -5.751432E-02  0.000000E+00
      1018  1.517953E-18 -5.751432E-02  0.000000E+00
      1019  3.355383E-18 -5.751432E-02  0.000000E+00
      1020  2.320027E-18 -5.751432E-02  0.000000E+00
      1021  2.105326E-20 -5.751432E-02  0.000000E+00
      1022 -5.970921E-19 -5.751432E-02  0.000000E+00

 forces (fx,fy,fz) for set NSET_IND_TOP and time  0.4952931E+00

        10  1.702370E-12 -1.890939E-13  6.995738E-13
        11 -6.144413E-14  5.648577E-14 -4.708255E-13
      1004 -1.121673E-12  6.072217E-12  1.877462E-12
      1005  7.449676E-14  1.232688E-12  4.298885E-12
      1006  1.343680E-12  2.450772E-12  1.924217E-12
      1007  6.521227E-13  2.598253E-12 -2.353328E-12
      1008 -5.730853E-14  2.307977E-12 -1.694033E-12
      1009 -2.285068E-13 -4.454909E-13 -3.135787E-13
      1010 -4.180451E-14  1.358509E-12 -5.818114E-12
      1011  1.538475E-13  1.040230E-12  2.051637E-12
      1012  8.282862E-14  3.696041E-13  1.010576E-12
      1013  3.803097E-13 -3.880358E-13  6.822316E-13
      1014 -5.161304E-13 -5.700513E-12  5.978181E-12
      1015 -1.257737E-13 -3.661441E-12  4.906744E-12
      1016 -7.701277E-13 -8.207852E-13  1.351412E-12
      1017  1.274936E-13 -2.910412E-12  9.551806E-13
      1018 -4.981140E-13 -1.430248E-12 -4.803968E-13
      1019  1.068913E-13 -1.111958E-12  1.474874E-13
      1020 -1.821614E-13  9.977866E-13  1.249659E-12
      1021 -1.171865E-13 -2.383849E-13 -3.582445E-12
      1022 -1.039876E-13  2.518471E-13  5.141927E-12

 total force (fx,fy,fz) for set NSET_IND_TOP and time  0.4952931E+00

        7.998209E-13  1.840005E-12  1.756245E-11

                                INCREMENT   510


 displacements (vx,vy,vz) for set NSET_IND_TOP and time  0.4972931E+00

        10 -1.113514E-17 -5.024232E-02  0.000000E+00
        11  0.000000E+00 -5.024232E-02  0.000000E+00
      1004 -8.044238E-18 -5.024232E-02  0.000000E+00
      1005 -2.501321E-18 -5.024232E-02  0.000000E+00
      1006 -4.947075E-19 -5.024232E-02  0.000000E+00
      1007 -3.429078E-18 -5.024232E-02  0.000000E+00
      1008  3.605948E-20 -5.024232E-02  0.000000E+00
      1009  8.764834E-19 -5.024232E-02  0.000000E+00
      1010  4.532972E-18 -5.024232E-02  0.000000E+00
      1011 -1.329360E-18 -5.024232E-02  0.000000E+00
      1012  2.308960E-19 -5.024232E-02  0.000000E+00
      1013 -8.886493E-18 -5.024232E-02  0.000000E+00
      1014 -5.212964E-18 -5.024232E-02  0.000000E+00
      1015 -1.676845E-18 -5.024232E-02  0.000000E+00
      1016 -2.735890E-18 -5.024232E-02  0.000000E+00
      1017 -3.491066E-18 -5.024232E-02  0.000000E+00
      1018  7.389576E-19 -5.024232E-02  0.000000E+00
      1019  2.142832E-18 -5.024232E-02  0.000000E+00
      1020  1.781937E-18 -5.024232E-02  0.000000E+00
      1021 -1.799573E-18 -5.024232E-02  0.000000E+00
      1022 -1.528562E-18 -5.024232E-02  0.000000E+00

 forces (fx,fy,fz) for set NSET_IND_TOP and time  0.4972931E+00

        10 -6.652304E-13 -1.110614E-12 -2.349215E-12
        11 -1.106246E-14  3.476456E-14 -1.498072E-12
      1004  5.074586E-13  3.779704E-12 -2.721204E-12
      1005  3.919126E-13  4.303235E-12  1.685584E-12
      1006 -6.620996E-13  3.763980E-12 -6.495725E-13
      1007 -1.963080E-13  1.691266E-12 -7.568319E-13
      1008 -4.532496E-13  1.302521E-12  2.129234E-12
      1009 -8.072128E-14  1.535871E-12 -8.396534E-13
      1010 -1.335380E-13  5.287961E-13 -1.238699E-12
      1011  1.470358E-13  5.375711E-13  2.938814E-12
      1012 -3.963335E-14 -9.281973E-14  6.699499E-13
      1013  3.726445E-13 -5.052584E-13 -2.535586E-13
      1014 -1.726155E-13 -7.958181E-13 -4.999363E-12
      1015  2.241730E-13 -1.825393E-12 -2.737389E-12
      1016  4.430321E-13 -4.243426E-12  3.678187E-12
      1017  4.449343E-13 -2.036808E-12 -1.836316E-12
      1018  3.930714E-15  1.767134E-13 -6.662722E-12
      1019  1.349232E-13 -6.922618E-13  1.547881E-13
      1020  2.533343E-13 -1.832367E-13  2.614871E-12
      1021 -1.610664E-13 -3.354238E-13  1.853752E-12
      1022  4.088964E-14  6.430896E-14 -1.140933E-12

 total force (fx,fy,fz) for set NSET_IND_TOP and time  0.4972931E+00

        3.887441E-13  5.897672E-12 -1.195835E-11

                                INCREMENT   520


 displacements (vx,vy,vz) for set NSET_IND_TOP and time  0.4992931E+00

        10 -6.793471E-18 -4.297032E-02  0.000000E+00
        11  0.000000E+00 -4.297032E-02  0.000000E+00
      1004 -8.252744E-18 -4.297032E-02  0.000000E+00
      1005 -6.530906E-18 -4.297032E-02  0.000000E+00
      1006  3.516843E-19 -4.297032E-02  0.000000E+00
      1007 -5.233183E-18 -4.297032E-02  0.000000E+00
      1008 -2.104056E-18 -4.297032E-02  0.000000E+00
      1009 -3.247754E-18 -4.297032E-02  0.000000E+00
      1010 -1.258837E-20 -4.297032E-02  0.000000E+00
      1011  5.712837E-19 -4.297032E-02  0.000000E+00
      1012 -2.883967E-19 -4.297032E-02  0.000000E+00
      1013 -6.714251E-18 -4.297032E-02  0.000000E+00
      1014 -7.627965E-18 -4.297032E-02  0.000000E+00
      1015 -3.797783E-18 -4.297032E-02  0.000000E+00
      1016 -1.757270E-18 -4.297032E-02  0.000000E+00
      1017 -4.423790E-18 -4.297032E-02  0.000000E+00
      1018 -3.320206E-18 -4.297032E-02  0.000000E+00
      1019 -1.433637E-18 -4.297032E-02  0.000000E+00
      1020  3.825944E-19 -4.297032E-02  0.000000E+00
      1021 -2.068944E-18 -4.297032E-02  0.000000E+00
      1022  7.243527E-19 -4.297032E-02  0.000000E+00

 forces (fx,fy,fz) for set NSET_IND_TOP and time  0.4992931E+00

        10  1.999472E-13 -1.163118E-12  3.232480E-12
        11  7.307934E-15  2.517771E-15 -1.185064E-12
      1004 -1.243350E-13 -1.297165E-13  3.127814E-13
      1005 -1.018201E-12  1.705861E-12  1.860296E-12
      1006 -7.574506E-14  2.392599E-12  1.098694E-12
      1007 -7.253520E-13  3.463328E-12 -5.343499E-12
      1008 -6.943181E-13  1.040818E-12 -3.167694E-12
      1009 -4.196969E-13  9.407847E-13 -1.846055E-12
      1010 -2.448811E-13  7.925417E-13 -4.837958E-12
      1011 -9.856779E-14 -3.746421E-13 -2.681204E-12
      1012  1.620504E-14  6.411012E-14 -1.900450E-14
      1013 -1.324585E-13 -3.789331E-12 -2.958567E-13
      1014  1.204478E-12 -1.233562E-12  8.448649E-13
      1015  9.969460E-13 -3.738479E-12 -8.782716E-13
      1016  1.997829E-13  1.464002E-12 -3.970606E-12
      1017  5.719811E-13 -2.787712E-12 -1.849628E-12
      1018  4.087731E-13 -8.542274E-13 -4.597519E-13
      1019  1.812900E-13 -1.109026E-12 -4.249279E-12
      1020 -3.604443E-14 -8.032716E-13 -6.026033E-12
      1021  9.764931E-14 -2.865660E-13  2.388940E-12
      1022  1.362852E-14  9.007592E-14  1.491382E-12

 total force (fx,fy,fz) for set NSET_IND_TOP and time  0.4992931E+00

        3.283883E-13 -4.313013E-12 -2.558047E-11

                                INCREMENT   524


 displacements (vx,vy,vz) for set NSET_IND_TOP and time  0.5000000E+00

        10 -4.567034E-18 -4.040000E-02  0.000000E+00
        11  0.000000E+00 -4.040000E-02  0.000000E+00
      1004 -2.935048E-18 -4.040000E-02  0.000000E+00
      1005 -3.269404E-20 -4.040000E-02  0.000000E+00
      1006  4.839569E-19 -4.040000E-02  0.000000E+00
      1007 -2.213337E-18 -4.040000E-02  0.000000E+00
      1008 -4.103925E-19 -4.040000E-02  0.000000E+00
      1009 -1.053435E-18 -4.040000E-02  0.000000E+00
      1010  2.654871E-18 -4.040000E-02  0.000000E+00
      1011  1.454964E-18 -4.040000E-02  0.000000E+00
      1012  1.435298E-18 -4.040000E-02  0.000000E+00
      1013 -3.172354E-18 -4.040000E-02  0.000000E+00
      1014 -2.080774E-18 -4.040000E-02  0.000000E+00
      1015 -6.534388E-19 -4.040000E-02  0.000000E+00
      1016 -9.630019E-19 -4.040000E-02  0.000000E+00
      1017 -1.562574E-18 -4.040000E-02  0.000000E+00
      1018 -1.456534E-18 -4.040000E-02  0.000000E+00
      1019  4.792049E-19 -4.040000E-02  0.000000E+00
      1020  1.063819E-18 -4.040000E-02  0.000000E+00
      1021  6.213324E-19 -4.040000E-02  0.000000E+00
      1022  6.879799E-19 -4.040000E-02  0.000000E+00

 forces (fx,fy,fz) for set NSET_IND_TOP and time  0.5000000E+00

        10  1.008454E-12 -5.986760E-13 -2.410269E-12
        11 -2.450483E-14  9.582398E-14  8.452852E-13
      1004 -6.087394E-14  5.267014E-12 -9.568787E-13
      1005 -5.463360E-13  1.930450E-12  2.435447E-12
      1006  6.404889E-14 -9.565338E-13  2.696990E-12
      1007 -2.627890E-13  3.373964E-12  4.437347E-12
      1008 -4.182154E-13 -1.341533E-13 -3.414555E-12
      1009 -3.338889E-14 -3.343865E-13 -1.688024E-12
      1010 -1.657297E-13  6.136958E-13  2.828581E-14
      1011  9.408446E-14  1.226624E-13  5.025852E-12
      1012 -6.670485E-14 -1.723570E-13  3.350453E-12
      1013 -1.761219E-13  1.271821E-12 -5.503423E-13
      1014 -4.468721E-13 -1.110654E-12  4.816033E-13
      1015  4.584398E-15 -4.001200E-12  5.394587E-14
      1016  8.170055E-13 -2.312539E-12 -3.288196E-14
      1017  1.104092E-13 -1.147040E-12 -1.001742E-12
      1018  5.175194E-14 -6.741346E-13 -5.825375E-12
      1019  2.272221E-13 -1.736472E-12 -1.318208E-12
      1020 -9.280591E-14 -8.621835E-14  3.327318E-12
      1021 -9.260318E-14 -1.139779E-13  3.674416E-12
      1022  3.767923E-14 -1.142354E-13  4.000693E-12

 total force (fx,fy,fz) for set NSET_IND_TOP and time  0.5000000E+00

        2.829441E-14 -8.171471E-13  1.315936E-11
