
                        S T E P       1


                                INCREMENT    10


 displacements (vx,vy,vz) for set NSET_IND_TOP and time  0.7588672E-03

        10 -2.813452E-20 -7.664559E-04  0.000000E+00
        11  0.000000E+00 -7.664559E-04  0.000000E+00
      1004 -7.510915E-20 -7.664559E-04  0.000000E+00
      1005 -3.771815E-20 -7.664559E-04  0.000000E+00
      1006  9.312723E-21 -7.664559E-04  0.000000E+00
      1007  9.967523E-21 -7.664559E-04  0.000000E+00
      1008  5.016066E-20 -7.664559E-04  0.000000E+00
      1009  5.352520E-21 -7.664559E-04  0.000000E+00
      1010  7.209284E-20 -7.664559E-04  0.000000E+00
      1011  1.296303E-21 -7.664559E-04  0.000000E+00
      1012 -1.722654E-20 -7.664559E-04  0.000000E+00
      1013 -5.042126E-20 -7.664559E-04  0.000000E+00
      1014 -5.961649E-20 -7.664559E-04  0.000000E+00
      1015 -9.178370E-21 -7.664559E-04  0.000000E+00
      1016  7.715430E-21 -7.664559E-04  0.000000E+00
      1017  1.677706E-20 -7.664559E-04  0.000000E+00
      1018  5.434246E-21 -7.664559E-04  0.000000E+00
      1019  5.298560E-20 -7.664559E-04  0.000000E+00
      1020  2.451938E-20 -7.664559E-04  0.000000E+00
      1021 -3.572312E-20 -7.664559E-04  0.000000E+00
      1022 -3.328653E-20 -7.664559E-04  0.000000E+00

 forces (fx,fy,fz) for set NSET_IND_TOP and time  0.7588672E-03

        10  1.071397E-14 -1.112697E-14  2.844566E-14
        11  6.148382E-18  3.284976E-17  1.450705E-14
      1004  8.871965E-15 -1.200701E-14 -3.930370E-14
      1005  8.450046E-15 -1.130238E-14  2.218457E-14
      1006  1.213905E-14  1.637904E-14  3.255665E-14
      1007  3.746913E-15  5.766250E-15 -4.228175E-14
      1008 -1.542055E-15 -8.705790E-15  3.647358E-14
      1009 -2.944398E-15  7.376264E-15  4.761501E-15
      1010 -7.870987E-16  1.468024E-14 -4.268570E-14
      1011  2.528658E-15  5.041232E-15 -5.522345E-15
      1012 -7.953633E-16  5.012243E-16 -1.812701E-14
      1013 -1.190841E-14 -1.971857E-14  5.739402E-14
      1014 -2.692022E-15 -3.842711E-14  5.234337E-15
      1015 -1.140213E-14 -4.935840E-14  8.161953E-14
      1016 -8.867471E-15 -2.027858E-14  1.396405E-14
      1017 -3.360491E-15 -5.814978E-14 -8.593789E-15
      1018  5.170856E-15 -2.327404E-14 -7.837477E-14
      1019  2.500496E-15 -6.824318E-15 -9.028254E-14
      1020 -1.072990E-15  4.187597E-15 -6.596853E-14
      1021 -4.329603E-15 -3.373124E-15 -3.578086E-14
      1022  1.248917E-15 -3.811760E-15  5.379113E-14

 total force (fx,fy,fz) for set NSET_IND_TOP and time  0.7588672E-03

        5.674983E-15 -2.123931E-13 -7.598892E-14

                                INCREMENT    20


 displacements (vx,vy,vz) for set NSET_IND_TOP and time  0.9584927E-02

        10 -1.308304E-18 -9.680776E-03  0.000000E+00
        11  0.000000E+00 -9.680776E-03  0.000000E+00
      1004 -3.160961E-19 -9.680776E-03  0.000000E+00
      1005 -1.952334E-19 -9.680776E-03  0.000000E+00
      1006 -8.640378E-21 -9.680776E-03  0.000000E+00
      1007 -4.561376E-19 -9.680776E-03  0.000000E+00
      1008  5.721452E-19 -9.680776E-03  0.000000E+00
      1009 -2.126483E-19 -9.680776E-03  0.000000E+00
      1010  2.459804E-19 -9.680776E-03  0.000000E+00
      1011  3.978113E-19 -9.680776E-03  0.000000E+00
      1012  5.268390E-19 -9.680776E-03  0.000000E+00
      1013 -6.788900E-19 -9.680776E-03  0.000000E+00
      1014 -2.297185E-19 -9.680776E-03  0.000000E+00
      1015 -1.011433E-19 -9.680776E-03  0.000000E+00
      1016 -2.653525E-19 -9.680776E-03  0.000000E+00
      1017  7.315348E-20 -9.680776E-03  0.000000E+00
      1018  1.293965E-20 -9.680776E-03  0.000000E+00
      1019 -2.224811E-19 -9.680776E-03  0.000000E+00
      1020  3.150105E-19 -9.680776E-03  0.000000E+00
      1021  3.805070E-19 -9.680776E-03  0.000000E+00
      1022  1.410327E-20 -9.680776E-03  0.000000E+00

 forces (fx,fy,fz) for set NSET_IND_TOP and time  0.9584927E-02

        10  9.625618E-14  3.559213E-13 -3.725862E-14
        11 -2.596968E-15  4.434273E-15  2.961114E-13
      1004 -1.791535E-13  7.362988E-13  6.688942E-14
      1005  2.498578E-14  1.054334E-12  2.294357E-14
      1006 -5.218626E-14  4.317236E-15  4.300715E-13
      1007  1.450319E-14  4.178484E-13 -3.564629E-13
      1008  2.534268E-14  1.092134E-13  6.770557E-13
      1009 -7.742747E-14  2.849372E-13 -1.788924E-13
      1010 -4.121967E-14 -4.442825E-14 -2.630094E-13
      1011  4.665319E-14 -3.981791E-14 -1.265234E-12
      1012 -1.362366E-14  2.239316E-14  8.874010E-14
      1013 -2.800625E-14  3.581927E-13 -3.147530E-13
      1014  1.618639E-13 -4.560616E-13  3.918699E-14
      1015 -1.376579E-13 -6.791800E-13 -3.503728E-13
      1016 -1.561026E-14 -3.836423E-13 -2.312978E-13
      1017 -4.527853E-14 -8.850227E-13 -7.360306E-13
      1018  7.071055E-14 -1.914509E-13 -7.091544E-13
      1019  4.116253E-15 -2.915047E-13 -1.119432E-12
      1020  1.564164E-14 -2.147992E-13  1.407818E-13
      1021 -9.553183E-15 -1.307243E-13  2.387506E-14
      1022  3.416196E-15 -1.836066E-14  1.063571E-12

 total force (fx,fy,fz) for set NSET_IND_TOP and time  0.9584927E-02

       -1.388241E-13  1.289761E-14 -2.712671E-12

                                INCREMENT    30


 displacements (vx,vy,vz) for set NSET_IND_TOP and time  0.1958493E-01

        10 -2.170224E-18 -1.978078E-02  0.000000E+00
        11  0.000000E+00 -1.978078E-02  0.000000E+00
      1004 -1.988444E-18 -1.978078E-02  0.000000E+00
      1005 -1.198899E-18 -1.978078E-02  0.000000E+00
      1006  1.209752E-18 -1.978078E-02  0.000000E+00
      1007 -7.334021E-19 -1.978078E-02  0.000000E+00
      1008  5.011865E-20 -1.978078E-02  0.000000E+00
      1009  4.477871E-19 -1.978078E-02  0.000000E+00
      1010  5.021352E-19 -1.978078E-02  0.000000E+00
      1011  1.218215E-18 -1.978078E-02  0.000000E+00
      1012  4.600438E-19 -1.978078E-02  0.000000E+00
      1013 -1.900339E-18 -1.978078E-02  0.000000E+00
      1014 -1.570247E-18 -1.978078E-02  0.000000E+00
      1015 -2.491459E-19 -1.978078E-02  0.000000E+00
      1016  3.178864E-19 -1.978078E-02  0.000000E+00
      1017 -8.836710E-19 -1.978078E-02  0.000000E+00
      1018  6.904941E-20 -1.978078E-02  0.000000E+00
      1019  5.706322E-19 -1.978078E-02  0.000000E+00
      1020  8.179337E-20 -1.978078E-02  0.000000E+00
      1021  1.261559E-19 -1.978078E-02  0.000000E+00
      1022  4.205087E-19 -1.978078E-02  0.000000E+00

 forces (fx,fy,fz) for set NSET_IND_TOP and time  0.1958493E-01

        10 -1.988392E-13 -3.778225E-13  1.302097E-13
        11  8.213185E-15  1.883750E-15  1.069628E-12
      1004  1.404238E-13  3.077859E-14 -1.535202E-13
      1005 -2.135762E-13  1.845697E-12 -1.321245E-12
      1006  2.504872E-13  2.498523E-13  1.070020E-12
      1007  3.719067E-14  2.122849E-13 -5.265069E-13
      1008  8.341438E-17 -5.079280E-13 -2.168670E-12
      1009 -1.959836E-13  5.727353E-13 -1.536226E-12
      1010  1.092787E-13  1.163845E-13  2.606238E-13
      1011  3.709276E-14  2.514046E-13  1.716779E-12
      1012  4.561079E-14 -4.636328E-14  6.788995E-13
      1013 -3.517083E-14 -2.142512E-12  1.843930E-12
      1014  5.073652E-13 -9.007659E-13 -8.057727E-13
      1015 -1.473937E-13 -1.151953E-12 -1.376304E-12
      1016 -1.734652E-13 -9.054903E-14 -8.443908E-13
      1017 -6.831484E-14 -1.344201E-12 -8.677742E-13
      1018  2.139922E-13 -4.558583E-13 -1.848866E-12
      1019  4.575908E-14 -4.488298E-13  3.315722E-13
      1020 -5.681448E-14  2.291672E-13  1.702989E-13
      1021 -2.833796E-14 -2.204888E-13  2.945339E-12
      1022 -1.190589E-14  4.365197E-14  1.629080E-12

 total force (fx,fy,fz) for set NSET_IND_TOP and time  0.1958493E-01

        2.656951E-13 -4.133430E-12  3.971035E-13

                                INCREMENT    40


 displacements (vx,vy,vz) for set NSET_IND_TOP and time  0.2958493E-01

        10 -1.801807E-18 -2.988078E-02  0.000000E+00
        11  0.000000E+00 -2.988078E-02  0.000000E+00
      1004 -2.743077E-18 -2.988078E-02  0.000000E+00
      1005 -1.367549E-18 -2.988078E-02  0.000000E+00
      1006  1.098224E-18 -2.988078E-02  0.000000E+00
      1007 -1.157031E-18 -2.988078E-02  0.000000E+00
      1008  1.029242E-18 -2.988078E-02  0.000000E+00
      1009  1.835314E-19 -2.988078E-02  0.000000E+00
      1010  7.852907E-19 -2.988078E-02  0.000000E+00
      1011  1.759247E-19 -2.988078E-02  0.000000E+00
      1012 -1.081652E-18 -2.988078E-02  0.000000E+00
      1013 -2.435520E-18 -2.988078E-02  0.000000E+00
      1014 -1.753617E-18 -2.988078E-02  0.000000E+00
      1015 -9.126180E-19 -2.988078E-02  0.000000E+00
      1016  5.684083E-19 -2.988078E-02  0.000000E+00
      1017 -8.937848E-19 -2.988078E-02  0.000000E+00
      1018  1.066468E-19 -2.988078E-02  0.000000E+00
      1019  5.777151E-19 -2.988078E-02  0.000000E+00
      1020 -4.081023E-19 -2.988078E-02  0.000000E+00
      1021 -1.241761E-18 -2.988078E-02  0.000000E+00
      1022  6.499029E-19 -2.988078E-02  0.000000E+00

 forces (fx,fy,fz) for set NSET_IND_TOP and time  0.2958493E-01

        10 -6.481980E-13 -4.973811E-13  1.050113E-13
        11 -8.976621E-15  1.987818E-14  1.878556E-12
      1004 -1.503923E-13 -9.635252E-13 -2.817818E-13
      1005  1.806470E-13  2.712601E-12 -1.882431E-13
      1006 -3.012542E-13  2.144443E-12  1.043855E-12
      1007  7.377481E-14  2.827355E-12  2.161791E-12
      1008 -1.858430E-14  1.508485E-12  1.006187E-12
      1009  1.024257E-13  8.463493E-13 -5.303940E-13
      1010  2.478189E-14  5.649253E-13  1.702928E-12
      1011 -8.155815E-14  1.885719E-14 -2.168453E-13
      1012 -1.288819E-13  5.876733E-14  1.766356E-12
      1013  1.473662E-13 -1.377665E-12 -2.251883E-12
      1014  1.491367E-13  4.514087E-14  7.845617E-13
      1015 -2.470712E-13 -1.022743E-12 -1.570986E-12
      1016  9.111936E-14  2.369211E-13 -6.352352E-13
      1017 -2.128996E-13 -2.502808E-13  7.343425E-13
      1018 -9.475961E-14  9.600524E-14 -1.743691E-12
      1019 -6.104229E-14 -3.324201E-13 -2.546394E-13
      1020 -1.873278E-14  4.743662E-13 -1.381467E-12
      1021  9.373613E-14 -1.799304E-14  2.450429E-12
      1022  4.213551E-14  3.963476E-14  1.895254E-12

 total force (fx,fy,fz) for set NSET_IND_TOP and time  0.2958493E-01

       -1.067228E-12  7.131721E-12  6.474107E-12

                                INCREMENT    50


 displacements (vx,vy,vz) for set NSET_IND_TOP and time  0.3958493E-01

        10  3.346279E-08 -3.998078E-02  0.000000E+00
        11  0.000000E+00 -3.998078E-02  0.000000E+00
      1004  3.282773E-08 -3.998078E-02  0.000000E+00
      1005  3.208421E-08 -3.998078E-02  0.000000E+00
      1006  3.090740E-08 -3.998078E-02  0.000000E+00
      1007  2.903785E-08 -3.998078E-02  0.000000E+00
      1008  2.630406E-08 -3.998078E-02  0.000000E+00
      1009  2.261653E-08 -3.998078E-02  0.000000E+00
      1010  1.798206E-08 -3.998078E-02  0.000000E+00
      1011  1.251296E-08 -3.998078E-02  0.000000E+00
      1012  6.425249E-09 -3.998078E-02  0.000000E+00
      1013  3.313439E-08 -3.998078E-02  0.000000E+00
      1014  3.248923E-08 -3.998078E-02  0.000000E+00
      1015  3.156566E-08 -3.998078E-02  0.000000E+00
      1016  3.006949E-08 -3.998078E-02  0.000000E+00
      1017  2.778481E-08 -3.998078E-02  0.000000E+00
      1018  2.457909E-08 -3.998078E-02  0.000000E+00
      1019  2.041132E-08 -3.998078E-02  0.000000E+00
      1020  1.534168E-08 -3.998078E-02  0.000000E+00
      1021  9.531660E-09 -3.998078E-02  0.000000E+00
      1022  3.236928E-09 -3.998078E-02  0.000000E+00

 forces (fx,fy,fz) for set NSET_IND_TOP and time  0.3958493E-01

        10  2.836052E-07 -1.175398E-03 -6.620130E-13
        11  4.299353E-08 -2.791109E-07 -3.140013E-13
      1004  1.735872E-07 -2.105911E-03 -9.240898E-13
      1005  4.848453E-08 -1.974698E-03  1.770914E-12
      1006  1.278344E-07 -1.892929E-03  3.690547E-12
      1007  6.520234E-08 -1.808813E-03  2.033103E-12
      1008  1.195095E-07 -1.682895E-03  8.522105E-13
      1009  4.957592E-08 -1.489196E-03 -2.716246E-12
      1010 -6.531140E-09 -1.215072E-03 -3.499114E-12
      1011  1.510314E-08 -8.633820E-04 -2.325441E-12
      1012 -4.060140E-09 -4.487576E-04 -2.226163E-12
      1013 -1.694586E-05 -4.432866E-03  4.900777E-12
      1014 -2.581733E-05 -4.067531E-03  1.921015E-12
      1015 -2.465821E-05 -3.863633E-03  1.723544E-12
      1016 -3.152069E-05 -3.702939E-03  1.083434E-12
      1017 -2.947246E-05 -3.496457E-03  1.207837E-12
      1018 -3.569374E-05 -3.179384E-03 -3.161362E-12
      1019 -3.352134E-05 -2.712912E-03 -3.473416E-12
      1020 -3.357790E-05 -2.086020E-03 -7.594807E-13
      1021 -3.918137E-05 -1.316975E-03 -1.183797E-12
      1022 -3.149414E-05 -4.506722E-04  2.614833E-12

 total force (fx,fy,fz) for set NSET_IND_TOP and time  0.3958493E-01

       -3.009677E-04 -4.396672E-02  5.530924E-13

                                INCREMENT    60


 displacements (vx,vy,vz) for set NSET_IND_TOP and time  0.4958493E-01

        10  2.011252E-07 -5.008078E-02  0.000000E+00
        11  0.000000E+00 -5.008078E-02  0.000000E+00
      1004  1.973091E-07 -5.008078E-02  0.000000E+00
      1005  1.928410E-07 -5.008078E-02  0.000000E+00
      1006  1.857685E-07 -5.008078E-02  0.000000E+00
      1007  1.745323E-07 -5.008078E-02  0.000000E+00
      1008  1.581014E-07 -5.008078E-02  0.000000E+00
      1009  1.359379E-07 -5.008078E-02  0.000000E+00
      1010  1.080825E-07 -5.008078E-02  0.000000E+00
      1011  7.521027E-08 -5.008078E-02  0.000000E+00
      1012  3.861959E-08 -5.008078E-02  0.000000E+00
      1013  1.991518E-07 -5.008078E-02  0.000000E+00
      1014  1.952749E-07 -5.008078E-02  0.000000E+00
      1015  1.897246E-07 -5.008078E-02  0.000000E+00
      1016  1.807327E-07 -5.008078E-02  0.000000E+00
      1017  1.670012E-07 -5.008078E-02  0.000000E+00
      1018  1.477337E-07 -5.008078E-02  0.000000E+00
      1019  1.226836E-07 -5.008078E-02  0.000000E+00
      1020  9.221243E-08 -5.008078E-02  0.000000E+00
      1021  5.729094E-08 -5.008078E-02  0.000000E+00
      1022  1.945588E-08 -5.008078E-02  0.000000E+00

 forces (fx,fy,fz) for set NSET_IND_TOP and time  0.4958493E-01

        10  1.704579E-06 -7.063599E-03  1.451733E-12
        11  2.584139E-07 -1.677754E-06 -1.199953E-12
      1004  1.043311E-06 -1.265568E-02  8.339782E-13
      1005  2.913619E-07 -1.186737E-02  2.854401E-13
      1006  7.683013E-07 -1.137620E-02  1.375927E-12
      1007  3.918386E-07 -1.087091E-02 -2.620202E-13
      1008  7.182839E-07 -1.011433E-02  1.806849E-12
      1009  2.979352E-07 -8.950315E-03  2.021753E-12
      1010 -3.929244E-08 -7.302869E-03 -3.735615E-13
      1011  9.073705E-08 -5.189173E-03 -5.549442E-12
      1012 -2.444008E-08 -2.697175E-03 -2.883680E-12
      1013 -1.018567E-04 -2.663959E-02 -8.342884E-13
      1014 -1.551801E-04 -2.444445E-02  9.219622E-13
      1015 -1.482127E-04 -2.321957E-02 -4.356340E-12
      1016 -1.894606E-04 -2.225432E-02 -4.049817E-12
      1017 -1.771493E-04 -2.101378E-02 -1.917984E-12
      1018 -2.145435E-04 -1.910848E-02  1.005229E-13
      1019 -2.014861E-04 -1.630514E-02 -9.773120E-13
      1020 -2.018263E-04 -1.253752E-02  3.135460E-12
      1021 -2.355073E-04 -7.915415E-03 -1.887859E-12
      1022 -1.893018E-04 -2.708684E-03  1.699513E-12

 total force (fx,fy,fz) for set NSET_IND_TOP and time  0.4958493E-01

       -1.809023E-03 -2.642362E-01 -1.065912E-11

                                INCREMENT    70


 displacements (vx,vy,vz) for set NSET_IND_TOP and time  0.5958493E-01

        10  4.319864E-07 -6.018078E-02  0.000000E+00
        11  0.000000E+00 -6.018078E-02  0.000000E+00
      1004  4.237918E-07 -6.018078E-02  0.000000E+00
      1005  4.141966E-07 -6.018078E-02  0.000000E+00
      1006  3.990075E-07 -6.018078E-02  0.000000E+00
      1007  3.748749E-07 -6.018078E-02  0.000000E+00
      1008  3.395846E-07 -6.018078E-02  0.000000E+00
      1009  2.919807E-07 -6.018078E-02  0.000000E+00
      1010  2.321508E-07 -6.018078E-02  0.000000E+00
      1011  1.615449E-07 -6.018078E-02  0.000000E+00
      1012  8.295152E-08 -6.018078E-02  0.000000E+00
      1013  4.277488E-07 -6.018078E-02  0.000000E+00
      1014  4.194235E-07 -6.018078E-02  0.000000E+00
      1015  4.075039E-07 -6.018078E-02  0.000000E+00
      1016  3.881919E-07 -6.018078E-02  0.000000E+00
      1017  3.586998E-07 -6.018078E-02  0.000000E+00
      1018  3.173165E-07 -6.018078E-02  0.000000E+00
      1019  2.635122E-07 -6.018078E-02  0.000000E+00
      1020  1.980638E-07 -6.018078E-02  0.000000E+00
      1021  1.230559E-07 -6.018078E-02  0.000000E+00
      1022  4.178956E-08 -6.018078E-02  0.000000E+00

 forces (fx,fy,fz) for set NSET_IND_TOP and time  0.5958493E-01

        10  3.661178E-06 -1.516934E-02 -2.660574E-12
        11  5.550412E-07 -3.603946E-06  1.257206E-12
      1004  2.240825E-06 -2.717883E-02  4.735051E-13
      1005  6.256807E-07 -2.548637E-02  2.189434E-12
      1006  1.650101E-06 -2.443207E-02 -5.642200E-13
      1007  8.415032E-07 -2.334736E-02  4.874994E-12
      1008  1.542716E-06 -2.172284E-02 -5.271168E-14
      1009  6.398373E-07 -1.922314E-02  4.160752E-12
      1010 -8.447887E-08 -1.568500E-02 -4.415005E-12
      1011  1.947937E-07 -1.114533E-02 -2.651441E-12
      1012 -5.257560E-08 -5.793032E-03  5.890671E-12
      1013 -2.187837E-04 -5.720975E-02  3.049696E-13
      1014 -3.333188E-04 -5.249638E-02 -2.323220E-12
      1015 -3.183524E-04 -4.986690E-02  7.846722E-12
      1016 -4.069501E-04 -4.779491E-02 -1.294059E-12
      1017 -3.805061E-04 -4.513152E-02 -6.225399E-12
      1018 -4.608268E-04 -4.104015E-02 -1.254137E-12
      1019 -4.327807E-04 -3.501975E-02  1.745605E-12
      1020 -4.335119E-04 -2.692802E-02  3.904741E-13
      1021 -5.058574E-04 -1.700080E-02  3.959003E-13
      1022 -4.066106E-04 -5.817755E-03  2.527551E-12

 total force (fx,fy,fz) for set NSET_IND_TOP and time  0.5958493E-01

       -3.885684E-03 -5.674928E-01  1.061702E-11

                                INCREMENT    80


 displacements (vx,vy,vz) for set NSET_IND_TOP and time  0.6958493E-01

        10  7.850154E-07 -7.028078E-02  0.000000E+00
        11  0.000000E+00 -7.028078E-02  0.000000E+00
      1004  7.701274E-07 -7.028078E-02  0.000000E+00
      1005  7.526941E-07 -7.028078E-02  0.000000E+00
      1006  7.250950E-07 -7.028078E-02  0.000000E+00
      1007  6.812430E-07 -7.028078E-02  0.000000E+00
      1008  6.171140E-07 -7.028078E-02  0.000000E+00
      1009  5.306072E-07 -7.028078E-02  0.000000E+00
      1010  4.218817E-07 -7.028078E-02  0.000000E+00
      1011  2.935721E-07 -7.028078E-02  0.000000E+00
      1012  1.507463E-07 -7.028078E-02  0.000000E+00
      1013  7.773164E-07 -7.028078E-02  0.000000E+00
      1014  7.621909E-07 -7.028078E-02  0.000000E+00
      1015  7.405335E-07 -7.028078E-02  0.000000E+00
      1016  7.054419E-07 -7.028078E-02  0.000000E+00
      1017  6.518500E-07 -7.028078E-02  0.000000E+00
      1018  5.766481E-07 -7.028078E-02  0.000000E+00
      1019  4.788732E-07 -7.028078E-02  0.000000E+00
      1020  3.599367E-07 -7.028078E-02  0.000000E+00
      1021  2.236270E-07 -7.028078E-02  0.000000E+00
      1022  7.594344E-08 -7.028078E-02  0.000000E+00

 forces (fx,fy,fz) for set NSET_IND_TOP and time  0.6958493E-01

        10  6.653168E-06 -2.756170E-02 -1.064665E-12
        11  1.008644E-06 -6.549931E-06 -9.028350E-13
      1004  4.071972E-06 -4.938271E-02  1.813173E-12
      1005  1.136760E-06 -4.630855E-02 -8.645583E-13
      1006  2.998412E-06 -4.439396E-02  2.193106E-12
      1007  1.528977E-06 -4.242395E-02  2.739084E-12
      1008  2.803346E-06 -3.947286E-02 -4.523231E-12
      1009  1.162554E-06 -3.493119E-02  1.503577E-12
      1010 -1.536903E-07 -2.850224E-02 -3.110016E-12
      1011  3.537885E-07 -2.025308E-02 -4.845460E-13
      1012 -9.570855E-08 -1.052705E-02  2.876220E-12
      1013 -3.976004E-04 -1.039468E-01 -3.978179E-12
      1014 -6.057454E-04 -9.538448E-02 -2.608355E-12
      1015 -5.785452E-04 -9.060886E-02  4.751814E-12
      1016 -7.395535E-04 -8.684606E-02 -3.725041E-12
      1017 -6.914963E-04 -8.200827E-02 -1.699633E-12
      1018 -8.374640E-04 -7.457519E-02 -2.974648E-12
      1019 -7.864965E-04 -6.363626E-02 -4.828842E-12
      1020 -7.878262E-04 -4.893286E-02  9.026391E-13
      1021 -9.193014E-04 -3.089361E-02 -3.278860E-12
      1022 -7.389394E-04 -1.057198E-02 -2.281026E-12

 total force (fx,fy,fz) for set NSET_IND_TOP and time  0.6958493E-01

       -7.061500E-03 -1.031168E+00 -1.954482E-11

                                INCREMENT    90


 displacements (vx,vy,vz) for set NSET_IND_TOP and time  0.7958493E-01

        10  1.369425E-06 -8.038078E-02  0.000000E+00
        11  0.000000E+00 -8.038078E-02  0.000000E+00
      1004  1.343460E-06 -8.038078E-02  0.000000E+00
      1005  1.313054E-06 -8.038078E-02  0.000000E+00
      1006  1.264914E-06 -8.038078E-02  0.000000E+00
      1007  1.188421E-06 -8.038078E-02  0.000000E+00
      1008  1.076553E-06 -8.038078E-02  0.000000E+00
      1009  9.256457E-07 -8.038078E-02  0.000000E+00
      1010  7.359763E-07 -8.038078E-02  0.000000E+00
      1011  5.121404E-07 -8.038078E-02  0.000000E+00
      1012  2.629793E-07 -8.038078E-02  0.000000E+00
      1013  1.355998E-06 -8.038078E-02  0.000000E+00
      1014  1.329618E-06 -8.038078E-02  0.000000E+00
      1015  1.291844E-06 -8.038078E-02  0.000000E+00
      1016  1.230633E-06 -8.038078E-02  0.000000E+00
      1017  1.137147E-06 -8.038078E-02  0.000000E+00
      1018  1.005962E-06 -8.038078E-02  0.000000E+00
      1019  8.353970E-07 -8.038078E-02  0.000000E+00
      1020  6.279135E-07 -8.038078E-02  0.000000E+00
      1021  3.901207E-07 -8.038078E-02  0.000000E+00
      1022  1.324846E-07 -8.038078E-02  0.000000E+00

 forces (fx,fy,fz) for set NSET_IND_TOP and time  0.7958493E-01

        10  1.160615E-05 -4.807210E-02 -6.562688E-12
        11  1.759545E-06 -1.142746E-05 -2.361220E-12
      1004  7.103188E-06 -8.613255E-02 -8.810944E-13
      1005  1.982573E-06 -8.077245E-02 -2.743179E-12
      1006  5.230235E-06 -7.743495E-02 -1.834947E-12
      1007  2.666809E-06 -7.400051E-02  2.737310E-12
      1008  4.890095E-06 -6.885432E-02 -3.451950E-12
      1009  2.027692E-06 -6.093312E-02 -6.384305E-12
      1010 -2.684375E-07 -4.971927E-02 -1.369932E-12
      1011  6.167926E-07 -3.532979E-02  2.015875E-12
      1012 -1.672773E-07 -1.836365E-02 -8.910474E-13
      1013 -6.936368E-04 -1.813011E-01  6.619115E-13
      1014 -1.056753E-03 -1.663698E-01  3.861168E-12
      1015 -1.009298E-03 -1.580440E-01 -5.164237E-13
      1016 -1.290183E-03 -1.514846E-01 -5.482337E-12
      1017 -1.206344E-03 -1.430493E-01 -4.579531E-13
      1018 -1.460992E-03 -1.300860E-01 -3.352388E-12
      1019 -1.372078E-03 -1.110063E-01  4.769976E-12
      1020 -1.374399E-03 -8.535881E-02  7.744499E-14
      1021 -1.603765E-03 -5.389143E-02  1.505675E-11
      1022 -1.289116E-03 -1.844204E-02  8.832185E-12

 total force (fx,fy,fz) for set NSET_IND_TOP and time  0.7958493E-01

       -1.231912E-02 -1.798658E+00  1.723154E-12

                                INCREMENT   100


 displacements (vx,vy,vz) for set NSET_IND_TOP and time  0.8958493E-01

        10  2.517192E-06 -9.048078E-02  0.000000E+00
        11  0.000000E+00 -9.048078E-02  0.000000E+00
      1004  2.469473E-06 -9.048078E-02  0.000000E+00
      1005  2.413590E-06 -9.048078E-02  0.000000E+00
      1006  2.325109E-06 -9.048078E-02  0.000000E+00
      1007  2.184507E-06 -9.048078E-02  0.000000E+00
      1008  1.978882E-06 -9.048078E-02  0.000000E+00
      1009  1.701494E-06 -9.048078E-02  0.000000E+00
      1010  1.352852E-06 -9.048078E-02  0.000000E+00
      1011  9.414045E-07 -9.048078E-02  0.000000E+00
      1012  4.834030E-07 -9.048078E-02  0.000000E+00
      1013  2.492515E-06 -9.048078E-02  0.000000E+00
      1014  2.444034E-06 -9.048078E-02  0.000000E+00
      1015  2.374605E-06 -9.048078E-02  0.000000E+00
      1016  2.262097E-06 -9.048078E-02  0.000000E+00
      1017  2.090261E-06 -9.048078E-02  0.000000E+00
      1018  1.849127E-06 -9.048078E-02  0.000000E+00
      1019  1.535603E-06 -9.048078E-02  0.000000E+00
      1020  1.154215E-06 -9.048078E-02  0.000000E+00
      1021  7.171113E-07 -9.048078E-02  0.000000E+00
      1022  2.435305E-07 -9.048078E-02  0.000000E+00

 forces (fx,fy,fz) for set NSET_IND_TOP and time  0.8958493E-01

        10  2.133371E-05 -8.835362E-02 -9.590369E-12
        11  3.234309E-06 -2.100687E-05  8.169078E-14
      1004  1.305642E-05 -1.583077E-01  4.914834E-12
      1005  3.643720E-06 -1.484581E-01 -1.115284E-12
      1006  9.613481E-06 -1.423262E-01  1.269240E-11
      1007  4.901480E-06 -1.360157E-01  5.966173E-13
      1008  8.988429E-06 -1.265585E-01 -7.983508E-12
      1009  3.726803E-06 -1.120001E-01  5.841265E-12
      1010 -4.938044E-07 -9.138890E-02 -4.007828E-13
      1011  1.133325E-06 -6.494001E-02 -1.586853E-12
      1012 -3.078407E-07 -3.375452E-02  7.357041E-12
      1013 -1.275048E-03 -3.332214E-01 -1.183859E-12
      1014 -1.942526E-03 -3.057821E-01  2.707154E-12
      1015 -1.855291E-03 -2.904841E-01  5.193672E-12
      1016 -2.371610E-03 -2.784323E-01 -7.641970E-12
      1017 -2.217498E-03 -2.629318E-01 -3.376854E-12
      1018 -2.685590E-03 -2.391075E-01 -7.282647E-13
      1019 -2.522151E-03 -2.040395E-01 -6.064815E-12
      1020 -2.526420E-03 -1.568983E-01 -5.716136E-12
      1021 -2.948043E-03 -9.905850E-02 -1.292862E-11
      1022 -2.369655E-03 -3.389863E-02  9.030943E-12

 total force (fx,fy,fz) for set NSET_IND_TOP and time  0.8958493E-01

       -2.264500E-02 -3.305979E+00 -9.901694E-12

                                INCREMENT   110


 displacements (vx,vy,vz) for set NSET_IND_TOP and time  0.9958493E-01

        10  8.988077E-06 -1.005808E-01  0.000000E+00
        11  0.000000E+00 -1.005808E-01  0.000000E+00
      1004  8.817677E-06 -1.005808E-01  0.000000E+00
      1005  8.618131E-06 -1.005808E-01  0.000000E+00
      1006  8.302185E-06 -1.005808E-01  0.000000E+00
      1007  7.800139E-06 -1.005808E-01  0.000000E+00
      1008  7.065915E-06 -1.005808E-01  0.000000E+00
      1009  6.075453E-06 -1.005808E-01  0.000000E+00
      1010  4.830571E-06 -1.005808E-01  0.000000E+00
      1011  3.361431E-06 -1.005808E-01  0.000000E+00
      1012  1.726065E-06 -1.005808E-01  0.000000E+00
      1013  8.899958E-06 -1.005808E-01  0.000000E+00
      1014  8.726838E-06 -1.005808E-01  0.000000E+00
      1015  8.478925E-06 -1.005808E-01  0.000000E+00
      1016  8.077187E-06 -1.005808E-01  0.000000E+00
      1017  7.463616E-06 -1.005808E-01  0.000000E+00
      1018  6.602603E-06 -1.005808E-01  0.000000E+00
      1019  5.483113E-06 -1.005808E-01  0.000000E+00
      1020  4.121305E-06 -1.005808E-01  0.000000E+00
      1021  2.560557E-06 -1.005808E-01  0.000000E+00
      1022  8.695633E-07 -1.005808E-01  0.000000E+00

 forces (fx,fy,fz) for set NSET_IND_TOP and time  0.9958493E-01

        10  7.617649E-05 -3.154933E-01  6.492120E-13
        11  1.154924E-05 -7.500641E-05  1.648296E-12
      1004  4.662121E-05 -5.652828E-01 -1.641034E-12
      1005  1.301184E-05 -5.301088E-01  4.162070E-12
      1006  3.432813E-05 -5.082095E-01  7.703788E-12
      1007  1.750313E-05 -4.856736E-01  6.413445E-12
      1008  3.209627E-05 -4.519023E-01  1.063247E-13
      1009  1.330875E-05 -3.999169E-01  8.006753E-13
      1010 -1.762059E-06 -3.263199E-01 -8.491315E-12
      1011  4.048397E-06 -2.318791E-01 -7.288244E-12
      1012 -1.097953E-06 -1.205260E-01  5.412857E-12
      1013 -4.552729E-03 -1.189866E+00 -3.455292E-13
      1014 -6.936060E-03 -1.091879E+00  2.720102E-12
      1015 -6.624584E-03 -1.037246E+00 -3.400780E-12
      1016 -8.468181E-03 -9.942057E-01  2.047584E-12
      1017 -7.917907E-03 -9.388524E-01 -3.932604E-12
      1018 -9.589307E-03 -8.537791E-01  1.971145E-12
      1019 -9.005726E-03 -7.285595E-01 -9.089285E-12
      1020 -9.020970E-03 -5.602321E-01 -4.305778E-12
      1021 -1.052644E-02 -3.537046E-01  4.021117E-12
      1022 -8.461217E-03 -1.210405E-01  1.451711E-11

 total force (fx,fy,fz) for set NSET_IND_TOP and time  0.9958493E-01

       -8.085734E-02 -1.180475E+01  1.367916E-11

                                INCREMENT   111


 displacements (vx,vy,vz) for set NSET_IND_TOP and time  0.1000000E+00

        10  1.063696E-05 -1.010000E-01  0.000000E+00
        11  0.000000E+00 -1.010000E-01  0.000000E+00
      1004  1.043530E-05 -1.010000E-01  0.000000E+00
      1005  1.019915E-05 -1.010000E-01  0.000000E+00
      1006  9.825250E-06 -1.010000E-01  0.000000E+00
      1007  9.231105E-06 -1.010000E-01  0.000000E+00
      1008  8.362189E-06 -1.010000E-01  0.000000E+00
      1009  7.190025E-06 -1.010000E-01  0.000000E+00
      1010  5.716765E-06 -1.010000E-01  0.000000E+00
      1011  3.978105E-06 -1.010000E-01  0.000000E+00
      1012  2.042722E-06 -1.010000E-01  0.000000E+00
      1013  1.053268E-05 -1.010000E-01  0.000000E+00
      1014  1.032780E-05 -1.010000E-01  0.000000E+00
      1015  1.003441E-05 -1.010000E-01  0.000000E+00
      1016  9.558977E-06 -1.010000E-01  0.000000E+00
      1017  8.832848E-06 -1.010000E-01  0.000000E+00
      1018  7.813881E-06 -1.010000E-01  0.000000E+00
      1019  6.489018E-06 -1.010000E-01  0.000000E+00
      1020  4.877382E-06 -1.010000E-01  0.000000E+00
      1021  3.030306E-06 -1.010000E-01  0.000000E+00
      1022  1.029090E-06 -1.010000E-01  0.000000E+00

 forces (fx,fy,fz) for set NSET_IND_TOP and time  0.1000000E+00

        10  9.015158E-05 -3.733676E-01  9.181544E-14
        11  1.366829E-05 -8.876719E-05 -3.778269E-12
      1004  5.517422E-05 -6.689786E-01 -1.265129E-13
      1005  1.539901E-05 -6.273525E-01 -3.785512E-12
      1006  4.062603E-05 -6.014366E-01  5.473137E-12
      1007  2.071440E-05 -5.747672E-01  3.175360E-12
      1008  3.798493E-05 -5.348014E-01  1.530122E-12
      1009  1.575067E-05 -4.732800E-01 -3.643365E-12
      1010 -2.085126E-06 -3.861822E-01 -5.311686E-12
      1011  4.791473E-06 -2.744167E-01  1.390133E-12
      1012 -1.299131E-06 -1.426362E-01 -3.384692E-12
      1013 -5.387957E-03 -1.408135E+00  9.500567E-12
      1014 -8.208527E-03 -1.292174E+00 -6.934731E-13
      1015 -7.839909E-03 -1.227520E+00  6.586343E-12
      1016 -1.002173E-02 -1.176586E+00 -8.009149E-13
      1017 -9.370505E-03 -1.111079E+00 -1.085587E-11
      1018 -1.134854E-02 -1.010401E+00 -1.546763E-12
      1019 -1.065790E-02 -8.622110E-01 -6.210754E-12
      1020 -1.067594E-02 -6.630051E-01 -2.678802E-12
      1021 -1.245761E-02 -4.185909E-01  4.068967E-14
      1022 -1.001350E-02 -1.432452E-01 -3.698042E-12

 total force (fx,fy,fz) for set NSET_IND_TOP and time  0.1000000E+00

       -9.569124E-02 -1.397026E+01 -1.872649E-11

                        S T E P       2


                                INCREMENT    10


 displacements (vx,vy,vz) for set NSET_IND_TOP and time  0.1007589E+00

        10  1.089047E-05 -1.017665E-01  0.000000E+00
        11  0.000000E+00 -1.017665E-01  0.000000E+00
      1004  1.068402E-05 -1.017665E-01  0.000000E+00
      1005  1.044226E-05 -1.017665E-01  0.000000E+00
      1006  1.005945E-05 -1.017665E-01  0.000000E+00
      1007  9.451159E-06 -1.017665E-01  0.000000E+00
      1008  8.561540E-06 -1.017665E-01  0.000000E+00
      1009  7.361441E-06 -1.017665E-01  0.000000E+00
      1010  5.853064E-06 -1.017665E-01  0.000000E+00
      1011  4.072954E-06 -1.017665E-01  0.000000E+00
      1012  2.091428E-06 -1.017665E-01  0.000000E+00
      1013  1.078371E-05 -1.017665E-01  0.000000E+00
      1014  1.057396E-05 -1.017665E-01  0.000000E+00
      1015  1.027359E-05 -1.017665E-01  0.000000E+00
      1016  9.786840E-06 -1.017665E-01  0.000000E+00
      1017  9.043414E-06 -1.017665E-01  0.000000E+00
      1018  8.000166E-06 -1.017665E-01  0.000000E+00
      1019  6.643726E-06 -1.017665E-01  0.000000E+00
      1020  4.993670E-06 -1.017665E-01  0.000000E+00
      1021  3.102558E-06 -1.017665E-01  0.000000E+00
      1022  1.053627E-06 -1.017665E-01  0.000000E+00

 forces (fx,fy,fz) for set NSET_IND_TOP and time  0.1007589E+00

        10  9.230034E-05 -3.822492E-01 -6.414150E-12
        11  1.399430E-05 -9.088593E-05  3.171516E-13
      1004  5.648899E-05 -6.848939E-01  2.261483E-13
      1005  1.576528E-05 -6.422809E-01 -2.316478E-12
      1006  4.159386E-05 -6.157522E-01 -1.206126E-12
      1007  2.120755E-05 -5.884516E-01  2.680363E-12
      1008  3.889023E-05 -5.475373E-01  4.915770E-12
      1009  1.612577E-05 -4.845530E-01 -3.000667E-12
      1010 -2.135275E-06 -3.953821E-01 -9.173122E-12
      1011  4.905284E-06 -2.809548E-01 -1.259031E-11
      1012 -1.330485E-06 -1.460348E-01 -4.287802E-12
      1013 -5.516453E-03 -1.441633E+00  6.006529E-12
      1014 -8.404283E-03 -1.322919E+00  6.439016E-12
      1015 -8.026870E-03 -1.256734E+00  4.136386E-12
      1016 -1.026072E-02 -1.204595E+00 -2.986500E-12
      1017 -9.593966E-03 -1.137536E+00 -7.094159E-12
      1018 -1.161918E-02 -1.034465E+00  2.828349E-12
      1019 -1.091207E-02 -8.827494E-01  5.066392E-12
      1020 -1.093055E-02 -6.788004E-01 -5.489942E-12
      1021 -1.275471E-02 -4.285643E-01  4.585221E-13
      1022 -1.025232E-02 -1.466583E-01 -3.390732E-12

 total force (fx,fy,fz) for set NSET_IND_TOP and time  0.1007589E+00

       -9.797331E-02 -1.430283E+01 -2.487537E-11

                                INCREMENT    20


 displacements (vx,vy,vz) for set NSET_IND_TOP and time  0.1081200E+00

        10  1.317550E-05 -1.092012E-01  0.000000E+00
        11  0.000000E+00 -1.092012E-01  0.000000E+00
      1004  1.292578E-05 -1.092012E-01  0.000000E+00
      1005  1.263333E-05 -1.092012E-01  0.000000E+00
      1006  1.217025E-05 -1.092012E-01  0.000000E+00
      1007  1.143435E-05 -1.092012E-01  0.000000E+00
      1008  1.035809E-05 -1.092012E-01  0.000000E+00
      1009  8.906188E-06 -1.092012E-01  0.000000E+00
      1010  7.081306E-06 -1.092012E-01  0.000000E+00
      1011  4.927657E-06 -1.092012E-01  0.000000E+00
      1012  2.530314E-06 -1.092012E-01  0.000000E+00
      1013  1.304636E-05 -1.092012E-01  0.000000E+00
      1014  1.279265E-05 -1.092012E-01  0.000000E+00
      1015  1.242930E-05 -1.092012E-01  0.000000E+00
      1016  1.184045E-05 -1.092012E-01  0.000000E+00
      1017  1.094106E-05 -1.092012E-01  0.000000E+00
      1018  9.678930E-06 -1.092012E-01  0.000000E+00
      1019  8.037875E-06 -1.092012E-01  0.000000E+00
      1020  6.041579E-06 -1.092012E-01  0.000000E+00
      1021  3.753628E-06 -1.092012E-01  0.000000E+00
      1022  1.274731E-06 -1.092012E-01  0.000000E+00

 forces (fx,fy,fz) for set NSET_IND_TOP and time  0.1081200E+00

        10  1.116669E-04 -4.623954E-01 -3.728936E-13
        11  1.693090E-05 -1.099652E-04 -8.719768E-13
      1004  6.834037E-05 -8.285025E-01 -3.207435E-12
      1005  1.907021E-05 -7.769667E-01 -2.898998E-12
      1006  5.031890E-05 -7.448885E-01  1.403607E-11
      1007  2.565472E-05 -7.118748E-01 -3.799356E-13
      1008  4.704910E-05 -6.623889E-01  5.473653E-12
      1009  1.950737E-05 -5.862003E-01 -6.801789E-12
      1010 -2.585329E-06 -4.783281E-01  6.227725E-14
      1011  5.932340E-06 -3.398979E-01 -9.053746E-12
      1012 -1.611550E-06 -1.766730E-01  6.462690E-13
      1013 -6.674194E-03 -1.743906E+00  4.754724E-12
      1014 -1.016807E-02 -1.600321E+00  6.395551E-12
      1015 -9.711429E-03 -1.520284E+00  7.069623E-12
      1016 -1.241407E-02 -1.457236E+00  6.525946E-12
      1017 -1.160739E-02 -1.376135E+00 -6.774747E-12
      1018 -1.405762E-02 -1.251463E+00 -5.849266E-12
      1019 -1.320213E-02 -1.067934E+00  4.696854E-12
      1020 -1.322450E-02 -8.212067E-01 -8.327783E-12
      1021 -1.543151E-02 -5.184761E-01  8.683609E-12
      1022 -1.240395E-02 -1.774274E-01  1.062944E-11

 total force (fx,fy,fz) for set NSET_IND_TOP and time  0.1081200E+00

       -1.185346E-01 -1.730261E+01  2.443545E-11

                                INCREMENT    30


 displacements (vx,vy,vz) for set NSET_IND_TOP and time  0.1161200E+00

        10  1.589318E-05 -1.172812E-01  0.000000E+00
        11  0.000000E+00 -1.172812E-01  0.000000E+00
      1004  1.559201E-05 -1.172812E-01  0.000000E+00
      1005  1.523930E-05 -1.172812E-01  0.000000E+00
      1006  1.468075E-05 -1.172812E-01  0.000000E+00
      1007  1.379310E-05 -1.172812E-01  0.000000E+00
      1008  1.249487E-05 -1.172812E-01  0.000000E+00
      1009  1.074349E-05 -1.172812E-01  0.000000E+00
      1010  8.542172E-06 -1.172812E-01  0.000000E+00
      1011  5.944242E-06 -1.172812E-01  0.000000E+00
      1012  3.052326E-06 -1.172812E-01  0.000000E+00
      1013  1.573744E-05 -1.172812E-01  0.000000E+00
      1014  1.543146E-05 -1.172812E-01  0.000000E+00
      1015  1.499321E-05 -1.172812E-01  0.000000E+00
      1016  1.428295E-05 -1.172812E-01  0.000000E+00
      1017  1.319808E-05 -1.172812E-01  0.000000E+00
      1018  1.167563E-05 -1.172812E-01  0.000000E+00
      1019  9.696066E-06 -1.172812E-01  0.000000E+00
      1020  7.287959E-06 -1.172812E-01  0.000000E+00
      1021  4.528012E-06 -1.172812E-01  0.000000E+00
      1022  1.537714E-06 -1.172812E-01  0.000000E+00

 forces (fx,fy,fz) for set NSET_IND_TOP and time  0.1161200E+00

        10  1.347005E-04 -5.576926E-01 -3.369570E-13
        11  2.042361E-05 -1.326610E-04  4.035309E-12
      1004  8.243521E-05 -9.992623E-01 -1.078881E-11
      1005  2.299964E-05 -9.371220E-01  7.463965E-12
      1006  6.069499E-05 -8.984506E-01  1.231169E-11
      1007  3.094278E-05 -8.586483E-01  3.318409E-12
      1008  5.675226E-05 -7.989735E-01 -3.810184E-13
      1009  2.352839E-05 -7.070850E-01  4.148429E-12
      1010 -3.121499E-06 -5.769742E-01  1.979472E-12
      1011  7.152875E-06 -4.099986E-01 -6.579713E-12
      1012 -1.946684E-06 -2.131112E-01  1.067493E-11
      1013 -8.051265E-03 -2.103323E+00  4.137607E-12
      1014 -1.226598E-02 -1.930174E+00 -5.395906E-12
      1015 -1.171510E-02 -1.833677E+00  4.230838E-12
      1016 -1.497534E-02 -1.757670E+00 -2.073758E-11
      1017 -1.400222E-02 -1.659880E+00 -1.209588E-12
      1018 -1.695799E-02 -1.509525E+00 -8.207657E-12
      1019 -1.592601E-02 -1.288167E+00 -7.547796E-12
      1020 -1.595302E-02 -9.905687E-01 -8.299084E-12
      1021 -1.861539E-02 -6.254084E-01  7.961298E-12
      1022 -1.496319E-02 -2.140212E-01  1.016409E-13

 total force (fx,fy,fz) for set NSET_IND_TOP and time  0.1161200E+00

       -1.429909E-01 -2.086987E+01 -9.120511E-12

                                INCREMENT    40


 displacements (vx,vy,vz) for set NSET_IND_TOP and time  0.1241200E+00

        10  1.884552E-05 -1.253612E-01  0.000000E+00
        11  0.000000E+00 -1.253612E-01  0.000000E+00
      1004  1.848849E-05 -1.253612E-01  0.000000E+00
      1005  1.807034E-05 -1.253612E-01  0.000000E+00
      1006  1.740809E-05 -1.253612E-01  0.000000E+00
      1007  1.635560E-05 -1.253612E-01  0.000000E+00
      1008  1.481624E-05 -1.253612E-01  0.000000E+00
      1009  1.273953E-05 -1.253612E-01  0.000000E+00
      1010  1.012925E-05 -1.253612E-01  0.000000E+00
      1011  7.048660E-06 -1.253612E-01  0.000000E+00
      1012  3.619443E-06 -1.253612E-01  0.000000E+00
      1013  1.866089E-05 -1.253612E-01  0.000000E+00
      1014  1.829815E-05 -1.253612E-01  0.000000E+00
      1015  1.777857E-05 -1.253612E-01  0.000000E+00
      1016  1.693642E-05 -1.253612E-01  0.000000E+00
      1017  1.565007E-05 -1.253612E-01  0.000000E+00
      1018  1.384482E-05 -1.253612E-01  0.000000E+00
      1019  1.149752E-05 -1.253612E-01  0.000000E+00
      1020  8.642026E-06 -1.253612E-01  0.000000E+00
      1021  5.369306E-06 -1.253612E-01  0.000000E+00
      1022  1.823419E-06 -1.253612E-01  0.000000E+00

 forces (fx,fy,fz) for set NSET_IND_TOP and time  0.1241200E+00

        10  1.597230E-04 -6.611914E-01 -5.280527E-12
        11  2.421801E-05 -1.573209E-04  4.811929E-12
      1004  9.774656E-05 -1.184722E+00  1.452650E-12
      1005  2.726693E-05 -1.111070E+00  7.022518E-12
      1006  7.196592E-05 -1.065244E+00  5.729575E-12
      1007  3.668614E-05 -1.018074E+00  1.147841E-12
      1008  6.729266E-05 -9.473368E-01  5.979040E-12
      1009  2.789562E-05 -8.383979E-01  9.243403E-12
      1010 -3.704985E-06 -6.841322E-01 -9.912438E-12
      1011  8.477682E-06 -4.861493E-01 -9.146955E-12
      1012 -2.311721E-06 -2.526944E-01  6.592203E-12
      1013 -9.547377E-03 -2.493677E+00 -8.834766E-12
      1014 -1.454524E-02 -2.288427E+00  2.621348E-12
      1015 -1.389196E-02 -2.174067E+00  4.519607E-12
      1016 -1.775798E-02 -2.083995E+00 -3.741785E-12
      1017 -1.660403E-02 -1.968088E+00 -7.899792E-13
      1018 -2.010904E-02 -1.789845E+00  4.617862E-12
      1019 -1.888533E-02 -1.527402E+00  1.162592E-11
      1020 -1.891737E-02 -1.174546E+00  9.192647E-12
      1021 -2.207448E-02 -7.415696E-01 -1.010969E-11
      1022 -1.774364E-02 -2.537737E-01  1.668243E-11

 total force (fx,fy,fz) for set NSET_IND_TOP and time  0.1241200E+00

       -1.695612E-01 -2.474456E+01  4.342284E-11

                                INCREMENT    50


 displacements (vx,vy,vz) for set NSET_IND_TOP and time  0.1321200E+00

        10  2.203484E-05 -1.334412E-01  0.000000E+00
        11  0.000000E+00 -1.334412E-01  0.000000E+00
      1004  2.161748E-05 -1.334412E-01  0.000000E+00
      1005  2.112865E-05 -1.334412E-01  0.000000E+00
      1006  2.035441E-05 -1.334412E-01  0.000000E+00
      1007  1.912387E-05 -1.334412E-01  0.000000E+00
      1008  1.732403E-05 -1.334412E-01  0.000000E+00
      1009  1.489586E-05 -1.334412E-01  0.000000E+00
      1010  1.184380E-05 -1.334412E-01  0.000000E+00
      1011  8.241790E-06 -1.334412E-01  0.000000E+00
      1012  4.232114E-06 -1.334412E-01  0.000000E+00
      1013  2.181900E-05 -1.334412E-01  0.000000E+00
      1014  2.139497E-05 -1.334412E-01  0.000000E+00
      1015  2.078755E-05 -1.334412E-01  0.000000E+00
      1016  1.980295E-05 -1.334412E-01  0.000000E+00
      1017  1.829896E-05 -1.334412E-01  0.000000E+00
      1018  1.618822E-05 -1.334412E-01  0.000000E+00
      1019  1.344365E-05 -1.334412E-01  0.000000E+00
      1020  1.010485E-05 -1.334412E-01  0.000000E+00
      1021  6.278176E-06 -1.334412E-01  0.000000E+00
      1022  2.132074E-06 -1.334412E-01  0.000000E+00

 forces (fx,fy,fz) for set NSET_IND_TOP and time  0.1321200E+00

        10  1.867539E-04 -7.729661E-01  9.653606E-13
        11  2.831705E-05 -1.839654E-04  9.538570E-12
      1004  1.142862E-04 -1.385014E+00 -1.977121E-13
      1005  3.187504E-05 -1.298937E+00 -4.286404E-12
      1006  8.414020E-05 -1.245392E+00  1.704815E-11
      1007  4.288893E-05 -1.190271E+00 -7.539889E-13
      1008  7.867832E-05 -1.107591E+00  5.726235E-12
      1009  3.261219E-05 -9.802392E-01  8.924036E-12
      1010 -4.336519E-06 -7.998843E-01 -6.504239E-12
      1011  9.907477E-06 -5.684087E-01  6.691045E-12
      1012 -2.707209E-06 -2.954534E-01  7.446379E-12
      1013 -1.116373E-02 -2.915246E+00  3.905209E-13
      1014 -1.700766E-02 -2.675341E+00 -2.933764E-12
      1015 -1.624375E-02 -2.541702E+00  9.715007E-12
      1016 -2.076422E-02 -2.436456E+00  1.427525E-12
      1017 -1.941492E-02 -2.300994E+00  3.179901E-12
      1018 -2.351330E-02 -2.092637E+00  1.140132E-11
      1019 -2.208244E-02 -1.785820E+00 -1.364686E-12
      1020 -2.211993E-02 -1.373280E+00 -8.173462E-13
      1021 -2.581155E-02 -8.670496E-01 -3.482770E-13
      1022 -2.074754E-02 -2.967155E-01  4.982459E-12

 total force (fx,fy,fz) for set NSET_IND_TOP and time  0.1321200E+00

       -1.982666E-01 -2.892958E+01  7.023009E-11

                                INCREMENT    60


 displacements (vx,vy,vz) for set NSET_IND_TOP and time  0.1401200E+00

        10  2.544594E-05 -1.415212E-01  0.000000E+00
        11  0.000000E+00 -1.415212E-01  0.000000E+00
      1004  2.496409E-05 -1.415212E-01  0.000000E+00
      1005  2.439970E-05 -1.415212E-01  0.000000E+00
      1006  2.350570E-05 -1.415212E-01  0.000000E+00
      1007  2.208474E-05 -1.415212E-01  0.000000E+00
      1008  2.000632E-05 -1.415212E-01  0.000000E+00
      1009  1.720226E-05 -1.415212E-01  0.000000E+00
      1010  1.367768E-05 -1.415212E-01  0.000000E+00
      1011  9.517962E-06 -1.415212E-01  0.000000E+00
      1012  4.887430E-06 -1.415212E-01  0.000000E+00
      1013  2.519675E-05 -1.415212E-01  0.000000E+00
      1014  2.470719E-05 -1.415212E-01  0.000000E+00
      1015  2.400584E-05 -1.415212E-01  0.000000E+00
      1016  2.286891E-05 -1.415212E-01  0.000000E+00
      1017  2.113215E-05 -1.415212E-01  0.000000E+00
      1018  1.869468E-05 -1.415212E-01  0.000000E+00
      1019  1.552522E-05 -1.415212E-01  0.000000E+00
      1020  1.166949E-05 -1.415212E-01  0.000000E+00
      1021  7.250306E-06 -1.415212E-01  0.000000E+00
      1022  2.462213E-06 -1.415212E-01  0.000000E+00

 forces (fx,fy,fz) for set NSET_IND_TOP and time  0.1401200E+00

        10  2.156647E-04 -8.924786E-01  1.664772E-12
        11  3.270125E-05 -2.124686E-04  2.779745E-12
      1004  1.319752E-04 -1.599177E+00  2.778387E-12
      1005  3.680172E-05 -1.499822E+00 -1.984416E-12
      1006  9.715962E-05 -1.438031E+00 -1.732596E-12
      1007  4.952135E-05 -1.374416E+00  8.351131E-12
      1008  9.085491E-05 -1.278970E+00 -3.457674E-12
      1009  3.765542E-05 -1.131932E+00 -6.927905E-12
      1010 -5.013317E-06 -9.236785E-01 -1.332716E-11
      1011  1.143520E-05 -6.563845E-01 -2.373944E-11
      1012 -3.131483E-06 -3.411843E-01  1.065012E-11
      1013 -1.289266E-02 -3.366003E+00  1.432310E-11
      1014 -1.964157E-02 -3.089056E+00  5.069611E-12
      1015 -1.875931E-02 -2.934820E+00 -2.114775E-11
      1016 -2.397979E-02 -2.813363E+00 -2.256062E-11
      1017 -2.242153E-02 -2.657003E+00  1.282519E-11
      1018 -2.715460E-02 -2.416454E+00 -5.356382E-12
      1019 -2.550219E-02 -2.062189E+00 -1.443479E-11
      1020 -2.554552E-02 -1.585822E+00 -6.849521E-12
      1021 -2.980886E-02 -1.001250E+00 -1.129030E-11
      1022 -2.396063E-02 -3.426419E-01  5.980105E-12

 total force (fx,fy,fz) for set NSET_IND_TOP and time  0.1401200E+00

       -2.289710E-01 -3.340489E+01 -6.838640E-11

                                INCREMENT    70


 displacements (vx,vy,vz) for set NSET_IND_TOP and time  0.1481200E+00

        10  2.908705E-05 -1.496012E-01  0.000000E+00
        11  0.000000E+00 -1.496012E-01  0.000000E+00
      1004  2.853640E-05 -1.496012E-01  0.000000E+00
      1005  2.789138E-05 -1.496012E-01  0.000000E+00
      1006  2.686957E-05 -1.496012E-01  0.000000E+00
      1007  2.524536E-05 -1.496012E-01  0.000000E+00
      1008  2.286959E-05 -1.496012E-01  0.000000E+00
      1009  1.966430E-05 -1.496012E-01  0.000000E+00
      1010  1.563533E-05 -1.496012E-01  0.000000E+00
      1011  1.088027E-05 -1.496012E-01  0.000000E+00
      1012  5.586978E-06 -1.496012E-01  0.000000E+00
      1013  2.880228E-05 -1.496012E-01  0.000000E+00
      1014  2.824281E-05 -1.496012E-01  0.000000E+00
      1015  2.744122E-05 -1.496012E-01  0.000000E+00
      1016  2.614171E-05 -1.496012E-01  0.000000E+00
      1017  2.415650E-05 -1.496012E-01  0.000000E+00
      1018  2.137028E-05 -1.496012E-01  0.000000E+00
      1019  1.774727E-05 -1.496012E-01  0.000000E+00
      1020  1.333973E-05 -1.496012E-01  0.000000E+00
      1021  8.288051E-06 -1.496012E-01  0.000000E+00
      1022  2.814636E-06 -1.496012E-01  0.000000E+00

 forces (fx,fy,fz) for set NSET_IND_TOP and time  0.1481200E+00

        10  2.465250E-04 -1.020011E+00 -2.486822E-13
        11  3.738114E-05 -2.429002E-04 -2.248226E-12
      1004  1.508562E-04 -1.827716E+00  1.266489E-11
      1005  4.205845E-05 -1.714200E+00 -6.577508E-14
      1006  1.110552E-04 -1.643618E+00 -3.406792E-12
      1007  5.659900E-05 -1.570947E+00  6.106307E-12
      1008  1.038515E-04 -1.461884E+00  1.015945E-11
      1009  4.303716E-05 -1.293838E+00  5.866547E-12
      1010 -5.737306E-06 -1.055812E+00 -4.036345E-12
      1011  1.306419E-05 -7.502883E-01 -9.111620E-12
      1012 -3.585853E-06 -3.899970E-01  1.328793E-11
      1013 -1.473838E-02 -3.847010E+00  1.668787E-11
      1014 -2.245337E-02 -3.530550E+00  2.131206E-11
      1015 -2.144475E-02 -3.354352E+00  7.003065E-12
      1016 -2.741251E-02 -3.215613E+00 -4.631628E-12
      1017 -2.563118E-02 -3.036966E+00  6.039613E-12
      1018 -3.104180E-02 -2.762069E+00  8.962275E-12
      1019 -2.915287E-02 -2.357172E+00  9.780288E-12
      1020 -2.920244E-02 -1.812684E+00  7.467360E-13
      1021 -3.407613E-02 -1.144494E+00  1.596334E-11
      1022 -2.739071E-02 -3.916634E-01 -2.473022E-12

 total force (fx,fy,fz) for set NSET_IND_TOP and time  0.1481200E+00

       -2.617490E-01 -3.818113E+01  1.083583E-10

                                INCREMENT    80


 displacements (vx,vy,vz) for set NSET_IND_TOP and time  0.1561200E+00

        10  3.296492E-05 -1.576812E-01  0.000000E+00
        11  0.000000E+00 -1.576812E-01  0.000000E+00
      1004  3.234102E-05 -1.576812E-01  0.000000E+00
      1005  3.161016E-05 -1.576812E-01  0.000000E+00
      1006  3.045227E-05 -1.576812E-01  0.000000E+00
      1007  2.861163E-05 -1.576812E-01  0.000000E+00
      1008  2.591918E-05 -1.576812E-01  0.000000E+00
      1009  2.228657E-05 -1.576812E-01  0.000000E+00
      1010  1.772039E-05 -1.576812E-01  0.000000E+00
      1011  1.233125E-05 -1.576812E-01  0.000000E+00
      1012  6.332064E-06 -1.576812E-01  0.000000E+00
      1013  3.264227E-05 -1.576812E-01  0.000000E+00
      1014  3.200837E-05 -1.576812E-01  0.000000E+00
      1015  3.110006E-05 -1.576812E-01  0.000000E+00
      1016  2.962743E-05 -1.576812E-01  0.000000E+00
      1017  2.737764E-05 -1.576812E-01  0.000000E+00
      1018  2.422000E-05 -1.576812E-01  0.000000E+00
      1019  2.011394E-05 -1.576812E-01  0.000000E+00
      1020  1.511869E-05 -1.576812E-01  0.000000E+00
      1021  9.393348E-06 -1.576812E-01  0.000000E+00
      1022  3.190001E-06 -1.576812E-01  0.000000E+00

 forces (fx,fy,fz) for set NSET_IND_TOP and time  0.1561200E+00

        10  2.793920E-04 -1.155786E+00  4.515931E-12
        11  4.236544E-05 -2.753184E-04 -3.397482E-12
      1004  1.709638E-04 -2.071034E+00 -1.641573E-11
      1005  4.765436E-05 -1.942452E+00  1.232812E-12
      1006  1.258523E-04 -1.862523E+00  3.997117E-12
      1007  6.413441E-05 -1.780219E+00  2.354781E-12
      1008  1.176920E-04 -1.656664E+00 -1.086150E-11
      1009  4.876693E-05 -1.466255E+00 -1.060167E-11
      1010 -6.510259E-06 -1.196526E+00 -1.413749E-11
      1011  1.479699E-05 -8.502923E-01  1.049660E-11
      1012 -4.071566E-06 -4.419814E-01 -3.170126E-12
      1013 -1.670434E-02 -4.359116E+00  7.184475E-12
      1014 -2.544834E-02 -4.000605E+00 -1.527478E-11
      1015 -2.430511E-02 -3.801047E+00 -4.980016E-12
      1016 -3.106881E-02 -3.643931E+00 -2.768341E-12
      1017 -2.904987E-02 -3.441570E+00 -3.307132E-12
      1018 -3.518218E-02 -3.130114E+00 -8.413048E-12
      1019 -3.304134E-02 -2.671307E+00 -6.139755E-12
      1020 -3.309756E-02 -2.054281E+00 -8.179346E-12
      1021 -3.862137E-02 -1.297044E+00  1.154632E-13
      1022 -3.104424E-02 -4.438702E-01  3.886891E-13

 total force (fx,fy,fz) for set NSET_IND_TOP and time  0.1561200E+00

       -2.966621E-01 -4.326689E+01 -7.736055E-11

                                INCREMENT    90


 displacements (vx,vy,vz) for set NSET_IND_TOP and time  0.1641200E+00

        10  3.706685E-05 -1.657612E-01  0.000000E+00
        11  0.000000E+00 -1.657612E-01  0.000000E+00
      1004  3.636552E-05 -1.657612E-01  0.000000E+00
      1005  3.554390E-05 -1.657612E-01  0.000000E+00
      1006  3.424208E-05 -1.657612E-01  0.000000E+00
      1007  3.217254E-05 -1.657612E-01  0.000000E+00
      1008  2.914513E-05 -1.657612E-01  0.000000E+00
      1009  2.506051E-05 -1.657612E-01  0.000000E+00
      1010  1.992606E-05 -1.657612E-01  0.000000E+00
      1011  1.386617E-05 -1.657612E-01  0.000000E+00
      1012  7.120255E-06 -1.657612E-01  0.000000E+00
      1013  3.670415E-05 -1.657612E-01  0.000000E+00
      1014  3.599157E-05 -1.657612E-01  0.000000E+00
      1015  3.497041E-05 -1.657612E-01  0.000000E+00
      1016  3.331467E-05 -1.657612E-01  0.000000E+00
      1017  3.078504E-05 -1.657612E-01  0.000000E+00
      1018  2.723452E-05 -1.657612E-01  0.000000E+00
      1019  2.261750E-05 -1.657612E-01  0.000000E+00
      1020  1.700055E-05 -1.657612E-01  0.000000E+00
      1021  1.056259E-05 -1.657612E-01  0.000000E+00
      1022  3.587083E-06 -1.657612E-01  0.000000E+00

 forces (fx,fy,fz) for set NSET_IND_TOP and time  0.1641200E+00

        10  3.141581E-04 -1.299359E+00 -6.829464E-12
        11  4.763780E-05 -3.096178E-04  5.435854E-12
      1004  1.922321E-04 -2.328330E+00  2.414655E-12
      1005  5.357093E-05 -2.183827E+00 -1.329880E-11
      1006  1.415022E-04 -2.094026E+00  7.208926E-12
      1007  7.210273E-05 -2.001546E+00 -2.776546E-12
      1008  1.323309E-04 -1.862673E+00 -4.193312E-12
      1009  5.482581E-05 -1.648617E+00 -5.977892E-13
      1010 -7.329822E-06 -1.345361E+00 -5.417602E-12
      1011  1.662771E-05 -9.560694E-01 -9.712570E-12
      1012 -4.587208E-06 -4.969674E-01  9.162555E-12
      1013 -1.878414E-02 -4.900634E+00 -2.371991E-12
      1014 -2.861671E-02 -4.497674E+00 -1.474998E-11
      1015 -2.733105E-02 -4.273437E+00  1.992517E-12
      1016 -3.493677E-02 -4.096909E+00 -2.222222E-12
      1017 -3.266646E-02 -3.869490E+00 -7.323142E-12
      1018 -3.956223E-02 -3.519381E+00  3.366862E-12
      1019 -3.715491E-02 -3.003566E+00 -1.325628E-11
      1020 -3.721817E-02 -2.309823E+00 -6.208811E-12
      1021 -4.342974E-02 -1.458402E+00  1.548650E-11
      1022 -3.490928E-02 -4.990916E-01  1.712730E-11

 total force (fx,fy,fz) for set NSET_IND_TOP and time  0.1641200E+00

       -3.335964E-01 -4.864549E+01 -2.676334E-11

                                INCREMENT   100


 displacements (vx,vy,vz) for set NSET_IND_TOP and time  0.1721200E+00

        10  4.141437E-05 -1.738412E-01  0.000000E+00
        11  0.000000E+00 -1.738412E-01  0.000000E+00
      1004  4.063101E-05 -1.738412E-01  0.000000E+00
      1005  3.971324E-05 -1.738412E-01  0.000000E+00
      1006  3.825892E-05 -1.738412E-01  0.000000E+00
      1007  3.594678E-05 -1.738412E-01  0.000000E+00
      1008  3.256437E-05 -1.738412E-01  0.000000E+00
      1009  2.800067E-05 -1.738412E-01  0.000000E+00
      1010  2.226393E-05 -1.738412E-01  0.000000E+00
      1011  1.549310E-05 -1.738412E-01  0.000000E+00
      1012  7.955692E-06 -1.738412E-01  0.000000E+00
      1013  4.100925E-05 -1.738412E-01  0.000000E+00
      1014  4.021331E-05 -1.738412E-01  0.000000E+00
      1015  3.907258E-05 -1.738412E-01  0.000000E+00
      1016  3.722281E-05 -1.738412E-01  0.000000E+00
      1017  3.439659E-05 -1.738412E-01  0.000000E+00
      1018  3.042968E-05 -1.738412E-01  0.000000E+00
      1019  2.527110E-05 -1.738412E-01  0.000000E+00
      1020  1.899520E-05 -1.738412E-01  0.000000E+00
      1021  1.180191E-05 -1.738412E-01  0.000000E+00
      1022  4.007966E-06 -1.738412E-01  0.000000E+00

 forces (fx,fy,fz) for set NSET_IND_TOP and time  0.1721200E+00

        10  3.510056E-04 -1.451475E+00 -7.500426E-12
        11  5.322584E-05 -3.459791E-04  6.460472E-12
      1004  2.147725E-04 -2.600943E+00 -2.072345E-12
      1005  5.983879E-05 -2.439584E+00 -6.128496E-12
      1006  1.580867E-04 -2.339334E+00  4.645500E-12
      1007  8.054534E-05 -2.236083E+00  1.127148E-11
      1008  1.478447E-04 -2.080986E+00  2.953106E-12
      1009  6.124522E-05 -1.841879E+00 -9.257441E-12
      1010 -8.200599E-06 -1.503095E+00  1.687094E-12
      1011  1.856557E-05 -1.068174E+00 -8.080640E-12
      1012 -5.135791E-06 -5.552431E-01  2.784734E-11
      1013 -2.098873E-02 -5.474380E+00 -8.143264E-12
      1014 -3.197514E-02 -5.024346E+00  6.055156E-13
      1015 -3.053851E-02 -4.773985E+00  2.220724E-11
      1016 -3.903672E-02 -4.576912E+00 -3.494982E-12
      1017 -3.649996E-02 -4.322960E+00  1.182987E-11
      1018 -4.420499E-02 -3.931906E+00  6.175949E-12
      1019 -4.151521E-02 -3.355688E+00 -1.977329E-11
      1020 -4.158595E-02 -2.580647E+00  5.982992E-12
      1021 -4.852654E-02 -1.629412E+00  4.639622E-12
      1022 -3.900617E-02 -5.576167E-01  1.906808E-11

 total force (fx,fy,fz) for set NSET_IND_TOP and time  0.1721200E+00

       -3.727461E-01 -5.434499E+01  6.092336E-11

                                INCREMENT   110


 displacements (vx,vy,vz) for set NSET_IND_TOP and time  0.1801200E+00

        10  4.598805E-05 -1.819212E-01  0.000000E+00
        11  0.000000E+00 -1.819212E-01  0.000000E+00
      1004  4.511843E-05 -1.819212E-01  0.000000E+00
      1005  4.409954E-05 -1.819212E-01  0.000000E+00
      1006  4.248482E-05 -1.819212E-01  0.000000E+00
      1007  3.991750E-05 -1.819212E-01  0.000000E+00
      1008  3.616165E-05 -1.819212E-01  0.000000E+00
      1009  3.109395E-05 -1.819212E-01  0.000000E+00
      1010  2.472356E-05 -1.819212E-01  0.000000E+00
      1011  1.720476E-05 -1.819212E-01  0.000000E+00
      1012  8.834650E-06 -1.819212E-01  0.000000E+00
      1013  4.553831E-05 -1.819212E-01  0.000000E+00
      1014  4.465472E-05 -1.819212E-01  0.000000E+00
      1015  4.338825E-05 -1.819212E-01  0.000000E+00
      1016  4.133438E-05 -1.819212E-01  0.000000E+00
      1017  3.819617E-05 -1.819212E-01  0.000000E+00
      1018  3.379122E-05 -1.819212E-01  0.000000E+00
      1019  2.806289E-05 -1.819212E-01  0.000000E+00
      1020  2.109375E-05 -1.819212E-01  0.000000E+00
      1021  1.310580E-05 -1.819212E-01  0.000000E+00
      1022  4.450775E-06 -1.819212E-01  0.000000E+00

 forces (fx,fy,fz) for set NSET_IND_TOP and time  0.1801200E+00

        10  3.897699E-04 -1.611446E+00 -7.899863E-12
        11  5.910460E-05 -3.842411E-04 -7.681846E-13
      1004  2.384841E-04 -2.887643E+00  5.780301E-12
      1005  6.642954E-05 -2.708569E+00 -4.515056E-12
      1006  1.755314E-04 -2.597344E+00  1.024335E-11
      1007  8.942416E-05 -2.482776E+00 -7.793474E-12
      1008  1.641639E-04 -2.310625E+00  2.188554E-11
      1009  6.799621E-05 -2.045173E+00 -1.309969E-12
      1010 -9.118971E-06 -1.669023E+00  4.039459E-12
      1011  2.060163E-05 -1.186103E+00 -1.050010E-11
      1012 -5.715110E-06 -6.165476E-01  1.053333E-12
      1013 -2.330828E-02 -6.077763E+00 -1.565414E-12
      1014 -3.550868E-02 -5.578244E+00  2.673417E-12
      1015 -3.391317E-02 -5.300436E+00 -2.091771E-12
      1016 -4.335039E-02 -5.081781E+00 -7.125189E-12
      1017 -4.053329E-02 -4.799944E+00  1.474820E-12
      1018 -4.908977E-02 -4.365840E+00  8.564927E-12
      1019 -4.610281E-02 -3.726094E+00 -2.532197E-12
      1020 -4.618142E-02 -2.865542E+00  2.814415E-12
      1021 -5.388905E-02 -1.809309E+00 -1.602518E-11
      1022 -4.331664E-02 -6.191838E-01 -1.249734E-11

 total force (fx,fy,fz) for set NSET_IND_TOP and time  0.1801200E+00

       -4.139368E-01 -6.033977E+01 -1.609417E-11

                                INCREMENT   120


 displacements (vx,vy,vz) for set NSET_IND_TOP and time  0.1881200E+00

        10  5.080394E-05 -1.900012E-01  0.000000E+00
        11  0.000000E+00 -1.900012E-01  0.000000E+00
      1004  4.984355E-05 -1.900012E-01  0.000000E+00
      1005  4.871825E-05 -1.900012E-01  0.000000E+00
      1006  4.693467E-05 -1.900012E-01  0.000000E+00
      1007  4.409867E-05 -1.900012E-01  0.000000E+00
      1008  3.994962E-05 -1.900012E-01  0.000000E+00
      1009  3.435123E-05 -1.900012E-01  0.000000E+00
      1010  2.731361E-05 -1.900012E-01  0.000000E+00
      1011  1.900720E-05 -1.900012E-01  0.000000E+00
      1012  9.760222E-06 -1.900012E-01  0.000000E+00
      1013  5.030726E-05 -1.900012E-01  0.000000E+00
      1014  4.933143E-05 -1.900012E-01  0.000000E+00
      1015  4.793258E-05 -1.900012E-01  0.000000E+00
      1016  4.566385E-05 -1.900012E-01  0.000000E+00
      1017  4.219715E-05 -1.900012E-01  0.000000E+00
      1018  3.733098E-05 -1.900012E-01  0.000000E+00
      1019  3.100272E-05 -1.900012E-01  0.000000E+00
      1020  2.330358E-05 -1.900012E-01  0.000000E+00
      1021  1.447883E-05 -1.900012E-01  0.000000E+00
      1022  4.917069E-06 -1.900012E-01  0.000000E+00

 forces (fx,fy,fz) for set NSET_IND_TOP and time  0.1881200E+00

        10  4.305871E-04 -1.779829E+00  1.262202E-12
        11  6.529469E-05 -4.245391E-04  4.492321E-12
      1004  2.634501E-04 -3.189425E+00  2.004207E-12
      1005  7.336589E-05 -2.991718E+00  7.888998E-12
      1006  1.938971E-04 -2.868955E+00 -4.180676E-12
      1007  9.876992E-05 -2.742487E+00  1.139117E-11
      1008  1.813456E-04 -2.552393E+00 -4.644393E-12
      1009  7.510208E-05 -2.259212E+00 -1.211119E-11
      1010 -1.008851E-05 -1.843725E+00  2.935740E-13
      1011  2.274259E-05 -1.310272E+00 -2.108645E-11
      1012 -6.327555E-06 -6.810961E-01  1.945543E-11
      1013 -2.575098E-02 -6.712878E+00  4.418466E-12
      1014 -3.922978E-02 -6.161294E+00 -4.055423E-12
      1015 -3.746695E-02 -5.854623E+00  2.027933E-12
      1016 -4.789300E-02 -5.613278E+00  1.240652E-11
      1017 -4.478067E-02 -5.302109E+00 -1.343503E-11
      1018 -5.423378E-02 -4.822700E+00 -1.395328E-11
      1019 -5.093388E-02 -4.116084E+00 -5.819789E-13
      1020 -5.102080E-02 -3.165505E+00 -1.474842E-11
      1021 -5.953618E-02 -1.998725E+00 -1.762679E-11
      1022 -4.785591E-02 -6.840089E-01  2.807576E-11

 total force (fx,fy,fz) for set NSET_IND_TOP and time  0.1881200E+00

       -4.573138E-01 -6.665074E+01 -1.270706E-11

                                INCREMENT   130


 displacements (vx,vy,vz) for set NSET_IND_TOP and time  0.1961200E+00

        10  5.586537E-05 -1.980812E-01  0.000000E+00
        11  0.000000E+00 -1.980812E-01  0.000000E+00
      1004  5.480964E-05 -1.980812E-01  0.000000E+00
      1005  5.357253E-05 -1.980812E-01  0.000000E+00
      1006  5.161153E-05 -1.980812E-01  0.000000E+00
      1007  4.849321E-05 -1.980812E-01  0.000000E+00
      1008  4.393091E-05 -1.980812E-01  0.000000E+00
      1009  3.777479E-05 -1.980812E-01  0.000000E+00
      1010  3.003589E-05 -1.980812E-01  0.000000E+00
      1011  2.090167E-05 -1.980812E-01  0.000000E+00
      1012  1.073306E-05 -1.980812E-01  0.000000E+00
      1013  5.531937E-05 -1.980812E-01  0.000000E+00
      1014  5.424666E-05 -1.980812E-01  0.000000E+00
      1015  5.270874E-05 -1.980812E-01  0.000000E+00
      1016  5.021422E-05 -1.980812E-01  0.000000E+00
      1017  4.640232E-05 -1.980812E-01  0.000000E+00
      1018  4.105140E-05 -1.980812E-01  0.000000E+00
      1019  3.409262E-05 -1.980812E-01  0.000000E+00
      1020  2.562624E-05 -1.980812E-01  0.000000E+00
      1021  1.592197E-05 -1.980812E-01  0.000000E+00
      1022  5.407174E-06 -1.980812E-01  0.000000E+00

 forces (fx,fy,fz) for set NSET_IND_TOP and time  0.1961200E+00

        10  4.734854E-04 -1.956728E+00 -4.868394E-12
        11  7.180035E-05 -4.669027E-04 -6.602153E-12
      1004  2.896873E-04 -3.506479E+00  6.152148E-12
      1005  8.065204E-05 -3.289211E+00 -1.494779E-11
      1006  2.131959E-04 -3.154343E+00  2.043497E-11
      1007  1.085885E-04 -3.015386E+00  8.448314E-12
      1008  1.994011E-04 -2.806450E+00  1.586157E-12
      1009  8.256728E-05 -2.484140E+00  9.733586E-12
      1010 -1.111032E-05 -2.027320E+00 -1.182263E-11
      1011  2.498944E-05 -1.440763E+00 -1.347646E-11
      1012 -6.973962E-06 -7.489326E-01 -6.941119E-12
      1013 -2.831855E-02 -7.380122E+00 -4.581335E-12
      1014 -4.314109E-02 -6.773865E+00 -2.920819E-11
      1015 -4.120235E-02 -6.436903E+00  1.433409E-11
      1016 -5.266774E-02 -6.171750E+00 -9.265921E-12
      1017 -4.924510E-02 -5.829787E+00  2.817147E-11
      1018 -5.964066E-02 -5.302792E+00 -1.296785E-11
      1019 -5.601184E-02 -4.525918E+00 -5.876855E-12
      1020 -5.610750E-02 -3.480740E+00  3.352429E-12
      1021 -6.547193E-02 -2.197787E+00 -3.770095E-12
      1022 -5.262718E-02 -7.521360E-01 -1.297984E-11

 total force (fx,fy,fz) for set NSET_IND_TOP and time  0.1961200E+00

       -5.029077E-01 -7.328202E+01 -4.509548E-11

                                INCREMENT   135


 displacements (vx,vy,vz) for set NSET_IND_TOP and time  0.2000000E+00

        10  5.840762E-05 -2.020000E-01  0.000000E+00
        11  0.000000E+00 -2.020000E-01  0.000000E+00
      1004  5.730402E-05 -2.020000E-01  0.000000E+00
      1005  5.601078E-05 -2.020000E-01  0.000000E+00
      1006  5.396068E-05 -2.020000E-01  0.000000E+00
      1007  5.070055E-05 -2.020000E-01  0.000000E+00
      1008  4.593071E-05 -2.020000E-01  0.000000E+00
      1009  3.949444E-05 -2.020000E-01  0.000000E+00
      1010  3.140331E-05 -2.020000E-01  0.000000E+00
      1011  2.185327E-05 -2.020000E-01  0.000000E+00
      1012  1.122172E-05 -2.020000E-01  0.000000E+00
      1013  5.783686E-05 -2.020000E-01  0.000000E+00
      1014  5.671550E-05 -2.020000E-01  0.000000E+00
      1015  5.510775E-05 -2.020000E-01  0.000000E+00
      1016  5.249983E-05 -2.020000E-01  0.000000E+00
      1017  4.851455E-05 -2.020000E-01  0.000000E+00
      1018  4.292017E-05 -2.020000E-01  0.000000E+00
      1019  3.564468E-05 -2.020000E-01  0.000000E+00
      1020  2.679292E-05 -2.020000E-01  0.000000E+00
      1021  1.664687E-05 -2.020000E-01  0.000000E+00
      1022  5.653357E-06 -2.020000E-01  0.000000E+00

 forces (fx,fy,fz) for set NSET_IND_TOP and time  0.2000000E+00

        10  4.950322E-04 -2.045555E+00 -4.332966E-12
        11  7.506799E-05 -4.881851E-04 -7.101288E-13
      1004  3.028650E-04 -3.665686E+00  5.842249E-12
      1005  8.431023E-05 -3.438601E+00  1.411189E-11
      1006  2.228881E-04 -3.297660E+00  1.385003E-11
      1007  1.135187E-04 -3.152437E+00 -1.530118E-12
      1008  2.084692E-04 -2.934043E+00 -5.396778E-12
      1009  8.631574E-05 -2.597107E+00 -6.506730E-12
      1010 -1.162464E-05 -2.119530E+00 -2.446748E-11
      1011  2.611671E-05 -1.506303E+00  3.942443E-12
      1012 -7.299695E-06 -7.830042E-01  1.312988E-11
      1013 -2.960832E-02 -7.715170E+00  4.221956E-12
      1014 -4.510584E-02 -7.081468E+00  6.058487E-12
      1015 -4.307873E-02 -6.729309E+00  1.178124E-11
      1016 -5.506620E-02 -6.452211E+00  4.066303E-12
      1017 -5.148768E-02 -6.094795E+00 -8.457901E-12
      1018 -6.235665E-02 -5.543909E+00 -2.537970E-13
      1019 -5.856261E-02 -4.731755E+00 -7.485124E-12
      1020 -5.866266E-02 -3.639067E+00 -4.013900E-12
      1021 -6.845359E-02 -2.297768E+00 -1.172396E-13
      1022 -5.502389E-02 -7.863537E-01  9.384937E-12

 total force (fx,fy,fz) for set NSET_IND_TOP and time  0.2000000E+00

       -5.258105E-01 -7.661222E+01  2.311725E-11

                        S T E P       3


                                INCREMENT    10


 displacements (vx,vy,vz) for set NSET_IND_TOP and time  0.2007589E+00

        10  5.890575E-05 -2.027665E-01  0.000000E+00
        11  0.000000E+00 -2.027665E-01  0.000000E+00
      1004  5.779278E-05 -2.027665E-01  0.000000E+00
      1005  5.648854E-05 -2.027665E-01  0.000000E+00
      1006  5.442099E-05 -2.027665E-01  0.000000E+00
      1007  5.113308E-05 -2.027665E-01  0.000000E+00
      1008  4.632257E-05 -2.027665E-01  0.000000E+00
      1009  3.983141E-05 -2.027665E-01  0.000000E+00
      1010  3.167126E-05 -2.027665E-01  0.000000E+00
      1011  2.203975E-05 -2.027665E-01  0.000000E+00
      1012  1.131748E-05 -2.027665E-01  0.000000E+00
      1013  5.833015E-05 -2.027665E-01  0.000000E+00
      1014  5.719926E-05 -2.027665E-01  0.000000E+00
      1015  5.557783E-05 -2.027665E-01  0.000000E+00
      1016  5.294770E-05 -2.027665E-01  0.000000E+00
      1017  4.892845E-05 -2.027665E-01  0.000000E+00
      1018  4.328636E-05 -2.027665E-01  0.000000E+00
      1019  3.594881E-05 -2.027665E-01  0.000000E+00
      1020  2.702154E-05 -2.027665E-01  0.000000E+00
      1021  1.678892E-05 -2.027665E-01  0.000000E+00
      1022  5.701598E-06 -2.027665E-01  0.000000E+00

 forces (fx,fy,fz) for set NSET_IND_TOP and time  0.2007589E+00

        10  4.992542E-04 -2.062954E+00 -2.485777E-12
        11  7.570827E-05 -4.923562E-04  6.886668E-12
      1004  3.054469E-04 -3.696871E+00 -3.962407E-12
      1005  8.502671E-05 -3.467865E+00  1.429001E-11
      1006  2.247870E-04 -3.325736E+00  1.748272E-11
      1007  1.144845E-04 -3.179287E+00  6.398626E-12
      1008  2.102459E-04 -2.959041E+00 -6.029578E-13
      1009  8.705000E-05 -2.619240E+00  1.107804E-12
      1010 -1.172565E-05 -2.137597E+00  7.815624E-12
      1011  2.633733E-05 -1.519145E+00 -6.191437E-12
      1012 -7.363739E-06 -7.896801E-01  1.175183E-12
      1013 -2.986107E-02 -7.780799E+00  1.339540E-11
      1014 -4.549086E-02 -7.141724E+00  1.070277E-11
      1015 -4.344643E-02 -6.786590E+00 -1.619860E-11
      1016 -5.553621E-02 -6.507155E+00 -3.799183E-13
      1017 -5.192714E-02 -6.146714E+00 -1.868949E-11
      1018 -6.288888E-02 -5.591149E+00 -4.220846E-12
      1019 -5.906247E-02 -4.772084E+00 -3.138156E-12
      1020 -5.916337E-02 -3.670089E+00  3.529177E-12
      1021 -6.903789E-02 -2.317357E+00 -9.430234E-13
      1022 -5.549356E-02 -7.930582E-01  1.692269E-11

 total force (fx,fy,fz) for set NSET_IND_TOP and time  0.2007589E+00

       -5.302986E-01 -7.726463E+01  4.289406E-11

                                INCREMENT    20


 displacements (vx,vy,vz) for set NSET_IND_TOP and time  0.2056433E+00

        10  6.218684E-05 -2.076997E-01  0.000000E+00
        11  0.000000E+00 -2.076997E-01  0.000000E+00
      1004  6.101211E-05 -2.076997E-01  0.000000E+00
      1005  5.963544E-05 -2.076997E-01  0.000000E+00
      1006  5.745291E-05 -2.076997E-01  0.000000E+00
      1007  5.398200E-05 -2.076997E-01  0.000000E+00
      1008  4.890362E-05 -2.076997E-01  0.000000E+00
      1009  4.205090E-05 -2.076997E-01  0.000000E+00
      1010  3.343614E-05 -2.076997E-01  0.000000E+00
      1011  2.326795E-05 -2.076997E-01  0.000000E+00
      1012  1.194818E-05 -2.076997E-01  0.000000E+00
      1013  6.157930E-05 -2.076997E-01  0.000000E+00
      1014  6.038564E-05 -2.076997E-01  0.000000E+00
      1015  5.867410E-05 -2.076997E-01  0.000000E+00
      1016  5.589763E-05 -2.076997E-01  0.000000E+00
      1017  5.165462E-05 -2.076997E-01  0.000000E+00
      1018  4.569831E-05 -2.076997E-01  0.000000E+00
      1019  3.795201E-05 -2.076997E-01  0.000000E+00
      1020  2.852734E-05 -2.076997E-01  0.000000E+00
      1021  1.772453E-05 -2.076997E-01  0.000000E+00
      1022  6.019341E-06 -2.076997E-01  0.000000E+00

 forces (fx,fy,fz) for set NSET_IND_TOP and time  0.2056433E+00

        10  5.270631E-04 -2.177573E+00  5.147450E-12
        11  7.992554E-05 -5.198275E-04  2.968701E-12
      1004  3.224539E-04 -3.902309E+00  6.058142E-12
      1005  8.974677E-05 -3.660641E+00 -1.299640E-11
      1006  2.372949E-04 -3.510681E+00  6.617523E-12
      1007  1.208463E-04 -3.356152E+00  2.441195E-11
      1008  2.219487E-04 -3.123704E+00  4.671133E-13
      1009  9.188684E-05 -2.765030E+00  3.297686E-12
      1010 -1.239041E-05 -2.256601E+00 -7.762811E-12
      1011  2.779111E-05 -1.603730E+00 -2.392400E-11
      1012 -7.785062E-06 -8.336527E-01  2.007251E-11
      1013 -3.152580E-02 -8.213135E+00  1.537404E-11
      1014 -4.802678E-02 -7.538656E+00 -1.365819E-11
      1015 -4.586828E-02 -7.163921E+00 -1.353673E-11
      1016 -5.863190E-02 -6.869085E+00 -2.889911E-12
      1017 -5.482163E-02 -6.488709E+00 -3.691714E-12
      1018 -6.639441E-02 -5.902320E+00 -1.276534E-12
      1019 -6.235475E-02 -5.037729E+00 -1.560174E-11
      1020 -6.246133E-02 -3.874423E+00 -7.278622E-12
      1021 -7.288633E-02 -2.446392E+00 -1.318279E-11
      1022 -5.858702E-02 -8.372194E-01  1.464406E-11

 total force (fx,fy,fz) for set NSET_IND_TOP and time  0.2056433E+00

       -5.598594E-01 -8.156218E+01 -1.674025E-11

                                INCREMENT    30


 displacements (vx,vy,vz) for set NSET_IND_TOP and time  0.2106433E+00

        10  6.566264E-05 -2.127497E-01  0.000000E+00
        11  0.000000E+00 -2.127497E-01  0.000000E+00
      1004  6.442250E-05 -2.127497E-01  0.000000E+00
      1005  6.296913E-05 -2.127497E-01  0.000000E+00
      1006  6.066482E-05 -2.127497E-01  0.000000E+00
      1007  5.700008E-05 -2.127497E-01  0.000000E+00
      1008  5.163794E-05 -2.127497E-01  0.000000E+00
      1009  4.440221E-05 -2.127497E-01  0.000000E+00
      1010  3.530583E-05 -2.127497E-01  0.000000E+00
      1011  2.456911E-05 -2.127497E-01  0.000000E+00
      1012  1.261635E-05 -2.127497E-01  0.000000E+00
      1013  6.502126E-05 -2.127497E-01  0.000000E+00
      1014  6.376114E-05 -2.127497E-01  0.000000E+00
      1015  6.195416E-05 -2.127497E-01  0.000000E+00
      1016  5.902270E-05 -2.127497E-01  0.000000E+00
      1017  5.454266E-05 -2.127497E-01  0.000000E+00
      1018  4.825349E-05 -2.127497E-01  0.000000E+00
      1019  4.007418E-05 -2.127497E-01  0.000000E+00
      1020  3.012258E-05 -2.127497E-01  0.000000E+00
      1021  1.871571E-05 -2.127497E-01  0.000000E+00
      1022  6.355958E-06 -2.127497E-01  0.000000E+00

 forces (fx,fy,fz) for set NSET_IND_TOP and time  0.2106433E+00

        10  5.565221E-04 -2.298958E+00 -9.093323E-12
        11  8.439297E-05 -5.489344E-04 -1.511430E-12
      1004  3.404692E-04 -4.119879E+00  9.028634E-12
      1005  9.474485E-05 -3.864810E+00 -7.832372E-12
      1006  2.505433E-04 -3.706565E+00 -1.587376E-13
      1007  1.275836E-04 -3.543485E+00 -1.383820E-12
      1008  2.343448E-04 -3.298119E+00  1.412082E-13
      1009  9.700903E-05 -2.919460E+00 -7.474767E-13
      1010 -1.309617E-05 -2.382660E+00  4.352378E-12
      1011  2.932933E-05 -1.693332E+00 -1.042915E-11
      1012 -8.232902E-06 -8.802333E-01  1.290574E-11
      1013 -3.328948E-02 -8.670998E+00  1.736544E-11
      1014 -5.071344E-02 -7.959037E+00 -1.267608E-11
      1015 -4.843408E-02 -7.563561E+00 -3.536949E-12
      1016 -6.191157E-02 -7.252429E+00 -2.967626E-12
      1017 -5.788814E-02 -6.850954E+00  5.051959E-12
      1018 -7.010827E-02 -6.231925E+00 -1.617062E-11
      1019 -6.584269E-02 -5.319118E+00 -2.644063E-11
      1020 -6.595528E-02 -4.090872E+00  2.945466E-11
      1021 -7.696350E-02 -2.583078E+00 -6.639134E-12
      1022 -6.186433E-02 -8.839997E-01  1.674216E-12

 total force (fx,fy,fz) for set NSET_IND_TOP and time  0.2106433E+00

       -5.911772E-01 -8.611402E+01 -1.961312E-11

                                INCREMENT    40


 displacements (vx,vy,vz) for set NSET_IND_TOP and time  0.2156433E+00

        10  6.917820E-05 -2.177997E-01  0.000000E+00
        11  0.000000E+00 -2.177997E-01  0.000000E+00
      1004  6.787197E-05 -2.177997E-01  0.000000E+00
      1005  6.634107E-05 -2.177997E-01  0.000000E+00
      1006  6.391363E-05 -2.177997E-01  0.000000E+00
      1007  6.005287E-05 -2.177997E-01  0.000000E+00
      1008  5.440375E-05 -2.177997E-01  0.000000E+00
      1009  4.678062E-05 -2.177997E-01  0.000000E+00
      1010  3.719711E-05 -2.177997E-01  0.000000E+00
      1011  2.588530E-05 -2.177997E-01  0.000000E+00
      1012  1.329224E-05 -2.177997E-01  0.000000E+00
      1013  6.850264E-05 -2.177997E-01  0.000000E+00
      1014  6.717535E-05 -2.177997E-01  0.000000E+00
      1015  6.527189E-05 -2.177997E-01  0.000000E+00
      1016  6.218369E-05 -2.177997E-01  0.000000E+00
      1017  5.746395E-05 -2.177997E-01  0.000000E+00
      1018  5.083811E-05 -2.177997E-01  0.000000E+00
      1019  4.222083E-05 -2.177997E-01  0.000000E+00
      1020  3.173625E-05 -2.177997E-01  0.000000E+00
      1021  1.971835E-05 -2.177997E-01  0.000000E+00
      1022  6.696465E-06 -2.177997E-01  0.000000E+00

 forces (fx,fy,fz) for set NSET_IND_TOP and time  0.2156433E+00

        10  5.863183E-04 -2.421664E+00 -1.058092E-11
        11  8.891182E-05 -5.783861E-04  3.840328E-12
      1004  3.586891E-04 -4.339825E+00 -8.345966E-12
      1005  9.979651E-05 -4.071222E+00  9.038419E-12
      1006  2.639405E-04 -3.904618E+00 -1.862959E-12
      1007  1.343948E-04 -3.732907E+00 -6.122665E-12
      1008  2.468812E-04 -3.474492E+00  4.761793E-12
      1009  1.021874E-04 -3.075631E+00 -6.108630E-12
      1010 -1.381254E-05 -2.510147E+00  4.710257E-12
      1011  3.088237E-05 -1.783950E+00 -1.954275E-11
      1012 -8.688270E-06 -9.273438E-01  2.786072E-12
      1013 -3.507369E-02 -9.133849E+00  1.845857E-12
      1014 -5.343131E-02 -8.384023E+00 -6.178613E-12
      1015 -5.102966E-02 -7.967610E+00  8.657075E-12
      1016 -6.522931E-02 -7.640034E+00 -1.469136E-11
      1017 -6.099024E-02 -7.217252E+00 -2.332423E-11
      1018 -7.386524E-02 -6.565240E+00  1.246159E-11
      1019 -6.937113E-02 -5.603688E+00  8.779644E-13
      1020 -6.948983E-02 -4.309776E+00 -1.537681E-11
      1021 -8.108804E-02 -2.721318E+00  1.717693E-11
      1022 -6.517973E-02 -9.313123E-01  2.069189E-11

 total force (fx,fy,fz) for set NSET_IND_TOP and time  0.2156433E+00

       -6.228587E-01 -9.071648E+01 -2.528673E-11

                                INCREMENT    50


 displacements (vx,vy,vz) for set NSET_IND_TOP and time  0.2206433E+00

        10  7.281506E-05 -2.228497E-01  0.000000E+00
        11  0.000000E+00 -2.228497E-01  0.000000E+00
      1004  7.144046E-05 -2.228497E-01  0.000000E+00
      1005  6.982935E-05 -2.228497E-01  0.000000E+00
      1006  6.727454E-05 -2.228497E-01  0.000000E+00
      1007  6.321098E-05 -2.228497E-01  0.000000E+00
      1008  5.726499E-05 -2.228497E-01  0.000000E+00
      1009  4.924109E-05 -2.228497E-01  0.000000E+00
      1010  3.915363E-05 -2.228497E-01  0.000000E+00
      1011  2.724690E-05 -2.228497E-01  0.000000E+00
      1012  1.399144E-05 -2.228497E-01  0.000000E+00
      1013  7.210414E-05 -2.228497E-01  0.000000E+00
      1014  7.070736E-05 -2.228497E-01  0.000000E+00
      1015  6.870409E-05 -2.228497E-01  0.000000E+00
      1016  6.545375E-05 -2.228497E-01  0.000000E+00
      1017  6.048602E-05 -2.228497E-01  0.000000E+00
      1018  5.351190E-05 -2.228497E-01  0.000000E+00
      1019  4.444154E-05 -2.228497E-01  0.000000E+00
      1020  3.340557E-05 -2.228497E-01  0.000000E+00
      1021  2.075557E-05 -2.228497E-01  0.000000E+00
      1022  7.048718E-06 -2.228497E-01  0.000000E+00

 forces (fx,fy,fz) for set NSET_IND_TOP and time  0.2206433E+00

        10  6.171423E-04 -2.548605E+00 -8.030708E-12
        11  9.358618E-05 -6.088529E-04  1.972967E-12
      1004  3.775375E-04 -4.567363E+00  4.971112E-12
      1005  1.050222E-04 -4.284760E+00  6.851695E-12
      1006  2.777995E-04 -4.109508E+00  1.166024E-11
      1007  1.414406E-04 -3.928869E+00 -2.633493E-11
      1008  2.598494E-04 -3.656953E+00  4.834252E-12
      1009  1.075439E-04 -3.237192E+00  6.875888E-12
      1010 -1.455394E-05 -2.642033E+00 -1.865238E-13
      1011  3.248843E-05 -1.877696E+00 -8.915394E-15
      1012 -9.159709E-06 -9.760799E-01 -3.548195E-12
      1013 -3.691945E-02 -9.612676E+00  1.987432E-11
      1014 -5.624296E-02 -8.823678E+00 -1.192024E-11
      1015 -5.371479E-02 -8.385606E+00 -1.899192E-11
      1016 -6.866151E-02 -8.041019E+00 -1.447797E-11
      1017 -6.419935E-02 -7.596193E+00  2.821965E-12
      1018 -7.775181E-02 -6.910058E+00  1.223688E-11
      1019 -7.302128E-02 -5.898080E+00 -1.097433E-11
      1020 -7.314628E-02 -4.536234E+00  3.833378E-12
      1021 -8.535484E-02 -2.864328E+00  2.387024E-11
      1022 -6.860948E-02 -9.802575E-01  1.166911E-11

 total force (fx,fy,fz) for set NSET_IND_TOP and time  0.2206433E+00

       -6.556331E-01 -9.547780E+01  1.699831E-11

                                INCREMENT    60


 displacements (vx,vy,vz) for set NSET_IND_TOP and time  0.2256433E+00

        10  7.652804E-05 -2.278997E-01  0.000000E+00
        11  0.000000E+00 -2.278997E-01  0.000000E+00
      1004  7.508366E-05 -2.278997E-01  0.000000E+00
      1005  7.339070E-05 -2.278997E-01  0.000000E+00
      1006  7.070587E-05 -2.278997E-01  0.000000E+00
      1007  6.643530E-05 -2.278997E-01  0.000000E+00
      1008  6.018621E-05 -2.278997E-01  0.000000E+00
      1009  5.175317E-05 -2.278997E-01  0.000000E+00
      1010  4.115120E-05 -2.278997E-01  0.000000E+00
      1011  2.863706E-05 -2.278997E-01  0.000000E+00
      1012  1.470532E-05 -2.278997E-01  0.000000E+00
      1013  7.578103E-05 -2.278997E-01  0.000000E+00
      1014  7.431333E-05 -2.278997E-01  0.000000E+00
      1015  7.220819E-05 -2.278997E-01  0.000000E+00
      1016  6.879234E-05 -2.278997E-01  0.000000E+00
      1017  6.357145E-05 -2.278997E-01  0.000000E+00
      1018  5.624177E-05 -2.278997E-01  0.000000E+00
      1019  4.670883E-05 -2.278997E-01  0.000000E+00
      1020  3.510992E-05 -2.278997E-01  0.000000E+00
      1021  2.181455E-05 -2.278997E-01  0.000000E+00
      1022  7.408365E-06 -2.278997E-01  0.000000E+00

 forces (fx,fy,fz) for set NSET_IND_TOP and time  0.2256433E+00

        10  6.486114E-04 -2.678164E+00 -8.859375E-12
        11  9.835827E-05 -6.399634E-04  4.445657E-12
      1004  3.967793E-04 -4.799597E+00 -7.572673E-12
      1005  1.103550E-04 -4.502715E+00 -1.203972E-11
      1006  2.919466E-04 -4.318646E+00  3.273010E-11
      1007  1.486315E-04 -4.128901E+00  9.098508E-12
      1008  2.730877E-04 -3.843211E+00  5.057309E-12
      1009  1.130105E-04 -3.402122E+00  3.401898E-12
      1010 -1.531258E-05 -2.776671E+00 -6.450406E-12
      1011  3.412608E-05 -1.973400E+00 -4.297687E-12
      1012 -9.642691E-06 -1.025834E+00  1.647617E-11
      1013 -3.880404E-02 -1.010138E+01 -1.755374E-11
      1014 -5.911372E-02 -9.272418E+00 -2.173062E-11
      1015 -5.645637E-02 -8.812258E+00 -2.087619E-11
      1016 -7.216584E-02 -8.450325E+00 -1.294076E-12
      1017 -6.747591E-02 -7.983015E+00  1.237899E-11
      1018 -8.172006E-02 -7.262059E+00 -3.388534E-11
      1019 -7.674815E-02 -6.198611E+00  2.252865E-12
      1020 -7.687959E-02 -4.767420E+00 -2.030820E-12
      1021 -8.971133E-02 -3.010325E+00 -1.580069E-12
      1022 -7.211133E-02 -1.030225E+00  2.920730E-11

 total force (fx,fy,fz) for set NSET_IND_TOP and time  0.2256433E+00

       -6.890964E-01 -1.003379E+02 -2.312191E-11

                                INCREMENT    70


 displacements (vx,vy,vz) for set NSET_IND_TOP and time  0.2306433E+00

        10  6.480461E-05 -2.329497E-01  0.000000E+00
        11  0.000000E+00 -2.329497E-01  0.000000E+00
      1004  6.358515E-05 -2.329497E-01  0.000000E+00
      1005  6.215492E-05 -2.329497E-01  0.000000E+00
      1006  5.988430E-05 -2.329497E-01  0.000000E+00
      1007  5.627019E-05 -2.329497E-01  0.000000E+00
      1008  5.097973E-05 -2.329497E-01  0.000000E+00
      1009  4.383861E-05 -2.329497E-01  0.000000E+00
      1010  3.485935E-05 -2.329497E-01  0.000000E+00
      1011  2.425930E-05 -2.329497E-01  0.000000E+00
      1012  1.245755E-05 -2.329497E-01  0.000000E+00
      1013  6.417388E-05 -2.329497E-01  0.000000E+00
      1014  6.293457E-05 -2.329497E-01  0.000000E+00
      1015  6.115509E-05 -2.329497E-01  0.000000E+00
      1016  5.826513E-05 -2.329497E-01  0.000000E+00
      1017  5.384585E-05 -2.329497E-01  0.000000E+00
      1018  4.763974E-05 -2.329497E-01  0.000000E+00
      1019  3.956650E-05 -2.329497E-01  0.000000E+00
      1020  2.974225E-05 -2.329497E-01  0.000000E+00
      1021  1.847997E-05 -2.329497E-01  0.000000E+00
      1022  6.276004E-06 -2.329497E-01  0.000000E+00

 forces (fx,fy,fz) for set NSET_IND_TOP and time  0.2306433E+00

        10  5.492230E-04 -2.263357E+00 -8.269080E-12
        11  8.327973E-05 -5.427097E-04 -3.024121E-12
      1004  3.358670E-04 -4.056835E+00 -1.059695E-11
      1005  9.317599E-05 -3.806935E+00  1.436739E-11
      1006  2.469907E-04 -3.652439E+00  2.172704E-11
      1007  1.255987E-04 -3.492981E+00  3.999774E-12
      1008  2.310948E-04 -3.252105E+00  1.290236E-11
      1009  9.548084E-05 -2.879442E+00 -3.024631E-11
      1010 -1.317139E-05 -2.350451E+00 -3.342205E-12
      1011  2.865574E-05 -1.670671E+00 -6.681826E-12
      1012 -8.366299E-06 -8.685245E-01  5.148418E-12
      1013 -3.288212E-02 -8.537350E+00 -7.506773E-12
      1014 -5.008983E-02 -7.838463E+00  1.036571E-11
      1015 -4.783641E-02 -7.451681E+00 -1.387201E-11
      1016 -6.114588E-02 -7.147791E+00  5.546008E-12
      1017 -5.717166E-02 -6.754338E+00  2.058309E-11
      1018 -6.924072E-02 -6.145735E+00 -1.919265E-11
      1019 -6.502868E-02 -5.246700E+00 -4.699574E-12
      1020 -6.514081E-02 -4.035835E+00  8.837153E-12
      1021 -7.601408E-02 -2.548602E+00  2.370371E-11
      1022 -6.110170E-02 -8.722488E-01  7.714052E-12

 total force (fx,fy,fz) for set NSET_IND_TOP and time  0.2306433E+00

       -5.838841E-01 -8.487303E+01  2.746320E-11

                                INCREMENT    80


 displacements (vx,vy,vz) for set NSET_IND_TOP and time  0.2356433E+00

        10  6.908929E-05 -2.379997E-01  0.000000E+00
        11  0.000000E+00 -2.379997E-01  0.000000E+00
      1004  6.778942E-05 -2.379997E-01  0.000000E+00
      1005  6.626483E-05 -2.379997E-01  0.000000E+00
      1006  6.384425E-05 -2.379997E-01  0.000000E+00
      1007  5.999131E-05 -2.379997E-01  0.000000E+00
      1008  5.435113E-05 -2.379997E-01  0.000000E+00
      1009  4.673785E-05 -2.379997E-01  0.000000E+00
      1010  3.716483E-05 -2.379997E-01  0.000000E+00
      1011  2.586377E-05 -2.379997E-01  0.000000E+00
      1012  1.328148E-05 -2.379997E-01  0.000000E+00
      1013  6.841696E-05 -2.379997E-01  0.000000E+00
      1014  6.709592E-05 -2.379997E-01  0.000000E+00
      1015  6.519898E-05 -2.379997E-01  0.000000E+00
      1016  6.211809E-05 -2.379997E-01  0.000000E+00
      1017  5.740673E-05 -2.379997E-01  0.000000E+00
      1018  5.079032E-05 -2.379997E-01  0.000000E+00
      1019  4.218326E-05 -2.379997E-01  0.000000E+00
      1020  3.170932E-05 -2.379997E-01  0.000000E+00
      1021  1.970221E-05 -2.379997E-01  0.000000E+00
      1022  6.691096E-06 -2.379997E-01  0.000000E+00

 forces (fx,fy,fz) for set NSET_IND_TOP and time  0.2356433E+00

        10  5.855354E-04 -2.412731E+00 -4.965750E-12
        11  8.878504E-05 -5.786330E-04 -8.125972E-12
      1004  3.580665E-04 -4.324608E+00  1.937563E-11
      1005  9.932061E-05 -4.058276E+00  7.783118E-12
      1006  2.633072E-04 -3.893647E+00  7.765152E-12
      1007  1.338872E-04 -3.723718E+00  1.471623E-11
      1008  2.463643E-04 -3.466978E+00  8.548821E-12
      1009  1.017807E-04 -3.069727E+00  2.172155E-11
      1010 -1.405418E-05 -2.505799E+00  8.780210E-12
      1011  3.053621E-05 -1.781100E+00  2.317657E-11
      1012 -8.931069E-06 -9.259363E-01  1.559979E-11
      1013 -3.505754E-02 -9.100815E+00 -9.904300E-12
      1014 -5.340354E-02 -8.355905E+00  1.077161E-11
      1015 -5.100094E-02 -7.943722E+00  7.857492E-12
      1016 -6.519078E-02 -7.619894E+00  2.239542E-12
      1017 -6.095363E-02 -7.200562E+00 -2.315703E-12
      1018 -7.382106E-02 -6.551832E+00 -1.347589E-11
      1019 -6.933041E-02 -5.593445E+00  9.196643E-12
      1020 -6.944999E-02 -4.302586E+00  1.318012E-11
      1021 -8.104259E-02 -2.717067E+00  1.034062E-11
      1022 -6.514373E-02 -9.299072E-01 -2.368550E-12

 total force (fx,fy,fz) for set NSET_IND_TOP and time  0.2356433E+00

       -6.225096E-01 -9.047883E+01  1.398969E-10

                                INCREMENT    90


 displacements (vx,vy,vz) for set NSET_IND_TOP and time  0.2406433E+00

        10  7.344938E-05 -2.430497E-01  0.000000E+00
        11  0.000000E+00 -2.430497E-01  0.000000E+00
      1004  7.206771E-05 -2.430497E-01  0.000000E+00
      1005  7.044712E-05 -2.430497E-01  0.000000E+00
      1006  6.787397E-05 -2.430497E-01  0.000000E+00
      1007  6.377801E-05 -2.430497E-01  0.000000E+00
      1008  5.778196E-05 -2.430497E-01  0.000000E+00
      1009  4.968822E-05 -2.430497E-01  0.000000E+00
      1010  3.951096E-05 -2.430497E-01  0.000000E+00
      1011  2.749654E-05 -2.430497E-01  0.000000E+00
      1012  1.411995E-05 -2.430497E-01  0.000000E+00
      1013  7.273474E-05 -2.430497E-01  0.000000E+00
      1014  7.133056E-05 -2.430497E-01  0.000000E+00
      1015  6.931411E-05 -2.430497E-01  0.000000E+00
      1016  6.603895E-05 -2.430497E-01  0.000000E+00
      1017  6.103036E-05 -2.430497E-01  0.000000E+00
      1018  5.399644E-05 -2.430497E-01  0.000000E+00
      1019  4.484616E-05 -2.430497E-01  0.000000E+00
      1020  3.371110E-05 -2.430497E-01  0.000000E+00
      1021  2.094601E-05 -2.430497E-01  0.000000E+00
      1022  7.113510E-06 -2.430497E-01  0.000000E+00

 forces (fx,fy,fz) for set NSET_IND_TOP and time  0.2406433E+00

        10  6.224870E-04 -2.564702E+00 -6.038649E-12
        11  9.438720E-05 -6.151932E-04  1.091783E-11
      1004  3.806560E-04 -4.597043E+00  8.743369E-12
      1005  1.055716E-04 -4.313999E+00 -2.889900E-12
      1006  2.799095E-04 -4.139068E+00  1.146656E-11
      1007  1.423199E-04 -3.958493E+00 -1.165584E-11
      1008  2.619015E-04 -3.685616E+00 -1.578190E-12
      1009  1.081900E-04 -3.263349E+00 -2.830413E-11
      1010 -1.495383E-05 -2.663874E+00  1.770046E-11
      1011  3.244823E-05 -1.893470E+00 -1.991719E-11
      1012 -9.507061E-06 -9.843572E-01  7.584468E-12
      1013 -3.727141E-02 -9.674084E+00  1.985279E-11
      1014 -5.677580E-02 -8.882360E+00  6.530554E-12
      1015 -5.422137E-02 -8.444349E+00  1.448397E-12
      1016 -6.930713E-02 -8.100251E+00 -9.351631E-12
      1017 -6.480239E-02 -7.654599E+00 -5.949463E-12
      1018 -7.848229E-02 -6.965049E+00 -8.978152E-12
      1019 -7.370812E-02 -5.946275E+00 -8.436363E-12
      1020 -7.383528E-02 -4.574022E+00 -8.876455E-12
      1021 -8.615991E-02 -2.888491E+00  1.318234E-11
      1022 -6.925717E-02 -9.885790E-01  1.940870E-11

 total force (fx,fy,fz) for set NSET_IND_TOP and time  0.2406433E+00

       -6.618175E-01 -9.618265E+01  4.859496E-12

                                INCREMENT   100


 displacements (vx,vy,vz) for set NSET_IND_TOP and time  0.2456433E+00

        10  7.790572E-05 -2.480997E-01  0.000000E+00
        11  0.000000E+00 -2.480997E-01  0.000000E+00
      1004  7.644047E-05 -2.480997E-01  0.000000E+00
      1005  7.472178E-05 -2.480997E-01  0.000000E+00
      1006  7.199270E-05 -2.480997E-01  0.000000E+00
      1007  6.764838E-05 -2.480997E-01  0.000000E+00
      1008  6.128861E-05 -2.480997E-01  0.000000E+00
      1009  5.270381E-05 -2.480997E-01  0.000000E+00
      1010  4.190897E-05 -2.480997E-01  0.000000E+00
      1011  2.916541E-05 -2.480997E-01  0.000000E+00
      1012  1.497696E-05 -2.480997E-01  0.000000E+00
      1013  7.714785E-05 -2.480997E-01  0.000000E+00
      1014  7.565871E-05 -2.480997E-01  0.000000E+00
      1015  7.352013E-05 -2.480997E-01  0.000000E+00
      1016  7.004643E-05 -2.480997E-01  0.000000E+00
      1017  6.473407E-05 -2.480997E-01  0.000000E+00
      1018  5.727343E-05 -2.480997E-01  0.000000E+00
      1019  4.756793E-05 -2.480997E-01  0.000000E+00
      1020  3.575713E-05 -2.480997E-01  0.000000E+00
      1021  2.221732E-05 -2.480997E-01  0.000000E+00
      1022  7.545266E-06 -2.480997E-01  0.000000E+00

 forces (fx,fy,fz) for set NSET_IND_TOP and time  0.2456433E+00

        10  6.602541E-04 -2.719994E+00 -5.448288E-12
        11  1.001128E-04 -6.525654E-04  2.266584E-12
      1004  4.037431E-04 -4.875435E+00 -3.754207E-12
      1005  1.119585E-04 -4.575322E+00  9.038919E-12
      1006  2.968765E-04 -4.389872E+00  1.082604E-11
      1007  1.509367E-04 -4.198424E+00  9.789712E-13
      1008  2.777803E-04 -3.909063E+00  1.166430E-11
      1009  1.147390E-04 -3.461234E+00 -2.766555E-12
      1010 -1.587488E-05 -2.825431E+00  4.498162E-12
      1011  3.440057E-05 -2.008316E+00 -1.764650E-11
      1012 -1.009730E-05 -1.044066E+00  1.308613E-11
      1013 -3.953431E-02 -1.025988E+01 -1.970357E-11
      1014 -6.022273E-02 -9.420336E+00  2.228551E-11
      1015 -5.751310E-02 -8.955948E+00  4.654055E-13
      1016 -7.351460E-02 -8.591151E+00 -4.460876E-12
      1017 -6.873634E-02 -8.118614E+00  4.670930E-12
      1018 -8.324670E-02 -7.387357E+00  8.402168E-12
      1019 -7.818273E-02 -6.306874E+00 -4.066791E-11
      1020 -7.831765E-02 -4.851440E+00 -5.123013E-12
      1021 -9.139052E-02 -3.063694E+00 -8.304024E-12
      1022 -7.346166E-02 -1.048544E+00  2.269207E-11

 total force (fx,fy,fz) for set NSET_IND_TOP and time  0.2456433E+00

       -7.019955E-01 -1.020117E+02  3.000234E-12

                                INCREMENT   110


 displacements (vx,vy,vz) for set NSET_IND_TOP and time  0.2506433E+00

        10  8.244994E-05 -2.531497E-01  0.000000E+00
        11  0.000000E+00 -2.531497E-01  0.000000E+00
      1004  8.089949E-05 -2.531497E-01  0.000000E+00
      1005  7.908080E-05 -2.531497E-01  0.000000E+00
      1006  7.619274E-05 -2.531497E-01  0.000000E+00
      1007  7.159517E-05 -2.531497E-01  0.000000E+00
      1008  6.486452E-05 -2.531497E-01  0.000000E+00
      1009  5.577896E-05 -2.531497E-01  0.000000E+00
      1010  4.435436E-05 -2.531497E-01  0.000000E+00
      1011  3.086725E-05 -2.531497E-01  0.000000E+00
      1012  1.585090E-05 -2.531497E-01  0.000000E+00
      1013  8.164800E-05 -2.531497E-01  0.000000E+00
      1014  8.007226E-05 -2.531497E-01  0.000000E+00
      1015  7.780916E-05 -2.531497E-01  0.000000E+00
      1016  7.413302E-05 -2.531497E-01  0.000000E+00
      1017  6.851092E-05 -2.531497E-01  0.000000E+00
      1018  6.061514E-05 -2.531497E-01  0.000000E+00
      1019  5.034346E-05 -2.531497E-01  0.000000E+00
      1020  3.784358E-05 -2.531497E-01  0.000000E+00
      1021  2.351375E-05 -2.531497E-01  0.000000E+00
      1022  7.985554E-06 -2.531497E-01  0.000000E+00

 forces (fx,fy,fz) for set NSET_IND_TOP and time  0.2506433E+00

        10  6.987659E-04 -2.878316E+00 -1.335656E-11
        11  1.059512E-04 -6.906795E-04 -2.796116E-12
      1004  4.272848E-04 -5.159264E+00  1.162617E-11
      1005  1.184695E-04 -4.841756E+00  4.781033E-12
      1006  3.141763E-04 -4.645589E+00  1.801923E-11
      1007  1.597215E-04 -4.443063E+00  1.988108E-11
      1008  2.939709E-04 -4.136899E+00  1.033253E-13
      1009  1.214155E-04 -3.663010E+00 -1.293872E-11
      1010 -1.681559E-05 -2.990168E+00 -1.073235E-11
      1011  3.638962E-05 -2.125425E+00  4.303449E-12
      1012 -1.070062E-05 -1.104951E+00 -9.991525E-13
      1013 -4.184201E-02 -1.085712E+01  1.649925E-11
      1014 -6.373787E-02 -9.968824E+00  1.096678E-12
      1015 -6.086996E-02 -9.477561E+00  2.096101E-13
      1016 -7.780530E-02 -9.091675E+00  6.989964E-13
      1017 -7.274811E-02 -8.591740E+00  1.679989E-12
      1018 -8.810536E-02 -7.817966E+00 -2.049383E-11
      1019 -8.274586E-02 -6.674568E+00 -1.198552E-11
      1020 -8.288869E-02 -5.134318E+00 -1.392664E-12
      1021 -9.672460E-02 -3.242348E+00 -4.309886E-12
      1022 -7.774934E-02 -1.109691E+00  1.909006E-11

 total force (fx,fy,fz) for set NSET_IND_TOP and time  0.2506433E+00

       -7.429685E-01 -1.079549E+02  1.898406E-11

                                INCREMENT   120


 displacements (vx,vy,vz) for set NSET_IND_TOP and time  0.2556433E+00

        10  8.707583E-05 -2.581997E-01  0.000000E+00
        11  0.000000E+00 -2.581997E-01  0.000000E+00
      1004  8.543868E-05 -2.581997E-01  0.000000E+00
      1005  8.351821E-05 -2.581997E-01  0.000000E+00
      1006  8.046833E-05 -2.581997E-01  0.000000E+00
      1007  7.561297E-05 -2.581997E-01  0.000000E+00
      1008  6.850479E-05 -2.581997E-01  0.000000E+00
      1009  5.890948E-05 -2.581997E-01  0.000000E+00
      1010  4.684378E-05 -2.581997E-01  0.000000E+00
      1011  3.259975E-05 -2.581997E-01  0.000000E+00
      1012  1.674059E-05 -2.581997E-01  0.000000E+00
      1013  8.622904E-05 -2.581997E-01  0.000000E+00
      1014  8.456517E-05 -2.581997E-01  0.000000E+00
      1015  8.217534E-05 -2.581997E-01  0.000000E+00
      1016  7.829314E-05 -2.581997E-01  0.000000E+00
      1017  7.235574E-05 -2.581997E-01  0.000000E+00
      1018  6.401701E-05 -2.581997E-01  0.000000E+00
      1019  5.316897E-05 -2.581997E-01  0.000000E+00
      1020  3.996761E-05 -2.581997E-01  0.000000E+00
      1021  2.483353E-05 -2.581997E-01  0.000000E+00
      1022  8.433773E-06 -2.581997E-01  0.000000E+00

 forces (fx,fy,fz) for set NSET_IND_TOP and time  0.2556433E+00

        10  7.379698E-04 -3.039447E+00 -2.411931E-11
        11  1.118944E-04 -7.294838E-04  2.086315E-11
      1004  4.512485E-04 -5.448133E+00 -1.429064E-11
      1005  1.250953E-04 -5.112930E+00 -7.787883E-12
      1006  3.317852E-04 -4.905864E+00  4.033845E-11
      1007  1.686619E-04 -4.692070E+00  1.776057E-11
      1008  3.104512E-04 -4.368810E+00  1.002410E-11
      1009  1.282103E-04 -3.868399E+00 -9.584410E-12
      1010 -1.777482E-05 -3.157858E+00 -8.863619E-12
      1011  3.841250E-05 -2.244633E+00 -2.381741E-11
      1012 -1.131637E-05 -1.166929E+00  3.261748E-13
      1013 -4.419136E-02 -1.146495E+01  1.176681E-11
      1014 -6.731644E-02 -1.052706E+01  3.961276E-13
      1015 -6.428737E-02 -1.000846E+01  9.945378E-12
      1016 -8.217339E-02 -9.601128E+00 -2.793676E-11
      1017 -7.683224E-02 -9.073321E+00  1.773248E-12
      1018 -9.305164E-02 -8.256282E+00  5.136780E-12
      1019 -8.739128E-02 -7.048849E+00 -1.083000E-11
      1020 -8.754217E-02 -5.422269E+00  1.003642E-13
      1021 -1.021549E-01 -3.424207E+00  9.605650E-13
      1022 -8.211435E-02 -1.171935E+00  1.385025E-11

 total force (fx,fy,fz) for set NSET_IND_TOP and time  0.2556433E+00

       -7.846805E-01 -1.140043E+02  6.011941E-12

                                INCREMENT   130


 displacements (vx,vy,vz) for set NSET_IND_TOP and time  0.2606433E+00

        10  9.179630E-05 -2.632497E-01  0.000000E+00
        11  0.000000E+00 -2.632497E-01  0.000000E+00
      1004  9.007071E-05 -2.632497E-01  0.000000E+00
      1005  8.804641E-05 -2.632497E-01  0.000000E+00
      1006  8.483144E-05 -2.632497E-01  0.000000E+00
      1007  7.971304E-05 -2.632497E-01  0.000000E+00
      1008  7.221961E-05 -2.632497E-01  0.000000E+00
      1009  6.210412E-05 -2.632497E-01  0.000000E+00
      1010  4.938420E-05 -2.632497E-01  0.000000E+00
      1011  3.436775E-05 -2.632497E-01  0.000000E+00
      1012  1.764851E-05 -2.632497E-01  0.000000E+00
      1013  9.090376E-05 -2.632497E-01  0.000000E+00
      1014  8.915000E-05 -2.632497E-01  0.000000E+00
      1015  8.663087E-05 -2.632497E-01  0.000000E+00
      1016  8.253843E-05 -2.632497E-01  0.000000E+00
      1017  7.627929E-05 -2.632497E-01  0.000000E+00
      1018  6.748855E-05 -2.632497E-01  0.000000E+00
      1019  5.605237E-05 -2.632497E-01  0.000000E+00
      1020  4.213517E-05 -2.632497E-01  0.000000E+00
      1021  2.618035E-05 -2.632497E-01  0.000000E+00
      1022  8.891178E-06 -2.632497E-01  0.000000E+00

 forces (fx,fy,fz) for set NSET_IND_TOP and time  0.2606433E+00

        10  7.779752E-04 -3.203832E+00 -1.656827E-12
        11  1.179588E-04 -7.690878E-04 -8.102685E-13
      1004  4.757011E-04 -5.742840E+00 -5.576305E-12
      1005  1.318541E-04 -5.389593E+00  6.955083E-12
      1006  3.497519E-04 -5.171419E+00  1.013670E-11
      1007  1.777828E-04 -4.946138E+00 -6.477121E-12
      1008  3.272668E-04 -4.605441E+00  2.821793E-11
      1009  1.351418E-04 -4.077974E+00  9.416972E-12
      1010 -1.875554E-05 -3.328968E+00 -2.381589E-11
      1011  4.047447E-05 -2.366275E+00 -1.617668E-11
      1012 -1.194654E-05 -1.230172E+00  7.535180E-12
      1013 -4.658896E-02 -1.208506E+01  1.041389E-11
      1014 -7.096848E-02 -1.109659E+01 -8.651746E-12
      1015 -6.777493E-02 -1.055012E+01 -3.492318E-12
      1016 -8.663112E-02 -1.012093E+01  9.428014E-13
      1017 -8.100017E-02 -9.564696E+00  1.381606E-11
      1018 -9.809941E-02 -8.703523E+00  9.459100E-12
      1019 -9.213203E-02 -7.430761E+00  5.481837E-12
      1020 -9.229115E-02 -5.716095E+00  2.254641E-11
      1021 -1.076966E-01 -3.609779E+00  4.718448E-12
      1022 -8.656895E-02 -1.235450E+00  8.316459E-12

 total force (fx,fy,fz) for set NSET_IND_TOP and time  0.2606433E+00

       -8.272486E-01 -1.201764E+02  7.129972E-11

                                INCREMENT   140


 displacements (vx,vy,vz) for set NSET_IND_TOP and time  0.2656433E+00

        10  9.660911E-05 -2.682997E-01  0.000000E+00
        11  0.000000E+00 -2.682997E-01  0.000000E+00
      1004  9.479337E-05 -2.682997E-01  0.000000E+00
      1005  9.266325E-05 -2.682997E-01  0.000000E+00
      1006  8.927997E-05 -2.682997E-01  0.000000E+00
      1007  8.389341E-05 -2.682997E-01  0.000000E+00
      1008  7.600721E-05 -2.682997E-01  0.000000E+00
      1009  6.536136E-05 -2.682997E-01  0.000000E+00
      1010  5.197442E-05 -2.682997E-01  0.000000E+00
      1011  3.617040E-05 -2.682997E-01  0.000000E+00
      1012  1.857423E-05 -2.682997E-01  0.000000E+00
      1013  9.566994E-05 -2.682997E-01  0.000000E+00
      1014  9.382454E-05 -2.682997E-01  0.000000E+00
      1015  9.117362E-05 -2.682997E-01  0.000000E+00
      1016  8.686684E-05 -2.682997E-01  0.000000E+00
      1017  8.027969E-05 -2.682997E-01  0.000000E+00
      1018  7.102811E-05 -2.682997E-01  0.000000E+00
      1019  5.899228E-05 -2.682997E-01  0.000000E+00
      1020  4.434521E-05 -2.682997E-01  0.000000E+00
      1021  2.755358E-05 -2.682997E-01  0.000000E+00
      1022  9.357550E-06 -2.682997E-01  0.000000E+00

 forces (fx,fy,fz) for set NSET_IND_TOP and time  0.2656433E+00

        10  8.187630E-04 -3.371393E+00 -9.660852E-12
        11  1.241417E-04 -8.094721E-04  2.920315E-12
      1004  5.006309E-04 -6.043248E+00 -2.274231E-11
      1005  1.387428E-04 -5.671617E+00  3.915831E-12
      1006  3.680681E-04 -5.442128E+00  1.420608E-11
      1007  1.870797E-04 -5.205146E+00 -9.730596E-12
      1008  3.444098E-04 -4.846680E+00 -6.969069E-12
      1009  1.422070E-04 -4.291635E+00  1.219117E-11
      1010 -1.975720E-05 -3.503418E+00 -7.906809E-12
      1011  4.257465E-05 -2.490291E+00 -9.731513E-12
      1012 -1.259076E-05 -1.294650E+00 -1.233555E-11
      1013 -4.903364E-02 -1.271715E+01 -2.229683E-11
      1014 -7.469222E-02 -1.167714E+01 -5.506706E-13
      1015 -7.133094E-02 -1.110229E+01  1.399281E-11
      1016 -9.117635E-02 -1.065082E+01 -8.150813E-12
      1017 -8.524990E-02 -1.006563E+01 -8.021583E-12
      1018 -1.032463E-01 -9.159480E+00  1.609823E-12
      1019 -9.696582E-02 -7.820122E+00  1.007949E-11
      1020 -9.713333E-02 -6.015656E+00 -1.081135E-11
      1021 -1.133471E-01 -3.798974E+00  1.151301E-11
      1022 -9.111098E-02 -1.300205E+00  1.567724E-11

 total force (fx,fy,fz) for set NSET_IND_TOP and time  0.2656433E+00

       -8.706523E-01 -1.264685E+02 -4.280217E-11

                                INCREMENT   150


 displacements (vx,vy,vz) for set NSET_IND_TOP and time  0.2706433E+00

        10  1.015139E-04 -2.733497E-01  0.000000E+00
        11  0.000000E+00 -2.733497E-01  0.000000E+00
      1004  9.960631E-05 -2.733497E-01  0.000000E+00
      1005  9.736836E-05 -2.733497E-01  0.000000E+00
      1006  9.381358E-05 -2.733497E-01  0.000000E+00
      1007  8.815374E-05 -2.733497E-01  0.000000E+00
      1008  7.986727E-05 -2.733497E-01  0.000000E+00
      1009  6.868094E-05 -2.733497E-01  0.000000E+00
      1010  5.461421E-05 -2.733497E-01  0.000000E+00
      1011  3.800757E-05 -2.733497E-01  0.000000E+00
      1012  1.951767E-05 -2.733497E-01  0.000000E+00
      1013  1.005272E-04 -2.733497E-01  0.000000E+00
      1014  9.858846E-05 -2.733497E-01  0.000000E+00
      1015  9.580325E-05 -2.733497E-01  0.000000E+00
      1016  9.127805E-05 -2.733497E-01  0.000000E+00
      1017  8.435663E-05 -2.733497E-01  0.000000E+00
      1018  7.463541E-05 -2.733497E-01  0.000000E+00
      1019  6.198845E-05 -2.733497E-01  0.000000E+00
      1020  4.659755E-05 -2.733497E-01  0.000000E+00
      1021  2.895309E-05 -2.733497E-01  0.000000E+00
      1022  9.832851E-06 -2.733497E-01  0.000000E+00

 forces (fx,fy,fz) for set NSET_IND_TOP and time  0.2706433E+00

        10  8.603300E-04 -3.542119E+00 -1.600389E-11
        11  1.304425E-04 -8.506332E-04  6.261945E-12
      1004  5.260361E-04 -6.349336E+00  3.843413E-12
      1005  1.457610E-04 -5.958982E+00  3.464715E-11
      1006  3.867322E-04 -5.717974E+00  3.006638E-11
      1007  1.965520E-04 -5.469076E+00 -1.589989E-12
      1008  3.618788E-04 -5.092510E+00 -1.539200E-11
      1009  1.494052E-04 -4.509366E+00 -1.898328E-11
      1010 -2.077972E-05 -3.681193E+00 -1.368915E-11
      1011  4.471287E-05 -2.616674E+00  4.481923E-12
      1012 -1.324899E-05 -1.360359E+00 -7.063277E-12
      1013 -5.152522E-02 -1.336120E+01 -1.657918E-11
      1014 -7.848737E-02 -1.226868E+01  1.152056E-11
      1015 -7.495514E-02 -1.166492E+01  7.054801E-12
      1016 -9.580870E-02 -1.119078E+01 -1.513234E-11
      1017 -8.958109E-02 -1.057610E+01  2.373923E-11
      1018 -1.084917E-01 -9.624118E+00 -4.622747E-11
      1019 -1.018923E-01 -8.216904E+00 -2.722755E-11
      1020 -1.020683E-01 -6.320930E+00  1.840661E-11
      1021 -1.191060E-01 -3.991779E+00  8.828493E-13
      1022 -9.574008E-02 -1.366197E+00  2.183187E-11

 total force (fx,fy,fz) for set NSET_IND_TOP and time  0.2706433E+00

       -9.148881E-01 -1.328800E+02 -1.515140E-11

                                INCREMENT   160


 displacements (vx,vy,vz) for set NSET_IND_TOP and time  0.2756433E+00

        10  1.064989E-04 -2.783997E-01  0.000000E+00
        11  0.000000E+00 -2.783997E-01  0.000000E+00
      1004  1.044980E-04 -2.783997E-01  0.000000E+00
      1005  1.021505E-04 -2.783997E-01  0.000000E+00
      1006  9.842144E-05 -2.783997E-01  0.000000E+00
      1007  9.248388E-05 -2.783997E-01  0.000000E+00
      1008  8.379060E-05 -2.783997E-01  0.000000E+00
      1009  7.205493E-05 -2.783997E-01  0.000000E+00
      1010  5.729729E-05 -2.783997E-01  0.000000E+00
      1011  3.987486E-05 -2.783997E-01  0.000000E+00
      1012  2.047658E-05 -2.783997E-01  0.000000E+00
      1013  1.054640E-04 -2.783997E-01  0.000000E+00
      1014  1.034304E-04 -2.783997E-01  0.000000E+00
      1015  1.005087E-04 -2.783997E-01  0.000000E+00
      1016  9.576151E-05 -2.783997E-01  0.000000E+00
      1017  8.850037E-05 -2.783997E-01  0.000000E+00
      1018  7.830183E-05 -2.783997E-01  0.000000E+00
      1019  6.503374E-05 -2.783997E-01  0.000000E+00
      1020  4.888683E-05 -2.783997E-01  0.000000E+00
      1021  3.037556E-05 -2.783997E-01  0.000000E+00
      1022  1.031595E-05 -2.783997E-01  0.000000E+00

 forces (fx,fy,fz) for set NSET_IND_TOP and time  0.2756433E+00

        10  9.025769E-04 -3.715601E+00 -1.710104E-11
        11  1.368463E-04 -8.924732E-04 -3.626917E-12
      1004  5.518560E-04 -6.660369E+00 -8.409794E-12
      1005  1.528917E-04 -6.250998E+00  1.780926E-12
      1006  4.056997E-04 -5.998294E+00  3.147949E-11
      1007  2.061771E-04 -5.737295E+00  4.305683E-12
      1008  3.796322E-04 -5.342341E+00  1.548089E-11
      1009  1.567193E-04 -4.730646E+00 -6.092677E-12
      1010 -2.182062E-05 -3.861868E+00  1.709818E-11
      1011  4.688408E-05 -2.745120E+00  1.686207E-11
      1012 -1.391960E-05 -1.427141E+00  7.508567E-12
      1013 -5.405775E-02 -1.401564E+01 -2.548162E-11
      1014 -8.234487E-02 -1.286978E+01 -3.330536E-11
      1015 -7.863886E-02 -1.223666E+01  2.991074E-11
      1016 -1.005171E-01 -1.173950E+01 -2.714629E-11
      1017 -9.398341E-02 -1.109486E+01 -1.957545E-12
      1018 -1.138234E-01 -1.009632E+01  3.837375E-12
      1019 -1.068996E-01 -8.620155E+00 -2.866418E-11
      1020 -1.070844E-01 -6.631186E+00  1.411715E-11
      1021 -1.249594E-01 -4.187732E+00 -5.089706E-12
      1022 -1.004452E-01 -1.433266E+00  3.543876E-11

 total force (fx,fy,fz) for set NSET_IND_TOP and time  0.2756433E+00

       -9.598504E-01 -1.393957E+02  2.094472E-11

                                INCREMENT   170


 displacements (vx,vy,vz) for set NSET_IND_TOP and time  0.2806433E+00

        10  1.115876E-04 -2.834497E-01  0.000000E+00
        11  0.000000E+00 -2.834497E-01  0.000000E+00
      1004  1.094915E-04 -2.834497E-01  0.000000E+00
      1005  1.070322E-04 -2.834497E-01  0.000000E+00
      1006  1.031253E-04 -2.834497E-01  0.000000E+00
      1007  9.690423E-05 -2.834497E-01  0.000000E+00
      1008  8.779569E-05 -2.834497E-01  0.000000E+00
      1009  7.549926E-05 -2.834497E-01  0.000000E+00
      1010  6.003630E-05 -2.834497E-01  0.000000E+00
      1011  4.178109E-05 -2.834497E-01  0.000000E+00
      1012  2.145549E-05 -2.834497E-01  0.000000E+00
      1013  1.105034E-04 -2.834497E-01  0.000000E+00
      1014  1.083731E-04 -2.834497E-01  0.000000E+00
      1015  1.053121E-04 -2.834497E-01  0.000000E+00
      1016  1.003384E-04 -2.834497E-01  0.000000E+00
      1017  9.273046E-05 -2.834497E-01  0.000000E+00
      1018  8.204466E-05 -2.834497E-01  0.000000E+00
      1019  6.814252E-05 -2.834497E-01  0.000000E+00
      1020  5.122384E-05 -2.834497E-01  0.000000E+00
      1021  3.182769E-05 -2.834497E-01  0.000000E+00
      1022  1.080912E-05 -2.834497E-01  0.000000E+00

 forces (fx,fy,fz) for set NSET_IND_TOP and time  0.2806433E+00

        10  9.457029E-04 -3.892651E+00 -1.387367E-11
        11  1.433829E-04 -9.351901E-04 -1.141224E-12
      1004  5.782119E-04 -6.977805E+00 -1.083991E-11
      1005  1.601682E-04 -6.549035E+00  1.912835E-11
      1006  4.250596E-04 -6.284404E+00 -6.415299E-12
      1007  2.159997E-04 -6.011064E+00 -4.649576E-12
      1008  3.977531E-04 -5.597350E+00 -9.986864E-12
      1009  1.641833E-04 -4.956517E+00 -8.308308E-12
      1010 -2.288523E-05 -4.046296E+00  1.703566E-11
      1011  4.909795E-05 -2.876234E+00  1.263888E-11
      1012 -1.460619E-05 -1.495311E+00  3.920591E-11
      1013 -5.664319E-02 -1.468354E+01 -2.023826E-11
      1014 -8.628295E-02 -1.348327E+01  1.074874E-11
      1015 -8.239952E-02 -1.282021E+01 -2.296341E-11
      1016 -1.053239E-01 -1.229957E+01  1.774758E-11
      1017 -9.847764E-02 -1.162437E+01 -3.130785E-11
      1018 -1.192663E-01 -1.057832E+01  1.622702E-12
      1019 -1.120115E-01 -9.031776E+00  3.223644E-11
      1020 -1.122052E-01 -6.947886E+00  7.540635E-12
      1021 -1.309350E-01 -4.387758E+00  2.268585E-11
      1022 -1.052486E-01 -1.501729E+00 -1.179812E-11

 total force (fx,fy,fz) for set NSET_IND_TOP and time  0.2806433E+00

       -1.005752E+00 -1.460460E+02  3.906828E-11

                                INCREMENT   180


 displacements (vx,vy,vz) for set NSET_IND_TOP and time  0.2856433E+00

        10  1.167530E-04 -2.884997E-01  0.000000E+00
        11  0.000000E+00 -2.884997E-01  0.000000E+00
      1004  1.145602E-04 -2.884997E-01  0.000000E+00
      1005  1.119875E-04 -2.884997E-01  0.000000E+00
      1006  1.079000E-04 -2.884997E-01  0.000000E+00
      1007  1.013912E-04 -2.884997E-01  0.000000E+00
      1008  9.186116E-05 -2.884997E-01  0.000000E+00
      1009  7.899552E-05 -2.884997E-01  0.000000E+00
      1010  6.281663E-05 -2.884997E-01  0.000000E+00
      1011  4.371608E-05 -2.884997E-01  0.000000E+00
      1012  2.244917E-05 -2.884997E-01  0.000000E+00
      1013  1.156188E-04 -2.884997E-01  0.000000E+00
      1014  1.133902E-04 -2.884997E-01  0.000000E+00
      1015  1.101879E-04 -2.884997E-01  0.000000E+00
      1016  1.049842E-04 -2.884997E-01  0.000000E+00
      1017  9.702430E-05 -2.884997E-01  0.000000E+00
      1018  8.584394E-05 -2.884997E-01  0.000000E+00
      1019  7.129818E-05 -2.884997E-01  0.000000E+00
      1020  5.359611E-05 -2.884997E-01  0.000000E+00
      1021  3.330173E-05 -2.884997E-01  0.000000E+00
      1022  1.130973E-05 -2.884997E-01  0.000000E+00

 forces (fx,fy,fz) for set NSET_IND_TOP and time  0.2856433E+00

        10  9.894775E-04 -4.072319E+00  5.201325E-13
        11  1.500177E-04 -9.785561E-04  1.030718E-11
      1004  6.049631E-04 -7.299942E+00  7.661607E-12
      1005  1.675515E-04 -6.851497E+00  3.718367E-12
      1006  4.447084E-04 -6.574773E+00 -2.938380E-12
      1007  2.259675E-04 -6.288919E+00  9.971430E-12
      1008  4.161449E-04 -5.856171E+00  7.910114E-12
      1009  1.717573E-04 -5.185770E+00 -2.375196E-11
      1010 -2.396788E-05 -4.233488E+00 -1.698087E-12
      1011  5.134270E-05 -3.009317E+00  1.239462E-11
      1012 -1.530508E-05 -1.564504E+00 -6.965278E-12
      1013 -5.926775E-02 -1.536133E+01  8.348877E-14
      1014 -9.028059E-02 -1.410585E+01  1.861489E-11
      1015 -8.621703E-02 -1.341243E+01 -1.280309E-11
      1016 -1.102033E-01 -1.286799E+01 -1.116129E-11
      1017 -1.030398E-01 -1.216178E+01  1.503464E-11
      1018 -1.247915E-01 -1.106753E+01 -9.712231E-13
      1019 -1.172007E-01 -9.449565E+00  1.143086E-12
      1020 -1.174033E-01 -7.269336E+00 -1.478995E-11
      1021 -1.370009E-01 -4.590785E+00  2.424283E-12
      1022 -1.101246E-01 -1.571220E+00  2.183276E-11

 total force (fx,fy,fz) for set NSET_IND_TOP and time  0.2856433E+00

       -1.052347E+00 -1.527955E+02  3.653733E-11

                                INCREMENT   190


 displacements (vx,vy,vz) for set NSET_IND_TOP and time  0.2906433E+00

        10  1.220080E-04 -2.935497E-01  0.000000E+00
        11  0.000000E+00 -2.935497E-01  0.000000E+00
      1004  1.197171E-04 -2.935497E-01  0.000000E+00
      1005  1.170289E-04 -2.935497E-01  0.000000E+00
      1006  1.127578E-04 -2.935497E-01  0.000000E+00
      1007  1.059563E-04 -2.935497E-01  0.000000E+00
      1008  9.599742E-05 -2.935497E-01  0.000000E+00
      1009  8.255268E-05 -2.935497E-01  0.000000E+00
      1010  6.564540E-05 -2.935497E-01  0.000000E+00
      1011  4.568478E-05 -2.935497E-01  0.000000E+00
      1012  2.346017E-05 -2.935497E-01  0.000000E+00
      1013  1.208230E-04 -2.935497E-01  0.000000E+00
      1014  1.184945E-04 -2.935497E-01  0.000000E+00
      1015  1.151485E-04 -2.935497E-01  0.000000E+00
      1016  1.097109E-04 -2.935497E-01  0.000000E+00
      1017  1.013929E-04 -2.935497E-01  0.000000E+00
      1018  8.970937E-05 -2.935497E-01  0.000000E+00
      1019  7.450881E-05 -2.935497E-01  0.000000E+00
      1020  5.600971E-05 -2.935497E-01  0.000000E+00
      1021  3.480146E-05 -2.935497E-01  0.000000E+00
      1022  1.181907E-05 -2.935497E-01  0.000000E+00

 forces (fx,fy,fz) for set NSET_IND_TOP and time  0.2906433E+00

        10  1.034013E-03 -4.255066E+00 -1.090365E-11
        11  1.567675E-04 -1.022682E-03 -5.467099E-12
      1004  6.321780E-04 -7.627605E+00  2.549272E-11
      1005  1.750603E-04 -7.159158E+00  1.189905E-11
      1006  4.646961E-04 -6.870144E+00 -1.339965E-11
      1007  2.361057E-04 -6.571569E+00 -1.928236E-12
      1008  4.348544E-04 -6.119467E+00 -1.371834E-11
      1009  1.794605E-04 -5.418993E+00 -1.101567E-12
      1010 -2.507149E-05 -4.423925E+00 -1.371069E-11
      1011  5.362383E-05 -3.144707E+00  4.812575E-12
      1012 -1.601824E-05 -1.634898E+00  1.470964E-12
      1013 -6.193815E-02 -1.605074E+01  1.917932E-11
      1014 -9.434803E-02 -1.473913E+01  7.016610E-12
      1015 -9.010118E-02 -1.401484E+01 -3.499556E-11
      1016 -1.151678E-01 -1.344620E+01  5.000445E-12
      1017 -1.076816E-01 -1.270849E+01 -3.303136E-12
      1018 -1.304132E-01 -1.156520E+01 -1.687095E-12
      1019 -1.224804E-01 -9.874592E+00  2.541078E-12
      1020 -1.226922E-01 -7.596361E+00  8.895551E-12
      1021 -1.431727E-01 -4.797335E+00  1.271783E-11
      1022 -1.150856E-01 -1.641917E+00  3.049339E-11

 total force (fx,fy,fz) for set NSET_IND_TOP and time  0.2906433E+00

       -1.099755E+00 -1.596614E+02  2.930449E-11

                                INCREMENT   200


 displacements (vx,vy,vz) for set NSET_IND_TOP and time  0.2956433E+00

        10  1.273477E-04 -2.985997E-01  0.000000E+00
        11  0.000000E+00 -2.985997E-01  0.000000E+00
      1004  1.249569E-04 -2.985997E-01  0.000000E+00
      1005  1.221515E-04 -2.985997E-01  0.000000E+00
      1006  1.176938E-04 -2.985997E-01  0.000000E+00
      1007  1.105949E-04 -2.985997E-01  0.000000E+00
      1008  1.002003E-04 -2.985997E-01  0.000000E+00
      1009  8.616719E-05 -2.985997E-01  0.000000E+00
      1010  6.851978E-05 -2.985997E-01  0.000000E+00
      1011  4.768523E-05 -2.985997E-01  0.000000E+00
      1012  2.448747E-05 -2.985997E-01  0.000000E+00
      1013  1.261110E-04 -2.985997E-01  0.000000E+00
      1014  1.236811E-04 -2.985997E-01  0.000000E+00
      1015  1.201890E-04 -2.985997E-01  0.000000E+00
      1016  1.145137E-04 -2.985997E-01  0.000000E+00
      1017  1.058319E-04 -2.985997E-01  0.000000E+00
      1018  9.363711E-05 -2.985997E-01  0.000000E+00
      1019  7.777121E-05 -2.985997E-01  0.000000E+00
      1020  5.846222E-05 -2.985997E-01  0.000000E+00
      1021  3.632538E-05 -2.985997E-01  0.000000E+00
      1022  1.233662E-05 -2.985997E-01  0.000000E+00

 forces (fx,fy,fz) for set NSET_IND_TOP and time  0.2956433E+00

        10  1.079264E-03 -4.440707E+00 -1.147241E-11
        11  1.636255E-04 -1.067525E-03 -4.519494E-12
      1004  6.598294E-04 -7.960464E+00  2.480134E-12
      1005  1.826872E-04 -7.471707E+00 -1.430523E-11
      1006  4.850029E-04 -7.170220E+00  6.546555E-12
      1007  2.464041E-04 -6.858732E+00  8.823365E-12
      1008  4.538628E-04 -6.386976E+00 -3.571194E-12
      1009  1.872852E-04 -5.655952E+00  6.282761E-12
      1010 -2.619498E-05 -4.617416E+00 -1.426084E-11
      1011  5.593903E-05 -3.282271E+00  2.472987E-12
      1012 -1.674498E-05 -1.706423E+00 -8.491897E-12
      1013 -6.465174E-02 -1.675107E+01 -7.947643E-12
      1014 -9.848122E-02 -1.538245E+01 -2.676526E-12
      1015 -9.404809E-02 -1.462683E+01  1.111644E-11
      1016 -1.202126E-01 -1.403364E+01 -2.569500E-11
      1017 -1.123983E-01 -1.326392E+01 -3.619771E-12
      1018 -1.361256E-01 -1.207084E+01  3.723688E-12
      1019 -1.278454E-01 -1.030643E+01 -2.020606E-13
      1020 -1.280666E-01 -7.928632E+00  6.525447E-12
      1021 -1.494442E-01 -5.007201E+00 -7.725376E-12
      1022 -1.201269E-01 -1.713750E+00 -3.019807E-13

 total force (fx,fy,fz) for set NSET_IND_TOP and time  0.2956433E+00

       -1.147930E+00 -1.666367E+02 -5.681805E-11

                                INCREMENT   209


 displacements (vx,vy,vz) for set NSET_IND_TOP and time  0.3000000E+00

        10  1.320674E-04 -3.030000E-01  0.000000E+00
        11  0.000000E+00 -3.030000E-01  0.000000E+00
      1004  1.295884E-04 -3.030000E-01  0.000000E+00
      1005  1.266795E-04 -3.030000E-01  0.000000E+00
      1006  1.220569E-04 -3.030000E-01  0.000000E+00
      1007  1.146951E-04 -3.030000E-01  0.000000E+00
      1008  1.039154E-04 -3.030000E-01  0.000000E+00
      1009  8.936219E-05 -3.030000E-01  0.000000E+00
      1010  7.106057E-05 -3.030000E-01  0.000000E+00
      1011  4.945352E-05 -3.030000E-01  0.000000E+00
      1012  2.539555E-05 -3.030000E-01  0.000000E+00
      1013  1.307851E-04 -3.030000E-01  0.000000E+00
      1014  1.282655E-04 -3.030000E-01  0.000000E+00
      1015  1.246444E-04 -3.030000E-01  0.000000E+00
      1016  1.187591E-04 -3.030000E-01  0.000000E+00
      1017  1.097557E-04 -3.030000E-01  0.000000E+00
      1018  9.710898E-05 -3.030000E-01  0.000000E+00
      1019  8.065498E-05 -3.030000E-01  0.000000E+00
      1020  6.063012E-05 -3.030000E-01  0.000000E+00
      1021  3.767244E-05 -3.030000E-01  0.000000E+00
      1022  1.279411E-05 -3.030000E-01  0.000000E+00

 forces (fx,fy,fz) for set NSET_IND_TOP and time  0.3000000E+00

        10  1.119262E-03 -4.604755E+00  1.774095E-12
        11  1.696871E-04 -1.107167E-03  7.414196E-12
      1004  6.842695E-04 -8.254611E+00  1.047958E-11
      1005  1.894261E-04 -7.747917E+00 -1.800069E-11
      1006  5.029500E-04 -7.435417E+00  2.995332E-11
      1007  2.555044E-04 -7.112527E+00  5.033587E-12
      1008  4.706628E-04 -6.623407E+00  1.234375E-11
      1009  1.941993E-04 -5.865387E+00 -1.725551E-11
      1010 -2.718999E-05 -4.788436E+00 -2.425815E-11
      1011  5.798308E-05 -3.403860E+00  8.672297E-12
      1012 -1.738927E-05 -1.769642E+00  2.231435E-11
      1013 -6.705050E-02 -1.736995E+01  7.636114E-13
      1014 -1.021349E-01 -1.595097E+01 -2.504663E-12
      1015 -9.753706E-02 -1.516768E+01 -1.724132E-11
      1016 -1.246720E-01 -1.455281E+01  1.457545E-11
      1017 -1.165678E-01 -1.375483E+01 -6.943779E-12
      1018 -1.411752E-01 -1.251775E+01 -2.573408E-11
      1019 -1.325878E-01 -1.068811E+01 -8.135714E-12
      1020 -1.328173E-01 -8.222316E+00 -2.055511E-11
      1021 -1.549881E-01 -5.192698E+00  3.267253E-11
      1022 -1.245832E-01 -1.777241E+00 -7.976286E-12

 total force (fx,fy,fz) for set NSET_IND_TOP and time  0.3000000E+00

       -1.190514E+00 -1.728014E+02 -2.608529E-12

                        S T E P       4


                                INCREMENT    10


 displacements (vx,vy,vz) for set NSET_IND_TOP and time  0.3007589E+00

        10  1.328969E-04 -3.037665E-01  0.000000E+00
        11  0.000000E+00 -3.037665E-01  0.000000E+00
      1004  1.304025E-04 -3.037665E-01  0.000000E+00
      1005  1.274753E-04 -3.037665E-01  0.000000E+00
      1006  1.228237E-04 -3.037665E-01  0.000000E+00
      1007  1.154158E-04 -3.037665E-01  0.000000E+00
      1008  1.045684E-04 -3.037665E-01  0.000000E+00
      1009  8.992374E-05 -3.037665E-01  0.000000E+00
      1010  7.150714E-05 -3.037665E-01  0.000000E+00
      1011  4.976432E-05 -3.037665E-01  0.000000E+00
      1012  2.555516E-05 -3.037665E-01  0.000000E+00
      1013  1.316067E-04 -3.037665E-01  0.000000E+00
      1014  1.290713E-04 -3.037665E-01  0.000000E+00
      1015  1.254275E-04 -3.037665E-01  0.000000E+00
      1016  1.195052E-04 -3.037665E-01  0.000000E+00
      1017  1.104453E-04 -3.037665E-01  0.000000E+00
      1018  9.771920E-05 -3.037665E-01  0.000000E+00
      1019  8.116183E-05 -3.037665E-01  0.000000E+00
      1020  6.101115E-05 -3.037665E-01  0.000000E+00
      1021  3.790920E-05 -3.037665E-01  0.000000E+00
      1022  1.287452E-05 -3.037665E-01  0.000000E+00

 forces (fx,fy,fz) for set NSET_IND_TOP and time  0.3007589E+00

        10  1.126292E-03 -4.633587E+00  1.293361E-11
        11  1.707524E-04 -1.114135E-03  1.802240E-11
      1004  6.885650E-04 -8.306308E+00 -5.919112E-12
      1005  1.906104E-04 -7.796462E+00  2.305142E-11
      1006  5.061041E-04 -7.482027E+00  1.558502E-11
      1007  2.571037E-04 -7.157133E+00 -9.337383E-13
      1008  4.736154E-04 -6.664961E+00  6.492116E-13
      1009  1.954143E-04 -5.902197E+00  5.535451E-13
      1010 -2.736501E-05 -4.818495E+00 -3.993263E-11
      1011  5.834215E-05 -3.425231E+00  1.008191E-11
      1012 -1.750265E-05 -1.780754E+00  2.542985E-11
      1013 -6.747212E-02 -1.747872E+01  4.438672E-13
      1014 -1.027770E-01 -1.605088E+01  2.665157E-11
      1015 -9.815030E-02 -1.526274E+01  8.763656E-12
      1016 -1.254558E-01 -1.464406E+01 -1.078160E-11
      1017 -1.173006E-01 -1.384111E+01 -5.900169E-12
      1018 -1.420627E-01 -1.259629E+01 -4.294520E-11
      1019 -1.334214E-01 -1.075520E+01 -7.371437E-12
      1020 -1.336523E-01 -8.273934E+00 -1.444667E-11
      1021 -1.559625E-01 -5.225300E+00  3.227463E-11
      1022 -1.253664E-01 -1.788401E+00  3.170841E-11

 total force (fx,fy,fz) for set NSET_IND_TOP and time  0.3007589E+00

       -1.197999E+00 -1.738849E+02  7.791854E-11

                                INCREMENT    20


 displacements (vx,vy,vz) for set NSET_IND_TOP and time  0.3056433E+00

        10  1.382882E-04 -3.086997E-01  0.000000E+00
        11  0.000000E+00 -3.086997E-01  0.000000E+00
      1004  1.356931E-04 -3.086997E-01  0.000000E+00
      1005  1.326476E-04 -3.086997E-01  0.000000E+00
      1006  1.278077E-04 -3.086997E-01  0.000000E+00
      1007  1.200995E-04 -3.086997E-01  0.000000E+00
      1008  1.088123E-04 -3.086997E-01  0.000000E+00
      1009  9.357349E-05 -3.086997E-01  0.000000E+00
      1010  7.440956E-05 -3.086997E-01  0.000000E+00
      1011  5.178431E-05 -3.086997E-01  0.000000E+00
      1012  2.659250E-05 -3.086997E-01  0.000000E+00
      1013  1.369459E-04 -3.086997E-01  0.000000E+00
      1014  1.343082E-04 -3.086997E-01  0.000000E+00
      1015  1.305169E-04 -3.086997E-01  0.000000E+00
      1016  1.243548E-04 -3.086997E-01  0.000000E+00
      1017  1.149275E-04 -3.086997E-01  0.000000E+00
      1018  1.016852E-04 -3.086997E-01  0.000000E+00
      1019  8.445605E-05 -3.086997E-01  0.000000E+00
      1020  6.348761E-05 -3.086997E-01  0.000000E+00
      1021  3.944800E-05 -3.086997E-01  0.000000E+00
      1022  1.339713E-05 -3.086997E-01  0.000000E+00

 forces (fx,fy,fz) for set NSET_IND_TOP and time  0.3056433E+00

        10  1.171981E-03 -4.820928E+00 -3.469183E-12
        11  1.776761E-04 -1.159425E-03 -1.588297E-11
      1004  7.164811E-04 -8.642228E+00  1.522484E-11
      1005  1.983051E-04 -8.111910E+00 -1.448767E-11
      1006  5.266020E-04 -7.784909E+00  8.569666E-12
      1007  2.674957E-04 -7.447003E+00  3.633371E-11
      1008  4.928036E-04 -6.935008E+00 -1.192092E-11
      1009  2.033094E-04 -6.141416E+00  2.952959E-12
      1010 -2.850398E-05 -5.013839E+00 -1.416803E-11
      1011  6.067411E-05 -3.564115E+00 -3.200672E-11
      1012 -1.824096E-05 -1.852966E+00  3.180451E-11
      1013 -7.021244E-02 -1.818548E+01 -9.275691E-12
      1014 -1.069509E-01 -1.670015E+01  2.258682E-11
      1015 -1.021360E-01 -1.588043E+01 -1.764278E-11
      1016 -1.305502E-01 -1.523701E+01  1.691536E-12
      1017 -1.220637E-01 -1.440180E+01 -9.683365E-12
      1018 -1.478313E-01 -1.310675E+01  1.449951E-11
      1019 -1.388391E-01 -1.119117E+01 -1.616529E-11
      1020 -1.390794E-01 -8.609392E+00  8.658851E-12
      1021 -1.622956E-01 -5.437183E+00  3.247180E-11
      1022 -1.304571E-01 -1.860924E+00  5.855316E-12

 total force (fx,fy,fz) for set NSET_IND_TOP and time  0.3056433E+00

       -1.246647E+00 -1.809258E+02  3.594691E-11

                                INCREMENT    30


 displacements (vx,vy,vz) for set NSET_IND_TOP and time  0.3106433E+00

        10  1.438947E-04 -3.137497E-01  0.000000E+00
        11  0.000000E+00 -3.137497E-01  0.000000E+00
      1004  1.411949E-04 -3.137497E-01  0.000000E+00
      1005  1.380264E-04 -3.137497E-01  0.000000E+00
      1006  1.329907E-04 -3.137497E-01  0.000000E+00
      1007  1.249703E-04 -3.137497E-01  0.000000E+00
      1008  1.132256E-04 -3.137497E-01  0.000000E+00
      1009  9.736903E-05 -3.137497E-01  0.000000E+00
      1010  7.742795E-05 -3.137497E-01  0.000000E+00
      1011  5.388500E-05 -3.137497E-01  0.000000E+00
      1012  2.767129E-05 -3.137497E-01  0.000000E+00
      1013  1.424982E-04 -3.137497E-01  0.000000E+00
      1014  1.397541E-04 -3.137497E-01  0.000000E+00
      1015  1.358096E-04 -3.137497E-01  0.000000E+00
      1016  1.293980E-04 -3.137497E-01  0.000000E+00
      1017  1.195888E-04 -3.137497E-01  0.000000E+00
      1018  1.058097E-04 -3.137497E-01  0.000000E+00
      1019  8.788188E-05 -3.137497E-01  0.000000E+00
      1020  6.606301E-05 -3.137497E-01  0.000000E+00
      1021  4.104828E-05 -3.137497E-01  0.000000E+00
      1022  1.394062E-05 -3.137497E-01  0.000000E+00

 forces (fx,fy,fz) for set NSET_IND_TOP and time  0.3106433E+00

        10  1.219493E-03 -5.015696E+00  4.497298E-12
        11  1.848756E-04 -1.206530E-03  4.212550E-12
      1004  7.455099E-04 -8.991473E+00 -2.929270E-11
      1005  2.063037E-04 -8.439880E+00 -1.090979E-11
      1006  5.479151E-04 -8.099829E+00  1.832837E-11
      1007  2.782991E-04 -7.748405E+00 -3.065506E-12
      1008  5.127552E-04 -7.215806E+00 -9.825890E-12
      1009  2.115167E-04 -6.390166E+00 -4.832595E-12
      1010 -2.969087E-05 -5.216970E+00 -1.114862E-11
      1011  6.309607E-05 -3.708538E+00  6.578213E-12
      1012 -1.901119E-05 -1.928059E+00  1.238763E-11
      1013 -7.306238E-02 -1.892026E+01  1.305178E-12
      1014 -1.112917E-01 -1.737518E+01 -3.064571E-11
      1015 -1.062811E-01 -1.652266E+01  5.080825E-12
      1016 -1.358482E-01 -1.585354E+01 -8.171241E-12
      1017 -1.270172E-01 -1.498480E+01 -3.093525E-12
      1018 -1.538304E-01 -1.363753E+01 -1.216005E-11
      1019 -1.444734E-01 -1.164451E+01 -2.531575E-11
      1020 -1.447235E-01 -8.958222E+00 -9.862333E-12
      1021 -1.688819E-01 -5.657515E+00  2.163691E-11
      1022 -1.357514E-01 -1.936340E+00  3.908740E-11

 total force (fx,fy,fz) for set NSET_IND_TOP and time  0.3106433E+00

       -1.297240E+00 -1.882466E+02 -4.520934E-11

                                INCREMENT    40


 displacements (vx,vy,vz) for set NSET_IND_TOP and time  0.3156433E+00

        10  1.491996E-04 -3.187997E-01  0.000000E+00
        11  0.000000E+00 -3.187997E-01  0.000000E+00
      1004  1.464013E-04 -3.187997E-01  0.000000E+00
      1005  1.431169E-04 -3.187997E-01  0.000000E+00
      1006  1.378964E-04 -3.187997E-01  0.000000E+00
      1007  1.295810E-04 -3.187997E-01  0.000000E+00
      1008  1.174036E-04 -3.187997E-01  0.000000E+00
      1009  1.009624E-04 -3.187997E-01  0.000000E+00
      1010  8.028579E-05 -3.187997E-01  0.000000E+00
      1011  5.587408E-05 -3.187997E-01  0.000000E+00
      1012  2.869279E-05 -3.187997E-01  0.000000E+00
      1013  1.477521E-04 -3.187997E-01  0.000000E+00
      1014  1.449078E-04 -3.187997E-01  0.000000E+00
      1015  1.408188E-04 -3.187997E-01  0.000000E+00
      1016  1.341715E-04 -3.187997E-01  0.000000E+00
      1017  1.240012E-04 -3.187997E-01  0.000000E+00
      1018  1.097143E-04 -3.187997E-01  0.000000E+00
      1019  9.112537E-05 -3.187997E-01  0.000000E+00
      1020  6.850151E-05 -3.187997E-01  0.000000E+00
      1021  4.256356E-05 -3.187997E-01  0.000000E+00
      1022  1.445526E-05 -3.187997E-01  0.000000E+00

 forces (fx,fy,fz) for set NSET_IND_TOP and time  0.3156433E+00

        10  1.264450E-03 -5.199342E+00 -5.695680E-12
        11  1.916906E-04 -1.251215E-03  1.363941E-12
      1004  7.729633E-04 -9.320857E+00  1.804710E-11
      1005  2.138374E-04 -8.749344E+00 -1.557579E-11
      1006  5.680553E-04 -8.397135E+00 -3.090365E-12
      1007  2.884903E-04 -8.033091E+00 -1.726200E-11
      1008  5.316196E-04 -7.481147E+00  5.415403E-12
      1009  2.192590E-04 -6.625306E+00 -2.794996E-11
      1010 -3.083856E-05 -5.409039E+00 -1.603409E-11
      1011  6.536071E-05 -3.845124E+00 -2.203257E-11
      1012 -1.976341E-05 -1.999085E+00  3.026189E-11
      1013 -7.576226E-02 -1.961315E+01  5.842393E-11
      1014 -1.154036E-01 -1.801195E+01 -2.579004E-11
      1015 -1.102074E-01 -1.712881E+01 -1.588907E-11
      1016 -1.408664E-01 -1.643574E+01 -1.486899E-11
      1017 -1.317091E-01 -1.553559E+01 -2.820499E-11
      1018 -1.595128E-01 -1.413918E+01 -1.593836E-11
      1019 -1.498103E-01 -1.207310E+01  6.776801E-12
      1020 -1.500698E-01 -9.288090E+00  5.492495E-12
      1021 -1.751209E-01 -5.865902E+00  2.190781E-11
      1022 -1.407666E-01 -2.007673E+00  4.531042E-11

 total force (fx,fy,fz) for set NSET_IND_TOP and time  0.3156433E+00

       -1.345164E+00 -1.951599E+02 -1.533212E-11

                                INCREMENT    50


 displacements (vx,vy,vz) for set NSET_IND_TOP and time  0.3206433E+00

        10  1.549654E-04 -3.238497E-01  0.000000E+00
        11  0.000000E+00 -3.238497E-01  0.000000E+00
      1004  1.520594E-04 -3.238497E-01  0.000000E+00
      1005  1.486486E-04 -3.238497E-01  0.000000E+00
      1006  1.432267E-04 -3.238497E-01  0.000000E+00
      1007  1.345902E-04 -3.238497E-01  0.000000E+00
      1008  1.219424E-04 -3.238497E-01  0.000000E+00
      1009  1.048658E-04 -3.238497E-01  0.000000E+00
      1010  8.338994E-05 -3.238497E-01  0.000000E+00
      1011  5.803446E-05 -3.238497E-01  0.000000E+00
      1012  2.980223E-05 -3.238497E-01  0.000000E+00
      1013  1.534622E-04 -3.238497E-01  0.000000E+00
      1014  1.505085E-04 -3.238497E-01  0.000000E+00
      1015  1.462619E-04 -3.238497E-01  0.000000E+00
      1016  1.393580E-04 -3.238497E-01  0.000000E+00
      1017  1.287949E-04 -3.238497E-01  0.000000E+00
      1018  1.139559E-04 -3.238497E-01  0.000000E+00
      1019  9.464854E-05 -3.238497E-01  0.000000E+00
      1020  7.115008E-05 -3.238497E-01  0.000000E+00
      1021  4.420931E-05 -3.238497E-01  0.000000E+00
      1022  1.501419E-05 -3.238497E-01  0.000000E+00

 forces (fx,fy,fz) for set NSET_IND_TOP and time  0.3206433E+00

        10  1.313311E-03 -5.399620E+00 -7.163763E-12
        11  1.990926E-04 -1.299658E-03  1.330758E-11
      1004  8.028147E-04 -9.679988E+00 -9.590072E-12
      1005  2.220603E-04 -9.086607E+00 -7.954803E-12
      1006  5.899699E-04 -8.720985E+00 -2.477300E-12
      1007  2.995966E-04 -8.343045E+00 -3.707038E-12
      1008  5.521333E-04 -7.769918E+00 -5.011148E-12
      1009  2.276950E-04 -6.881120E+00 -8.617303E-12
      1010 -3.206205E-05 -5.617940E+00 -1.664970E-11
      1011  6.784708E-05 -3.993649E+00 -5.048467E-12
      1012 -2.055863E-05 -2.076311E+00  4.781057E-12
      1013 -7.869329E-02 -2.036872E+01 -2.352385E-11
      1014 -1.198679E-01 -1.870610E+01 -3.851142E-12
      1015 -1.144704E-01 -1.778924E+01  5.878853E-12
      1016 -1.463151E-01 -1.706976E+01 -3.938272E-11
      1017 -1.368035E-01 -1.613515E+01  9.087842E-12
      1018 -1.656825E-01 -1.468503E+01 -1.306333E-11
      1019 -1.556047E-01 -1.253931E+01 -3.684875E-11
      1020 -1.558743E-01 -9.646829E+00  2.196110E-11
      1021 -1.818944E-01 -6.092493E+00 -4.327205E-12
      1022 -1.462114E-01 -2.085231E+00  4.859491E-11

 total force (fx,fy,fz) for set NSET_IND_TOP and time  0.3206433E+00

       -1.397196E+00 -2.026883E+02 -8.360525E-11

                                INCREMENT    60


 displacements (vx,vy,vz) for set NSET_IND_TOP and time  0.3256433E+00

        10  1.608110E-04 -3.288997E-01  0.000000E+00
        11  0.000000E+00 -3.288997E-01  0.000000E+00
      1004  1.577959E-04 -3.288997E-01  0.000000E+00
      1005  1.542570E-04 -3.288997E-01  0.000000E+00
      1006  1.486310E-04 -3.288997E-01  0.000000E+00
      1007  1.396690E-04 -3.288997E-01  0.000000E+00
      1008  1.265442E-04 -3.288997E-01  0.000000E+00
      1009  1.088235E-04 -3.288997E-01  0.000000E+00
      1010  8.653722E-05 -3.288997E-01  0.000000E+00
      1011  6.022486E-05 -3.288997E-01  0.000000E+00
      1012  3.092708E-05 -3.288997E-01  0.000000E+00
      1013  1.592514E-04 -3.288997E-01  0.000000E+00
      1014  1.561868E-04 -3.288997E-01  0.000000E+00
      1015  1.517804E-04 -3.288997E-01  0.000000E+00
      1016  1.446165E-04 -3.288997E-01  0.000000E+00
      1017  1.336551E-04 -3.288997E-01  0.000000E+00
      1018  1.182565E-04 -3.288997E-01  0.000000E+00
      1019  9.822065E-05 -3.288997E-01  0.000000E+00
      1020  7.383547E-05 -3.288997E-01  0.000000E+00
      1021  4.587794E-05 -3.288997E-01  0.000000E+00
      1022  1.558089E-05 -3.288997E-01  0.000000E+00

 forces (fx,fy,fz) for set NSET_IND_TOP and time  0.3256433E+00

        10  1.362848E-03 -5.602616E+00  2.229383E-12
        11  2.065968E-04 -1.348779E-03 -1.378107E-11
      1004  8.330780E-04 -1.004400E+01 -1.697075E-11
      1005  2.303937E-04 -9.428468E+00 -2.774610E-12
      1006  6.121849E-04 -9.049264E+00  2.152308E-11
      1007  3.108531E-04 -8.657251E+00 -5.997803E-12
      1008  5.729286E-04 -8.062659E+00 -1.023113E-11
      1009  2.362449E-04 -7.140458E+00 -1.331415E-11
      1010 -3.330515E-05 -5.829722E+00  7.350816E-12
      1011  7.036463E-05 -4.144225E+00 -2.373053E-11
      1012 -2.136749E-05 -2.154603E+00  2.416974E-11
      1013 -8.166519E-02 -2.113456E+01  5.349499E-12
      1014 -1.243944E-01 -1.940969E+01  1.053424E-11
      1015 -1.187928E-01 -1.845869E+01 -1.812417E-11
      1016 -1.518397E-01 -1.771246E+01  1.397105E-12
      1017 -1.419688E-01 -1.674293E+01 -4.005685E-12
      1018 -1.719381E-01 -1.523839E+01 -3.270983E-11
      1019 -1.614798E-01 -1.301196E+01 -2.039791E-11
      1020 -1.617597E-01 -1.001052E+01 -1.870770E-11
      1021 -1.887622E-01 -6.322214E+00  1.044409E-11
      1022 -1.517319E-01 -2.163861E+00  1.726530E-11

 total force (fx,fy,fz) for set NSET_IND_TOP and time  0.3256433E+00

       -1.449952E+00 -2.103199E+02 -8.048210E-11

                                INCREMENT    70


 displacements (vx,vy,vz) for set NSET_IND_TOP and time  0.3306433E+00

        10  1.667860E-04 -3.339497E-01  0.000000E+00
        11  0.000000E+00 -3.339497E-01  0.000000E+00
      1004  1.636595E-04 -3.339497E-01  0.000000E+00
      1005  1.599895E-04 -3.339497E-01  0.000000E+00
      1006  1.541548E-04 -3.339497E-01  0.000000E+00
      1007  1.448601E-04 -3.339497E-01  0.000000E+00
      1008  1.312478E-04 -3.339497E-01  0.000000E+00
      1009  1.128686E-04 -3.339497E-01  0.000000E+00
      1010  8.975408E-05 -3.339497E-01  0.000000E+00
      1011  6.246368E-05 -3.339497E-01  0.000000E+00
      1012  3.207680E-05 -3.339497E-01  0.000000E+00
      1013  1.651687E-04 -3.339497E-01  0.000000E+00
      1014  1.619907E-04 -3.339497E-01  0.000000E+00
      1015  1.574211E-04 -3.339497E-01  0.000000E+00
      1016  1.499913E-04 -3.339497E-01  0.000000E+00
      1017  1.386229E-04 -3.339497E-01  0.000000E+00
      1018  1.226521E-04 -3.339497E-01  0.000000E+00
      1019  1.018717E-04 -3.339497E-01  0.000000E+00
      1020  7.658022E-05 -3.339497E-01  0.000000E+00
      1021  4.758344E-05 -3.339497E-01  0.000000E+00
      1022  1.616011E-05 -3.339497E-01  0.000000E+00

 forces (fx,fy,fz) for set NSET_IND_TOP and time  0.3306433E+00

        10  1.413481E-03 -5.810133E+00  7.160980E-12
        11  2.142660E-04 -1.398982E-03 -2.677607E-12
      1004  8.640112E-04 -1.041612E+01  1.432237E-11
      1005  2.389122E-04 -9.777936E+00  2.478585E-12
      1006  6.348914E-04 -9.384842E+00  1.515284E-12
      1007  3.223589E-04 -8.978438E+00 -1.279761E-11
      1008  5.941830E-04 -8.361898E+00  2.013230E-12
      1009  2.449834E-04 -7.405550E+00  1.724022E-11
      1010 -3.457563E-05 -6.046200E+00 -1.368382E-11
      1011  7.293751E-05 -4.298138E+00 -3.452668E-12
      1012 -2.219430E-05 -2.234631E+00  3.074902E-11
      1013 -8.470276E-02 -2.191744E+01  1.558131E-11
      1014 -1.290209E-01 -2.012895E+01  7.386980E-12
      1015 -1.232107E-01 -1.914303E+01  8.768541E-12
      1016 -1.574864E-01 -1.836945E+01 -1.489031E-11
      1017 -1.472482E-01 -1.736422E+01  2.530420E-12
      1018 -1.783320E-01 -1.580404E+01 -6.162182E-12
      1019 -1.674847E-01 -1.349508E+01  5.522693E-12
      1020 -1.677750E-01 -1.038227E+01  9.823253E-13
      1021 -1.957817E-01 -6.557025E+00  2.137313E-11
      1022 -1.573744E-01 -2.244233E+00  1.731859E-11

 total force (fx,fy,fz) for set NSET_IND_TOP and time  0.3306433E+00

       -1.503873E+00 -2.181210E+02  1.012795E-10

                                INCREMENT    80


 displacements (vx,vy,vz) for set NSET_IND_TOP and time  0.3356433E+00

        10  1.728488E-04 -3.389997E-01  0.000000E+00
        11  0.000000E+00 -3.389997E-01  0.000000E+00
      1004  1.696092E-04 -3.389997E-01  0.000000E+00
      1005  1.658063E-04 -3.389997E-01  0.000000E+00
      1006  1.597600E-04 -3.389997E-01  0.000000E+00
      1007  1.501277E-04 -3.389997E-01  0.000000E+00
      1008  1.360207E-04 -3.389997E-01  0.000000E+00
      1009  1.169734E-04 -3.389997E-01  0.000000E+00
      1010  9.301841E-05 -3.389997E-01  0.000000E+00
      1011  6.473556E-05 -3.389997E-01  0.000000E+00
      1012  3.324350E-05 -3.389997E-01  0.000000E+00
      1013  1.711730E-04 -3.389997E-01  0.000000E+00
      1014  1.678800E-04 -3.389997E-01  0.000000E+00
      1015  1.631448E-04 -3.389997E-01  0.000000E+00
      1016  1.554453E-04 -3.389997E-01  0.000000E+00
      1017  1.436638E-04 -3.389997E-01  0.000000E+00
      1018  1.271126E-04 -3.389997E-01  0.000000E+00
      1019  1.055767E-04 -3.389997E-01  0.000000E+00
      1020  7.936548E-05 -3.389997E-01  0.000000E+00
      1021  4.931413E-05 -3.389997E-01  0.000000E+00
      1022  1.674789E-05 -3.389997E-01  0.000000E+00

 forces (fx,fy,fz) for set NSET_IND_TOP and time  0.3356433E+00

        10  1.464858E-03 -6.020605E+00  3.781482E-12
        11  2.220477E-04 -1.449936E-03  1.761383E-11
      1004  8.953963E-04 -1.079355E+01  1.223226E-11
      1005  2.475506E-04 -1.013241E+01  3.384069E-11
      1006  6.579269E-04 -9.725252E+00 -2.172403E-11
      1007  3.340285E-04 -9.304270E+00  1.852580E-11
      1008  6.157465E-04 -8.665482E+00  1.931054E-11
      1009  2.538460E-04 -7.674502E+00  1.637448E-11
      1010 -3.586866E-05 -6.265837E+00 -2.823028E-12
      1011  7.554364E-05 -4.454301E+00 -1.696771E-11
      1012 -2.303701E-05 -2.315829E+00  7.465444E-13
      1013 -8.778539E-02 -2.271149E+01  1.001554E-11
      1014 -1.337160E-01 -2.085848E+01  9.922285E-12
      1015 -1.276941E-01 -1.983720E+01 -2.062883E-11
      1016 -1.632166E-01 -1.903592E+01  1.068123E-11
      1017 -1.526058E-01 -1.799451E+01  2.003731E-11
      1018 -1.848205E-01 -1.637791E+01  1.065814E-14
      1019 -1.735785E-01 -1.398525E+01 -2.428369E-11
      1020 -1.738794E-01 -1.075946E+01  2.253309E-12
      1021 -2.029052E-01 -6.795271E+00  2.303135E-11
      1022 -1.631005E-01 -2.325782E+00  1.601919E-11

 total force (fx,fy,fz) for set NSET_IND_TOP and time  0.3356433E+00

       -1.558594E+00 -2.260348E+02  1.279692E-10

                                INCREMENT    90


 displacements (vx,vy,vz) for set NSET_IND_TOP and time  0.3406433E+00

        10  1.789073E-04 -3.440497E-01  0.000000E+00
        11  0.000000E+00 -3.440497E-01  0.000000E+00
      1004  1.755547E-04 -3.440497E-01  0.000000E+00
      1005  1.716190E-04 -3.440497E-01  0.000000E+00
      1006  1.653612E-04 -3.440497E-01  0.000000E+00
      1007  1.553915E-04 -3.440497E-01  0.000000E+00
      1008  1.407903E-04 -3.440497E-01  0.000000E+00
      1009  1.210752E-04 -3.440497E-01  0.000000E+00
      1010  9.628041E-05 -3.440497E-01  0.000000E+00
      1011  6.700580E-05 -3.440497E-01  0.000000E+00
      1012  3.440936E-05 -3.440497E-01  0.000000E+00
      1013  1.771731E-04 -3.440497E-01  0.000000E+00
      1014  1.737652E-04 -3.440497E-01  0.000000E+00
      1015  1.688644E-04 -3.440497E-01  0.000000E+00
      1016  1.608954E-04 -3.440497E-01  0.000000E+00
      1017  1.487012E-04 -3.440497E-01  0.000000E+00
      1018  1.315699E-04 -3.440497E-01  0.000000E+00
      1019  1.092790E-04 -3.440497E-01  0.000000E+00
      1020  8.214874E-05 -3.440497E-01  0.000000E+00
      1021  5.104358E-05 -3.440497E-01  0.000000E+00
      1022  1.733525E-05 -3.440497E-01  0.000000E+00

 forces (fx,fy,fz) for set NSET_IND_TOP and time  0.3406433E+00

        10  1.516197E-03 -6.230925E+00 -4.679257E-12
        11  2.298218E-04 -1.500852E-03 -1.619745E-11
      1004  9.267575E-04 -1.117071E+01  1.841846E-11
      1005  2.561809E-04 -1.048664E+01  1.708549E-11
      1006  6.809432E-04 -1.006543E+01  3.018750E-11
      1007  3.456869E-04 -9.629877E+00 -9.209022E-12
      1008  6.372907E-04 -8.968858E+00  1.964620E-11
      1009  2.626988E-04 -7.943269E+00  6.118652E-12
      1010 -3.716288E-05 -6.485323E+00 -1.522515E-11
      1011  7.814443E-05 -4.610357E+00 -2.625890E-11
      1012 -2.388152E-05 -2.396972E+00  1.169386E-11
      1013 -9.086586E-02 -2.350497E+01 -1.207079E-11
      1014 -1.384078E-01 -2.158751E+01  2.712275E-11
      1015 -1.321743E-01 -2.053089E+01  7.111201E-12
      1016 -1.689429E-01 -1.970193E+01 -1.674039E-11
      1017 -1.579596E-01 -1.862436E+01  1.891820E-12
      1018 -1.913043E-01 -1.695138E+01  2.073364E-11
      1019 -1.796680E-01 -1.447508E+01 -1.851674E-11
      1020 -1.799795E-01 -1.113638E+01 -2.552092E-11
      1021 -2.100235E-01 -7.033352E+00 -3.235012E-11
      1022 -1.688224E-01 -2.407273E+00 -1.806821E-11

 total force (fx,fy,fz) for set NSET_IND_TOP and time  0.3406433E+00

       -1.613275E+00 -2.339430E+02 -3.482738E-11

                                INCREMENT   100


 displacements (vx,vy,vz) for set NSET_IND_TOP and time  0.3456433E+00

        10  1.849145E-04 -3.490997E-01  0.000000E+00
        11  0.000000E+00 -3.490997E-01  0.000000E+00
      1004  1.814500E-04 -3.490997E-01  0.000000E+00
      1005  1.773828E-04 -3.490997E-01  0.000000E+00
      1006  1.709153E-04 -3.490997E-01  0.000000E+00
      1007  1.606112E-04 -3.490997E-01  0.000000E+00
      1008  1.455198E-04 -3.490997E-01  0.000000E+00
      1009  1.251428E-04 -3.490997E-01  0.000000E+00
      1010  9.951516E-05 -3.490997E-01  0.000000E+00
      1011  6.925710E-05 -3.490997E-01  0.000000E+00
      1012  3.556549E-05 -3.490997E-01  0.000000E+00
      1013  1.831224E-04 -3.490997E-01  0.000000E+00
      1014  1.796008E-04 -3.490997E-01  0.000000E+00
      1015  1.745359E-04 -3.490997E-01  0.000000E+00
      1016  1.662998E-04 -3.490997E-01  0.000000E+00
      1017  1.536964E-04 -3.490997E-01  0.000000E+00
      1018  1.359899E-04 -3.490997E-01  0.000000E+00
      1019  1.129504E-04 -3.490997E-01  0.000000E+00
      1020  8.490876E-05 -3.490997E-01  0.000000E+00
      1021  5.275859E-05 -3.490997E-01  0.000000E+00
      1022  1.791771E-05 -3.490997E-01  0.000000E+00

 forces (fx,fy,fz) for set NSET_IND_TOP and time  0.3456433E+00

        10  1.567100E-03 -6.439330E+00 -4.144476E-12
        11  2.375287E-04 -1.551357E-03  1.846626E-11
      1004  9.578488E-04 -1.154445E+01  1.259736E-11
      1005  2.647290E-04 -1.083769E+01 -7.343333E-12
      1006  7.037560E-04 -1.040259E+01  1.366689E-11
      1007  3.572370E-04 -9.952632E+00 -1.199866E-11
      1008  6.586454E-04 -9.269600E+00  1.124802E-12
      1009  2.714682E-04 -8.209719E+00 -9.972460E-12
      1010 -3.845341E-05 -6.702929E+00  1.801710E-12
      1011  8.071402E-05 -4.765080E+00 -6.227642E-11
      1012 -2.472617E-05 -2.477423E+00 -1.122635E-11
      1013 -9.392097E-02 -2.429124E+01  7.732925E-12
      1014 -1.430609E-01 -2.230996E+01 -6.413536E-12
      1015 -1.366175E-01 -2.121840E+01 -2.944756E-12
      1016 -1.746217E-01 -2.036207E+01 -4.409806E-12
      1017 -1.632691E-01 -1.924872E+01  2.288836E-12
      1018 -1.977345E-01 -1.751990E+01 -3.779999E-11
      1019 -1.857070E-01 -1.496070E+01  1.438849E-12
      1020 -1.860289E-01 -1.151008E+01 -7.583267E-12
      1021 -2.170828E-01 -7.269402E+00 -1.816147E-11
      1022 -1.744969E-01 -2.488071E+00  1.752376E-11

 total force (fx,fy,fz) for set NSET_IND_TOP and time  0.3456433E+00

       -1.667504E+00 -2.417815E+02 -1.076331E-10

                                INCREMENT   110


 displacements (vx,vy,vz) for set NSET_IND_TOP and time  0.3506433E+00

        10  1.586338E-04 -3.541497E-01  0.000000E+00
        11  0.000000E+00 -3.541497E-01  0.000000E+00
      1004  1.556933E-04 -3.541497E-01  0.000000E+00
      1005  1.522336E-04 -3.541497E-01  0.000000E+00
      1006  1.467110E-04 -3.541497E-01  0.000000E+00
      1007  1.378913E-04 -3.541497E-01  0.000000E+00
      1008  1.249567E-04 -3.541497E-01  0.000000E+00
      1009  1.074766E-04 -3.541497E-01  0.000000E+00
      1010  8.547894E-05 -3.541497E-01  0.000000E+00
      1011  5.949527E-05 -3.541497E-01  0.000000E+00
      1012  3.055470E-05 -3.541497E-01  0.000000E+00
      1013  1.571123E-04 -3.541497E-01  0.000000E+00
      1014  1.541220E-04 -3.541497E-01  0.000000E+00
      1015  1.498048E-04 -3.541497E-01  0.000000E+00
      1016  1.427623E-04 -3.541497E-01  0.000000E+00
      1017  1.319664E-04 -3.541497E-01  0.000000E+00
      1018  1.167832E-04 -3.541497E-01  0.000000E+00
      1019  9.701260E-05 -3.541497E-01  0.000000E+00
      1020  7.293715E-05 -3.541497E-01  0.000000E+00
      1021  4.532415E-05 -3.541497E-01  0.000000E+00
      1022  1.539363E-05 -3.541497E-01  0.000000E+00

 forces (fx,fy,fz) for set NSET_IND_TOP and time  0.3506433E+00

        10  1.344254E-03 -5.484875E+00  2.437958E-11
        11  2.037894E-04 -1.337730E-03 -1.323632E-11
      1004  8.207089E-04 -9.838529E+00  6.329555E-13
      1005  2.248466E-04 -9.245078E+00 -5.682525E-12
      1006  6.019016E-04 -8.883599E+00 -1.475454E-11
      1007  3.043514E-04 -8.508105E+00  1.196717E-11
      1008  5.638956E-04 -7.931240E+00 -2.659125E-11
      1009  2.312024E-04 -7.029475E+00 -1.376465E-11
      1010 -3.464018E-05 -5.742523E+00  5.813169E-12
      1011  6.734248E-05 -4.083982E+00  1.367750E-11
      1012 -2.281325E-05 -2.123822E+00  4.342891E-11
      1013 -8.076790E-02 -2.069506E+01  3.920153E-11
      1014 -1.230053E-01 -1.902175E+01  2.525535E-12
      1015 -1.174511E-01 -1.811003E+01 -3.581180E-11
      1016 -1.501125E-01 -1.739774E+01 -2.249845E-11
      1017 -1.403505E-01 -1.646224E+01  1.192824E-11
      1018 -1.699803E-01 -1.499573E+01 -1.386447E-11
      1019 -1.596476E-01 -1.281344E+01 -9.812595E-12
      1020 -1.599319E-01 -9.862788E+00  5.092193E-11
      1021 -1.866375E-01 -6.231013E+00  4.121947E-11
      1022 -1.500281E-01 -2.133009E+00 -5.468515E-12

 total force (fx,fy,fz) for set NSET_IND_TOP and time  0.3506433E+00

       -1.433608E+00 -2.065954E+02  8.421089E-11

                                INCREMENT   120


 displacements (vx,vy,vz) for set NSET_IND_TOP and time  0.3556433E+00

        10  1.586410E-04 -3.591997E-01  0.000000E+00
        11  0.000000E+00 -3.591997E-01  0.000000E+00
      1004  1.557061E-04 -3.591997E-01  0.000000E+00
      1005  1.522516E-04 -3.591997E-01  0.000000E+00
      1006  1.467332E-04 -3.591997E-01  0.000000E+00
      1007  1.379166E-04 -3.591997E-01  0.000000E+00
      1008  1.249833E-04 -3.591997E-01  0.000000E+00
      1009  1.075024E-04 -3.591997E-01  0.000000E+00
      1010  8.550149E-05 -3.591997E-01  0.000000E+00
      1011  5.951206E-05 -3.591997E-01  0.000000E+00
      1012  3.056369E-05 -3.591997E-01  0.000000E+00
      1013  1.571224E-04 -3.591997E-01  0.000000E+00
      1014  1.541375E-04 -3.591997E-01  0.000000E+00
      1015  1.498250E-04 -3.591997E-01  0.000000E+00
      1016  1.427862E-04 -3.591997E-01  0.000000E+00
      1017  1.319925E-04 -3.591997E-01  0.000000E+00
      1018  1.168097E-04 -3.591997E-01  0.000000E+00
      1019  9.703710E-05 -3.591997E-01  0.000000E+00
      1020  7.295712E-05 -3.591997E-01  0.000000E+00
      1021  4.533726E-05 -3.591997E-01  0.000000E+00
      1022  1.539822E-05 -3.591997E-01  0.000000E+00

 forces (fx,fy,fz) for set NSET_IND_TOP and time  0.3556433E+00

        10  1.344267E-03 -5.478011E+00 -1.701887E-11
        11  2.037683E-04 -1.338984E-03  1.832303E-11
      1004  8.205354E-04 -9.827222E+00  3.436506E-11
      1005  2.244185E-04 -9.236117E+00 -4.488453E-12
      1006  6.015474E-04 -8.876786E+00  9.502312E-12
      1007  3.039344E-04 -8.503188E+00  2.199771E-11
      1008  5.636475E-04 -7.927935E+00 -9.135175E-12
      1009  2.308506E-04 -7.027460E+00  2.893027E-11
      1010 -3.497377E-05 -5.741450E+00 -1.937906E-11
      1011  6.694564E-05 -4.083510E+00 -4.796981E-11
      1012 -2.314190E-05 -2.123666E+00  1.486294E-11
      1013 -8.080691E-02 -2.067001E+01  4.210454E-11
      1014 -1.230608E-01 -1.900149E+01  1.444267E-11
      1015 -1.175013E-01 -1.809428E+01  2.476064E-11
      1016 -1.501742E-01 -1.738604E+01 -1.738432E-11
      1017 -1.404073E-01 -1.645406E+01 -6.692424E-12
      1018 -1.700492E-01 -1.499045E+01  1.067502E-11
      1019 -1.597131E-01 -1.281039E+01  1.518163E-11
      1020 -1.599985E-01 -9.861279E+00 -2.166445E-11
      1021 -1.867163E-01 -6.230410E+00  3.533174E-11
      1022 -1.500921E-01 -2.132862E+00  1.856293E-13

 total force (fx,fy,fz) for set NSET_IND_TOP and time  0.3556433E+00

       -1.434218E+00 -2.064579E+02  1.269306E-10

                                INCREMENT   130


 displacements (vx,vy,vz) for set NSET_IND_TOP and time  0.3606433E+00

        10  1.646678E-04 -3.642497E-01  0.000000E+00
        11  0.000000E+00 -3.642497E-01  0.000000E+00
      1004  1.616197E-04 -3.642497E-01  0.000000E+00
      1005  1.580323E-04 -3.642497E-01  0.000000E+00
      1006  1.523028E-04 -3.642497E-01  0.000000E+00
      1007  1.431499E-04 -3.642497E-01  0.000000E+00
      1008  1.297245E-04 -3.642497E-01  0.000000E+00
      1009  1.115793E-04 -3.642497E-01  0.000000E+00
      1010  8.874321E-05 -3.642497E-01  0.000000E+00
      1011  6.176796E-05 -3.642497E-01  0.000000E+00
      1012  3.172210E-05 -3.642497E-01  0.000000E+00
      1013  1.630906E-04 -3.642497E-01  0.000000E+00
      1014  1.599906E-04 -3.642497E-01  0.000000E+00
      1015  1.555128E-04 -3.642497E-01  0.000000E+00
      1016  1.482051E-04 -3.642497E-01  0.000000E+00
      1017  1.370004E-04 -3.642497E-01  0.000000E+00
      1018  1.212401E-04 -3.642497E-01  0.000000E+00
      1019  1.007166E-04 -3.642497E-01  0.000000E+00
      1020  7.572293E-05 -3.642497E-01  0.000000E+00
      1021  4.705571E-05 -3.642497E-01  0.000000E+00
      1022  1.598181E-05 -3.642497E-01  0.000000E+00

 forces (fx,fy,fz) for set NSET_IND_TOP and time  0.3606433E+00

        10  1.395314E-03 -5.688191E+00 -2.474301E-11
        11  2.114722E-04 -1.389439E-03  2.702872E-12
      1004  8.517297E-04 -1.020405E+01  1.722799E-11
      1005  2.330314E-04 -9.589856E+00  3.709665E-12
      1006  6.244436E-04 -9.216283E+00 -1.103331E-11
      1007  3.155406E-04 -8.827950E+00  1.786388E-11
      1008  5.850485E-04 -8.230353E+00  1.822986E-11
      1009  2.396479E-04 -7.295250E+00  9.636623E-13
      1010 -3.625054E-05 -5.960053E+00 -1.284715E-11
      1011  6.952925E-05 -4.238891E+00 -3.436247E-11
      1012 -2.397699E-05 -2.204444E+00 -9.493078E-12
      1013 -8.386640E-02 -2.146289E+01  3.925749E-12
      1014 -1.277210E-01 -1.972970E+01 -7.095657E-12
      1015 -1.219514E-01 -1.878680E+01 -2.822542E-11
      1016 -1.558620E-01 -1.805052E+01 -2.273737E-11
      1017 -1.457249E-01 -1.708210E+01  6.543210E-12
      1018 -1.764888E-01 -1.556198E+01 -2.565947E-12
      1019 -1.657605E-01 -1.329835E+01 -1.883738E-11
      1020 -1.660559E-01 -1.023663E+01  8.512302E-12
      1021 -1.937845E-01 -6.467445E+00 -5.173639E-12
      1022 -1.557735E-01 -2.213986E+00  1.278266E-11

 total force (fx,fy,fz) for set NSET_IND_TOP and time  0.3606433E+00

       -1.488523E+00 -2.143471E+02 -8.465257E-11

                                INCREMENT   140


 displacements (vx,vy,vz) for set NSET_IND_TOP and time  0.3656433E+00

        10  1.702135E-04 -3.692997E-01  0.000000E+00
        11  0.000000E+00 -3.692997E-01  0.000000E+00
      1004  1.670629E-04 -3.692997E-01  0.000000E+00
      1005  1.633548E-04 -3.692997E-01  0.000000E+00
      1006  1.574324E-04 -3.692997E-01  0.000000E+00
      1007  1.479713E-04 -3.692997E-01  0.000000E+00
      1008  1.340936E-04 -3.692997E-01  0.000000E+00
      1009  1.153372E-04 -3.692997E-01  0.000000E+00
      1010  9.173196E-05 -3.692997E-01  0.000000E+00
      1011  6.384818E-05 -3.692997E-01  0.000000E+00
      1012  3.279042E-05 -3.692997E-01  0.000000E+00
      1013  1.685833E-04 -3.692997E-01  0.000000E+00
      1014  1.653791E-04 -3.692997E-01  0.000000E+00
      1015  1.607505E-04 -3.692997E-01  0.000000E+00
      1016  1.531967E-04 -3.692997E-01  0.000000E+00
      1017  1.416146E-04 -3.692997E-01  0.000000E+00
      1018  1.253235E-04 -3.692997E-01  0.000000E+00
      1019  1.041087E-04 -3.692997E-01  0.000000E+00
      1020  7.827315E-05 -3.692997E-01  0.000000E+00
      1021  4.864044E-05 -3.692997E-01  0.000000E+00
      1022  1.652004E-05 -3.692997E-01  0.000000E+00

 forces (fx,fy,fz) for set NSET_IND_TOP and time  0.3656433E+00

        10  1.442289E-03 -5.879522E+00 -5.916378E-13
        11  2.185704E-04 -1.436231E-03 -1.066066E-11
      1004  8.803892E-04 -1.054734E+01  1.286384E-11
      1005  2.408460E-04 -9.912573E+00  1.827860E-12
      1006  6.454283E-04 -9.526510E+00 -3.605113E-12
      1007  3.261213E-04 -9.125167E+00 -2.878100E-11
      1008  6.046975E-04 -8.507492E+00 -1.799717E-11
      1009  2.476685E-04 -7.540923E+00  2.581108E-11
      1010 -3.750383E-05 -6.160772E+00  6.256950E-12
      1011  7.182093E-05 -4.381650E+00 -9.526075E-12
      1012 -2.481986E-05 -2.278686E+00  8.680846E-12
      1013 -8.669201E-02 -2.218489E+01 -2.172662E-11
      1014 -1.320239E-01 -2.039355E+01  2.387868E-12
      1015 -1.260597E-01 -1.941909E+01  2.724265E-11
      1016 -1.611123E-01 -1.865818E+01 -9.810819E-12
      1017 -1.506335E-01 -1.765726E+01 -3.767653E-12
      1018 -1.824333E-01 -1.608602E+01  1.132516E-11
      1019 -1.713433E-01 -1.374619E+01 -4.044320E-11
      1020 -1.716485E-01 -1.058138E+01  9.761081E-12
      1021 -2.003107E-01 -6.685257E+00  2.737188E-11
      1022 -1.610195E-01 -2.288550E+00  4.348522E-12

 total force (fx,fy,fz) for set NSET_IND_TOP and time  0.3656433E+00

       -1.538661E+00 -2.215624E+02 -9.032209E-12

                                INCREMENT   150


 displacements (vx,vy,vz) for set NSET_IND_TOP and time  0.3706433E+00

        10  1.773956E-04 -3.743497E-01  0.000000E+00
        11  0.000000E+00 -3.743497E-01  0.000000E+00
      1004  1.741121E-04 -3.743497E-01  0.000000E+00
      1005  1.702476E-04 -3.743497E-01  0.000000E+00
      1006  1.640752E-04 -3.743497E-01  0.000000E+00
      1007  1.542148E-04 -3.743497E-01  0.000000E+00
      1008  1.397515E-04 -3.743497E-01  0.000000E+00
      1009  1.202037E-04 -3.743497E-01  0.000000E+00
      1010  9.560237E-05 -3.743497E-01  0.000000E+00
      1011  6.654206E-05 -3.743497E-01  0.000000E+00
      1012  3.417390E-05 -3.743497E-01  0.000000E+00
      1013  1.756966E-04 -3.743497E-01  0.000000E+00
      1014  1.723572E-04 -3.743497E-01  0.000000E+00
      1015  1.675333E-04 -3.743497E-01  0.000000E+00
      1016  1.596608E-04 -3.743497E-01  0.000000E+00
      1017  1.475899E-04 -3.743497E-01  0.000000E+00
      1018  1.306113E-04 -3.743497E-01  0.000000E+00
      1019  1.085013E-04 -3.743497E-01  0.000000E+00
      1020  8.157567E-05 -3.743497E-01  0.000000E+00
      1021  5.069266E-05 -3.743497E-01  0.000000E+00
      1022  1.721704E-05 -3.743497E-01  0.000000E+00

 forces (fx,fy,fz) for set NSET_IND_TOP and time  0.3706433E+00

        10  1.503140E-03 -6.127529E+00  4.908386E-12
        11  2.277805E-04 -1.496810E-03  1.083154E-11
      1004  9.175273E-04 -1.099227E+01  1.401683E-11
      1005  2.509954E-04 -1.033076E+01  1.481104E-11
      1006  6.726420E-04 -9.928435E+00  1.316761E-11
      1007  3.398616E-04 -9.510178E+00  2.208614E-12
      1008  6.301860E-04 -8.866451E+00 -9.473405E-12
      1009  2.580956E-04 -7.859102E+00 -7.815564E-12
      1010 -3.909978E-05 -6.420716E+00 -7.747571E-12
      1011  7.482962E-05 -4.566524E+00 -7.825385E-12
      1012 -2.588190E-05 -2.374829E+00  1.048360E-11
      1013 -9.035032E-02 -2.312070E+01  9.352963E-12
      1014 -1.375950E-01 -2.125386E+01  5.584422E-12
      1015 -1.313791E-01 -2.023836E+01  1.342038E-11
      1016 -1.679107E-01 -1.944540E+01  2.805756E-12
      1017 -1.569895E-01 -1.840227E+01 -1.542588E-11
      1018 -1.901309E-01 -1.676474E+01 -1.006306E-12
      1019 -1.785729E-01 -1.432619E+01  3.409450E-11
      1020 -1.788908E-01 -1.102784E+01 -1.368061E-11
      1021 -2.087621E-01 -6.967327E+00 -1.906830E-11
      1022 -1.678132E-01 -2.385110E+00  8.417267E-12

 total force (fx,fy,fz) for set NSET_IND_TOP and time  0.3706433E+00

       -1.603584E+00 -2.309101E+02  6.205988E-11

                                INCREMENT   160


 displacements (vx,vy,vz) for set NSET_IND_TOP and time  0.3756433E+00

        10  1.846680E-04 -3.793997E-01  0.000000E+00
        11  0.000000E+00 -3.793997E-01  0.000000E+00
      1004  1.812497E-04 -3.793997E-01  0.000000E+00
      1005  1.772265E-04 -3.793997E-01  0.000000E+00
      1006  1.708008E-04 -3.793997E-01  0.000000E+00
      1007  1.605359E-04 -3.793997E-01  0.000000E+00
      1008  1.454795E-04 -3.793997E-01  0.000000E+00
      1009  1.251302E-04 -3.793997E-01  0.000000E+00
      1010  9.952037E-05 -3.793997E-01  0.000000E+00
      1011  6.926899E-05 -3.793997E-01  0.000000E+00
      1012  3.557433E-05 -3.793997E-01  0.000000E+00
      1013  1.828993E-04 -3.793997E-01  0.000000E+00
      1014  1.794227E-04 -3.793997E-01  0.000000E+00
      1015  1.744008E-04 -3.793997E-01  0.000000E+00
      1016  1.662053E-04 -3.793997E-01  0.000000E+00
      1017  1.536393E-04 -3.793997E-01  0.000000E+00
      1018  1.359645E-04 -3.793997E-01  0.000000E+00
      1019  1.129481E-04 -3.793997E-01  0.000000E+00
      1020  8.491876E-05 -3.793997E-01  0.000000E+00
      1021  5.277005E-05 -3.793997E-01  0.000000E+00
      1022  1.792258E-05 -3.793997E-01  0.000000E+00

 forces (fx,fy,fz) for set NSET_IND_TOP and time  0.3756433E+00

        10  1.564753E-03 -6.379013E+00 -1.106735E-11
        11  2.371016E-04 -1.558083E-03  1.270485E-11
      1004  9.551376E-04 -1.144340E+01 -7.540739E-12
      1005  2.612889E-04 -1.075469E+01  1.245617E-11
      1006  7.002077E-04 -1.033580E+01  2.859158E-11
      1007  3.537873E-04 -9.900324E+00 -2.995390E-11
      1008  6.559963E-04 -9.230134E+00 -1.036964E-11
      1009  2.686613E-04 -8.181420E+00  1.416911E-11
      1010 -4.070533E-05 -6.684010E+00  1.430334E-11
      1011  7.788572E-05 -4.753766E+00 -6.303495E-12
      1012 -2.694796E-05 -2.472199E+00 -1.439373E-12
      1013 -9.405286E-02 -2.406961E+01  1.347944E-11
      1014 -1.432337E-01 -2.212609E+01  4.400036E-12
      1015 -1.367630E-01 -2.106881E+01  2.737410E-11
      1016 -1.747916E-01 -2.024319E+01  1.734701E-11
      1017 -1.634227E-01 -1.915715E+01 -3.195400E-11
      1018 -1.979219E-01 -1.745235E+01  2.832756E-11
      1019 -1.858900E-01 -1.491370E+01  2.109246E-11
      1020 -1.862206E-01 -1.148004E+01  1.922906E-11
      1021 -2.173157E-01 -7.253002E+00 -6.001422E-12
      1022 -1.746888E-01 -2.482900E+00  7.872814E-12

 total force (fx,fy,fz) for set NSET_IND_TOP and time  0.3756433E+00

       -1.669294E+00 -2.403831E+02  1.167176E-10

                                INCREMENT   170


 displacements (vx,vy,vz) for set NSET_IND_TOP and time  0.3806433E+00

        10  1.920569E-04 -3.844497E-01  0.000000E+00
        11  0.000000E+00 -3.844497E-01  0.000000E+00
      1004  1.885017E-04 -3.844497E-01  0.000000E+00
      1005  1.843174E-04 -3.844497E-01  0.000000E+00
      1006  1.776346E-04 -3.844497E-01  0.000000E+00
      1007  1.669588E-04 -3.844497E-01  0.000000E+00
      1008  1.512998E-04 -3.844497E-01  0.000000E+00
      1009  1.301362E-04 -3.844497E-01  0.000000E+00
      1010  1.035017E-04 -3.844497E-01  0.000000E+00
      1011  7.204006E-05 -3.844497E-01  0.000000E+00
      1012  3.699743E-05 -3.844497E-01  0.000000E+00
      1013  1.902173E-04 -3.844497E-01  0.000000E+00
      1014  1.866016E-04 -3.844497E-01  0.000000E+00
      1015  1.813787E-04 -3.844497E-01  0.000000E+00
      1016  1.728551E-04 -3.844497E-01  0.000000E+00
      1017  1.597861E-04 -3.844497E-01  0.000000E+00
      1018  1.414040E-04 -3.844497E-01  0.000000E+00
      1019  1.174667E-04 -3.844497E-01  0.000000E+00
      1020  8.831592E-05 -3.844497E-01  0.000000E+00
      1021  5.488106E-05 -3.844497E-01  0.000000E+00
      1022  1.863955E-05 -3.844497E-01  0.000000E+00

 forces (fx,fy,fz) for set NSET_IND_TOP and time  0.3806433E+00

        10  1.627354E-03 -6.634301E+00  8.127700E-12
        11  2.465730E-04 -1.620374E-03 -4.464397E-12
      1004  9.933456E-04 -1.190137E+01 -3.600694E-11
      1005  2.717356E-04 -1.118511E+01  2.090909E-11
      1006  7.282061E-04 -1.074946E+01  3.415041E-11
      1007  3.679255E-04 -1.029654E+01 -6.779553E-12
      1008  6.822151E-04 -9.599516E+00  1.782035E-11
      1009  2.793884E-04 -8.508817E+00 -3.472882E-13
      1010 -4.234481E-05 -6.951472E+00  6.759051E-13
      1011  8.098181E-05 -4.943981E+00 -1.071278E-11
      1012 -2.803885E-05 -2.571117E+00 -1.937214E-12
      1013 -9.781579E-02 -2.503288E+01  5.457856E-13
      1014 -1.489642E-01 -2.301160E+01  1.260680E-11
      1015 -1.422346E-01 -2.191201E+01 -8.767209E-12
      1016 -1.817845E-01 -2.105334E+01  1.321432E-11
      1017 -1.699606E-01 -1.992382E+01  3.331468E-11
      1018 -2.058397E-01 -1.815076E+01  1.342482E-11
      1019 -1.933262E-01 -1.551049E+01 -1.235723E-11
      1020 -1.936699E-01 -1.193941E+01 -8.061107E-12
      1021 -2.260086E-01 -7.543215E+00 -8.238743E-12
      1022 -1.816765E-01 -2.582246E+00  1.541078E-11

 total force (fx,fy,fz) for set NSET_IND_TOP and time  0.3806433E+00

       -1.736073E+00 -2.500031E+02  7.252819E-11

                                INCREMENT   180


 displacements (vx,vy,vz) for set NSET_IND_TOP and time  0.3856433E+00

        10  1.995436E-04 -3.894997E-01  0.000000E+00
        11  0.000000E+00 -3.894997E-01  0.000000E+00
      1004  1.958498E-04 -3.894997E-01  0.000000E+00
      1005  1.915022E-04 -3.894997E-01  0.000000E+00
      1006  1.845586E-04 -3.894997E-01  0.000000E+00
      1007  1.734664E-04 -3.894997E-01  0.000000E+00
      1008  1.571968E-04 -3.894997E-01  0.000000E+00
      1009  1.352081E-04 -3.894997E-01  0.000000E+00
      1010  1.075354E-04 -3.894997E-01  0.000000E+00
      1011  7.484754E-05 -3.894997E-01  0.000000E+00
      1012  3.843924E-05 -3.894997E-01  0.000000E+00
      1013  1.976323E-04 -3.894997E-01  0.000000E+00
      1014  1.938755E-04 -3.894997E-01  0.000000E+00
      1015  1.884487E-04 -3.894997E-01  0.000000E+00
      1016  1.795927E-04 -3.894997E-01  0.000000E+00
      1017  1.660141E-04 -3.894997E-01  0.000000E+00
      1018  1.469153E-04 -3.894997E-01  0.000000E+00
      1019  1.220447E-04 -3.894997E-01  0.000000E+00
      1020  9.175775E-05 -3.894997E-01  0.000000E+00
      1021  5.701981E-05 -3.894997E-01  0.000000E+00
      1022  1.936593E-05 -3.894997E-01  0.000000E+00

 forces (fx,fy,fz) for set NSET_IND_TOP and time  0.3856433E+00

        10  1.690783E-03 -6.893096E+00  2.432755E-12
        11  2.561677E-04 -1.683465E-03 -8.513022E-12
      1004  1.032061E-03 -1.236563E+01  2.728519E-12
      1005  2.823260E-04 -1.162140E+01  4.137751E-12
      1006  7.565782E-04 -1.116873E+01  4.282477E-12
      1007  3.822547E-04 -1.069811E+01 -1.966815E-11
      1008  7.087809E-04 -9.973865E+00 -2.042984E-11
      1009  2.902593E-04 -8.840601E+00  1.370560E-12
      1010 -4.400284E-05 -7.222507E+00 -2.885247E-11
      1011  8.412149E-05 -5.136730E+00  1.791929E-11
      1012 -2.914145E-05 -2.671352E+00  1.158092E-12
      1013 -1.016280E-01 -2.600938E+01  2.086065E-11
      1014 -1.547699E-01 -2.390923E+01  6.209255E-12
      1015 -1.477779E-01 -2.276670E+01 -1.083045E-11
      1016 -1.888690E-01 -2.187447E+01 -9.400480E-12
      1017 -1.765841E-01 -2.070082E+01 -1.293188E-11
      1018 -2.138612E-01 -1.885855E+01 -3.022649E-11
      1019 -2.008597E-01 -1.611527E+01 -2.262546E-11
      1020 -2.012166E-01 -1.240490E+01  2.799005E-11
      1021 -2.348152E-01 -7.837295E+00  9.529266E-12
      1022 -1.887556E-01 -2.682914E+00  3.002043E-13

 total force (fx,fy,fz) for set NSET_IND_TOP and time  0.3856433E+00

       -1.803727E+00 -2.597532E+02 -6.455936E-11

                                INCREMENT   190


 displacements (vx,vy,vz) for set NSET_IND_TOP and time  0.3906433E+00

        10  2.070161E-04 -3.945497E-01  0.000000E+00
        11  0.000000E+00 -3.945497E-01  0.000000E+00
      1004  2.031844E-04 -3.945497E-01  0.000000E+00
      1005  1.986745E-04 -3.945497E-01  0.000000E+00
      1006  1.914713E-04 -3.945497E-01  0.000000E+00
      1007  1.799641E-04 -3.945497E-01  0.000000E+00
      1008  1.630853E-04 -3.945497E-01  0.000000E+00
      1009  1.402732E-04 -3.945497E-01  0.000000E+00
      1010  1.115639E-04 -3.945497E-01  0.000000E+00
      1011  7.765155E-05 -3.945497E-01  0.000000E+00
      1012  3.987930E-05 -3.945497E-01  0.000000E+00
      1013  2.050335E-04 -3.945497E-01  0.000000E+00
      1014  2.011365E-04 -3.945497E-01  0.000000E+00
      1015  1.955070E-04 -3.945497E-01  0.000000E+00
      1016  1.863197E-04 -3.945497E-01  0.000000E+00
      1017  1.722327E-04 -3.945497E-01  0.000000E+00
      1018  1.524188E-04 -3.945497E-01  0.000000E+00
      1019  1.266167E-04 -3.945497E-01  0.000000E+00
      1020  9.519523E-05 -3.945497E-01  0.000000E+00
      1021  5.915596E-05 -3.945497E-01  0.000000E+00
      1022  2.009145E-05 -3.945497E-01  0.000000E+00

 forces (fx,fy,fz) for set NSET_IND_TOP and time  0.3906433E+00

        10  1.754092E-03 -7.150498E+00 -1.639352E-11
        11  2.657482E-04 -1.746592E-03 -1.528757E-11
      1004  1.070684E-03 -1.282749E+01 -2.557306E-11
      1005  2.928485E-04 -1.205566E+01 -4.243635E-12
      1006  7.848601E-04 -1.158625E+01  5.863551E-11
      1007  3.965140E-04 -1.109821E+01  1.718911E-11
      1008  7.352772E-04 -1.034700E+01 -1.338478E-13
      1009  3.010776E-04 -9.171426E+00 -2.041136E-11
      1010 -4.569128E-05 -7.492832E+00  2.956522E-11
      1011  8.721860E-05 -5.329013E+00  3.311469E-11
      1012 -3.027373E-05 -2.771356E+00 -5.131777E-12
      1013 -1.054373E-01 -2.698072E+01  3.659251E-11
      1014 -1.605707E-01 -2.480244E+01 -2.027178E-11
      1015 -1.533163E-01 -2.361760E+01  1.437517E-11
      1016 -1.959471E-01 -2.269238E+01 -2.078071E-11
      1017 -1.832016E-01 -2.147514E+01  4.935519E-11
      1018 -2.218755E-01 -1.956416E+01 -7.507772E-12
      1019 -2.083867E-01 -1.671837E+01  7.806200E-12
      1020 -2.087569E-01 -1.286923E+01 -3.697309E-11
      1021 -2.436146E-01 -8.130677E+00  2.574829E-12
      1022 -1.958290E-01 -2.783352E+00  3.556444E-11

 total force (fx,fy,fz) for set NSET_IND_TOP and time  0.3906433E+00

       -1.871323E+00 -2.694656E+02  1.120647E-10

                                INCREMENT   200


 displacements (vx,vy,vz) for set NSET_IND_TOP and time  0.3956433E+00

        10  2.146753E-04 -3.995997E-01  0.000000E+00
        11  0.000000E+00 -3.995997E-01  0.000000E+00
      1004  2.107029E-04 -3.995997E-01  0.000000E+00
      1005  2.060270E-04 -3.995997E-01  0.000000E+00
      1006  1.985581E-04 -3.995997E-01  0.000000E+00
      1007  1.866256E-04 -3.995997E-01  0.000000E+00
      1008  1.691227E-04 -3.995997E-01  0.000000E+00
      1009  1.454665E-04 -3.995997E-01  0.000000E+00
      1010  1.156947E-04 -3.995997E-01  0.000000E+00
      1011  8.052681E-05 -3.995997E-01  0.000000E+00
      1012  4.135599E-05 -3.995997E-01  0.000000E+00
      1013  2.126199E-04 -3.995997E-01  0.000000E+00
      1014  2.085797E-04 -3.995997E-01  0.000000E+00
      1015  2.027427E-04 -3.995997E-01  0.000000E+00
      1016  1.932161E-04 -3.995997E-01  0.000000E+00
      1017  1.786084E-04 -3.995997E-01  0.000000E+00
      1018  1.580615E-04 -3.995997E-01  0.000000E+00
      1019  1.313046E-04 -3.995997E-01  0.000000E+00
      1020  9.871999E-05 -3.995997E-01  0.000000E+00
      1021  6.134641E-05 -3.995997E-01  0.000000E+00
      1022  2.083542E-05 -3.995997E-01  0.000000E+00

 forces (fx,fy,fz) for set NSET_IND_TOP and time  0.3956433E+00

        10  1.818989E-03 -7.413822E+00  1.286207E-12
        11  2.755748E-04 -1.811390E-03  5.629081E-12
      1004  1.110266E-03 -1.330005E+01  2.970683E-11
      1005  3.036108E-04 -1.250006E+01 -5.766511E-12
      1006  8.138349E-04 -1.201366E+01  2.054889E-11
      1007  4.111117E-04 -1.150789E+01  1.035573E-11
      1008  7.624338E-04 -1.072917E+01 -1.484370E-11
      1009  3.121556E-04 -9.510321E+00  9.852844E-12
      1010 -4.743676E-05 -7.769794E+00  4.334810E-12
      1011  9.037957E-05 -5.526040E+00 -8.587579E-12
      1012 -3.144748E-05 -2.873834E+00  1.398667E-11
      1013 -1.093445E-01 -2.797445E+01  1.774003E-11
      1014 -1.665203E-01 -2.571642E+01  1.514167E-11
      1015 -1.589966E-01 -2.448852E+01  1.248779E-12
      1016 -2.032064E-01 -2.352977E+01 -2.708678E-11
      1017 -1.899886E-01 -2.226809E+01 -1.135536E-11
      1018 -2.300951E-01 -2.028692E+01 -2.832756E-11
      1019 -2.161067E-01 -1.733624E+01 -5.590817E-11
      1020 -2.164907E-01 -1.334497E+01  2.126299E-12
      1021 -2.526399E-01 -8.431307E+00 -1.104095E-11
      1022 -2.030840E-01 -2.886275E+00  1.747846E-11

 total force (fx,fy,fz) for set NSET_IND_TOP and time  0.3956433E+00

       -1.940653E+00 -2.794094E+02 -1.348031E-11

                                INCREMENT   209


 displacements (vx,vy,vz) for set NSET_IND_TOP and time  0.4000000E+00

        10  2.215722E-04 -4.040000E-01  0.000000E+00
        11  0.000000E+00 -4.040000E-01  0.000000E+00
      1004  2.174723E-04 -4.040000E-01  0.000000E+00
      1005  2.126464E-04 -4.040000E-01  0.000000E+00
      1006  2.049375E-04 -4.040000E-01  0.000000E+00
      1007  1.926218E-04 -4.040000E-01  0.000000E+00
      1008  1.745565E-04 -4.040000E-01  0.000000E+00
      1009  1.501402E-04 -4.040000E-01  0.000000E+00
      1010  1.194119E-04 -4.040000E-01  0.000000E+00
      1011  8.311407E-05 -4.040000E-01  0.000000E+00
      1012  4.268473E-05 -4.040000E-01  0.000000E+00
      1013  2.194508E-04 -4.040000E-01  0.000000E+00
      1014  2.152809E-04 -4.040000E-01  0.000000E+00
      1015  2.092566E-04 -4.040000E-01  0.000000E+00
      1016  1.994240E-04 -4.040000E-01  0.000000E+00
      1017  1.843470E-04 -4.040000E-01  0.000000E+00
      1018  1.631399E-04 -4.040000E-01  0.000000E+00
      1019  1.355233E-04 -4.040000E-01  0.000000E+00
      1020  1.018918E-04 -4.040000E-01  0.000000E+00
      1021  6.331742E-05 -4.040000E-01  0.000000E+00
      1022  2.150485E-05 -4.040000E-01  0.000000E+00

 forces (fx,fy,fz) for set NSET_IND_TOP and time  0.4000000E+00

        10  1.877425E-03 -7.651774E+00 -9.727927E-12
        11  2.844190E-04 -1.869588E-03  6.298841E-12
      1004  1.145925E-03 -1.372696E+01  1.563198E-11
      1005  3.133465E-04 -1.290136E+01  1.353476E-11
      1006  8.399590E-04 -1.239941E+01  3.997138E-11
      1007  4.242959E-04 -1.187745E+01  7.022109E-13
      1008  7.869040E-04 -1.107375E+01 -2.057937E-13
      1009  3.221601E-04 -9.815784E+00 -2.294062E-11
      1010 -4.897716E-05 -8.019364E+00 -6.353454E-12
      1011  9.325987E-05 -5.703544E+00  1.191228E-12
      1012 -3.247471E-05 -2.966146E+00  2.550051E-11
      1013 -1.128585E-01 -2.887235E+01  2.718803E-11
      1014 -1.718717E-01 -2.654194E+01  7.527312E-12
      1015 -1.641061E-01 -2.527476E+01  2.987210E-11
      1016 -2.097364E-01 -2.428534E+01 -2.394973E-11
      1017 -1.960937E-01 -2.298324E+01 -4.419842E-11
      1018 -2.374888E-01 -2.093849E+01 -3.751666E-12
      1019 -2.230508E-01 -1.789308E+01  3.574030E-12
      1020 -2.234471E-01 -1.377363E+01  1.356337E-11
      1021 -2.607577E-01 -8.702133E+00 -2.832490E-11
      1022 -2.096095E-01 -2.978987E+00 -3.390177E-12

 total force (fx,fy,fz) for set NSET_IND_TOP and time  0.4000000E+00

       -2.003014E+00 -2.883814E+02  4.171307E-11

                        S T E P       5


                                INCREMENT    10


 displacements (vx,vy,vz) for set NSET_IND_TOP and time  0.4007026E+00

        10  2.176422E-04 -4.014454E-01  0.000000E+00
        11  0.000000E+00 -4.014454E-01  0.000000E+00
      1004  2.136150E-04 -4.014454E-01  0.000000E+00
      1005  2.088745E-04 -4.014454E-01  0.000000E+00
      1006  2.013024E-04 -4.014454E-01  0.000000E+00
      1007  1.892051E-04 -4.014454E-01  0.000000E+00
      1008  1.714602E-04 -4.014454E-01  0.000000E+00
      1009  1.474771E-04 -4.014454E-01  0.000000E+00
      1010  1.172938E-04 -4.014454E-01  0.000000E+00
      1011  8.163985E-05 -4.014454E-01  0.000000E+00
      1012  4.192762E-05 -4.014454E-01  0.000000E+00
      1013  2.155584E-04 -4.014454E-01  0.000000E+00
      1014  2.114624E-04 -4.014454E-01  0.000000E+00
      1015  2.055448E-04 -4.014454E-01  0.000000E+00
      1016  1.958866E-04 -4.014454E-01  0.000000E+00
      1017  1.810771E-04 -4.014454E-01  0.000000E+00
      1018  1.602462E-04 -4.014454E-01  0.000000E+00
      1019  1.331195E-04 -4.014454E-01  0.000000E+00
      1020  1.000845E-04 -4.014454E-01  0.000000E+00
      1021  6.219434E-05 -4.014454E-01  0.000000E+00
      1022  2.112341E-05 -4.014454E-01  0.000000E+00

 forces (fx,fy,fz) for set NSET_IND_TOP and time  0.4007026E+00

        10  1.844129E-03 -7.516185E+00  4.637117E-12
        11  2.793824E-04 -1.836429E-03 -7.253073E-12
      1004  1.125608E-03 -1.348370E+01 -2.147623E-11
      1005  3.078016E-04 -1.267268E+01  2.478750E-11
      1006  8.250774E-04 -1.217959E+01  2.688015E-11
      1007  4.167875E-04 -1.166685E+01  2.915439E-11
      1008  7.729663E-04 -1.087739E+01 -2.310704E-12
      1009  3.164644E-04 -9.641716E+00  8.755465E-12
      1010 -4.809646E-05 -7.877147E+00  5.045775E-12
      1011  9.162360E-05 -5.602394E+00 -2.933263E-11
      1012 -3.188599E-05 -2.913543E+00 -7.663561E-12
      1013 -1.108562E-01 -2.836071E+01 -2.814193E-12
      1014 -1.688224E-01 -2.607153E+01  1.703349E-11
      1015 -1.611946E-01 -2.482673E+01  1.037037E-11
      1016 -2.060156E-01 -2.385478E+01 -1.618083E-11
      1017 -1.926150E-01 -2.257571E+01  7.853274E-12
      1018 -2.332759E-01 -2.056719E+01 -1.421974E-12
      1019 -2.190941E-01 -1.757576E+01  3.478107E-12
      1020 -2.194834E-01 -1.352936E+01 -7.180923E-12
      1021 -2.561323E-01 -8.547805E+00  7.929657E-12
      1022 -2.058914E-01 -2.926156E+00  1.340261E-11

 total force (fx,fy,fz) for set NSET_IND_TOP and time  0.4007026E+00

       -1.967481E+00 -2.832688E+02  6.369378E-11

                                INCREMENT    20


 displacements (vx,vy,vz) for set NSET_IND_TOP and time  0.4027026E+00

        10  2.066042E-04 -3.941734E-01  0.000000E+00
        11  0.000000E+00 -3.941734E-01  0.000000E+00
      1004  2.027806E-04 -3.941734E-01  0.000000E+00
      1005  1.982801E-04 -3.941734E-01  0.000000E+00
      1006  1.910916E-04 -3.941734E-01  0.000000E+00
      1007  1.796076E-04 -3.941734E-01  0.000000E+00
      1008  1.627627E-04 -3.941734E-01  0.000000E+00
      1009  1.399959E-04 -3.941734E-01  0.000000E+00
      1010  1.113437E-04 -3.941734E-01  0.000000E+00
      1011  7.749836E-05 -3.941734E-01  0.000000E+00
      1012  3.980067E-05 -3.941734E-01  0.000000E+00
      1013  2.046257E-04 -3.941734E-01  0.000000E+00
      1014  2.007370E-04 -3.941734E-01  0.000000E+00
      1015  1.951191E-04 -3.941734E-01  0.000000E+00
      1016  1.859504E-04 -3.941734E-01  0.000000E+00
      1017  1.718918E-04 -3.941734E-01  0.000000E+00
      1018  1.521173E-04 -3.941734E-01  0.000000E+00
      1019  1.263666E-04 -3.941734E-01  0.000000E+00
      1020  9.500735E-05 -3.941734E-01  0.000000E+00
      1021  5.903929E-05 -3.941734E-01  0.000000E+00
      1022  2.005184E-05 -3.941734E-01  0.000000E+00

 forces (fx,fy,fz) for set NSET_IND_TOP and time  0.4027026E+00

        10  1.750610E-03 -7.135733E+00 -3.476407E-12
        11  2.652313E-04 -1.743223E-03 -1.147578E-11
      1004  1.068551E-03 -1.280106E+01  1.929299E-11
      1005  2.922455E-04 -1.203092E+01 -4.200737E-13
      1006  7.832907E-04 -1.156260E+01  3.489312E-11
      1007  3.957130E-04 -1.107567E+01  3.389923E-11
      1008  7.338218E-04 -1.032608E+01 -2.463443E-12
      1009  3.004755E-04 -9.152955E+00  1.327194E-11
      1010 -4.561132E-05 -7.477788E+00 -4.795886E-11
      1011  8.703872E-05 -5.318339E+00 -2.210935E-12
      1012 -3.022203E-05 -2.765813E+00  1.046147E-11
      1013 -1.052302E-01 -2.692505E+01  2.752953E-11
      1014 -1.602551E-01 -2.475143E+01 -1.159428E-11
      1015 -1.530149E-01 -2.356926E+01  1.156764E-11
      1016 -1.955618E-01 -2.264617E+01 -6.254552E-12
      1017 -1.828415E-01 -2.143162E+01  5.305978E-12
      1018 -2.214395E-01 -1.952468E+01  5.918821E-12
      1019 -2.079775E-01 -1.668476E+01 -1.614531E-11
      1020 -2.083471E-01 -1.284342E+01 -1.827338E-11
      1021 -2.431366E-01 -8.114402E+00  5.203038E-11
      1022 -1.954448E-01 -2.777785E+00  1.011902E-11

 total force (fx,fy,fz) for set NSET_IND_TOP and time  0.4027026E+00

       -1.867648E+00 -2.689173E+02  1.040171E-10

                                INCREMENT    30


 displacements (vx,vy,vz) for set NSET_IND_TOP and time  0.4047026E+00

        10  1.957063E-04 -3.869014E-01  0.000000E+00
        11  0.000000E+00 -3.869014E-01  0.000000E+00
      1004  1.920838E-04 -3.869014E-01  0.000000E+00
      1005  1.878202E-04 -3.869014E-01  0.000000E+00
      1006  1.810105E-04 -3.869014E-01  0.000000E+00
      1007  1.701320E-04 -3.869014E-01  0.000000E+00
      1008  1.541755E-04 -3.869014E-01  0.000000E+00
      1009  1.326097E-04 -3.869014E-01  0.000000E+00
      1010  1.054691E-04 -3.869014E-01  0.000000E+00
      1011  7.340940E-05 -3.869014E-01  0.000000E+00
      1012  3.770069E-05 -3.869014E-01  0.000000E+00
      1013  1.938319E-04 -3.869014E-01  0.000000E+00
      1014  1.901477E-04 -3.869014E-01  0.000000E+00
      1015  1.848257E-04 -3.869014E-01  0.000000E+00
      1016  1.761403E-04 -3.869014E-01  0.000000E+00
      1017  1.628231E-04 -3.869014E-01  0.000000E+00
      1018  1.440917E-04 -3.869014E-01  0.000000E+00
      1019  1.196994E-04 -3.869014E-01  0.000000E+00
      1020  8.999462E-05 -3.869014E-01  0.000000E+00
      1021  5.592425E-05 -3.869014E-01  0.000000E+00
      1022  1.899385E-05 -3.869014E-01  0.000000E+00

 forces (fx,fy,fz) for set NSET_IND_TOP and time  0.4047026E+00

        10  1.658276E-03 -6.760084E+00 -1.066144E-11
        11  2.512548E-04 -1.651196E-03 -1.808454E-11
      1004  1.012213E-03 -1.212706E+01  2.000171E-11
      1005  2.768812E-04 -1.139728E+01  9.944136E-12
      1006  7.420260E-04 -1.095343E+01  2.493848E-11
      1007  3.748974E-04 -1.049199E+01 -2.451695E-11
      1008  6.951634E-04 -9.781778E+00 -8.920049E-12
      1009  2.846798E-04 -8.670403E+00 -3.825574E-12
      1010 -4.316367E-05 -7.083503E+00  9.051607E-12
      1011  8.250255E-05 -5.037892E+00 -1.973562E-11
      1012 -2.858577E-05 -2.619959E+00  4.204055E-11
      1013 -9.967587E-02 -2.550753E+01 -1.048672E-11
      1014 -1.517968E-01 -2.344803E+01  9.274359E-12
      1015 -1.449391E-01 -2.232773E+01 -2.142286E-12
      1016 -1.852408E-01 -2.145290E+01  5.252687E-12
      1017 -1.731921E-01 -2.030205E+01 -2.482903E-11
      1018 -2.097533E-01 -1.849542E+01 -2.116707E-11
      1019 -1.970018E-01 -1.580507E+01 -1.108447E-12
      1020 -1.973521E-01 -1.216619E+01  3.235634E-12
      1021 -2.303056E-01 -7.686504E+00  1.277023E-11
      1022 -1.851307E-01 -2.631299E+00  2.017764E-11

 total force (fx,fy,fz) for set NSET_IND_TOP and time  0.4047026E+00

       -1.769082E+00 -2.547477E+02  1.120930E-11

                                INCREMENT    40


 displacements (vx,vy,vz) for set NSET_IND_TOP and time  0.4067026E+00

        10  1.850185E-04 -3.796294E-01  0.000000E+00
        11  0.000000E+00 -3.796294E-01  0.000000E+00
      1004  1.815939E-04 -3.796294E-01  0.000000E+00
      1005  1.775633E-04 -3.796294E-01  0.000000E+00
      1006  1.711256E-04 -3.796294E-01  0.000000E+00
      1007  1.608414E-04 -3.796294E-01  0.000000E+00
      1008  1.457565E-04 -3.796294E-01  0.000000E+00
      1009  1.253686E-04 -3.796294E-01  0.000000E+00
      1010  9.971012E-05 -3.796294E-01  0.000000E+00
      1011  6.940112E-05 -3.796294E-01  0.000000E+00
      1012  3.564220E-05 -3.796294E-01  0.000000E+00
      1013  1.832465E-04 -3.796294E-01  0.000000E+00
      1014  1.797636E-04 -3.796294E-01  0.000000E+00
      1015  1.747324E-04 -3.796294E-01  0.000000E+00
      1016  1.665215E-04 -3.796294E-01  0.000000E+00
      1017  1.539317E-04 -3.796294E-01  0.000000E+00
      1018  1.362235E-04 -3.796294E-01  0.000000E+00
      1019  1.131633E-04 -3.796294E-01  0.000000E+00
      1020  8.508070E-05 -3.796294E-01  0.000000E+00
      1021  5.287072E-05 -3.796294E-01  0.000000E+00
      1022  1.795678E-05 -3.796294E-01  0.000000E+00

 forces (fx,fy,fz) for set NSET_IND_TOP and time  0.4067026E+00

        10  1.567725E-03 -6.390817E+00 -1.931830E-12
        11  2.375546E-04 -1.561094E-03  1.377601E-11
      1004  9.569454E-04 -1.146461E+01 -1.469259E-12
      1005  2.617703E-04 -1.077469E+01 -1.425500E-11
      1006  7.015270E-04 -1.035509E+01  2.960122E-11
      1007  3.544467E-04 -9.918870E+00  3.185590E-11
      1008  6.572382E-04 -9.247477E+00 -2.468168E-11
      1009  2.691633E-04 -8.196832E+00 -1.068603E-11
      1010 -4.079225E-05 -6.696627E+00 -2.310199E-11
      1011  7.802399E-05 -4.762752E+00  3.048038E-11
      1012 -2.700792E-05 -2.476876E+00 -1.309619E-11
      1013 -9.423286E-02 -2.411418E+01 -4.403278E-11
      1014 -1.435077E-01 -2.216716E+01  1.589484E-11
      1015 -1.370245E-01 -2.110806E+01  2.077138E-11
      1016 -1.751258E-01 -2.028104E+01 -1.798917E-11
      1017 -1.637352E-01 -1.919309E+01 -1.378453E-11
      1018 -1.983004E-01 -1.748518E+01 -3.643308E-12
      1019 -1.862455E-01 -1.494183E+01  7.471357E-12
      1020 -1.865769E-01 -1.150173E+01 -3.590017E-12
      1021 -2.177315E-01 -7.266717E+00  4.365397E-12
      1022 -1.750231E-01 -2.487598E+00  7.562839E-12

 total force (fx,fy,fz) for set NSET_IND_TOP and time  0.4067026E+00

       -1.672487E+00 -2.408328E+02 -1.048244E-11

                                INCREMENT    50


 displacements (vx,vy,vz) for set NSET_IND_TOP and time  0.4087026E+00

        10  1.745631E-04 -3.723574E-01  0.000000E+00
        11  0.000000E+00 -3.723574E-01  0.000000E+00
      1004  1.713323E-04 -3.723574E-01  0.000000E+00
      1005  1.675297E-04 -3.723574E-01  0.000000E+00
      1006  1.614562E-04 -3.723574E-01  0.000000E+00
      1007  1.517534E-04 -3.723574E-01  0.000000E+00
      1008  1.375212E-04 -3.723574E-01  0.000000E+00
      1009  1.182856E-04 -3.723574E-01  0.000000E+00
      1010  9.407696E-05 -3.723574E-01  0.000000E+00
      1011  6.548042E-05 -3.723574E-01  0.000000E+00
      1012  3.362870E-05 -3.723574E-01  0.000000E+00
      1013  1.728914E-04 -3.723574E-01  0.000000E+00
      1014  1.696056E-04 -3.723574E-01  0.000000E+00
      1015  1.648589E-04 -3.723574E-01  0.000000E+00
      1016  1.571124E-04 -3.723574E-01  0.000000E+00
      1017  1.452344E-04 -3.723574E-01  0.000000E+00
      1018  1.285270E-04 -3.723574E-01  0.000000E+00
      1019  1.067700E-04 -3.723574E-01  0.000000E+00
      1020  8.027413E-05 -3.723574E-01  0.000000E+00
      1021  4.988391E-05 -3.723574E-01  0.000000E+00
      1022  1.694237E-05 -3.723574E-01  0.000000E+00

 forces (fx,fy,fz) for set NSET_IND_TOP and time  0.4087026E+00

        10  1.479143E-03 -6.029371E+00  1.398463E-11
        11  2.241526E-04 -1.472983E-03 -2.426569E-12
      1004  9.028756E-04 -1.081621E+01  8.563421E-12
      1005  2.469767E-04 -1.016536E+01  1.413167E-11
      1006  6.618995E-04 -9.769547E+00  1.802060E-11
      1007  3.344302E-04 -9.358052E+00 -4.497078E-12
      1008  6.201321E-04 -8.724680E+00  9.252238E-12
      1009  2.539758E-04 -7.733483E+00  3.178470E-12
      1010 -3.848060E-05 -6.318118E+00 -1.745518E-11
      1011  7.363357E-05 -4.493571E+00 -6.663049E-12
      1012 -2.547220E-05 -2.336895E+00  2.618663E-11
      1013 -8.890927E-02 -2.275035E+01  4.723333E-11
      1014 -1.354003E-01 -2.091351E+01 -3.709033E-12
      1015 -1.292834E-01 -1.991440E+01 -1.330003E-11
      1016 -1.652324E-01 -1.913427E+01 -6.793677E-12
      1017 -1.544855E-01 -1.810796E+01 -2.239542E-11
      1018 -1.870984E-01 -1.649673E+01  7.944756E-12
      1019 -1.757249E-01 -1.409724E+01 -1.314771E-11
      1020 -1.760379E-01 -1.085165E+01  1.710632E-12
      1021 -2.054330E-01 -6.856026E+00  1.632472E-11
      1022 -1.651371E-01 -2.347012E+00 -1.737277E-12

 total force (fx,fy,fz) for set NSET_IND_TOP and time  0.4087026E+00

       -1.578009E+00 -2.272159E+02  7.440607E-11

                                INCREMENT    60


 displacements (vx,vy,vz) for set NSET_IND_TOP and time  0.4107026E+00

        10  1.643196E-04 -3.650854E-01  0.000000E+00
        11  0.000000E+00 -3.650854E-01  0.000000E+00
      1004  1.612785E-04 -3.650854E-01  0.000000E+00
      1005  1.576992E-04 -3.650854E-01  0.000000E+00
      1006  1.519822E-04 -3.650854E-01  0.000000E+00
      1007  1.428490E-04 -3.650854E-01  0.000000E+00
      1008  1.294521E-04 -3.650854E-01  0.000000E+00
      1009  1.113453E-04 -3.650854E-01  0.000000E+00
      1010  8.855725E-05 -3.650854E-01  0.000000E+00
      1011  6.163861E-05 -3.650854E-01  0.000000E+00
      1012  3.165570E-05 -3.650854E-01  0.000000E+00
      1013  1.627460E-04 -3.650854E-01  0.000000E+00
      1014  1.596531E-04 -3.650854E-01  0.000000E+00
      1015  1.551852E-04 -3.650854E-01  0.000000E+00
      1016  1.478934E-04 -3.650854E-01  0.000000E+00
      1017  1.367125E-04 -3.650854E-01  0.000000E+00
      1018  1.209857E-04 -3.650854E-01  0.000000E+00
      1019  1.005055E-04 -3.650854E-01  0.000000E+00
      1020  7.556431E-05 -3.650854E-01  0.000000E+00
      1021  4.695720E-05 -3.650854E-01  0.000000E+00
      1022  1.594836E-05 -3.650854E-01  0.000000E+00

 forces (fx,fy,fz) for set NSET_IND_TOP and time  0.4107026E+00

        10  1.392356E-03 -5.675491E+00 -1.285538E-11
        11  2.110181E-04 -1.386610E-03 -1.037642E-13
      1004  8.499049E-04 -1.018137E+01 -1.739870E-11
      1005  2.324934E-04 -9.568704E+00 -9.262654E-12
      1006  6.230809E-04 -9.196130E+00  5.972817E-11
      1007  3.148266E-04 -8.808800E+00  1.513885E-11
      1008  5.837773E-04 -8.212621E+00 -2.104716E-11
      1009  2.390998E-04 -7.279618E+00  1.686961E-11
      1010 -3.620949E-05 -5.947335E+00  2.670130E-12
      1011  6.933733E-05 -4.229874E+00 -3.059187E-11
      1012 -2.396211E-05 -2.199762E+00  3.540705E-11
      1013 -8.369240E-02 -2.141506E+01  2.553469E-11
      1014 -1.274556E-01 -1.968601E+01  3.371659E-11
      1015 -1.216977E-01 -1.874554E+01  8.348877E-13
      1016 -1.555375E-01 -1.801121E+01 -7.716494E-12
      1017 -1.454214E-01 -1.704517E+01 -1.670131E-11
      1018 -1.761212E-01 -1.552854E+01 -2.131628E-12
      1019 -1.654152E-01 -1.326991E+01 -1.060307E-11
      1020 -1.657101E-01 -1.021482E+01  2.154188E-11
      1021 -1.933809E-01 -6.453696E+00  3.140954E-11
      1022 -1.554492E-01 -2.209285E+00  1.377298E-11

 total force (fx,fy,fz) for set NSET_IND_TOP and time  0.4107026E+00

       -1.485425E+00 -2.138803E+02  1.282123E-10

                                INCREMENT    70


 displacements (vx,vy,vz) for set NSET_IND_TOP and time  0.4127026E+00

        10  1.542748E-04 -3.578134E-01  0.000000E+00
        11  0.000000E+00 -3.578134E-01  0.000000E+00
      1004  1.514198E-04 -3.578134E-01  0.000000E+00
      1005  1.480594E-04 -3.578134E-01  0.000000E+00
      1006  1.426921E-04 -3.578134E-01  0.000000E+00
      1007  1.341174E-04 -3.578134E-01  0.000000E+00
      1008  1.215397E-04 -3.578134E-01  0.000000E+00
      1009  1.045398E-04 -3.578134E-01  0.000000E+00
      1010  8.314475E-05 -3.578134E-01  0.000000E+00
      1011  5.787144E-05 -3.578134E-01  0.000000E+00
      1012  2.972103E-05 -3.578134E-01  0.000000E+00
      1013  1.527975E-04 -3.578134E-01  0.000000E+00
      1014  1.498939E-04 -3.578134E-01  0.000000E+00
      1015  1.456992E-04 -3.578134E-01  0.000000E+00
      1016  1.388534E-04 -3.578134E-01  0.000000E+00
      1017  1.283562E-04 -3.578134E-01  0.000000E+00
      1018  1.135909E-04 -3.578134E-01  0.000000E+00
      1019  9.436264E-05 -3.578134E-01  0.000000E+00
      1020  7.094599E-05 -3.578134E-01  0.000000E+00
      1021  4.408734E-05 -3.578134E-01  0.000000E+00
      1022  1.497367E-05 -3.578134E-01  0.000000E+00

 forces (fx,fy,fz) for set NSET_IND_TOP and time  0.4127026E+00

        10  1.307250E-03 -5.328390E+00  7.162326E-13
        11  1.981360E-04 -1.301920E-03  1.039272E-11
      1004  7.979578E-04 -9.558696E+00  1.492501E-11
      1005  2.182844E-04 -8.983518E+00 -2.833219E-12
      1006  5.850079E-04 -8.633755E+00  1.387649E-11
      1007  2.955956E-04 -8.270144E+00  4.142309E-11
      1008  5.481204E-04 -7.710456E+00 -1.243987E-11
      1009  2.245047E-04 -6.834532E+00 -8.428576E-12
      1010 -3.398808E-05 -5.583730E+00  2.957460E-11
      1011  6.511670E-05 -3.971283E+00 -4.244312E-11
      1012 -2.248715E-05 -2.065285E+00  2.960668E-11
      1013 -7.857713E-02 -2.010536E+01  1.476019E-11
      1014 -1.196655E-01 -1.848207E+01 -1.523137E-11
      1015 -1.142596E-01 -1.759916E+01 -5.262013E-12
      1016 -1.460313E-01 -1.690980E+01 -2.942269E-11
      1017 -1.365337E-01 -1.600290E+01 -1.037526E-11
      1018 -1.653574E-01 -1.457907E+01 -2.966161E-11
      1019 -1.553060E-01 -1.245859E+01 -1.051514E-11
      1020 -1.555832E-01 -9.590328E+00 -2.252243E-11
      1021 -1.815632E-01 -6.059160E+00  4.324541E-12
      1022 -1.459496E-01 -2.074227E+00  7.660539E-12

 total force (fx,fy,fz) for set NSET_IND_TOP and time  0.4127026E+00

       -1.394643E+00 -2.008017E+02 -2.187519E-11

                                INCREMENT    80


 displacements (vx,vy,vz) for set NSET_IND_TOP and time  0.4147026E+00

        10  1.444915E-04 -3.505414E-01  0.000000E+00
        11  0.000000E+00 -3.505414E-01  0.000000E+00
      1004  1.418176E-04 -3.505414E-01  0.000000E+00
      1005  1.386705E-04 -3.505414E-01  0.000000E+00
      1006  1.336438E-04 -3.505414E-01  0.000000E+00
      1007  1.256131E-04 -3.505414E-01  0.000000E+00
      1008  1.138331E-04 -3.505414E-01  0.000000E+00
      1009  9.791138E-05 -3.505414E-01  0.000000E+00
      1010  7.787306E-05 -3.505414E-01  0.000000E+00
      1011  5.420227E-05 -3.505414E-01  0.000000E+00
      1012  2.783668E-05 -3.505414E-01  0.000000E+00
      1013  1.431080E-04 -3.505414E-01  0.000000E+00
      1014  1.403886E-04 -3.505414E-01  0.000000E+00
      1015  1.364601E-04 -3.505414E-01  0.000000E+00
      1016  1.300486E-04 -3.505414E-01  0.000000E+00
      1017  1.202173E-04 -3.505414E-01  0.000000E+00
      1018  1.063885E-04 -3.505414E-01  0.000000E+00
      1019  8.837960E-05 -3.505414E-01  0.000000E+00
      1020  6.644781E-05 -3.505414E-01  0.000000E+00
      1021  4.129213E-05 -3.505414E-01  0.000000E+00
      1022  1.402432E-05 -3.505414E-01  0.000000E+00

 forces (fx,fy,fz) for set NSET_IND_TOP and time  0.4147026E+00

        10  1.224360E-03 -4.990338E+00  1.540532E-12
        11  1.855891E-04 -1.219429E-03 -1.197946E-11
      1004  7.473636E-04 -8.952255E+00 -2.361139E-11
      1005  2.044463E-04 -8.413581E+00  7.183047E-12
      1006  5.479267E-04 -8.086032E+00  3.560631E-12
      1007  2.768659E-04 -7.745518E+00 -1.797880E-11
      1008  5.133918E-04 -7.221365E+00  2.019372E-11
      1009  2.102901E-04 -6.401033E+00 -6.673412E-13
      1010 -3.182368E-05 -5.229588E+00 -2.444824E-11
      1011  6.100682E-05 -3.719422E+00 -8.578579E-12
      1012 -2.104974E-05 -1.934308E+00 -2.054578E-11
      1013 -7.359493E-02 -1.882979E+01 -1.180656E-11
      1014 -1.120781E-01 -1.730950E+01  1.053113E-11
      1015 -1.070150E-01 -1.648264E+01 -5.100231E-11
      1016 -1.367724E-01 -1.583707E+01 -1.602718E-12
      1017 -1.278771E-01 -1.498777E+01  6.082690E-12
      1018 -1.548737E-01 -1.365432E+01  1.687539E-12
      1019 -1.454599E-01 -1.166840E+01  1.479705E-12
      1020 -1.457197E-01 -8.982086E+00 -1.654410E-11
      1021 -1.700529E-01 -5.674889E+00  1.311840E-12
      1022 -1.366971E-01 -1.942683E+00  1.352207E-11

 total force (fx,fy,fz) for set NSET_IND_TOP and time  0.4147026E+00

       -1.306222E+00 -1.880638E+02 -1.216724E-10

                                INCREMENT    90


 displacements (vx,vy,vz) for set NSET_IND_TOP and time  0.4167026E+00

        10  1.349534E-04 -3.432694E-01  0.000000E+00
        11  0.000000E+00 -3.432694E-01  0.000000E+00
      1004  1.324558E-04 -3.432694E-01  0.000000E+00
      1005  1.295161E-04 -3.432694E-01  0.000000E+00
      1006  1.248210E-04 -3.432694E-01  0.000000E+00
      1007  1.173203E-04 -3.432694E-01  0.000000E+00
      1008  1.063179E-04 -3.432694E-01  0.000000E+00
      1009  9.144729E-05 -3.432694E-01  0.000000E+00
      1010  7.273186E-05 -3.432694E-01  0.000000E+00
      1011  5.062381E-05 -3.432694E-01  0.000000E+00
      1012  2.599889E-05 -3.432694E-01  0.000000E+00
      1013  1.336610E-04 -3.432694E-01  0.000000E+00
      1014  1.311209E-04 -3.432694E-01  0.000000E+00
      1015  1.274515E-04 -3.432694E-01  0.000000E+00
      1016  1.214631E-04 -3.432694E-01  0.000000E+00
      1017  1.122807E-04 -3.432694E-01  0.000000E+00
      1018  9.936474E-05 -3.432694E-01  0.000000E+00
      1019  8.254478E-05 -3.432694E-01  0.000000E+00
      1020  6.206090E-05 -3.432694E-01  0.000000E+00
      1021  3.856600E-05 -3.432694E-01  0.000000E+00
      1022  1.309843E-05 -3.432694E-01  0.000000E+00

 forces (fx,fy,fz) for set NSET_IND_TOP and time  0.4167026E+00

        10  1.143544E-03 -4.661305E+00  5.953710E-12
        11  1.733489E-04 -1.138900E-03  1.584457E-11
      1004  6.980451E-04 -8.361933E+00 -1.524484E-11
      1005  1.909799E-04 -7.858679E+00 -1.680471E-11
      1006  5.117894E-04 -7.552629E+00  2.747210E-12
      1007  2.586244E-04 -7.234489E+00  1.581845E-11
      1008  4.795346E-04 -6.744854E+00  3.751818E-12
      1009  1.964424E-04 -5.978610E+00  2.236117E-11
      1010 -2.969794E-05 -4.884448E+00 -1.032301E-11
      1011  5.701390E-05 -3.473938E+00 -2.253000E-11
      1012 -1.963454E-05 -1.806639E+00  2.002392E-11
      1013 -6.873490E-02 -1.758822E+01  2.478306E-11
      1014 -1.046770E-01 -1.616800E+01 -1.493206E-11
      1015 -9.994846E-02 -1.539546E+01 -1.420064E-11
      1016 -1.277411E-01 -1.479227E+01 -3.503242E-11
      1017 -1.194334E-01 -1.399885E+01  1.245803E-11
      1018 -1.446475E-01 -1.275328E+01 -4.032330E-13
      1019 -1.358553E-01 -1.089834E+01  1.311662E-11
      1020 -1.360981E-01 -8.389277E+00 -7.290168E-12
      1021 -1.588247E-01 -5.300339E+00  1.241407E-11
      1022 -1.276713E-01 -1.814461E+00  5.233591E-12

 total force (fx,fy,fz) for set NSET_IND_TOP and time  0.4167026E+00

       -1.219972E+00 -1.756571E+02  1.774516E-11

                                INCREMENT   100


 displacements (vx,vy,vz) for set NSET_IND_TOP and time  0.4187026E+00

        10  1.275462E-04 -3.359974E-01  0.000000E+00
        11  0.000000E+00 -3.359974E-01  0.000000E+00
      1004  1.251878E-04 -3.359974E-01  0.000000E+00
      1005  1.224116E-04 -3.359974E-01  0.000000E+00
      1006  1.179761E-04 -3.359974E-01  0.000000E+00
      1007  1.108887E-04 -3.359974E-01  0.000000E+00
      1008  1.004913E-04 -3.359974E-01  0.000000E+00
      1009  8.643708E-05 -3.359974E-01  0.000000E+00
      1010  6.874808E-05 -3.359974E-01  0.000000E+00
      1011  4.785154E-05 -3.359974E-01  0.000000E+00
      1012  2.457533E-05 -3.359974E-01  0.000000E+00
      1013  1.263258E-04 -3.359974E-01  0.000000E+00
      1014  1.239272E-04 -3.359974E-01  0.000000E+00
      1015  1.204613E-04 -3.359974E-01  0.000000E+00
      1016  1.148033E-04 -3.359974E-01  0.000000E+00
      1017  1.061263E-04 -3.359974E-01  0.000000E+00
      1018  9.391996E-05 -3.359974E-01  0.000000E+00
      1019  7.802294E-05 -3.359974E-01  0.000000E+00
      1020  5.866199E-05 -3.359974E-01  0.000000E+00
      1021  3.645422E-05 -3.359974E-01  0.000000E+00
      1022  1.238126E-05 -3.359974E-01  0.000000E+00

 forces (fx,fy,fz) for set NSET_IND_TOP and time  0.4187026E+00

        10  1.080807E-03 -4.402810E+00 -2.071104E-12
        11  1.638828E-04 -1.076913E-03 -9.527676E-12
      1004  6.597047E-04 -7.898503E+00 -1.291926E-11
      1005  1.803874E-04 -7.423676E+00  1.424178E-11
      1006  4.836452E-04 -7.135176E+00  1.677501E-11
      1007  2.443547E-04 -6.835192E+00  1.442959E-12
      1008  4.532318E-04 -6.373057E+00  7.714796E-12
      1009  1.856276E-04 -5.649406E+00 -1.005789E-11
      1010 -2.813267E-05 -4.615725E+00 -1.251912E-11
      1011  5.383544E-05 -3.282937E+00  1.693650E-12
      1012 -1.861138E-05 -1.707347E+00  3.868532E-12
      1013 -6.497549E-02 -1.661308E+01  1.401324E-12
      1014 -9.895065E-02 -1.527245E+01  1.286793E-11
      1015 -9.448016E-02 -1.454388E+01  2.698775E-11
      1016 -1.207519E-01 -1.397525E+01 -6.450396E-12
      1017 -1.128991E-01 -1.322669E+01 -1.922906E-13
      1018 -1.367345E-01 -1.205065E+01 -1.875922E-11
      1019 -1.284244E-01 -1.029849E+01  1.632428E-11
      1020 -1.286548E-01 -7.927871E+00 -3.117862E-11
      1021 -1.501395E-01 -5.008971E+00  4.809664E-11
      1022 -1.206902E-01 -1.714743E+00 -1.142153E-11

 total force (fx,fy,fz) for set NSET_IND_TOP and time  0.4187026E+00

       -1.153242E+00 -1.659570E+02  3.631755E-11

                                INCREMENT   110


 displacements (vx,vy,vz) for set NSET_IND_TOP and time  0.4207026E+00

        10  1.188295E-04 -3.287254E-01  0.000000E+00
        11  0.000000E+00 -3.287254E-01  0.000000E+00
      1004  1.166344E-04 -3.287254E-01  0.000000E+00
      1005  1.140501E-04 -3.287254E-01  0.000000E+00
      1006  1.099196E-04 -3.287254E-01  0.000000E+00
      1007  1.033181E-04 -3.287254E-01  0.000000E+00
      1008  9.363227E-05 -3.287254E-01  0.000000E+00
      1009  8.053876E-05 -3.287254E-01  0.000000E+00
      1010  6.405784E-05 -3.287254E-01  0.000000E+00
      1011  4.458749E-05 -3.287254E-01  0.000000E+00
      1012  2.289918E-05 -3.287254E-01  0.000000E+00
      1013  1.176936E-04 -3.287254E-01  0.000000E+00
      1014  1.154611E-04 -3.287254E-01  0.000000E+00
      1015  1.122340E-04 -3.287254E-01  0.000000E+00
      1016  1.069645E-04 -3.287254E-01  0.000000E+00
      1017  9.888178E-05 -3.287254E-01  0.000000E+00
      1018  8.751027E-05 -3.287254E-01  0.000000E+00
      1019  7.269938E-05 -3.287254E-01  0.000000E+00
      1020  5.466022E-05 -3.287254E-01  0.000000E+00
      1021  3.396776E-05 -3.287254E-01  0.000000E+00
      1022  1.153683E-05 -3.287254E-01  0.000000E+00

 forces (fx,fy,fz) for set NSET_IND_TOP and time  0.4207026E+00

        10  1.006962E-03 -4.099243E+00 -5.673392E-12
        11  1.527188E-04 -1.003833E-03 -9.873402E-12
      1004  6.145806E-04 -7.354220E+00 -1.922432E-11
      1005  1.679361E-04 -6.912674E+00  2.432580E-11
      1006  4.505182E-04 -6.644663E+00 -1.886806E-11
      1007  2.275606E-04 -6.365886E+00  9.381959E-12
      1008  4.222486E-04 -5.935962E+00 -2.635806E-11
      1009  1.728858E-04 -5.262299E+00 -1.963408E-11
      1010 -2.628884E-05 -4.299679E+00 -1.390666E-11
      1011  5.008409E-05 -3.058270E+00 -6.398229E-12
      1012 -1.740989E-05 -1.590543E+00  2.569246E-11
      1013 -6.054833E-02 -1.546788E+01  6.306955E-12
      1014 -9.220736E-02 -1.422057E+01  1.902478E-11
      1015 -8.804081E-02 -1.354339E+01 -2.025047E-13
      1016 -1.125216E-01 -1.301511E+01 -5.469669E-11
      1017 -1.052042E-01 -1.231904E+01 -1.905853E-11
      1018 -1.274157E-01 -1.122453E+01  1.554978E-11
      1019 -1.196728E-01 -9.593070E+00 -4.312994E-12
      1020 -1.198884E-01 -7.385176E+00  1.913847E-11
      1021 -1.399101E-01 -4.666232E+00  4.853895E-12
      1022 -1.124676E-01 -1.597438E+00  1.576295E-11

 total force (fx,fy,fz) for set NSET_IND_TOP and time  0.4207026E+00

       -1.074655E+00 -1.545569E+02 -5.816988E-11

                                INCREMENT   120


 displacements (vx,vy,vz) for set NSET_IND_TOP and time  0.4227026E+00

        10  1.096641E-04 -3.214534E-01  0.000000E+00
        11  0.000000E+00 -3.214534E-01  0.000000E+00
      1004  1.076400E-04 -3.214534E-01  0.000000E+00
      1005  1.052566E-04 -3.214534E-01  0.000000E+00
      1006  1.014462E-04 -3.214534E-01  0.000000E+00
      1007  9.535508E-05 -3.214534E-01  0.000000E+00
      1008  8.641710E-05 -3.214534E-01  0.000000E+00
      1009  7.433366E-05 -3.214534E-01  0.000000E+00
      1010  5.912329E-05 -3.214534E-01  0.000000E+00
      1011  4.115323E-05 -3.214534E-01  0.000000E+00
      1012  2.113556E-05 -3.214534E-01  0.000000E+00
      1013  1.086167E-04 -3.214534E-01  0.000000E+00
      1014  1.065580E-04 -3.214534E-01  0.000000E+00
      1015  1.035814E-04 -3.214534E-01  0.000000E+00
      1016  9.871962E-05 -3.214534E-01  0.000000E+00
      1017  9.126137E-05 -3.214534E-01  0.000000E+00
      1018  8.076746E-05 -3.214534E-01  0.000000E+00
      1019  6.709873E-05 -3.214534E-01  0.000000E+00
      1020  5.044989E-05 -3.214534E-01  0.000000E+00
      1021  3.135159E-05 -3.214534E-01  0.000000E+00
      1022  1.064832E-05 -3.214534E-01  0.000000E+00

 forces (fx,fy,fz) for set NSET_IND_TOP and time  0.4227026E+00

        10  9.293088E-04 -3.781005E+00  2.664289E-12
        11  1.409686E-04 -9.268098E-04  5.356131E-12
      1004  5.671480E-04 -6.783523E+00  9.226751E-13
      1005  1.548888E-04 -6.376671E+00  1.786537E-11
      1006  4.157142E-04 -6.129927E+00  2.187495E-11
      1007  2.099376E-04 -5.873196E+00  3.133807E-11
      1008  3.896763E-04 -5.476917E+00 -2.460777E-11
      1009  1.595102E-04 -4.855627E+00  1.197434E-11
      1010 -2.432082E-05 -3.967578E+00 -1.789580E-11
      1011  4.616737E-05 -2.822148E+00 -2.417481E-12
      1012 -1.612014E-05 -1.467770E+00  2.356634E-12
      1013 -5.588848E-02 -1.426724E+01  1.932521E-11
      1014 -8.511009E-02 -1.311745E+01  3.585310E-11
      1015 -8.126369E-02 -1.249373E+01 -1.763745E-11
      1016 -1.038598E-01 -1.200733E+01 -2.165956E-11
      1017 -9.710577E-02 -1.136599E+01  3.222222E-11
      1018 -1.176080E-01 -1.035680E+01  3.436362E-12
      1019 -1.104618E-01 -8.851910E+00 -1.634426E-11
      1020 -1.106615E-01 -6.814863E+00 -3.500134E-11
      1021 -1.291429E-01 -4.306001E+00  2.886580E-13
      1022 -1.038127E-01 -1.474136E+00  1.486500E-11

 total force (fx,fy,fz) for set NSET_IND_TOP and time  0.4227026E+00

       -9.919419E-01 -1.425907E+02  6.477936E-11

                                INCREMENT   130


 displacements (vx,vy,vz) for set NSET_IND_TOP and time  0.4247026E+00

        10  1.007801E-04 -3.141814E-01  0.000000E+00
        11  0.000000E+00 -3.141814E-01  0.000000E+00
      1004  9.892146E-05 -3.141814E-01  0.000000E+00
      1005  9.673250E-05 -3.141814E-01  0.000000E+00
      1006  9.323202E-05 -3.141814E-01  0.000000E+00
      1007  8.763538E-05 -3.141814E-01  0.000000E+00
      1008  7.942214E-05 -3.141814E-01  0.000000E+00
      1009  6.831772E-05 -3.141814E-01  0.000000E+00
      1010  5.433902E-05 -3.141814E-01  0.000000E+00
      1011  3.782346E-05 -3.141814E-01  0.000000E+00
      1012  1.942558E-05 -3.141814E-01  0.000000E+00
      1013  9.981830E-05 -3.141814E-01  0.000000E+00
      1014  9.792779E-05 -3.141814E-01  0.000000E+00
      1015  9.519363E-05 -3.141814E-01  0.000000E+00
      1016  9.072688E-05 -3.141814E-01  0.000000E+00
      1017  8.387369E-05 -3.141814E-01  0.000000E+00
      1018  7.423032E-05 -3.141814E-01  0.000000E+00
      1019  6.166872E-05 -3.141814E-01  0.000000E+00
      1020  4.636771E-05 -3.141814E-01  0.000000E+00
      1021  2.881499E-05 -3.141814E-01  0.000000E+00
      1022  9.786832E-06 -3.141814E-01  0.000000E+00

 forces (fx,fy,fz) for set NSET_IND_TOP and time  0.4247026E+00

        10  8.540375E-04 -3.472966E+00 -4.094780E-12
        11  1.295736E-04 -8.520704E-04 -1.422403E-11
      1004  5.211785E-04 -6.231067E+00  9.736078E-12
      1005  1.422618E-04 -5.857713E+00  2.643006E-11
      1006  3.819908E-04 -5.631459E+00  5.828298E-12
      1007  1.928709E-04 -5.395985E+00  2.012269E-11
      1008  3.581057E-04 -5.032219E+00 -2.935208E-11
      1009  1.465542E-04 -4.461608E+00 -1.510174E-12
      1010 -2.240072E-05 -3.645773E+00 -3.722262E-12
      1011  4.238240E-05 -2.593326E+00 -3.292543E-11
      1012 -1.485881E-05 -1.348788E+00  1.307740E-11
      1013 -5.136962E-02 -1.310505E+01  1.352740E-11
      1014 -7.822775E-02 -1.204950E+01 -1.492673E-11
      1015 -7.469192E-02 -1.147736E+01  4.592771E-12
      1016 -9.546041E-02 -1.103132E+01  6.046719E-12
      1017 -8.925277E-02 -1.044280E+01  1.398215E-11
      1018 -1.080975E-01 -9.516127E+00 -2.756861E-11
      1019 -1.015297E-01 -8.133769E+00  4.810374E-12
      1020 -1.017138E-01 -6.262209E+00  2.127054E-11
      1021 -1.187015E-01 -3.956900E+00 -1.899503E-11
      1022 -9.541957E-02 -1.354640E+00 -6.421530E-12

 total force (fx,fy,fz) for set NSET_IND_TOP and time  0.4247026E+00

       -9.117329E-01 -1.310014E+02 -1.431617E-11

                                INCREMENT   140


 displacements (vx,vy,vz) for set NSET_IND_TOP and time  0.4267026E+00

        10  9.221793E-05 -3.069094E-01  0.000000E+00
        11  0.000000E+00 -3.069094E-01  0.000000E+00
      1004  9.051845E-05 -3.069094E-01  0.000000E+00
      1005  8.851671E-05 -3.069094E-01  0.000000E+00
      1006  8.531476E-05 -3.069094E-01  0.000000E+00
      1007  8.019454E-05 -3.069094E-01  0.000000E+00
      1008  7.267971E-05 -3.069094E-01  0.000000E+00
      1009  6.251884E-05 -3.069094E-01  0.000000E+00
      1010  4.972728E-05 -3.069094E-01  0.000000E+00
      1011  3.461373E-05 -3.069094E-01  0.000000E+00
      1012  1.777722E-05 -3.069094E-01  0.000000E+00
      1013  9.133845E-05 -3.069094E-01  0.000000E+00
      1014  8.960984E-05 -3.069094E-01  0.000000E+00
      1015  8.710917E-05 -3.069094E-01  0.000000E+00
      1016  8.302296E-05 -3.069094E-01  0.000000E+00
      1017  7.675281E-05 -3.069094E-01  0.000000E+00
      1018  6.792912E-05 -3.069094E-01  0.000000E+00
      1019  5.643458E-05 -3.069094E-01  0.000000E+00
      1020  4.243272E-05 -3.069094E-01  0.000000E+00
      1021  2.636983E-05 -3.069094E-01  0.000000E+00
      1022  8.956386E-06 -3.069094E-01  0.000000E+00

 forces (fx,fy,fz) for set NSET_IND_TOP and time  0.4267026E+00

        10  7.814906E-04 -3.176315E+00 -4.942644E-13
        11  1.185881E-04 -7.799914E-04 -4.333438E-12
      1004  4.768772E-04 -5.699008E+00 -1.483164E-11
      1005  1.301029E-04 -5.357866E+00  4.002800E-12
      1006  3.494951E-04 -5.151293E+00  1.780721E-11
      1007  1.764305E-04 -4.936244E+00  1.642524E-11
      1008  3.276792E-04 -4.603758E+00 -3.686895E-12
      1009  1.340724E-04 -4.081944E+00  2.150249E-11
      1010 -2.054318E-05 -3.335672E+00 -2.277595E-12
      1011  3.874093E-05 -2.372817E+00  2.223591E-11
      1012 -1.363689E-05 -1.234123E+00 -2.329378E-11
      1013 -4.701324E-02 -1.198580E+01  6.353584E-12
      1014 -7.159296E-02 -1.102093E+01 -5.322409E-12
      1015 -6.835660E-02 -1.049835E+01  9.452439E-13
      1016 -8.736331E-02 -1.009109E+01 -2.838174E-12
      1017 -8.168233E-02 -9.553361E+00  2.315215E-11
      1018 -9.892903E-02 -8.706115E+00 -1.015232E-11
      1019 -9.291887E-02 -7.441771E+00  1.727951E-12
      1020 -9.308792E-02 -5.729643E+00  2.921574E-11
      1021 -1.086355E-01 -3.620476E+00  1.510125E-11
      1022 -8.732813E-02 -1.239481E+00  7.416290E-13

 total force (fx,fy,fz) for set NSET_IND_TOP and time  0.4267026E+00

       -8.344086E-01 -1.198368E+02  9.198069E-11

                                INCREMENT   150


 displacements (vx,vy,vz) for set NSET_IND_TOP and time  0.4287026E+00

        10  8.393135E-05 -2.996374E-01  0.000000E+00
        11  0.000000E+00 -2.996374E-01  0.000000E+00
      1004  8.238581E-05 -2.996374E-01  0.000000E+00
      1005  8.056512E-05 -2.996374E-01  0.000000E+00
      1006  7.765197E-05 -2.996374E-01  0.000000E+00
      1007  7.299273E-05 -2.996374E-01  0.000000E+00
      1008  6.615375E-05 -2.996374E-01  0.000000E+00
      1009  5.690604E-05 -2.996374E-01  0.000000E+00
      1010  4.526345E-05 -2.996374E-01  0.000000E+00
      1011  3.150690E-05 -2.996374E-01  0.000000E+00
      1012  1.618169E-05 -2.996374E-01  0.000000E+00
      1013  8.313152E-05 -2.996374E-01  0.000000E+00
      1014  8.155944E-05 -2.996374E-01  0.000000E+00
      1015  7.928461E-05 -2.996374E-01  0.000000E+00
      1016  7.556658E-05 -2.996374E-01  0.000000E+00
      1017  6.986060E-05 -2.996374E-01  0.000000E+00
      1018  6.183017E-05 -2.996374E-01  0.000000E+00
      1019  5.136835E-05 -2.996374E-01  0.000000E+00
      1020  3.862391E-05 -2.996374E-01  0.000000E+00
      1021  2.400304E-05 -2.996374E-01  0.000000E+00
      1022  8.152557E-06 -2.996374E-01  0.000000E+00

 forces (fx,fy,fz) for set NSET_IND_TOP and time  0.4287026E+00

        10  7.112779E-04 -2.889390E+00 -1.202334E-11
        11  1.079533E-04 -7.101969E-04  2.987463E-12
      1004  4.340044E-04 -5.184374E+00 -1.770560E-11
      1005  1.183433E-04 -4.874353E+00  2.519365E-12
      1006  3.180498E-04 -4.686776E+00  1.692842E-11
      1007  1.605250E-04 -4.491448E+00  2.375102E-12
      1008  2.982318E-04 -4.189193E+00 -1.722690E-11
      1009  1.219953E-04 -3.714571E+00 -6.158732E-12
      1010 -1.874060E-05 -3.035594E+00  1.184927E-12
      1011  3.522081E-05 -2.159426E+00 -2.236022E-11
      1012 -1.245006E-05 -1.123158E+00  3.265527E-12
      1013 -4.279622E-02 -1.090323E+01  1.716494E-11
      1014 -6.517050E-02 -1.002602E+01  3.224532E-12
      1015 -6.222407E-02 -9.551294E+00 -1.963230E-11
      1016 -7.952540E-02 -9.181461E+00  2.161826E-12
      1017 -7.435422E-02 -8.692806E+00 -3.386180E-12
      1018 -9.005402E-02 -7.922349E+00 -3.784528E-11
      1019 -8.458355E-02 -6.772157E+00 -1.421974E-11
      1020 -8.473794E-02 -5.214281E+00  1.324008E-11
      1021 -9.889144E-02 -3.294909E+00  5.116885E-11
      1022 -7.949544E-02 -1.128037E+00  9.870771E-12

 total force (fx,fy,fz) for set NSET_IND_TOP and time  0.4287026E+00

       -7.595584E-01 -1.090355E+02 -2.446649E-11

                                INCREMENT   160


 displacements (vx,vy,vz) for set NSET_IND_TOP and time  0.4307026E+00

        10  7.566487E-05 -2.923654E-01  0.000000E+00
        11  0.000000E+00 -2.923654E-01  0.000000E+00
      1004  7.427348E-05 -2.923654E-01  0.000000E+00
      1005  7.263395E-05 -2.923654E-01  0.000000E+00
      1006  7.000938E-05 -2.923654E-01  0.000000E+00
      1007  6.581039E-05 -2.923654E-01  0.000000E+00
      1008  5.964585E-05 -2.923654E-01  0.000000E+00
      1009  5.130912E-05 -2.923654E-01  0.000000E+00
      1010  4.081248E-05 -2.923654E-01  0.000000E+00
      1011  2.840916E-05 -2.923654E-01  0.000000E+00
      1012  1.459087E-05 -2.923654E-01  0.000000E+00
      1013  7.494478E-05 -2.923654E-01  0.000000E+00
      1014  7.352944E-05 -2.923654E-01  0.000000E+00
      1015  7.148042E-05 -2.923654E-01  0.000000E+00
      1016  6.813011E-05 -2.923654E-01  0.000000E+00
      1017  6.298726E-05 -2.923654E-01  0.000000E+00
      1018  5.574829E-05 -2.923654E-01  0.000000E+00
      1019  4.631659E-05 -2.923654E-01  0.000000E+00
      1020  3.482616E-05 -2.923654E-01  0.000000E+00
      1021  2.164321E-05 -2.923654E-01  0.000000E+00
      1022  7.351105E-06 -2.923654E-01  0.000000E+00

 forces (fx,fy,fz) for set NSET_IND_TOP and time  0.4307026E+00

        10  6.412378E-04 -2.602440E+00 -3.118974E-12
        11  9.734920E-05 -6.406987E-04 -5.066298E-12
      1004  3.912218E-04 -4.669785E+00  7.405146E-12
      1005  1.065754E-04 -4.391038E+00  2.231522E-11
      1006  2.866543E-04 -4.222623E+00 -9.389800E-12
      1007  1.446261E-04 -4.047159E+00  4.039102E-11
      1008  2.688440E-04 -3.775230E+00  9.103399E-12
      1009  1.099245E-04 -3.347823E+00  5.628910E-12
      1010 -1.696785E-05 -2.736086E+00  1.028879E-12
      1011  3.168242E-05 -1.946472E+00 -2.094750E-11
      1012 -1.128990E-05 -1.012430E+00  2.235969E-11
      1013 -3.859302E-02 -9.820636E+00 -1.477751E-11
      1014 -5.876876E-02 -9.031337E+00  1.294986E-11
      1015 -5.611109E-02 -8.604802E+00  3.481659E-13
      1016 -7.171233E-02 -8.272710E+00 -1.597122E-11
      1017 -6.704931E-02 -7.833365E+00  8.669288E-12
      1018 -8.120720E-02 -7.139819E+00  1.265121E-11
      1019 -7.627486E-02 -6.103748E+00 -4.225509E-12
      1020 -7.641481E-02 -4.699934E+00 -8.788525E-12
      1021 -8.917888E-02 -2.970021E+00 -3.648193E-12
      1022 -7.168819E-02 -1.016831E+00  1.437517E-11

 total force (fx,fy,fz) for set NSET_IND_TOP and time  0.4307026E+00

       -6.849486E-01 -9.824493E+01  7.129243E-11

                                INCREMENT   170


 displacements (vx,vy,vz) for set NSET_IND_TOP and time  0.4327026E+00

        10  6.760490E-05 -2.850934E-01  0.000000E+00
        11  0.000000E+00 -2.850934E-01  0.000000E+00
      1004  6.636388E-05 -2.850934E-01  0.000000E+00
      1005  6.490106E-05 -2.850934E-01  0.000000E+00
      1006  6.255792E-05 -2.850934E-01  0.000000E+00
      1007  5.880772E-05 -2.850934E-01  0.000000E+00
      1008  5.330080E-05 -2.850934E-01  0.000000E+00
      1009  4.585228E-05 -2.850934E-01  0.000000E+00
      1010  3.647295E-05 -2.850934E-01  0.000000E+00
      1011  2.538898E-05 -2.850934E-01  0.000000E+00
      1012  1.303989E-05 -2.850934E-01  0.000000E+00
      1013  6.696260E-05 -2.850934E-01  0.000000E+00
      1014  6.570014E-05 -2.850934E-01  0.000000E+00
      1015  6.387136E-05 -2.850934E-01  0.000000E+00
      1016  6.087963E-05 -2.850934E-01  0.000000E+00
      1017  5.628587E-05 -2.850934E-01  0.000000E+00
      1018  4.981861E-05 -2.850934E-01  0.000000E+00
      1019  4.139129E-05 -2.850934E-01  0.000000E+00
      1020  3.112349E-05 -2.850934E-01  0.000000E+00
      1021  1.934247E-05 -2.850934E-01  0.000000E+00
      1022  6.569724E-06 -2.850934E-01  0.000000E+00

 forces (fx,fy,fz) for set NSET_IND_TOP and time  0.4327026E+00

        10  5.729474E-04 -2.322563E+00 -7.870937E-12
        11  8.700967E-05 -5.729506E-04 -1.042069E-11
      1004  3.495056E-04 -4.167891E+00 -4.115461E-11
      1005  9.509602E-05 -3.919670E+00  6.779831E-12
      1006  2.560384E-04 -3.769967E+00  3.289699E-11
      1007  1.291190E-04 -3.613896E+00 -4.660019E-12
      1008  2.401868E-04 -3.371556E+00  1.152721E-11
      1009  9.815079E-05 -2.990203E+00 -1.631455E-11
      1010 -1.524351E-05 -2.444040E+00  1.269257E-11
      1011  2.822753E-05 -1.738826E+00 -4.253963E-13
      1012 -1.016272E-05 -9.044633E-01 -9.083215E-12
      1013 -3.449530E-02 -8.764739E+00 -9.725110E-12
      1014 -5.252761E-02 -8.061220E+00 -3.324674E-12
      1015 -5.015143E-02 -7.681728E+00 -2.135181E-11
      1016 -6.409518E-02 -7.386487E+00  1.508105E-11
      1017 -5.992757E-02 -6.995269E+00  6.743717E-12
      1018 -7.258222E-02 -6.376751E+00 -1.888001E-11
      1019 -6.817453E-02 -5.451983E+00  1.034062E-12
      1020 -6.830041E-02 -4.198405E+00  6.187939E-12
      1021 -7.970989E-02 -2.653234E+00  3.817835E-12
      1022 -6.407673E-02 -9.083992E-01  4.801937E-12

 total force (fx,fy,fz) for set NSET_IND_TOP and time  0.4327026E+00

       -6.122100E-01 -8.772186E+01 -4.164787E-11

                                INCREMENT   180


 displacements (vx,vy,vz) for set NSET_IND_TOP and time  0.4347026E+00

        10  6.065610E-05 -2.778214E-01  0.000000E+00
        11  0.000000E+00 -2.778214E-01  0.000000E+00
      1004  5.954305E-05 -2.778214E-01  0.000000E+00
      1005  5.823098E-05 -2.778214E-01  0.000000E+00
      1006  5.612904E-05 -2.778214E-01  0.000000E+00
      1007  5.276462E-05 -2.778214E-01  0.000000E+00
      1008  4.782394E-05 -2.778214E-01  0.000000E+00
      1009  4.114107E-05 -2.778214E-01  0.000000E+00
      1010  3.272565E-05 -2.778214E-01  0.000000E+00
      1011  2.278058E-05 -2.778214E-01  0.000000E+00
      1012  1.170025E-05 -2.778214E-01  0.000000E+00
      1013  6.008002E-05 -2.778214E-01  0.000000E+00
      1014  5.894774E-05 -2.778214E-01  0.000000E+00
      1015  5.730731E-05 -2.778214E-01  0.000000E+00
      1016  5.462342E-05 -2.778214E-01  0.000000E+00
      1017  5.050210E-05 -2.778214E-01  0.000000E+00
      1018  4.469972E-05 -2.778214E-01  0.000000E+00
      1019  3.713856E-05 -2.778214E-01  0.000000E+00
      1020  2.792588E-05 -2.778214E-01  0.000000E+00
      1021  1.735531E-05 -2.778214E-01  0.000000E+00
      1022  5.894793E-06 -2.778214E-01  0.000000E+00

 forces (fx,fy,fz) for set NSET_IND_TOP and time  0.4347026E+00

        10  5.140621E-04 -2.083346E+00 -3.610267E-12
        11  7.807634E-05 -5.141626E-04 -1.261123E-12
      1004  3.135767E-04 -3.738663E+00 -3.826439E-12
      1005  8.530136E-05 -3.516103E+00  2.485277E-12
      1006  2.297124E-04 -3.381927E+00  3.775623E-11
      1007  1.158346E-04 -3.242028E+00  1.050906E-11
      1008  2.155041E-04 -3.024714E+00 -2.542213E-11
      1009  8.805756E-05 -2.682659E+00 -1.622574E-11
      1010 -1.368824E-05 -2.192714E+00  1.176283E-11
      1011  2.531801E-05 -1.560042E+00 -6.245971E-13
      1012 -9.127732E-06 -8.114749E-01 -5.448427E-12
      1013 -3.095215E-02 -7.862036E+00 -1.579692E-11
      1014 -4.713209E-02 -7.231133E+00 -1.376033E-11
      1015 -4.499987E-02 -6.890937E+00  2.984657E-11
      1016 -5.751128E-02 -6.626311E+00 -7.021717E-12
      1017 -5.377184E-02 -6.275551E+00  4.270584E-12
      1018 -6.512679E-02 -5.720826E+00 -5.209166E-12
      1019 -6.117205E-02 -4.891292E+00 -1.941314E-11
      1020 -6.128520E-02 -3.766700E+00 -4.967804E-12
      1021 -7.152300E-02 -2.380441E+00  1.482059E-11
      1022 -5.749559E-02 -8.150070E-01  6.628031E-13

 total force (fx,fy,fz) for set NSET_IND_TOP and time  0.4347026E+00

       -5.493272E-01 -7.869442E+01 -1.047386E-11

                                INCREMENT   190


 displacements (vx,vy,vz) for set NSET_IND_TOP and time  0.4367026E+00

        10  5.331903E-05 -2.705494E-01  0.000000E+00
        11  0.000000E+00 -2.705494E-01  0.000000E+00
      1004  5.234259E-05 -2.705494E-01  0.000000E+00
      1005  5.119112E-05 -2.705494E-01  0.000000E+00
      1006  4.934514E-05 -2.705494E-01  0.000000E+00
      1007  4.638906E-05 -2.705494E-01  0.000000E+00
      1008  4.204690E-05 -2.705494E-01  0.000000E+00
      1009  3.617256E-05 -2.705494E-01  0.000000E+00
      1010  2.877433E-05 -2.705494E-01  0.000000E+00
      1011  2.003053E-05 -2.705494E-01  0.000000E+00
      1012  1.028796E-05 -2.705494E-01  0.000000E+00
      1013  5.281363E-05 -2.705494E-01  0.000000E+00
      1014  5.182025E-05 -2.705494E-01  0.000000E+00
      1015  5.038006E-05 -2.705494E-01  0.000000E+00
      1016  4.802239E-05 -2.705494E-01  0.000000E+00
      1017  4.440075E-05 -2.705494E-01  0.000000E+00
      1018  3.930077E-05 -2.705494E-01  0.000000E+00
      1019  3.265395E-05 -2.705494E-01  0.000000E+00
      1020  2.455442E-05 -2.705494E-01  0.000000E+00
      1021  1.526033E-05 -2.705494E-01  0.000000E+00
      1022  5.183284E-06 -2.705494E-01  0.000000E+00

 forces (fx,fy,fz) for set NSET_IND_TOP and time  0.4367026E+00

        10  4.518955E-04 -1.828901E+00  8.703351E-13
        11  6.866054E-05 -4.524263E-04  1.175929E-12
      1004  2.756079E-04 -3.282337E+00 -9.350161E-12
      1005  7.486773E-05 -3.087461E+00  1.038359E-11
      1006  2.018529E-04 -2.970223E+00  4.141039E-12
      1007  1.017312E-04 -2.847889E+00 -5.974987E-12
      1008  1.894200E-04 -2.657432E+00  1.435212E-12
      1009  7.734821E-05 -2.357236E+00 -5.903426E-12
      1010 -1.210785E-05 -1.926932E+00  1.261170E-11
      1011  2.218351E-05 -1.371056E+00 -7.457451E-12
      1012 -8.091819E-06 -7.132052E-01 -2.203242E-11
      1013 -2.722032E-02 -6.902056E+00 -1.837164E-11
      1014 -4.144836E-02 -6.349027E+00  1.719980E-11
      1015 -3.957258E-02 -6.051454E+00 -1.507683E-12
      1016 -5.057462E-02 -5.820191E+00  5.301093E-12
      1017 -4.728632E-02 -5.513074E+00  7.185363E-13
      1018 -5.727224E-02 -5.026505E+00  3.021539E-11
      1019 -5.379518E-02 -4.298174E+00  4.398037E-12
      1020 -5.389542E-02 -3.310258E+00  2.770961E-11
      1021 -6.289950E-02 -2.092114E+00  3.074430E-12
      1022 -5.056371E-02 -7.163134E-01 -1.164557E-11

 total force (fx,fy,fz) for set NSET_IND_TOP and time  0.4367026E+00

       -4.830849E-01 -6.912229E+01  3.699137E-11

                                INCREMENT   200


 displacements (vx,vy,vz) for set NSET_IND_TOP and time  0.4387026E+00

        10  4.623792E-05 -2.632774E-01  0.000000E+00
        11  0.000000E+00 -2.632774E-01  0.000000E+00
      1004  4.539353E-05 -2.632774E-01  0.000000E+00
      1005  4.439724E-05 -2.632774E-01  0.000000E+00
      1006  4.279845E-05 -2.632774E-01  0.000000E+00
      1007  4.023661E-05 -2.632774E-01  0.000000E+00
      1008  3.647216E-05 -2.632774E-01  0.000000E+00
      1009  3.137815E-05 -2.632774E-01  0.000000E+00
      1010  2.496155E-05 -2.632774E-01  0.000000E+00
      1011  1.737693E-05 -2.632774E-01  0.000000E+00
      1012  8.925229E-06 -2.632774E-01  0.000000E+00
      1013  4.580083E-05 -2.632774E-01  0.000000E+00
      1014  4.494171E-05 -2.632774E-01  0.000000E+00
      1015  4.369495E-05 -2.632774E-01  0.000000E+00
      1016  4.165225E-05 -2.632774E-01  0.000000E+00
      1017  3.851297E-05 -2.632774E-01  0.000000E+00
      1018  3.409095E-05 -2.632774E-01  0.000000E+00
      1019  2.832652E-05 -2.632774E-01  0.000000E+00
      1020  2.130118E-05 -2.632774E-01  0.000000E+00
      1021  1.323884E-05 -2.632774E-01  0.000000E+00
      1022  4.496740E-06 -2.632774E-01  0.000000E+00

 forces (fx,fy,fz) for set NSET_IND_TOP and time  0.4387026E+00

        10  3.918985E-04 -1.583088E+00 -3.283120E-13
        11  5.957480E-05 -3.928859E-04 -3.781128E-12
      1004  2.389590E-04 -2.841521E+00 -3.764547E-12
      1005  6.478559E-05 -2.673440E+00 -1.225130E-11
      1006  1.749563E-04 -2.572621E+00  7.801756E-12
      1007  8.810904E-05 -2.467305E+00  2.181544E-12
      1008  1.642417E-04 -2.302825E+00  6.449897E-12
      1009  6.700462E-05 -2.043074E+00  3.628922E-12
      1010 -1.059122E-05 -1.670368E+00  1.069892E-11
      1011  1.914928E-05 -1.188634E+00 -2.702387E-11
      1012 -7.100094E-06 -6.183524E-01  2.297011E-11
      1013 -2.361989E-02 -5.974665E+00  1.589084E-11
      1014 -3.596466E-02 -5.496952E+00  2.052913E-11
      1015 -3.433622E-02 -5.240666E+00 -2.582379E-13
      1016 -4.388194E-02 -5.041739E+00 -3.499223E-11
      1017 -4.102890E-02 -4.776865E+00 -4.082512E-12
      1018 -4.969398E-02 -4.356178E+00  1.500133E-12
      1019 -4.667785E-02 -3.725603E+00 -2.424083E-11
      1020 -4.676569E-02 -2.869657E+00 -1.058442E-11
      1021 -5.457952E-02 -1.813807E+00  1.688849E-11
      1022 -4.387584E-02 -6.210518E-01  1.228351E-12

 total force (fx,fy,fz) for set NSET_IND_TOP and time  0.4387026E+00

       -4.191735E-01 -5.987881E+01 -1.153929E-11

                                INCREMENT   210


 displacements (vx,vy,vz) for set NSET_IND_TOP and time  0.4407026E+00

        10  3.978712E-05 -2.560054E-01  0.000000E+00
        11  0.000000E+00 -2.560054E-01  0.000000E+00
      1004  3.906289E-05 -2.560054E-01  0.000000E+00
      1005  3.820785E-05 -2.560054E-01  0.000000E+00
      1006  3.683414E-05 -2.560054E-01  0.000000E+00
      1007  3.463135E-05 -2.560054E-01  0.000000E+00
      1008  3.139314E-05 -2.560054E-01  0.000000E+00
      1009  2.701000E-05 -2.560054E-01  0.000000E+00
      1010  2.148770E-05 -2.560054E-01  0.000000E+00
      1011  1.495919E-05 -2.560054E-01  0.000000E+00
      1012  7.683610E-06 -2.560054E-01  0.000000E+00
      1013  3.941219E-05 -2.560054E-01  0.000000E+00
      1014  3.867525E-05 -2.560054E-01  0.000000E+00
      1015  3.760458E-05 -2.560054E-01  0.000000E+00
      1016  3.584872E-05 -2.560054E-01  0.000000E+00
      1017  3.314879E-05 -2.560054E-01  0.000000E+00
      1018  2.934435E-05 -2.560054E-01  0.000000E+00
      1019  2.438381E-05 -2.560054E-01  0.000000E+00
      1020  1.833712E-05 -2.560054E-01  0.000000E+00
      1021  1.139703E-05 -2.560054E-01  0.000000E+00
      1022  3.871213E-06 -2.560054E-01  0.000000E+00

 forces (fx,fy,fz) for set NSET_IND_TOP and time  0.4407026E+00

        10  3.372436E-04 -1.359326E+00 -8.577292E-12
        11  5.129850E-05 -3.386153E-04 -3.181329E-13
      1004  2.055777E-04 -2.440225E+00  5.976828E-12
      1005  5.561160E-05 -2.296498E+00  1.470122E-12
      1006  1.504631E-04 -2.210583E+00 -8.859599E-12
      1007  7.570983E-05 -2.120725E+00  4.815082E-12
      1008  1.413112E-04 -1.979870E+00  8.558726E-12
      1009  5.759048E-05 -1.756932E+00  9.882385E-12
      1010 -9.201511E-06 -1.436673E+00 -2.509311E-11
      1011  1.639486E-05 -1.022465E+00 -1.590998E-11
      1012 -6.188649E-06 -5.319481E-01  1.839703E-11
      1013 -2.033911E-02 -5.130448E+00  1.031986E-11
      1014 -3.096789E-02 -4.721231E+00  1.545208E-12
      1015 -2.956490E-02 -4.502448E+00 -1.285172E-11
      1016 -3.778369E-02 -4.332878E+00  7.427836E-12
      1017 -3.532727E-02 -4.106401E+00 -4.241940E-12
      1018 -4.278882E-02 -3.745660E+00 -1.012634E-11
      1019 -4.019266E-02 -3.204084E+00 -2.600831E-11
      1020 -4.026916E-02 -2.468320E+00 -1.633804E-11
      1021 -4.699843E-02 -1.560292E+00 -7.144285E-12
      1022 -3.778189E-02 -5.342748E-01  1.259726E-11

 total force (fx,fy,fz) for set NSET_IND_TOP and time  0.4407026E+00

       -3.609380E-01 -5.146162E+01 -5.447842E-11

                                INCREMENT   220


 displacements (vx,vy,vz) for set NSET_IND_TOP and time  0.4427026E+00

        10  3.362368E-05 -2.487334E-01  0.000000E+00
        11  0.000000E+00 -2.487334E-01  0.000000E+00
      1004  3.301433E-05 -2.487334E-01  0.000000E+00
      1005  3.229431E-05 -2.487334E-01  0.000000E+00
      1006  3.113572E-05 -2.487334E-01  0.000000E+00
      1007  2.927604E-05 -2.487334E-01  0.000000E+00
      1008  2.654066E-05 -2.487334E-01  0.000000E+00
      1009  2.283672E-05 -2.487334E-01  0.000000E+00
      1010  1.816886E-05 -2.487334E-01  0.000000E+00
      1011  1.264936E-05 -2.487334E-01  0.000000E+00
      1012  6.497408E-06 -2.487334E-01  0.000000E+00
      1013  3.330818E-05 -2.487334E-01  0.000000E+00
      1014  3.268805E-05 -2.487334E-01  0.000000E+00
      1015  3.178570E-05 -2.487334E-01  0.000000E+00
      1016  3.030396E-05 -2.487334E-01  0.000000E+00
      1017  2.802385E-05 -2.487334E-01  0.000000E+00
      1018  2.480950E-05 -2.487334E-01  0.000000E+00
      1019  2.061701E-05 -2.487334E-01  0.000000E+00
      1020  1.550534E-05 -2.487334E-01  0.000000E+00
      1021  9.637411E-06 -2.487334E-01  0.000000E+00
      1022  3.273605E-06 -2.487334E-01  0.000000E+00

 forces (fx,fy,fz) for set NSET_IND_TOP and time  0.4427026E+00

        10  2.850235E-04 -1.145432E+00 -1.690106E-11
        11  4.339103E-05 -2.867783E-04 -7.989132E-12
      1004  1.736812E-04 -2.056639E+00 -5.725649E-12
      1005  4.684081E-05 -1.936213E+00 -1.319628E-12
      1006  1.270567E-04 -1.864569E+00  8.847430E-12
      1007  6.385787E-05 -1.789505E+00 -9.425309E-12
      1008  1.193994E-04 -1.671246E+00  1.177224E-12
      1009  4.859169E-05 -1.483499E+00  4.019258E-12
      1010 -7.877653E-06 -1.213366E+00 -5.215216E-12
      1011  1.375870E-05 -8.636871E-01 -7.571730E-12
      1012 -5.321572E-06 -4.493881E-01 -2.657766E-12
      1013 -1.720497E-02 -4.323471E+00  1.041639E-11
      1014 -2.619442E-02 -3.979765E+00 -2.201506E-11
      1015 -2.500676E-02 -3.796875E+00 -2.259082E-12
      1016 -3.195787E-02 -3.655413E+00 -1.911271E-11
      1017 -2.988035E-02 -3.465671E+00 -8.354761E-12
      1018 -3.619214E-02 -3.162247E+00 -3.788081E-13
      1019 -3.399720E-02 -2.705738E+00  6.795564E-12
      1020 -3.406291E-02 -2.084829E+00  3.805956E-12
      1021 -3.975608E-02 -1.318055E+00  4.847456E-12
      1022 -3.196025E-02 -4.513589E-01 -6.589729E-12

 total force (fx,fy,fz) for set NSET_IND_TOP and time  0.4427026E+00

       -3.053046E-01 -4.341726E+01 -7.560636E-11

                                INCREMENT   230


 displacements (vx,vy,vz) for set NSET_IND_TOP and time  0.4447026E+00

        10  2.774424E-05 -2.414614E-01  0.000000E+00
        11  0.000000E+00 -2.414614E-01  0.000000E+00
      1004  2.724454E-05 -2.414614E-01  0.000000E+00
      1005  2.665338E-05 -2.414614E-01  0.000000E+00
      1006  2.570003E-05 -2.414614E-01  0.000000E+00
      1007  2.416768E-05 -2.414614E-01  0.000000E+00
      1008  2.191199E-05 -2.414614E-01  0.000000E+00
      1009  1.885594E-05 -2.414614E-01  0.000000E+00
      1010  1.500313E-05 -2.414614E-01  0.000000E+00
      1011  1.044609E-05 -2.414614E-01  0.000000E+00
      1012  5.365938E-06 -2.414614E-01  0.000000E+00
      1013  2.748546E-05 -2.414614E-01  0.000000E+00
      1014  2.697682E-05 -2.414614E-01  0.000000E+00
      1015  2.623507E-05 -2.414614E-01  0.000000E+00
      1016  2.501487E-05 -2.414614E-01  0.000000E+00
      1017  2.313526E-05 -2.414614E-01  0.000000E+00
      1018  2.048381E-05 -2.414614E-01  0.000000E+00
      1019  1.702397E-05 -2.414614E-01  0.000000E+00
      1020  1.280420E-05 -2.414614E-01  0.000000E+00
      1021  7.958983E-06 -2.414614E-01  0.000000E+00
      1022  2.703572E-06 -2.414614E-01  0.000000E+00

 forces (fx,fy,fz) for set NSET_IND_TOP and time  0.4447026E+00

        10  2.352094E-04 -9.413217E-01 -1.523688E-11
        11  3.584761E-05 -2.373406E-04  3.361023E-12
      1004  1.432524E-04 -1.690610E+00 -2.212930E-12
      1005  3.846988E-05 -1.592435E+00 -3.027253E-12
      1006  1.047250E-04 -1.534425E+00  5.682665E-12
      1007  5.254776E-05 -1.473494E+00  7.687646E-12
      1008  9.849458E-05 -1.376805E+00 -3.244957E-11
      1009  4.000397E-05 -1.222642E+00 -6.451910E-12
      1010 -6.618038E-06 -1.000334E+00 -1.264224E-11
      1011  1.124011E-05 -7.122175E-01 -1.508264E-11
      1012 -4.497620E-06 -3.706292E-01  1.472032E-13
      1013 -1.421561E-02 -3.553415E+00 -8.556822E-12
      1014 -2.164141E-02 -3.272250E+00 -1.652700E-11
      1015 -2.065911E-02 -3.123646E+00  3.543277E-12
      1016 -2.640107E-02 -3.009036E+00 -7.121748E-12
      1017 -2.468493E-02 -2.854373E+00 -8.537282E-12
      1018 -2.990005E-02 -2.605655E+00 -1.195577E-11
      1019 -2.808782E-02 -2.230317E+00 -1.390477E-11
      1020 -2.814322E-02 -1.718986E+00  2.224698E-11
      1021 -3.284815E-02 -1.086969E+00 -1.408096E-11
      1022 -2.640743E-02 -3.722606E-01 -1.956646E-11

 total force (fx,fy,fz) for set NSET_IND_TOP and time  0.4447026E+00

       -2.522401E-01 -3.574206E+01 -1.446854E-10

                                INCREMENT   240


 displacements (vx,vy,vz) for set NSET_IND_TOP and time  0.4467026E+00

        10  2.300055E-05 -2.341894E-01  0.000000E+00
        11  0.000000E+00 -2.341894E-01  0.000000E+00
      1004  2.258831E-05 -2.341894E-01  0.000000E+00
      1005  2.210015E-05 -2.341894E-01  0.000000E+00
      1006  2.131154E-05 -2.341894E-01  0.000000E+00
      1007  2.004261E-05 -2.341894E-01  0.000000E+00
      1008  1.817349E-05 -2.341894E-01  0.000000E+00
      1009  1.564013E-05 -2.341894E-01  0.000000E+00
      1010  1.244530E-05 -2.341894E-01  0.000000E+00
      1011  8.665667E-06 -2.341894E-01  0.000000E+00
      1012  4.451537E-06 -2.341894E-01  0.000000E+00
      1013  2.278704E-05 -2.341894E-01  0.000000E+00
      1014  2.236734E-05 -2.341894E-01  0.000000E+00
      1015  2.175426E-05 -2.341894E-01  0.000000E+00
      1016  2.074428E-05 -2.341894E-01  0.000000E+00
      1017  1.918723E-05 -2.341894E-01  0.000000E+00
      1018  1.698969E-05 -2.341894E-01  0.000000E+00
      1019  1.412112E-05 -2.341894E-01  0.000000E+00
      1020  1.062158E-05 -2.341894E-01  0.000000E+00
      1021  6.602604E-06 -2.341894E-01  0.000000E+00
      1022  2.242885E-06 -2.341894E-01  0.000000E+00

 forces (fx,fy,fz) for set NSET_IND_TOP and time  0.4467026E+00

        10  1.950122E-04 -7.778911E-01  3.597164E-12
        11  2.974978E-05 -1.972241E-04  1.630117E-12
      1004  1.187235E-04 -1.397380E+00  1.070005E-11
      1005  3.177761E-05 -1.316764E+00 -2.824051E-12
      1006  8.674897E-05 -1.269390E+00  1.460327E-11
      1007  4.347366E-05 -1.219530E+00  3.525128E-12
      1008  8.164232E-05 -1.139954E+00 -7.346640E-12
      1009  3.310976E-05 -1.012641E+00 -9.971124E-13
      1010 -5.560346E-06 -8.287295E-01 -6.587379E-12
      1011  9.249704E-06 -5.901494E-01 -1.647254E-11
      1012 -3.794714E-06 -3.071410E-01  3.312568E-12
      1013 -1.179746E-02 -2.936712E+00 -1.248279E-12
      1014 -1.795900E-02 -2.705198E+00 -5.130341E-12
      1015 -1.714316E-02 -2.583495E+00  1.127320E-12
      1016 -2.190751E-02 -2.489855E+00  6.858514E-12
      1017 -2.048360E-02 -2.362871E+00 -3.491540E-12
      1018 -2.481166E-02 -2.157753E+00 -1.539291E-11
      1019 -2.330858E-02 -1.847470E+00 -2.521183E-11
      1020 -2.335531E-02 -1.424226E+00  1.329159E-12
      1021 -2.726059E-02 -9.007163E-01 -1.229417E-11
      1022 -2.191580E-02 -3.084969E-01 -1.929279E-11

 total force (fx,fy,fz) for set NSET_IND_TOP and time  0.4467026E+00

       -2.093225E-01 -2.957656E+01 -6.960628E-11

                                INCREMENT   250


 displacements (vx,vy,vz) for set NSET_IND_TOP and time  0.4487026E+00

        10  1.776794E-05 -2.269174E-01  0.000000E+00
        11  0.000000E+00 -2.269174E-01  0.000000E+00
      1004  1.745340E-05 -2.269174E-01  0.000000E+00
      1005  1.708003E-05 -2.269174E-01  0.000000E+00
      1006  1.647418E-05 -2.269174E-01  0.000000E+00
      1007  1.549663E-05 -2.269174E-01  0.000000E+00
      1008  1.405445E-05 -2.269174E-01  0.000000E+00
      1009  1.209771E-05 -2.269174E-01  0.000000E+00
      1010  9.628209E-06 -2.269174E-01  0.000000E+00
      1011  6.705067E-06 -2.269174E-01  0.000000E+00
      1012  3.444693E-06 -2.269174E-01  0.000000E+00
      1013  1.760497E-05 -2.269174E-01  0.000000E+00
      1014  1.728460E-05 -2.269174E-01  0.000000E+00
      1015  1.681457E-05 -2.269174E-01  0.000000E+00
      1016  1.603742E-05 -2.269174E-01  0.000000E+00
      1017  1.483686E-05 -2.269174E-01  0.000000E+00
      1018  1.314031E-05 -2.269174E-01  0.000000E+00
      1019  1.092377E-05 -2.269174E-01  0.000000E+00
      1020  8.217934E-06 -2.269174E-01  0.000000E+00
      1021  5.109043E-06 -2.269174E-01  0.000000E+00
      1022  1.735640E-06 -2.269174E-01  0.000000E+00

 forces (fx,fy,fz) for set NSET_IND_TOP and time  0.4487026E+00

        10  1.506776E-04 -5.960917E-01 -9.013852E-12
        11  2.303540E-05 -1.532476E-04  7.401898E-12
      1004  9.163825E-05 -1.071381E+00  2.291042E-11
      1005  2.431872E-05 -1.010615E+00 -2.237378E-12
      1006  6.686621E-05 -9.754205E-01 -4.750691E-12
      1007  3.339888E-05 -9.381768E-01  2.079439E-11
      1008  6.303133E-05 -8.778314E-01  9.259746E-12
      1009  2.545916E-05 -7.804339E-01 -2.147233E-11
      1010 -4.446123E-06 -6.391060E-01 -9.393714E-12
      1011  6.999904E-06 -4.553293E-01 -6.986652E-12
      1012 -3.068134E-06 -2.370410E-01  4.574725E-12
      1013 -9.137696E-03 -2.250846E+00  1.047812E-11
      1014 -1.390791E-02 -2.075092E+00 -4.322986E-12
      1015 -1.327474E-02 -1.983995E+00  1.007416E-12
      1016 -1.696315E-02 -1.914336E+00  1.000194E-11
      1017 -1.586078E-02 -1.818643E+00  4.303224E-13
      1018 -1.921303E-02 -1.662272E+00  1.392220E-12
      1019 -1.805048E-02 -1.424277E+00 -5.550005E-13
      1020 -1.808806E-02 -1.098590E+00  1.105216E-11
      1021 -2.111403E-02 -6.950335E-01  1.521561E-12
      1022 -1.697501E-02 -2.380950E-01 -1.869505E-12

 total force (fx,fy,fz) for set NSET_IND_TOP and time  0.4487026E+00

       -1.621070E-01 -2.274276E+01  4.022280E-11

                                INCREMENT   260


 displacements (vx,vy,vz) for set NSET_IND_TOP and time  0.4507026E+00

        10  1.288269E-05 -2.196454E-01  0.000000E+00
        11  0.000000E+00 -2.196454E-01  0.000000E+00
      1004  1.265938E-05 -2.196454E-01  0.000000E+00
      1005  1.239320E-05 -2.196454E-01  0.000000E+00
      1006  1.195799E-05 -2.196454E-01  0.000000E+00
      1007  1.125249E-05 -2.196454E-01  0.000000E+00
      1008  1.020892E-05 -2.196454E-01  0.000000E+00
      1009  8.790518E-06 -2.196454E-01  0.000000E+00
      1010  6.998186E-06 -2.196454E-01  0.000000E+00
      1011  4.874660E-06 -2.196454E-01  0.000000E+00
      1012  2.504710E-06 -2.196454E-01  0.000000E+00
      1013  1.276691E-05 -2.196454E-01  0.000000E+00
      1014  1.253931E-05 -2.196454E-01  0.000000E+00
      1015  1.220283E-05 -2.196454E-01  0.000000E+00
      1016  1.164307E-05 -2.196454E-01  0.000000E+00
      1017  1.077535E-05 -2.196454E-01  0.000000E+00
      1018  9.546533E-06 -2.196454E-01  0.000000E+00
      1019  7.938731E-06 -2.196454E-01  0.000000E+00
      1020  5.973898E-06 -2.196454E-01  0.000000E+00
      1021  3.714662E-06 -2.196454E-01  0.000000E+00
      1022  1.262078E-06 -2.196454E-01  0.000000E+00

 forces (fx,fy,fz) for set NSET_IND_TOP and time  0.4507026E+00

        10  1.092858E-04 -4.263333E-01 -1.369124E-12
        11  1.676619E-05 -1.121936E-04  8.404980E-13
      1004  6.634990E-05 -7.669770E-01  3.145943E-12
      1005  1.735300E-05 -7.247548E-01  7.962365E-12
      1006  4.830132E-05 -7.009389E-01  2.455543E-12
      1007  2.399070E-05 -6.754812E-01 -8.262633E-12
      1008  4.565393E-05 -6.330959E-01  2.506138E-12
      1009  1.831437E-05 -5.636325E-01 -1.372729E-11
      1010 -3.407490E-06 -4.620653E-01  8.626472E-12
      1011  4.897307E-06 -3.294564E-01  1.164314E-11
      1012 -2.391440E-06 -1.715934E-01  1.827948E-11
      1013 -6.654630E-03 -1.610410E+00  1.919576E-12
      1014 -1.012593E-02 -1.486734E+00  1.547185E-11
      1015 -9.663279E-03 -1.424230E+00 -2.412909E-11
      1016 -1.234722E-02 -1.376976E+00  4.266698E-12
      1017 -1.154502E-02 -1.310510E+00  1.029749E-11
      1018 -1.398626E-02 -1.199661E+00 -1.109751E-11
      1019 -1.314163E-02 -1.029163E+00 -1.379119E-12
      1020 -1.317066E-02 -7.945626E-01 -6.553369E-12
      1021 -1.537573E-02 -5.030010E-01  1.000861E-11
      1022 -1.236239E-02 -1.723655E-01  8.786694E-12

 total force (fx,fy,fz) for set NSET_IND_TOP and time  0.4507026E+00

       -1.180276E-01 -1.636205E+01  3.969234E-11

                                INCREMENT   270


 displacements (vx,vy,vz) for set NSET_IND_TOP and time  0.4527026E+00

        10  8.762952E-06 -2.123734E-01  0.000000E+00
        11  0.000000E+00 -2.123734E-01  0.000000E+00
      1004  8.616286E-06 -2.123734E-01  0.000000E+00
      1005  8.440204E-06 -2.123734E-01  0.000000E+00
      1006  8.148634E-06 -2.123734E-01  0.000000E+00
      1007  7.672356E-06 -2.123734E-01  0.000000E+00
      1008  6.964791E-06 -2.123734E-01  0.000000E+00
      1009  6.000352E-06 -2.123734E-01  0.000000E+00
      1010  4.779192E-06 -2.123734E-01  0.000000E+00
      1011  3.330243E-06 -2.123734E-01  0.000000E+00
      1012  1.711568E-06 -2.123734E-01  0.000000E+00
      1013  8.686827E-06 -2.123734E-01  0.000000E+00
      1014  8.537147E-06 -2.123734E-01  0.000000E+00
      1015  8.313025E-06 -2.123734E-01  0.000000E+00
      1016  7.936360E-06 -2.123734E-01  0.000000E+00
      1017  7.349141E-06 -2.123734E-01  0.000000E+00
      1018  6.514686E-06 -2.123734E-01  0.000000E+00
      1019  5.420275E-06 -2.123734E-01  0.000000E+00
      1020  4.080518E-06 -2.123734E-01  0.000000E+00
      1021  2.538124E-06 -2.123734E-01  0.000000E+00
      1022  8.624915E-07 -2.123734E-01  0.000000E+00

 forces (fx,fy,fz) for set NSET_IND_TOP and time  0.4527026E+00

        10  7.437770E-05 -2.835456E-01 -1.195394E-12
        11  1.147522E-05 -7.750396E-05  6.527839E-12
      1004  4.503008E-05 -5.108929E-01  4.031335E-12
      1005  1.149640E-05 -4.841925E-01  1.211572E-11
      1006  3.265682E-05 -4.698652E-01  3.418823E-12
      1007  1.607089E-05 -4.542491E-01 -3.275587E-12
      1008  3.100235E-05 -4.269230E-01  3.615528E-12
      1009  1.229817E-05 -3.809436E-01  1.472247E-11
      1010 -2.520049E-06 -3.128495E-01  6.877227E-13
      1011  3.135336E-06 -2.233503E-01 -1.865677E-11
      1012 -1.810289E-06 -1.164185E-01  6.989657E-12
      1013 -4.558808E-03 -1.071690E+00  1.107517E-11
      1014 -6.933939E-03 -9.916945E-01 -9.142909E-12
      1015 -6.615310E-03 -9.530793E-01  1.055753E-11
      1016 -8.451572E-03 -9.245147E-01 -5.760059E-12
      1017 -7.902683E-03 -8.825115E-01 -8.522821E-12
      1018 -9.575000E-03 -8.098911E-01  1.608713E-12
      1019 -8.998565E-03 -6.961834E-01 -1.014133E-12
      1020 -9.020285E-03 -5.383000E-01 -7.008283E-13
      1021 -1.053238E-02 -3.411181E-01  2.952355E-11
      1022 -8.469101E-03 -1.169523E-01 -5.283080E-12

 total force (fx,fy,fz) for set NSET_IND_TOP and time  0.4527026E+00

       -8.082443E-02 -1.098924E+01  5.132248E-11

                                INCREMENT   280


 displacements (vx,vy,vz) for set NSET_IND_TOP and time  0.4547026E+00

        10  4.748366E-06 -2.051014E-01  0.000000E+00
        11  0.000000E+00 -2.051014E-01  0.000000E+00
      1004  4.676725E-06 -2.051014E-01  0.000000E+00
      1005  4.588771E-06 -2.051014E-01  0.000000E+00
      1006  4.437464E-06 -2.051014E-01  0.000000E+00
      1007  4.184778E-06 -2.051014E-01  0.000000E+00
      1008  3.804788E-06 -2.051014E-01  0.000000E+00
      1009  3.282741E-06 -2.051014E-01  0.000000E+00
      1010  2.618044E-06 -2.051014E-01  0.000000E+00
      1011  1.826164E-06 -2.051014E-01  0.000000E+00
      1012  9.391685E-07 -2.051014E-01  0.000000E+00
      1013  4.711052E-06 -2.051014E-01  0.000000E+00
      1014  4.637645E-06 -2.051014E-01  0.000000E+00
      1015  4.523320E-06 -2.051014E-01  0.000000E+00
      1016  4.325333E-06 -2.051014E-01  0.000000E+00
      1017  4.011648E-06 -2.051014E-01  0.000000E+00
      1018  3.561572E-06 -2.051014E-01  0.000000E+00
      1019  2.967395E-06 -2.051014E-01  0.000000E+00
      1020  2.236548E-06 -2.051014E-01  0.000000E+00
      1021  1.392338E-06 -2.051014E-01  0.000000E+00
      1022  4.733586E-07 -2.051014E-01  0.000000E+00

 forces (fx,fy,fz) for set NSET_IND_TOP and time  0.4547026E+00

        10  4.036208E-05 -1.439790E-01 -6.381887E-12
        11  6.322379E-06 -4.377544E-05  6.031136E-12
      1004  2.424640E-05 -2.606377E-01  1.209165E-11
      1005  5.767761E-06 -2.491975E-01 -9.581994E-12
      1006  1.739633E-05 -2.442407E-01  7.809596E-12
      1007  8.334745E-06 -2.383271E-01 -2.098206E-11
      1008  1.671824E-05 -2.257743E-01 -8.913377E-12
      1009  6.422433E-06 -2.027617E-01  9.398492E-12
      1010 -1.670040E-06 -1.673502E-01 -1.884427E-11
      1011  1.402920E-06 -1.199051E-01 -7.101352E-12
      1012 -1.257752E-06 -6.263284E-02  2.121633E-12
      1013 -2.518594E-03 -5.451647E-01 -9.760637E-12
      1014 -3.826437E-03 -5.080107E-01 -1.292408E-11
      1015 -3.647886E-03 -4.929341E-01 -2.389852E-12
      1016 -4.658775E-03 -4.828183E-01 -1.309874E-11
      1017 -4.356513E-03 -4.648644E-01 -7.163159E-13
      1018 -5.280266E-03 -4.296780E-01  5.860867E-13
      1019 -4.965048E-03 -3.714574E-01 -2.720324E-12
      1020 -4.979749E-03 -2.884408E-01 -7.852136E-12
      1021 -5.817324E-03 -1.833024E-01 -6.736472E-12
      1022 -4.678994E-03 -6.293518E-02  7.932377E-12

 total force (fx,fy,fz) for set NSET_IND_TOP and time  0.4547026E+00

       -4.460554E-02 -5.744456E+00 -8.203253E-11

                                INCREMENT   290


 displacements (vx,vy,vz) for set NSET_IND_TOP and time  0.4567026E+00

        10  1.796877E-06 -1.978294E-01  0.000000E+00
        11  0.000000E+00 -1.978294E-01  0.000000E+00
      1004  1.780086E-06 -1.978294E-01  0.000000E+00
      1005  1.756628E-06 -1.978294E-01  0.000000E+00
      1006  1.708176E-06 -1.978294E-01  0.000000E+00
      1007  1.619659E-06 -1.978294E-01  0.000000E+00
      1008  1.480362E-06 -1.978294E-01  0.000000E+00
      1009  1.283534E-06 -1.978294E-01  0.000000E+00
      1010  1.028061E-06 -1.978294E-01  0.000000E+00
      1011  7.195201E-07 -1.978294E-01  0.000000E+00
      1012  3.708409E-07 -1.978294E-01  0.000000E+00
      1013  1.787941E-06 -1.978294E-01  0.000000E+00
      1014  1.770306E-06 -1.978294E-01  0.000000E+00
      1015  1.736422E-06 -1.978294E-01  0.000000E+00
      1016  1.669554E-06 -1.978294E-01  0.000000E+00
      1017  1.556789E-06 -1.978294E-01  0.000000E+00
      1018  1.389221E-06 -1.978294E-01  0.000000E+00
      1019  1.162855E-06 -1.978294E-01  0.000000E+00
      1020  8.798668E-07 -1.978294E-01  0.000000E+00
      1021  5.492894E-07 -1.978294E-01  0.000000E+00
      1022  1.870329E-07 -1.978294E-01  0.000000E+00

 forces (fx,fy,fz) for set NSET_IND_TOP and time  0.4567026E+00

        10  1.535150E-05 -4.175099E-02 -1.763830E-12
        11  2.529557E-06 -1.890781E-05 -4.533188E-12
      1004  8.972167E-06 -7.728994E-02 -4.001449E-12
      1005  1.573957E-06 -7.695027E-02  5.744014E-12
      1006  6.188166E-06 -7.877258E-02  2.812495E-11
      1007  2.661344E-06 -7.989197E-02  1.271199E-14
      1008  6.219093E-06 -7.811153E-02  6.959509E-12
      1009  2.111486E-06 -7.190884E-02  2.094688E-12
      1010 -1.033505E-06 -6.046655E-02 -2.830625E-12
      1011  1.402815E-07 -4.389755E-02 -4.138201E-12
      1012 -8.410590E-07 -2.310797E-02  4.882309E-12
      1013 -1.016746E-03 -1.594669E-01 -2.735534E-12
      1014 -1.539105E-03 -1.535669E-01  4.156807E-12
      1015 -1.463767E-03 -1.555664E-01  5.606605E-12
      1016 -1.867220E-03 -1.588035E-01  1.268001E-11
      1017 -1.746461E-03 -1.583413E-01 -5.423738E-12
      1018 -2.119176E-03 -1.505118E-01 -6.292612E-12
      1019 -1.996113E-03 -1.329507E-01 -6.857799E-12
      1020 -2.005533E-03 -1.048752E-01  1.148871E-11
      1021 -2.346480E-03 -6.733858E-02 -1.837802E-11
      1022 -1.888971E-03 -2.323956E-02  1.119332E-11

 total force (fx,fy,fz) for set NSET_IND_TOP and time  0.4567026E+00

       -1.794570E-02 -1.896828E+00  3.598863E-11

                                INCREMENT   300


 displacements (vx,vy,vz) for set NSET_IND_TOP and time  0.4587026E+00

        10  3.434749E-07 -1.905574E-01  0.000000E+00
        11  0.000000E+00 -1.905574E-01  0.000000E+00
      1004  3.537746E-07 -1.905574E-01  0.000000E+00
      1005  3.621526E-07 -1.905574E-01  0.000000E+00
      1006  3.644171E-07 -1.905574E-01  0.000000E+00
      1007  3.567942E-07 -1.905574E-01  0.000000E+00
      1008  3.360537E-07 -1.905574E-01  0.000000E+00
      1009  2.993780E-07 -1.905574E-01  0.000000E+00
      1010  2.453871E-07 -1.905574E-01  0.000000E+00
      1011  1.747893E-07 -1.905574E-01  0.000000E+00
      1012  9.109520E-08 -1.905574E-01  0.000000E+00
      1013  3.485542E-07 -1.905574E-01  0.000000E+00
      1014  3.584620E-07 -1.905574E-01  0.000000E+00
      1015  3.642613E-07 -1.905574E-01  0.000000E+00
      1016  3.620214E-07 -1.905574E-01  0.000000E+00
      1017  3.482388E-07 -1.905574E-01  0.000000E+00
      1018  3.198054E-07 -1.905574E-01  0.000000E+00
      1019  2.745474E-07 -1.905574E-01  0.000000E+00
      1020  2.120487E-07 -1.905574E-01  0.000000E+00
      1021  1.343155E-07 -1.905574E-01  0.000000E+00
      1022  4.609686E-08 -1.905574E-01  0.000000E+00

 forces (fx,fy,fz) for set NSET_IND_TOP and time  0.4587026E+00

        10  3.035710E-06  8.689289E-03 -7.781152E-12
        11  6.623966E-07 -6.679979E-06  1.248133E-11
      1004  1.448612E-06  1.316303E-02  5.410418E-12
      1005 -4.964611E-07  8.004363E-03  2.179886E-13
      1006  6.650184E-07  2.814263E-03  7.694776E-14
      1007 -1.370577E-07 -1.794978E-03  2.499136E-12
      1008  1.047068E-06 -5.342401E-03 -2.981618E-12
      1009 -1.478538E-08 -7.436744E-03  3.860945E-12
      1010 -7.237478E-07 -7.812516E-03 -1.683053E-11
      1011 -4.854546E-07 -6.458287E-03  1.020732E-11
      1012 -6.393490E-07 -3.640416E-03  1.888722E-12
      1013 -2.776897E-04  3.082975E-02 -8.699822E-12
      1014 -4.134654E-04  2.127362E-02  4.548736E-12
      1015 -3.888890E-04  1.080362E-02  3.899412E-12
      1016 -4.933775E-04  9.348248E-04  5.864129E-13
      1017 -4.619425E-04 -7.266162E-03 -8.916722E-13
      1018 -5.634803E-04 -1.295069E-02 -4.213657E-12
      1019 -5.350050E-04 -1.544587E-02 -1.171423E-11
      1020 -5.418496E-04 -1.445029E-02 -8.708350E-12
      1021 -6.384189E-04 -1.021968E-02  1.912078E-11
      1022 -5.159648E-04 -3.688058E-03  1.128776E-11

 total force (fx,fy,fz) for set NSET_IND_TOP and time  0.4587026E+00

       -4.825721E-03  1.752466E-11  1.426488E-11

                                INCREMENT   310


 displacements (vx,vy,vz) for set NSET_IND_TOP and time  0.4607026E+00

        10  3.434749E-07 -1.832854E-01  0.000000E+00
        11  0.000000E+00 -1.832854E-01  0.000000E+00
      1004  3.537746E-07 -1.832854E-01  0.000000E+00
      1005  3.621526E-07 -1.832854E-01  0.000000E+00
      1006  3.644171E-07 -1.832854E-01  0.000000E+00
      1007  3.567942E-07 -1.832854E-01  0.000000E+00
      1008  3.360537E-07 -1.832854E-01  0.000000E+00
      1009  2.993780E-07 -1.832854E-01  0.000000E+00
      1010  2.453871E-07 -1.832854E-01  0.000000E+00
      1011  1.747893E-07 -1.832854E-01  0.000000E+00
      1012  9.109520E-08 -1.832854E-01  0.000000E+00
      1013  3.485542E-07 -1.832854E-01  0.000000E+00
      1014  3.584620E-07 -1.832854E-01  0.000000E+00
      1015  3.642613E-07 -1.832854E-01  0.000000E+00
      1016  3.620214E-07 -1.832854E-01  0.000000E+00
      1017  3.482388E-07 -1.832854E-01  0.000000E+00
      1018  3.198054E-07 -1.832854E-01  0.000000E+00
      1019  2.745474E-07 -1.832854E-01  0.000000E+00
      1020  2.120487E-07 -1.832854E-01  0.000000E+00
      1021  1.343155E-07 -1.832854E-01  0.000000E+00
      1022  4.609686E-08 -1.832854E-01  0.000000E+00

 forces (fx,fy,fz) for set NSET_IND_TOP and time  0.4607026E+00

        10  3.035710E-06  8.689289E-03 -4.722652E-12
        11  6.623968E-07 -6.679979E-06  2.184453E-12
      1004  1.448611E-06  1.316303E-02 -6.502781E-12
      1005 -4.964608E-07  8.004363E-03 -2.041196E-11
      1006  6.650210E-07  2.814263E-03 -2.162124E-12
      1007 -1.370568E-07 -1.794978E-03  3.106615E-12
      1008  1.047069E-06 -5.342401E-03 -9.536058E-14
      1009 -1.478726E-08 -7.436744E-03 -8.901548E-12
      1010 -7.237482E-07 -7.812516E-03 -3.101591E-11
      1011 -4.854544E-07 -6.458287E-03 -6.486796E-13
      1012 -6.393488E-07 -3.640416E-03  4.832922E-12
      1013 -2.776897E-04  3.082975E-02 -7.761635E-12
      1014 -4.134654E-04  2.127362E-02 -2.955830E-12
      1015 -3.888890E-04  1.080362E-02 -1.521862E-11
      1016 -4.933775E-04  9.348248E-04 -1.070814E-11
      1017 -4.619425E-04 -7.266162E-03  1.546130E-11
      1018 -5.634803E-04 -1.295069E-02 -1.278629E-11
      1019 -5.350050E-04 -1.544587E-02 -2.417473E-11
      1020 -5.418496E-04 -1.445029E-02  1.489187E-12
      1021 -6.384189E-04 -1.021968E-02  2.365770E-11
      1022 -5.159648E-04 -3.688058E-03 -3.436543E-12

 total force (fx,fy,fz) for set NSET_IND_TOP and time  0.4607026E+00

       -4.825721E-03 -4.168229E-12 -1.007706E-10

                                INCREMENT   320


 displacements (vx,vy,vz) for set NSET_IND_TOP and time  0.4627026E+00

        10  3.434749E-07 -1.760134E-01  0.000000E+00
        11  0.000000E+00 -1.760134E-01  0.000000E+00
      1004  3.537746E-07 -1.760134E-01  0.000000E+00
      1005  3.621526E-07 -1.760134E-01  0.000000E+00
      1006  3.644171E-07 -1.760134E-01  0.000000E+00
      1007  3.567942E-07 -1.760134E-01  0.000000E+00
      1008  3.360537E-07 -1.760134E-01  0.000000E+00
      1009  2.993780E-07 -1.760134E-01  0.000000E+00
      1010  2.453871E-07 -1.760134E-01  0.000000E+00
      1011  1.747893E-07 -1.760134E-01  0.000000E+00
      1012  9.109520E-08 -1.760134E-01  0.000000E+00
      1013  3.485542E-07 -1.760134E-01  0.000000E+00
      1014  3.584620E-07 -1.760134E-01  0.000000E+00
      1015  3.642613E-07 -1.760134E-01  0.000000E+00
      1016  3.620214E-07 -1.760134E-01  0.000000E+00
      1017  3.482388E-07 -1.760134E-01  0.000000E+00
      1018  3.198054E-07 -1.760134E-01  0.000000E+00
      1019  2.745474E-07 -1.760134E-01  0.000000E+00
      1020  2.120487E-07 -1.760134E-01  0.000000E+00
      1021  1.343155E-07 -1.760134E-01  0.000000E+00
      1022  4.609686E-08 -1.760134E-01  0.000000E+00

 forces (fx,fy,fz) for set NSET_IND_TOP and time  0.4627026E+00

        10  3.035710E-06  8.689289E-03  4.552292E-13
        11  6.623967E-07 -6.679980E-06  4.682233E-12
      1004  1.448609E-06  1.316303E-02  2.921517E-11
      1005 -4.964597E-07  8.004363E-03 -5.513917E-12
      1006  6.650197E-07  2.814263E-03  9.149964E-12
      1007 -1.370575E-07 -1.794978E-03  1.487941E-11
      1008  1.047068E-06 -5.342401E-03  3.061704E-12
      1009 -1.478533E-08 -7.436744E-03 -9.726399E-12
      1010 -7.237466E-07 -7.812516E-03 -5.767573E-12
      1011 -4.854550E-07 -6.458287E-03 -2.021856E-11
      1012 -6.393485E-07 -3.640416E-03  5.946579E-12
      1013 -2.776897E-04  3.082975E-02  8.203809E-12
      1014 -4.134654E-04  2.127362E-02  7.878729E-12
      1015 -3.888890E-04  1.080362E-02 -9.167233E-13
      1016 -4.933775E-04  9.348248E-04 -7.298783E-12
      1017 -4.619425E-04 -7.266162E-03  8.843464E-13
      1018 -5.634803E-04 -1.295069E-02 -1.732815E-13
      1019 -5.350050E-04 -1.544587E-02 -5.036808E-12
      1020 -5.418496E-04 -1.445029E-02  2.121850E-11
      1021 -6.384189E-04 -1.021968E-02 -1.151876E-11
      1022 -5.159649E-04 -3.688058E-03  6.885135E-13

 total force (fx,fy,fz) for set NSET_IND_TOP and time  0.4627026E+00

       -4.825721E-03  1.411731E-11  4.009340E-11

                                INCREMENT   330


 displacements (vx,vy,vz) for set NSET_IND_TOP and time  0.4647026E+00

        10  3.434749E-07 -1.687414E-01  0.000000E+00
        11  0.000000E+00 -1.687414E-01  0.000000E+00
      1004  3.537746E-07 -1.687414E-01  0.000000E+00
      1005  3.621526E-07 -1.687414E-01  0.000000E+00
      1006  3.644171E-07 -1.687414E-01  0.000000E+00
      1007  3.567942E-07 -1.687414E-01  0.000000E+00
      1008  3.360537E-07 -1.687414E-01  0.000000E+00
      1009  2.993780E-07 -1.687414E-01  0.000000E+00
      1010  2.453871E-07 -1.687414E-01  0.000000E+00
      1011  1.747893E-07 -1.687414E-01  0.000000E+00
      1012  9.109520E-08 -1.687414E-01  0.000000E+00
      1013  3.485542E-07 -1.687414E-01  0.000000E+00
      1014  3.584620E-07 -1.687414E-01  0.000000E+00
      1015  3.642613E-07 -1.687414E-01  0.000000E+00
      1016  3.620214E-07 -1.687414E-01  0.000000E+00
      1017  3.482388E-07 -1.687414E-01  0.000000E+00
      1018  3.198054E-07 -1.687414E-01  0.000000E+00
      1019  2.745474E-07 -1.687414E-01  0.000000E+00
      1020  2.120487E-07 -1.687414E-01  0.000000E+00
      1021  1.343155E-07 -1.687414E-01  0.000000E+00
      1022  4.609686E-08 -1.687414E-01  0.000000E+00

 forces (fx,fy,fz) for set NSET_IND_TOP and time  0.4647026E+00

        10  3.035713E-06  8.689289E-03 -9.939584E-12
        11  6.623965E-07 -6.679979E-06 -2.418659E-12
      1004  1.448609E-06  1.316303E-02 -8.321927E-12
      1005 -4.964629E-07  8.004363E-03  5.059930E-12
      1006  6.650188E-07  2.814263E-03  2.223196E-11
      1007 -1.370559E-07 -1.794978E-03  1.987693E-11
      1008  1.047069E-06 -5.342401E-03 -4.920419E-12
      1009 -1.478690E-08 -7.436744E-03 -3.807184E-12
      1010 -7.237470E-07 -7.812516E-03 -4.823729E-14
      1011 -4.854562E-07 -6.458287E-03 -9.537675E-12
      1012 -6.393488E-07 -3.640416E-03  3.634611E-12
      1013 -2.776897E-04  3.082975E-02  7.227633E-12
      1014 -4.134654E-04  2.127362E-02 -1.315130E-12
      1015 -3.888890E-04  1.080362E-02 -1.124526E-11
      1016 -4.933775E-04  9.348248E-04 -1.733096E-12
      1017 -4.619425E-04 -7.266162E-03  4.071179E-12
      1018 -5.634803E-04 -1.295069E-02 -1.817374E-11
      1019 -5.350050E-04 -1.544587E-02 -1.577238E-12
      1020 -5.418496E-04 -1.445029E-02 -5.955547E-12
      1021 -6.384189E-04 -1.021968E-02 -1.558007E-12
      1022 -5.159648E-04 -3.688058E-03 -1.960380E-12

 total force (fx,fy,fz) for set NSET_IND_TOP and time  0.4647026E+00

       -4.825721E-03 -3.614192E-11 -2.040984E-11

                                INCREMENT   340


 displacements (vx,vy,vz) for set NSET_IND_TOP and time  0.4667026E+00

        10  3.434749E-07 -1.614694E-01  0.000000E+00
        11  0.000000E+00 -1.614694E-01  0.000000E+00
      1004  3.537746E-07 -1.614694E-01  0.000000E+00
      1005  3.621526E-07 -1.614694E-01  0.000000E+00
      1006  3.644171E-07 -1.614694E-01  0.000000E+00
      1007  3.567942E-07 -1.614694E-01  0.000000E+00
      1008  3.360537E-07 -1.614694E-01  0.000000E+00
      1009  2.993780E-07 -1.614694E-01  0.000000E+00
      1010  2.453871E-07 -1.614694E-01  0.000000E+00
      1011  1.747893E-07 -1.614694E-01  0.000000E+00
      1012  9.109520E-08 -1.614694E-01  0.000000E+00
      1013  3.485542E-07 -1.614694E-01  0.000000E+00
      1014  3.584620E-07 -1.614694E-01  0.000000E+00
      1015  3.642613E-07 -1.614694E-01  0.000000E+00
      1016  3.620214E-07 -1.614694E-01  0.000000E+00
      1017  3.482388E-07 -1.614694E-01  0.000000E+00
      1018  3.198054E-07 -1.614694E-01  0.000000E+00
      1019  2.745474E-07 -1.614694E-01  0.000000E+00
      1020  2.120487E-07 -1.614694E-01  0.000000E+00
      1021  1.343155E-07 -1.614694E-01  0.000000E+00
      1022  4.609686E-08 -1.614694E-01  0.000000E+00

 forces (fx,fy,fz) for set NSET_IND_TOP and time  0.4667026E+00

        10  3.035712E-06  8.689289E-03 -2.829210E-12
        11  6.623966E-07 -6.679979E-06 -3.143242E-12
      1004  1.448610E-06  1.316303E-02 -4.522008E-12
      1005 -4.964618E-07  8.004363E-03  1.302424E-11
      1006  6.650187E-07  2.814263E-03  1.617408E-11
      1007 -1.370586E-07 -1.794978E-03  1.996870E-11
      1008  1.047069E-06 -5.342401E-03  7.376052E-12
      1009 -1.478553E-08 -7.436744E-03  5.533220E-12
      1010 -7.237483E-07 -7.812516E-03  3.719654E-12
      1011 -4.854550E-07 -6.458287E-03 -8.767998E-12
      1012 -6.393489E-07 -3.640416E-03  1.438597E-12
      1013 -2.776897E-04  3.082975E-02  1.314790E-11
      1014 -4.134654E-04  2.127362E-02 -3.747357E-12
      1015 -3.888890E-04  1.080362E-02  1.305790E-11
      1016 -4.933775E-04  9.348248E-04 -4.122322E-12
      1017 -4.619425E-04 -7.266162E-03  9.638294E-12
      1018 -5.634803E-04 -1.295069E-02  1.425872E-11
      1019 -5.350050E-04 -1.544587E-02  5.970734E-12
      1020 -5.418496E-04 -1.445029E-02 -7.641880E-12
      1021 -6.384189E-04 -1.021968E-02  5.115759E-12
      1022 -5.159649E-04 -3.688058E-03 -5.676582E-12

 total force (fx,fy,fz) for set NSET_IND_TOP and time  0.4667026E+00

       -4.825721E-03 -2.328291E-11  8.797325E-11

                                INCREMENT   350


 displacements (vx,vy,vz) for set NSET_IND_TOP and time  0.4687026E+00

        10  3.434749E-07 -1.541974E-01  0.000000E+00
        11  0.000000E+00 -1.541974E-01  0.000000E+00
      1004  3.537746E-07 -1.541974E-01  0.000000E+00
      1005  3.621526E-07 -1.541974E-01  0.000000E+00
      1006  3.644171E-07 -1.541974E-01  0.000000E+00
      1007  3.567942E-07 -1.541974E-01  0.000000E+00
      1008  3.360537E-07 -1.541974E-01  0.000000E+00
      1009  2.993780E-07 -1.541974E-01  0.000000E+00
      1010  2.453871E-07 -1.541974E-01  0.000000E+00
      1011  1.747893E-07 -1.541974E-01  0.000000E+00
      1012  9.109520E-08 -1.541974E-01  0.000000E+00
      1013  3.485542E-07 -1.541974E-01  0.000000E+00
      1014  3.584620E-07 -1.541974E-01  0.000000E+00
      1015  3.642613E-07 -1.541974E-01  0.000000E+00
      1016  3.620214E-07 -1.541974E-01  0.000000E+00
      1017  3.482388E-07 -1.541974E-01  0.000000E+00
      1018  3.198054E-07 -1.541974E-01  0.000000E+00
      1019  2.745474E-07 -1.541974E-01  0.000000E+00
      1020  2.120487E-07 -1.541974E-01  0.000000E+00
      1021  1.343155E-07 -1.541974E-01  0.000000E+00
      1022  4.609686E-08 -1.541974E-01  0.000000E+00

 forces (fx,fy,fz) for set NSET_IND_TOP and time  0.4687026E+00

        10  3.035709E-06  8.689289E-03  1.029217E-11
        11  6.623965E-07 -6.679979E-06  2.266788E-12
      1004  1.448607E-06  1.316303E-02  6.004003E-12
      1005 -4.964640E-07  8.004363E-03  8.190608E-12
      1006  6.650202E-07  2.814263E-03  8.822452E-12
      1007 -1.370584E-07 -1.794978E-03  5.255636E-12
      1008  1.047068E-06 -5.342401E-03 -1.119026E-11
      1009 -1.478667E-08 -7.436744E-03 -3.069085E-12
      1010 -7.237503E-07 -7.812516E-03 -8.331545E-12
      1011 -4.854547E-07 -6.458287E-03 -8.536537E-12
      1012 -6.393487E-07 -3.640416E-03 -9.539629E-12
      1013 -2.776897E-04  3.082975E-02  1.015621E-11
      1014 -4.134654E-04  2.127362E-02 -1.638355E-11
      1015 -3.888890E-04  1.080362E-02 -2.076110E-11
      1016 -4.933775E-04  9.348248E-04  9.096543E-13
      1017 -4.619425E-04 -7.266162E-03  1.950785E-12
      1018 -5.634803E-04 -1.295069E-02  9.232729E-12
      1019 -5.350050E-04 -1.544587E-02  1.133628E-11
      1020 -5.418496E-04 -1.445029E-02 -1.493950E-11
      1021 -6.384189E-04 -1.021968E-02  7.811078E-12
      1022 -5.159648E-04 -3.688058E-03  1.682713E-11

 total force (fx,fy,fz) for set NSET_IND_TOP and time  0.4687026E+00

       -4.825721E-03 -1.434141E-11  6.304320E-12

                                INCREMENT   360


 displacements (vx,vy,vz) for set NSET_IND_TOP and time  0.4707026E+00

        10  3.434749E-07 -1.469254E-01  0.000000E+00
        11  0.000000E+00 -1.469254E-01  0.000000E+00
      1004  3.537746E-07 -1.469254E-01  0.000000E+00
      1005  3.621526E-07 -1.469254E-01  0.000000E+00
      1006  3.644171E-07 -1.469254E-01  0.000000E+00
      1007  3.567942E-07 -1.469254E-01  0.000000E+00
      1008  3.360537E-07 -1.469254E-01  0.000000E+00
      1009  2.993780E-07 -1.469254E-01  0.000000E+00
      1010  2.453871E-07 -1.469254E-01  0.000000E+00
      1011  1.747893E-07 -1.469254E-01  0.000000E+00
      1012  9.109520E-08 -1.469254E-01  0.000000E+00
      1013  3.485542E-07 -1.469254E-01  0.000000E+00
      1014  3.584620E-07 -1.469254E-01  0.000000E+00
      1015  3.642613E-07 -1.469254E-01  0.000000E+00
      1016  3.620214E-07 -1.469254E-01  0.000000E+00
      1017  3.482388E-07 -1.469254E-01  0.000000E+00
      1018  3.198054E-07 -1.469254E-01  0.000000E+00
      1019  2.745474E-07 -1.469254E-01  0.000000E+00
      1020  2.120487E-07 -1.469254E-01  0.000000E+00
      1021  1.343155E-07 -1.469254E-01  0.000000E+00
      1022  4.609686E-08 -1.469254E-01  0.000000E+00

 forces (fx,fy,fz) for set NSET_IND_TOP and time  0.4707026E+00

        10  3.035710E-06  8.689289E-03  4.435409E-12
        11  6.623963E-07 -6.679979E-06  7.858000E-13
      1004  1.448608E-06  1.316303E-02 -6.116353E-12
      1005 -4.964610E-07  8.004363E-03  6.699873E-12
      1006  6.650182E-07  2.814263E-03  9.779172E-12
      1007 -1.370577E-07 -1.794978E-03  4.409843E-12
      1008  1.047069E-06 -5.342401E-03  6.188553E-12
      1009 -1.478626E-08 -7.436744E-03  1.458420E-12
      1010 -7.237489E-07 -7.812516E-03 -4.751420E-12
      1011 -4.854553E-07 -6.458287E-03  1.696351E-11
      1012 -6.393490E-07 -3.640416E-03  1.471718E-12
      1013 -2.776897E-04  3.082975E-02 -4.695808E-12
      1014 -4.134654E-04  2.127362E-02 -1.105644E-11
      1015 -3.888890E-04  1.080362E-02 -9.272375E-13
      1016 -4.933775E-04  9.348248E-04 -1.737194E-11
      1017 -4.619425E-04 -7.266162E-03  5.535489E-12
      1018 -5.634803E-04 -1.295069E-02  1.255163E-11
      1019 -5.350050E-04 -1.544587E-02 -2.534063E-12
      1020 -5.418496E-04 -1.445029E-02 -5.487973E-12
      1021 -6.384189E-04 -1.021968E-02  7.561972E-12
      1022 -5.159648E-04 -3.688058E-03  8.857273E-12

 total force (fx,fy,fz) for set NSET_IND_TOP and time  0.4707026E+00

       -4.825721E-03  9.158473E-12  3.375743E-11

                                INCREMENT   370


 displacements (vx,vy,vz) for set NSET_IND_TOP and time  0.4727026E+00

        10  3.434749E-07 -1.396534E-01  0.000000E+00
        11  0.000000E+00 -1.396534E-01  0.000000E+00
      1004  3.537746E-07 -1.396534E-01  0.000000E+00
      1005  3.621526E-07 -1.396534E-01  0.000000E+00
      1006  3.644171E-07 -1.396534E-01  0.000000E+00
      1007  3.567942E-07 -1.396534E-01  0.000000E+00
      1008  3.360537E-07 -1.396534E-01  0.000000E+00
      1009  2.993780E-07 -1.396534E-01  0.000000E+00
      1010  2.453871E-07 -1.396534E-01  0.000000E+00
      1011  1.747893E-07 -1.396534E-01  0.000000E+00
      1012  9.109520E-08 -1.396534E-01  0.000000E+00
      1013  3.485542E-07 -1.396534E-01  0.000000E+00
      1014  3.584620E-07 -1.396534E-01  0.000000E+00
      1015  3.642613E-07 -1.396534E-01  0.000000E+00
      1016  3.620214E-07 -1.396534E-01  0.000000E+00
      1017  3.482388E-07 -1.396534E-01  0.000000E+00
      1018  3.198054E-07 -1.396534E-01  0.000000E+00
      1019  2.745474E-07 -1.396534E-01  0.000000E+00
      1020  2.120487E-07 -1.396534E-01  0.000000E+00
      1021  1.343155E-07 -1.396534E-01  0.000000E+00
      1022  4.609686E-08 -1.396534E-01  0.000000E+00

 forces (fx,fy,fz) for set NSET_IND_TOP and time  0.4727026E+00

        10  3.035709E-06  8.689289E-03  1.229259E-13
        11  6.623966E-07 -6.679979E-06  4.220173E-12
      1004  1.448607E-06  1.316303E-02 -5.559145E-13
      1005 -4.964634E-07  8.004363E-03  1.815850E-12
      1006  6.650213E-07  2.814263E-03  5.805123E-12
      1007 -1.370583E-07 -1.794978E-03  5.467181E-12
      1008  1.047069E-06 -5.342401E-03 -2.290464E-12
      1009 -1.478430E-08 -7.436744E-03 -1.189425E-11
      1010 -7.237487E-07 -7.812516E-03  5.247990E-12
      1011 -4.854539E-07 -6.458287E-03 -3.618907E-12
      1012 -6.393489E-07 -3.640416E-03  1.288776E-11
      1013 -2.776897E-04  3.082975E-02  2.979823E-12
      1014 -4.134654E-04  2.127362E-02 -2.490433E-12
      1015 -3.888890E-04  1.080362E-02 -4.975489E-12
      1016 -4.933775E-04  9.348248E-04 -3.734825E-13
      1017 -4.619425E-04 -7.266162E-03 -2.636093E-12
      1018 -5.634803E-04 -1.295069E-02 -1.296927E-11
      1019 -5.350050E-04 -1.544587E-02 -6.212095E-12
      1020 -5.418496E-04 -1.445029E-02  1.335097E-12
      1021 -6.384189E-04 -1.021968E-02 -9.578876E-12
      1022 -5.159648E-04 -3.688058E-03  2.346588E-11

 total force (fx,fy,fz) for set NSET_IND_TOP and time  0.4727026E+00

       -4.825721E-03  1.422776E-11  5.752524E-12

                                INCREMENT   380


 displacements (vx,vy,vz) for set NSET_IND_TOP and time  0.4747026E+00

        10  3.434749E-07 -1.323814E-01  0.000000E+00
        11  0.000000E+00 -1.323814E-01  0.000000E+00
      1004  3.537746E-07 -1.323814E-01  0.000000E+00
      1005  3.621526E-07 -1.323814E-01  0.000000E+00
      1006  3.644171E-07 -1.323814E-01  0.000000E+00
      1007  3.567942E-07 -1.323814E-01  0.000000E+00
      1008  3.360537E-07 -1.323814E-01  0.000000E+00
      1009  2.993780E-07 -1.323814E-01  0.000000E+00
      1010  2.453871E-07 -1.323814E-01  0.000000E+00
      1011  1.747893E-07 -1.323814E-01  0.000000E+00
      1012  9.109520E-08 -1.323814E-01  0.000000E+00
      1013  3.485542E-07 -1.323814E-01  0.000000E+00
      1014  3.584620E-07 -1.323814E-01  0.000000E+00
      1015  3.642613E-07 -1.323814E-01  0.000000E+00
      1016  3.620214E-07 -1.323814E-01  0.000000E+00
      1017  3.482388E-07 -1.323814E-01  0.000000E+00
      1018  3.198054E-07 -1.323814E-01  0.000000E+00
      1019  2.745474E-07 -1.323814E-01  0.000000E+00
      1020  2.120487E-07 -1.323814E-01  0.000000E+00
      1021  1.343155E-07 -1.323814E-01  0.000000E+00
      1022  4.609686E-08 -1.323814E-01  0.000000E+00

 forces (fx,fy,fz) for set NSET_IND_TOP and time  0.4747026E+00

        10  3.035709E-06  8.689289E-03 -1.542858E-12
        11  6.623965E-07 -6.679979E-06  1.871922E-12
      1004  1.448608E-06  1.316303E-02 -1.876575E-12
      1005 -4.964584E-07  8.004363E-03 -4.648679E-12
      1006  6.650187E-07  2.814263E-03  7.478679E-12
      1007 -1.370568E-07 -1.794978E-03  2.955104E-12
      1008  1.047069E-06 -5.342401E-03  6.959843E-12
      1009 -1.478693E-08 -7.436744E-03 -1.466735E-11
      1010 -7.237491E-07 -7.812516E-03 -1.076386E-11
      1011 -4.854543E-07 -6.458287E-03 -8.681972E-13
      1012 -6.393489E-07 -3.640416E-03  3.378069E-12
      1013 -2.776897E-04  3.082975E-02 -6.247043E-12
      1014 -4.134654E-04  2.127362E-02 -5.059899E-12
      1015 -3.888890E-04  1.080362E-02 -3.329566E-12
      1016 -4.933775E-04  9.348248E-04 -1.657811E-12
      1017 -4.619425E-04 -7.266162E-03 -3.914962E-12
      1018 -5.634803E-04 -1.295069E-02 -1.520485E-13
      1019 -5.350050E-04 -1.544587E-02 -1.840709E-11
      1020 -5.418496E-04 -1.445029E-02  8.998080E-13
      1021 -6.384189E-04 -1.021968E-02  2.521223E-12
      1022 -5.159648E-04 -3.688058E-03  4.829496E-12

 total force (fx,fy,fz) for set NSET_IND_TOP and time  0.4747026E+00

       -4.825721E-03  1.812692E-12 -4.224180E-11

                                INCREMENT   390


 displacements (vx,vy,vz) for set NSET_IND_TOP and time  0.4767026E+00

        10  3.434749E-07 -1.251094E-01  0.000000E+00
        11  0.000000E+00 -1.251094E-01  0.000000E+00
      1004  3.537746E-07 -1.251094E-01  0.000000E+00
      1005  3.621526E-07 -1.251094E-01  0.000000E+00
      1006  3.644171E-07 -1.251094E-01  0.000000E+00
      1007  3.567942E-07 -1.251094E-01  0.000000E+00
      1008  3.360537E-07 -1.251094E-01  0.000000E+00
      1009  2.993780E-07 -1.251094E-01  0.000000E+00
      1010  2.453871E-07 -1.251094E-01  0.000000E+00
      1011  1.747893E-07 -1.251094E-01  0.000000E+00
      1012  9.109520E-08 -1.251094E-01  0.000000E+00
      1013  3.485542E-07 -1.251094E-01  0.000000E+00
      1014  3.584620E-07 -1.251094E-01  0.000000E+00
      1015  3.642613E-07 -1.251094E-01  0.000000E+00
      1016  3.620214E-07 -1.251094E-01  0.000000E+00
      1017  3.482388E-07 -1.251094E-01  0.000000E+00
      1018  3.198054E-07 -1.251094E-01  0.000000E+00
      1019  2.745474E-07 -1.251094E-01  0.000000E+00
      1020  2.120487E-07 -1.251094E-01  0.000000E+00
      1021  1.343155E-07 -1.251094E-01  0.000000E+00
      1022  4.609686E-08 -1.251094E-01  0.000000E+00

 forces (fx,fy,fz) for set NSET_IND_TOP and time  0.4767026E+00

        10  3.035715E-06  8.689289E-03 -6.449948E-12
        11  6.623965E-07 -6.679979E-06  4.513809E-14
      1004  1.448606E-06  1.316303E-02 -7.553476E-13
      1005 -4.964594E-07  8.004363E-03  7.760299E-12
      1006  6.650204E-07  2.814263E-03  1.042431E-11
      1007 -1.370550E-07 -1.794978E-03 -1.816169E-12
      1008  1.047069E-06 -5.342401E-03  4.762869E-12
      1009 -1.478694E-08 -7.436744E-03 -3.450318E-12
      1010 -7.237499E-07 -7.812516E-03  2.968466E-12
      1011 -4.854550E-07 -6.458287E-03  4.984175E-12
      1012 -6.393488E-07 -3.640416E-03 -1.764932E-13
      1013 -2.776897E-04  3.082975E-02  8.094116E-13
      1014 -4.134654E-04  2.127362E-02 -6.601646E-13
      1015 -3.888890E-04  1.080362E-02 -1.570593E-12
      1016 -4.933775E-04  9.348248E-04 -7.266489E-12
      1017 -4.619425E-04 -7.266162E-03  8.035694E-12
      1018 -5.634803E-04 -1.295069E-02 -1.268172E-11
      1019 -5.350050E-04 -1.544587E-02 -9.452404E-13
      1020 -5.418496E-04 -1.445029E-02 -2.938844E-12
      1021 -6.384189E-04 -1.021968E-02  4.708869E-12
      1022 -5.159649E-04 -3.688058E-03  7.972090E-12

 total force (fx,fy,fz) for set NSET_IND_TOP and time  0.4767026E+00

       -4.825721E-03  1.648498E-11  1.376000E-11

                                INCREMENT   400


 displacements (vx,vy,vz) for set NSET_IND_TOP and time  0.4787026E+00

        10  3.434749E-07 -1.178374E-01  0.000000E+00
        11  0.000000E+00 -1.178374E-01  0.000000E+00
      1004  3.537746E-07 -1.178374E-01  0.000000E+00
      1005  3.621526E-07 -1.178374E-01  0.000000E+00
      1006  3.644171E-07 -1.178374E-01  0.000000E+00
      1007  3.567942E-07 -1.178374E-01  0.000000E+00
      1008  3.360537E-07 -1.178374E-01  0.000000E+00
      1009  2.993780E-07 -1.178374E-01  0.000000E+00
      1010  2.453871E-07 -1.178374E-01  0.000000E+00
      1011  1.747893E-07 -1.178374E-01  0.000000E+00
      1012  9.109520E-08 -1.178374E-01  0.000000E+00
      1013  3.485542E-07 -1.178374E-01  0.000000E+00
      1014  3.584620E-07 -1.178374E-01  0.000000E+00
      1015  3.642613E-07 -1.178374E-01  0.000000E+00
      1016  3.620214E-07 -1.178374E-01  0.000000E+00
      1017  3.482388E-07 -1.178374E-01  0.000000E+00
      1018  3.198054E-07 -1.178374E-01  0.000000E+00
      1019  2.745474E-07 -1.178374E-01  0.000000E+00
      1020  2.120487E-07 -1.178374E-01  0.000000E+00
      1021  1.343155E-07 -1.178374E-01  0.000000E+00
      1022  4.609686E-08 -1.178374E-01  0.000000E+00

 forces (fx,fy,fz) for set NSET_IND_TOP and time  0.4787026E+00

        10  3.035712E-06  8.689289E-03 -1.328313E-12
        11  6.623966E-07 -6.679979E-06  5.308533E-13
      1004  1.448609E-06  1.316303E-02  1.699112E-13
      1005 -4.964624E-07  8.004363E-03  4.649088E-13
      1006  6.650196E-07  2.814263E-03 -8.916076E-12
      1007 -1.370562E-07 -1.794978E-03 -4.991648E-12
      1008  1.047069E-06 -5.342401E-03 -4.961560E-12
      1009 -1.478623E-08 -7.436744E-03 -7.483307E-12
      1010 -7.237492E-07 -7.812516E-03  5.882493E-12
      1011 -4.854549E-07 -6.458287E-03  3.339670E-12
      1012 -6.393489E-07 -3.640416E-03  1.382611E-12
      1013 -2.776897E-04  3.082975E-02  1.134103E-11
      1014 -4.134654E-04  2.127362E-02  2.844530E-12
      1015 -3.888890E-04  1.080362E-02 -1.315215E-12
      1016 -4.933775E-04  9.348248E-04 -1.657412E-11
      1017 -4.619425E-04 -7.266162E-03 -1.681093E-12
      1018 -5.634803E-04 -1.295069E-02 -1.543209E-11
      1019 -5.350050E-04 -1.544587E-02 -6.872326E-12
      1020 -5.418496E-04 -1.445029E-02  5.421667E-12
      1021 -6.384189E-04 -1.021968E-02  1.111371E-11
      1022 -5.159648E-04 -3.688058E-03 -1.763707E-12

 total force (fx,fy,fz) for set NSET_IND_TOP and time  0.4787026E+00

       -4.825721E-03  2.196462E-11 -2.882807E-11

                                INCREMENT   410


 displacements (vx,vy,vz) for set NSET_IND_TOP and time  0.4807026E+00

        10  3.434749E-07 -1.105654E-01  0.000000E+00
        11  0.000000E+00 -1.105654E-01  0.000000E+00
      1004  3.537746E-07 -1.105654E-01  0.000000E+00
      1005  3.621526E-07 -1.105654E-01  0.000000E+00
      1006  3.644171E-07 -1.105654E-01  0.000000E+00
      1007  3.567942E-07 -1.105654E-01  0.000000E+00
      1008  3.360537E-07 -1.105654E-01  0.000000E+00
      1009  2.993780E-07 -1.105654E-01  0.000000E+00
      1010  2.453871E-07 -1.105654E-01  0.000000E+00
      1011  1.747893E-07 -1.105654E-01  0.000000E+00
      1012  9.109520E-08 -1.105654E-01  0.000000E+00
      1013  3.485542E-07 -1.105654E-01  0.000000E+00
      1014  3.584620E-07 -1.105654E-01  0.000000E+00
      1015  3.642613E-07 -1.105654E-01  0.000000E+00
      1016  3.620214E-07 -1.105654E-01  0.000000E+00
      1017  3.482388E-07 -1.105654E-01  0.000000E+00
      1018  3.198054E-07 -1.105654E-01  0.000000E+00
      1019  2.745474E-07 -1.105654E-01  0.000000E+00
      1020  2.120487E-07 -1.105654E-01  0.000000E+00
      1021  1.343155E-07 -1.105654E-01  0.000000E+00
      1022  4.609686E-08 -1.105654E-01  0.000000E+00

 forces (fx,fy,fz) for set NSET_IND_TOP and time  0.4807026E+00

        10  3.035712E-06  8.689289E-03 -3.427860E-12
        11  6.623965E-07 -6.679979E-06 -1.313852E-13
      1004  1.448610E-06  1.316303E-02 -8.390362E-14
      1005 -4.964627E-07  8.004363E-03 -7.920293E-12
      1006  6.650215E-07  2.814263E-03  6.335260E-12
      1007 -1.370554E-07 -1.794978E-03  1.670602E-12
      1008  1.047068E-06 -5.342401E-03  2.375639E-12
      1009 -1.478521E-08 -7.436744E-03  1.640549E-12
      1010 -7.237492E-07 -7.812516E-03 -4.063446E-12
      1011 -4.854554E-07 -6.458287E-03  5.575188E-12
      1012 -6.393487E-07 -3.640416E-03  3.909038E-12
      1013 -2.776897E-04  3.082975E-02 -1.251629E-12
      1014 -4.134654E-04  2.127362E-02 -1.064029E-11
      1015 -3.888890E-04  1.080362E-02 -1.271967E-12
      1016 -4.933775E-04  9.348248E-04 -1.084864E-11
      1017 -4.619425E-04 -7.266162E-03 -2.099362E-14
      1018 -5.634803E-04 -1.295069E-02  6.814792E-12
      1019 -5.350050E-04 -1.544587E-02 -4.052784E-12
      1020 -5.418496E-04 -1.445029E-02  2.604602E-12
      1021 -6.384189E-04 -1.021968E-02  8.554324E-12
      1022 -5.159649E-04 -3.688058E-03  7.335162E-12

 total force (fx,fy,fz) for set NSET_IND_TOP and time  0.4807026E+00

       -4.825721E-03 -5.532090E-12  3.101970E-12

                                INCREMENT   420


 displacements (vx,vy,vz) for set NSET_IND_TOP and time  0.4827026E+00

        10  3.434749E-07 -1.032934E-01  0.000000E+00
        11  0.000000E+00 -1.032934E-01  0.000000E+00
      1004  3.537746E-07 -1.032934E-01  0.000000E+00
      1005  3.621526E-07 -1.032934E-01  0.000000E+00
      1006  3.644171E-07 -1.032934E-01  0.000000E+00
      1007  3.567942E-07 -1.032934E-01  0.000000E+00
      1008  3.360537E-07 -1.032934E-01  0.000000E+00
      1009  2.993780E-07 -1.032934E-01  0.000000E+00
      1010  2.453871E-07 -1.032934E-01  0.000000E+00
      1011  1.747893E-07 -1.032934E-01  0.000000E+00
      1012  9.109520E-08 -1.032934E-01  0.000000E+00
      1013  3.485542E-07 -1.032934E-01  0.000000E+00
      1014  3.584620E-07 -1.032934E-01  0.000000E+00
      1015  3.642613E-07 -1.032934E-01  0.000000E+00
      1016  3.620214E-07 -1.032934E-01  0.000000E+00
      1017  3.482388E-07 -1.032934E-01  0.000000E+00
      1018  3.198054E-07 -1.032934E-01  0.000000E+00
      1019  2.745474E-07 -1.032934E-01  0.000000E+00
      1020  2.120487E-07 -1.032934E-01  0.000000E+00
      1021  1.343155E-07 -1.032934E-01  0.000000E+00
      1022  4.609686E-08 -1.032934E-01  0.000000E+00

 forces (fx,fy,fz) for set NSET_IND_TOP and time  0.4827026E+00

        10  3.035712E-06  8.689289E-03 -4.269442E-12
        11  6.623967E-07 -6.679979E-06  5.388323E-12
      1004  1.448610E-06  1.316303E-02 -4.402996E-13
      1005 -4.964623E-07  8.004363E-03 -8.736075E-12
      1006  6.650204E-07  2.814263E-03  4.862131E-12
      1007 -1.370569E-07 -1.794978E-03  7.125629E-12
      1008  1.047069E-06 -5.342401E-03 -6.059404E-12
      1009 -1.478507E-08 -7.436744E-03 -9.702361E-13
      1010 -7.237482E-07 -7.812516E-03 -7.649231E-12
      1011 -4.854549E-07 -6.458287E-03 -1.219946E-11
      1012 -6.393489E-07 -3.640416E-03  5.713589E-12
      1013 -2.776897E-04  3.082975E-02 -8.824571E-12
      1014 -4.134654E-04  2.127362E-02 -5.363442E-12
      1015 -3.888890E-04  1.080362E-02  3.715394E-12
      1016 -4.933775E-04  9.348248E-04  5.535418E-12
      1017 -4.619425E-04 -7.266162E-03  3.520089E-12
      1018 -5.634803E-04 -1.295069E-02 -8.376601E-12
      1019 -5.350050E-04 -1.544587E-02 -6.096994E-12
      1020 -5.418496E-04 -1.445029E-02 -6.499502E-12
      1021 -6.384189E-04 -1.021968E-02 -1.628309E-12
      1022 -5.159649E-04 -3.688058E-03  7.360069E-12

 total force (fx,fy,fz) for set NSET_IND_TOP and time  0.4827026E+00

       -4.825721E-03  2.725485E-12 -3.389293E-11

                                INCREMENT   430


 displacements (vx,vy,vz) for set NSET_IND_TOP and time  0.4847026E+00

        10  3.434749E-07 -9.602143E-02  0.000000E+00
        11  0.000000E+00 -9.602143E-02  0.000000E+00
      1004  3.537746E-07 -9.602143E-02  0.000000E+00
      1005  3.621526E-07 -9.602143E-02  0.000000E+00
      1006  3.644171E-07 -9.602143E-02  0.000000E+00
      1007  3.567942E-07 -9.602143E-02  0.000000E+00
      1008  3.360537E-07 -9.602143E-02  0.000000E+00
      1009  2.993780E-07 -9.602143E-02  0.000000E+00
      1010  2.453871E-07 -9.602143E-02  0.000000E+00
      1011  1.747893E-07 -9.602143E-02  0.000000E+00
      1012  9.109520E-08 -9.602143E-02  0.000000E+00
      1013  3.485542E-07 -9.602143E-02  0.000000E+00
      1014  3.584620E-07 -9.602143E-02  0.000000E+00
      1015  3.642613E-07 -9.602143E-02  0.000000E+00
      1016  3.620214E-07 -9.602143E-02  0.000000E+00
      1017  3.482388E-07 -9.602143E-02  0.000000E+00
      1018  3.198054E-07 -9.602143E-02  0.000000E+00
      1019  2.745474E-07 -9.602143E-02  0.000000E+00
      1020  2.120487E-07 -9.602143E-02  0.000000E+00
      1021  1.343155E-07 -9.602143E-02  0.000000E+00
      1022  4.609686E-08 -9.602143E-02  0.000000E+00

 forces (fx,fy,fz) for set NSET_IND_TOP and time  0.4847026E+00

        10  3.035711E-06  8.689289E-03  1.525443E-13
        11  6.623966E-07 -6.679979E-06  3.567952E-12
      1004  1.448610E-06  1.316303E-02  9.358434E-13
      1005 -4.964637E-07  8.004363E-03 -7.486073E-14
      1006  6.650200E-07  2.814263E-03  7.773936E-12
      1007 -1.370564E-07 -1.794978E-03 -6.721883E-12
      1008  1.047069E-06 -5.342401E-03  7.967752E-12
      1009 -1.478527E-08 -7.436744E-03 -1.415746E-13
      1010 -7.237493E-07 -7.812516E-03 -1.172125E-12
      1011 -4.854551E-07 -6.458287E-03 -1.687569E-12
      1012 -6.393490E-07 -3.640416E-03  1.763739E-12
      1013 -2.776897E-04  3.082975E-02 -2.758717E-12
      1014 -4.134654E-04  2.127362E-02  1.151513E-12
      1015 -3.888890E-04  1.080362E-02  1.095670E-12
      1016 -4.933775E-04  9.348248E-04 -7.172060E-12
      1017 -4.619425E-04 -7.266162E-03 -5.770325E-12
      1018 -5.634803E-04 -1.295069E-02  1.844035E-12
      1019 -5.350050E-04 -1.544587E-02  3.789710E-12
      1020 -5.418496E-04 -1.445029E-02  1.718868E-13
      1021 -6.384189E-04 -1.021968E-02  8.898469E-12
      1022 -5.159649E-04 -3.688058E-03  9.924997E-12

 total force (fx,fy,fz) for set NSET_IND_TOP and time  0.4847026E+00

       -4.825721E-03 -9.740459E-12  2.353893E-11

                                INCREMENT   440


 displacements (vx,vy,vz) for set NSET_IND_TOP and time  0.4867026E+00

        10  3.434749E-07 -8.874943E-02  0.000000E+00
        11  0.000000E+00 -8.874943E-02  0.000000E+00
      1004  3.537746E-07 -8.874943E-02  0.000000E+00
      1005  3.621526E-07 -8.874943E-02  0.000000E+00
      1006  3.644171E-07 -8.874943E-02  0.000000E+00
      1007  3.567942E-07 -8.874943E-02  0.000000E+00
      1008  3.360537E-07 -8.874943E-02  0.000000E+00
      1009  2.993780E-07 -8.874943E-02  0.000000E+00
      1010  2.453871E-07 -8.874943E-02  0.000000E+00
      1011  1.747893E-07 -8.874943E-02  0.000000E+00
      1012  9.109520E-08 -8.874943E-02  0.000000E+00
      1013  3.485542E-07 -8.874943E-02  0.000000E+00
      1014  3.584620E-07 -8.874943E-02  0.000000E+00
      1015  3.642613E-07 -8.874943E-02  0.000000E+00
      1016  3.620214E-07 -8.874943E-02  0.000000E+00
      1017  3.482388E-07 -8.874943E-02  0.000000E+00
      1018  3.198054E-07 -8.874943E-02  0.000000E+00
      1019  2.745474E-07 -8.874943E-02  0.000000E+00
      1020  2.120487E-07 -8.874943E-02  0.000000E+00
      1021  1.343155E-07 -8.874943E-02  0.000000E+00
      1022  4.609686E-08 -8.874943E-02  0.000000E+00

 forces (fx,fy,fz) for set NSET_IND_TOP and time  0.4867026E+00

        10  3.035712E-06  8.689289E-03 -2.456676E-12
        11  6.623965E-07 -6.679979E-06  1.396669E-13
      1004  1.448610E-06  1.316303E-02 -1.407857E-12
      1005 -4.964647E-07  8.004363E-03 -1.101034E-12
      1006  6.650189E-07  2.814263E-03 -2.670685E-12
      1007 -1.370572E-07 -1.794978E-03  2.618224E-12
      1008  1.047067E-06 -5.342401E-03  3.964360E-12
      1009 -1.478547E-08 -7.436744E-03 -1.981832E-12
      1010 -7.237492E-07 -7.812516E-03 -8.200273E-12
      1011 -4.854549E-07 -6.458287E-03 -3.684958E-13
      1012 -6.393489E-07 -3.640416E-03 -1.112998E-12
      1013 -2.776897E-04  3.082975E-02  2.476288E-12
      1014 -4.134654E-04  2.127362E-02 -2.334900E-12
      1015 -3.888890E-04  1.080362E-02 -3.961099E-12
      1016 -4.933775E-04  9.348248E-04  2.509130E-12
      1017 -4.619425E-04 -7.266162E-03 -4.698207E-12
      1018 -5.634803E-04 -1.295069E-02 -7.991108E-13
      1019 -5.350050E-04 -1.544587E-02  1.583959E-13
      1020 -5.418496E-04 -1.445029E-02 -3.279573E-12
      1021 -6.384189E-04 -1.021968E-02  2.549603E-12
      1022 -5.159648E-04 -3.688058E-03  2.590636E-14

 total force (fx,fy,fz) for set NSET_IND_TOP and time  0.4867026E+00

       -4.825721E-03  1.157712E-11 -1.993117E-11

                                INCREMENT   450


 displacements (vx,vy,vz) for set NSET_IND_TOP and time  0.4887026E+00

        10  3.434749E-07 -8.147743E-02  0.000000E+00
        11  0.000000E+00 -8.147743E-02  0.000000E+00
      1004  3.537746E-07 -8.147743E-02  0.000000E+00
      1005  3.621526E-07 -8.147743E-02  0.000000E+00
      1006  3.644171E-07 -8.147743E-02  0.000000E+00
      1007  3.567942E-07 -8.147743E-02  0.000000E+00
      1008  3.360537E-07 -8.147743E-02  0.000000E+00
      1009  2.993780E-07 -8.147743E-02  0.000000E+00
      1010  2.453871E-07 -8.147743E-02  0.000000E+00
      1011  1.747893E-07 -8.147743E-02  0.000000E+00
      1012  9.109520E-08 -8.147743E-02  0.000000E+00
      1013  3.485542E-07 -8.147743E-02  0.000000E+00
      1014  3.584620E-07 -8.147743E-02  0.000000E+00
      1015  3.642613E-07 -8.147743E-02  0.000000E+00
      1016  3.620214E-07 -8.147743E-02  0.000000E+00
      1017  3.482388E-07 -8.147743E-02  0.000000E+00
      1018  3.198054E-07 -8.147743E-02  0.000000E+00
      1019  2.745474E-07 -8.147743E-02  0.000000E+00
      1020  2.120487E-07 -8.147743E-02  0.000000E+00
      1021  1.343155E-07 -8.147743E-02  0.000000E+00
      1022  4.609686E-08 -8.147743E-02  0.000000E+00

 forces (fx,fy,fz) for set NSET_IND_TOP and time  0.4887026E+00

        10  3.035712E-06  8.689289E-03  3.040816E-12
        11  6.623965E-07 -6.679979E-06 -9.265968E-14
      1004  1.448610E-06  1.316303E-02 -2.859486E-12
      1005 -4.964642E-07  8.004363E-03  1.690087E-12
      1006  6.650216E-07  2.814263E-03 -1.784653E-12
      1007 -1.370555E-07 -1.794978E-03  5.894066E-12
      1008  1.047069E-06 -5.342401E-03  7.109359E-12
      1009 -1.478615E-08 -7.436744E-03  3.812718E-13
      1010 -7.237489E-07 -7.812516E-03 -3.036372E-12
      1011 -4.854547E-07 -6.458287E-03  2.346714E-12
      1012 -6.393487E-07 -3.640416E-03  2.868994E-12
      1013 -2.776897E-04  3.082975E-02  4.735795E-16
      1014 -4.134654E-04  2.127362E-02 -7.169432E-12
      1015 -3.888890E-04  1.080362E-02 -1.711022E-12
      1016 -4.933775E-04  9.348248E-04  2.103356E-12
      1017 -4.619425E-04 -7.266162E-03 -7.111570E-12
      1018 -5.634803E-04 -1.295069E-02  5.485126E-13
      1019 -5.350050E-04 -1.544587E-02  3.236758E-12
      1020 -5.418496E-04 -1.445029E-02  1.020746E-11
      1021 -6.384189E-04 -1.021968E-02  9.102306E-12
      1022 -5.159648E-04 -3.688058E-03 -1.558973E-12

 total force (fx,fy,fz) for set NSET_IND_TOP and time  0.4887026E+00

       -4.825721E-03  1.115186E-11  2.320600E-11

                                INCREMENT   460


 displacements (vx,vy,vz) for set NSET_IND_TOP and time  0.4907026E+00

        10  3.434749E-07 -7.420543E-02  0.000000E+00
        11  0.000000E+00 -7.420543E-02  0.000000E+00
      1004  3.537746E-07 -7.420543E-02  0.000000E+00
      1005  3.621526E-07 -7.420543E-02  0.000000E+00
      1006  3.644171E-07 -7.420543E-02  0.000000E+00
      1007  3.567942E-07 -7.420543E-02  0.000000E+00
      1008  3.360537E-07 -7.420543E-02  0.000000E+00
      1009  2.993780E-07 -7.420543E-02  0.000000E+00
      1010  2.453871E-07 -7.420543E-02  0.000000E+00
      1011  1.747893E-07 -7.420543E-02  0.000000E+00
      1012  9.109520E-08 -7.420543E-02  0.000000E+00
      1013  3.485542E-07 -7.420543E-02  0.000000E+00
      1014  3.584620E-07 -7.420543E-02  0.000000E+00
      1015  3.642613E-07 -7.420543E-02  0.000000E+00
      1016  3.620214E-07 -7.420543E-02  0.000000E+00
      1017  3.482388E-07 -7.420543E-02  0.000000E+00
      1018  3.198054E-07 -7.420543E-02  0.000000E+00
      1019  2.745474E-07 -7.420543E-02  0.000000E+00
      1020  2.120487E-07 -7.420543E-02  0.000000E+00
      1021  1.343155E-07 -7.420543E-02  0.000000E+00
      1022  4.609686E-08 -7.420543E-02  0.000000E+00

 forces (fx,fy,fz) for set NSET_IND_TOP and time  0.4907026E+00

        10  3.035709E-06  8.689289E-03 -5.653547E-12
        11  6.623965E-07 -6.679979E-06  2.665817E-12
      1004  1.448610E-06  1.316303E-02 -4.110503E-12
      1005 -4.964618E-07  8.004363E-03 -2.947072E-13
      1006  6.650197E-07  2.814263E-03 -5.094664E-12
      1007 -1.370566E-07 -1.794978E-03  2.526967E-12
      1008  1.047069E-06 -5.342401E-03  4.982791E-13
      1009 -1.478645E-08 -7.436744E-03  1.558386E-12
      1010 -7.237482E-07 -7.812516E-03 -1.130582E-11
      1011 -4.854548E-07 -6.458287E-03 -1.712592E-12
      1012 -6.393486E-07 -3.640416E-03  1.333370E-12
      1013 -2.776897E-04  3.082975E-02 -8.220438E-13
      1014 -4.134654E-04  2.127362E-02 -4.961902E-12
      1015 -3.888890E-04  1.080362E-02 -7.976154E-13
      1016 -4.933775E-04  9.348248E-04 -7.279500E-12
      1017 -4.619425E-04 -7.266162E-03  1.347571E-12
      1018 -5.634803E-04 -1.295069E-02 -1.556744E-12
      1019 -5.350050E-04 -1.544587E-02 -6.985430E-12
      1020 -5.418496E-04 -1.445029E-02  4.182944E-12
      1021 -6.384189E-04 -1.021968E-02  3.808412E-12
      1022 -5.159648E-04 -3.688058E-03  2.575249E-13

 total force (fx,fy,fz) for set NSET_IND_TOP and time  0.4907026E+00

       -4.825721E-03 -5.430057E-12 -3.239580E-11

                                INCREMENT   470


 displacements (vx,vy,vz) for set NSET_IND_TOP and time  0.4927026E+00

        10  3.434749E-07 -6.693343E-02  0.000000E+00
        11  0.000000E+00 -6.693343E-02  0.000000E+00
      1004  3.537746E-07 -6.693343E-02  0.000000E+00
      1005  3.621526E-07 -6.693343E-02  0.000000E+00
      1006  3.644171E-07 -6.693343E-02  0.000000E+00
      1007  3.567942E-07 -6.693343E-02  0.000000E+00
      1008  3.360537E-07 -6.693343E-02  0.000000E+00
      1009  2.993780E-07 -6.693343E-02  0.000000E+00
      1010  2.453871E-07 -6.693343E-02  0.000000E+00
      1011  1.747893E-07 -6.693343E-02  0.000000E+00
      1012  9.109520E-08 -6.693343E-02  0.000000E+00
      1013  3.485542E-07 -6.693343E-02  0.000000E+00
      1014  3.584620E-07 -6.693343E-02  0.000000E+00
      1015  3.642613E-07 -6.693343E-02  0.000000E+00
      1016  3.620214E-07 -6.693343E-02  0.000000E+00
      1017  3.482388E-07 -6.693343E-02  0.000000E+00
      1018  3.198054E-07 -6.693343E-02  0.000000E+00
      1019  2.745474E-07 -6.693343E-02  0.000000E+00
      1020  2.120487E-07 -6.693343E-02  0.000000E+00
      1021  1.343155E-07 -6.693343E-02  0.000000E+00
      1022  4.609686E-08 -6.693343E-02  0.000000E+00

 forces (fx,fy,fz) for set NSET_IND_TOP and time  0.4927026E+00

        10  3.035711E-06  8.689289E-03  2.679288E-13
        11  6.623965E-07 -6.679979E-06 -2.090577E-12
      1004  1.448610E-06  1.316303E-02 -1.096081E-12
      1005 -4.964622E-07  8.004363E-03 -1.021277E-12
      1006  6.650217E-07  2.814263E-03  1.070950E-12
      1007 -1.370564E-07 -1.794978E-03  5.783815E-12
      1008  1.047069E-06 -5.342401E-03  2.853325E-13
      1009 -1.478622E-08 -7.436744E-03 -4.024220E-12
      1010 -7.237484E-07 -7.812516E-03  1.977729E-12
      1011 -4.854550E-07 -6.458287E-03 -9.985289E-13
      1012 -6.393487E-07 -3.640416E-03  1.363280E-12
      1013 -2.776897E-04  3.082975E-02  3.848564E-12
      1014 -4.134654E-04  2.127362E-02  3.346729E-12
      1015 -3.888890E-04  1.080362E-02 -2.966368E-12
      1016 -4.933775E-04  9.348248E-04  3.326372E-12
      1017 -4.619425E-04 -7.266162E-03  2.822641E-12
      1018 -5.634803E-04 -1.295069E-02  1.686241E-12
      1019 -5.350050E-04 -1.544587E-02  8.790366E-12
      1020 -5.418496E-04 -1.445029E-02  9.971341E-12
      1021 -6.384189E-04 -1.021968E-02  9.205692E-13
      1022 -5.159649E-04 -3.688058E-03  4.424617E-12

 total force (fx,fy,fz) for set NSET_IND_TOP and time  0.4927026E+00

       -4.825721E-03  1.748241E-12  3.768942E-11

                                INCREMENT   480


 displacements (vx,vy,vz) for set NSET_IND_TOP and time  0.4947026E+00

        10  3.434749E-07 -5.966143E-02  0.000000E+00
        11  0.000000E+00 -5.966143E-02  0.000000E+00
      1004  3.537746E-07 -5.966143E-02  0.000000E+00
      1005  3.621526E-07 -5.966143E-02  0.000000E+00
      1006  3.644171E-07 -5.966143E-02  0.000000E+00
      1007  3.567942E-07 -5.966143E-02  0.000000E+00
      1008  3.360537E-07 -5.966143E-02  0.000000E+00
      1009  2.993780E-07 -5.966143E-02  0.000000E+00
      1010  2.453871E-07 -5.966143E-02  0.000000E+00
      1011  1.747893E-07 -5.966143E-02  0.000000E+00
      1012  9.109520E-08 -5.966143E-02  0.000000E+00
      1013  3.485542E-07 -5.966143E-02  0.000000E+00
      1014  3.584620E-07 -5.966143E-02  0.000000E+00
      1015  3.642613E-07 -5.966143E-02  0.000000E+00
      1016  3.620214E-07 -5.966143E-02  0.000000E+00
      1017  3.482388E-07 -5.966143E-02  0.000000E+00
      1018  3.198054E-07 -5.966143E-02  0.000000E+00
      1019  2.745474E-07 -5.966143E-02  0.000000E+00
      1020  2.120487E-07 -5.966143E-02  0.000000E+00
      1021  1.343155E-07 -5.966143E-02  0.000000E+00
      1022  4.609686E-08 -5.966143E-02  0.000000E+00

 forces (fx,fy,fz) for set NSET_IND_TOP and time  0.4947026E+00

        10  3.035711E-06  8.689289E-03 -4.710990E-13
        11  6.623965E-07 -6.679979E-06 -1.519064E-13
      1004  1.448608E-06  1.316303E-02  4.699410E-12
      1005 -4.964630E-07  8.004363E-03  3.195081E-12
      1006  6.650199E-07  2.814263E-03  2.168935E-12
      1007 -1.370566E-07 -1.794978E-03  2.231265E-13
      1008  1.047069E-06 -5.342401E-03 -1.497177E-12
      1009 -1.478515E-08 -7.436744E-03  1.451146E-13
      1010 -7.237487E-07 -7.812516E-03 -8.662828E-12
      1011 -4.854549E-07 -6.458287E-03  1.396551E-12
      1012 -6.393488E-07 -3.640416E-03  1.158065E-12
      1013 -2.776897E-04  3.082975E-02  7.392446E-12
      1014 -4.134654E-04  2.127362E-02  4.336673E-12
      1015 -3.888890E-04  1.080362E-02  3.272436E-12
      1016 -4.933775E-04  9.348248E-04  3.077809E-12
      1017 -4.619425E-04 -7.266162E-03  3.142172E-12
      1018 -5.634803E-04 -1.295069E-02  4.160932E-12
      1019 -5.350050E-04 -1.544587E-02 -3.635573E-12
      1020 -5.418496E-04 -1.445029E-02  3.001627E-13
      1021 -6.384189E-04 -1.021968E-02 -1.366962E-13
      1022 -5.159648E-04 -3.688058E-03 -2.533532E-12

 total force (fx,fy,fz) for set NSET_IND_TOP and time  0.4947026E+00

       -4.825721E-03  3.815184E-12  2.158010E-11

                                INCREMENT   490


 displacements (vx,vy,vz) for set NSET_IND_TOP and time  0.4967026E+00

        10  3.434749E-07 -5.238943E-02  0.000000E+00
        11  0.000000E+00 -5.238943E-02  0.000000E+00
      1004  3.537746E-07 -5.238943E-02  0.000000E+00
      1005  3.621526E-07 -5.238943E-02  0.000000E+00
      1006  3.644171E-07 -5.238943E-02  0.000000E+00
      1007  3.567942E-07 -5.238943E-02  0.000000E+00
      1008  3.360537E-07 -5.238943E-02  0.000000E+00
      1009  2.993780E-07 -5.238943E-02  0.000000E+00
      1010  2.453871E-07 -5.238943E-02  0.000000E+00
      1011  1.747893E-07 -5.238943E-02  0.000000E+00
      1012  9.109520E-08 -5.238943E-02  0.000000E+00
      1013  3.485542E-07 -5.238943E-02  0.000000E+00
      1014  3.584620E-07 -5.238943E-02  0.000000E+00
      1015  3.642613E-07 -5.238943E-02  0.000000E+00
      1016  3.620214E-07 -5.238943E-02  0.000000E+00
      1017  3.482388E-07 -5.238943E-02  0.000000E+00
      1018  3.198054E-07 -5.238943E-02  0.000000E+00
      1019  2.745474E-07 -5.238943E-02  0.000000E+00
      1020  2.120487E-07 -5.238943E-02  0.000000E+00
      1021  1.343155E-07 -5.238943E-02  0.000000E+00
      1022  4.609686E-08 -5.238943E-02  0.000000E+00

 forces (fx,fy,fz) for set NSET_IND_TOP and time  0.4967026E+00

        10  3.035710E-06  8.689289E-03 -3.050353E-13
        11  6.623966E-07 -6.679979E-06 -3.880522E-13
      1004  1.448610E-06  1.316303E-02 -4.186615E-12
      1005 -4.964622E-07  8.004363E-03  2.310755E-12
      1006  6.650204E-07  2.814263E-03  1.750801E-12
      1007 -1.370569E-07 -1.794978E-03 -2.720401E-12
      1008  1.047069E-06 -5.342401E-03 -9.293041E-13
      1009 -1.478560E-08 -7.436744E-03 -2.165719E-12
      1010 -7.237488E-07 -7.812516E-03 -4.767370E-12
      1011 -4.854551E-07 -6.458287E-03 -2.792420E-12
      1012 -6.393488E-07 -3.640416E-03 -1.012707E-12
      1013 -2.776897E-04  3.082975E-02  1.474538E-12
      1014 -4.134654E-04  2.127362E-02 -4.251082E-12
      1015 -3.888890E-04  1.080362E-02 -5.205987E-12
      1016 -4.933775E-04  9.348248E-04 -9.754055E-13
      1017 -4.619425E-04 -7.266162E-03 -5.829021E-12
      1018 -5.634803E-04 -1.295069E-02 -1.418834E-12
      1019 -5.350050E-04 -1.544587E-02 -1.862899E-12
      1020 -5.418496E-04 -1.445029E-02 -1.666814E-12
      1021 -6.384189E-04 -1.021968E-02 -1.086211E-12
      1022 -5.159649E-04 -3.688058E-03  2.773160E-12

 total force (fx,fy,fz) for set NSET_IND_TOP and time  0.4967026E+00

       -4.825721E-03  1.933495E-12 -3.325462E-11

                                INCREMENT   500


 displacements (vx,vy,vz) for set NSET_IND_TOP and time  0.4987026E+00

        10  3.434749E-07 -4.511743E-02  0.000000E+00
        11  0.000000E+00 -4.511743E-02  0.000000E+00
      1004  3.537746E-07 -4.511743E-02  0.000000E+00
      1005  3.621526E-07 -4.511743E-02  0.000000E+00
      1006  3.644171E-07 -4.511743E-02  0.000000E+00
      1007  3.567942E-07 -4.511743E-02  0.000000E+00
      1008  3.360537E-07 -4.511743E-02  0.000000E+00
      1009  2.993780E-07 -4.511743E-02  0.000000E+00
      1010  2.453871E-07 -4.511743E-02  0.000000E+00
      1011  1.747893E-07 -4.511743E-02  0.000000E+00
      1012  9.109520E-08 -4.511743E-02  0.000000E+00
      1013  3.485542E-07 -4.511743E-02  0.000000E+00
      1014  3.584620E-07 -4.511743E-02  0.000000E+00
      1015  3.642613E-07 -4.511743E-02  0.000000E+00
      1016  3.620214E-07 -4.511743E-02  0.000000E+00
      1017  3.482388E-07 -4.511743E-02  0.000000E+00
      1018  3.198054E-07 -4.511743E-02  0.000000E+00
      1019  2.745474E-07 -4.511743E-02  0.000000E+00
      1020  2.120487E-07 -4.511743E-02  0.000000E+00
      1021  1.343155E-07 -4.511743E-02  0.000000E+00
      1022  4.609686E-08 -4.511743E-02  0.000000E+00

 forces (fx,fy,fz) for set NSET_IND_TOP and time  0.4987026E+00

        10  3.035710E-06  8.689289E-03 -4.037851E-13
        11  6.623966E-07 -6.679979E-06 -6.056298E-13
      1004  1.448609E-06  1.316303E-02 -2.336052E-12
      1005 -4.964624E-07  8.004363E-03 -1.857694E-12
      1006  6.650200E-07  2.814263E-03 -1.353876E-12
      1007 -1.370565E-07 -1.794978E-03  1.833608E-12
      1008  1.047069E-06 -5.342401E-03  1.076289E-12
      1009 -1.478572E-08 -7.436744E-03 -1.516544E-12
      1010 -7.237488E-07 -7.812516E-03 -6.032567E-12
      1011 -4.854550E-07 -6.458287E-03 -4.948800E-14
      1012 -6.393487E-07 -3.640416E-03 -1.166848E-12
      1013 -2.776897E-04  3.082975E-02  1.525481E-12
      1014 -4.134654E-04  2.127362E-02 -1.176934E-12
      1015 -3.888890E-04  1.080362E-02 -1.565272E-12
      1016 -4.933775E-04  9.348248E-04 -6.236112E-12
      1017 -4.619425E-04 -7.266162E-03  1.586821E-13
      1018 -5.634803E-04 -1.295069E-02 -5.952606E-12
      1019 -5.350050E-04 -1.544587E-02 -7.889025E-12
      1020 -5.418496E-04 -1.445029E-02 -1.336325E-12
      1021 -6.384189E-04 -1.021968E-02  1.041750E-12
      1022 -5.159648E-04 -3.688058E-03  1.475911E-12

 total force (fx,fy,fz) for set NSET_IND_TOP and time  0.4987026E+00

       -4.825721E-03  8.700490E-12 -3.236704E-11

                                INCREMENT   507


 displacements (vx,vy,vz) for set NSET_IND_TOP and time  0.5000000E+00

        10  3.434749E-07 -4.040000E-02  0.000000E+00
        11  0.000000E+00 -4.040000E-02  0.000000E+00
      1004  3.537746E-07 -4.040000E-02  0.000000E+00
      1005  3.621526E-07 -4.040000E-02  0.000000E+00
      1006  3.644171E-07 -4.040000E-02  0.000000E+00
      1007  3.567942E-07 -4.040000E-02  0.000000E+00
      1008  3.360537E-07 -4.040000E-02  0.000000E+00
      1009  2.993780E-07 -4.040000E-02  0.000000E+00
      1010  2.453871E-07 -4.040000E-02  0.000000E+00
      1011  1.747893E-07 -4.040000E-02  0.000000E+00
      1012  9.109520E-08 -4.040000E-02  0.000000E+00
      1013  3.485542E-07 -4.040000E-02  0.000000E+00
      1014  3.584620E-07 -4.040000E-02  0.000000E+00
      1015  3.642613E-07 -4.040000E-02  0.000000E+00
      1016  3.620214E-07 -4.040000E-02  0.000000E+00
      1017  3.482388E-07 -4.040000E-02  0.000000E+00
      1018  3.198054E-07 -4.040000E-02  0.000000E+00
      1019  2.745474E-07 -4.040000E-02  0.000000E+00
      1020  2.120487E-07 -4.040000E-02  0.000000E+00
      1021  1.343155E-07 -4.040000E-02  0.000000E+00
      1022  4.609686E-08 -4.040000E-02  0.000000E+00

 forces (fx,fy,fz) for set NSET_IND_TOP and time  0.5000000E+00

        10  3.035710E-06  8.689289E-03  9.764063E-13
        11  6.623966E-07 -6.679979E-06 -1.876858E-13
      1004  1.448610E-06  1.316303E-02 -1.284683E-12
      1005 -4.964617E-07  8.004363E-03 -5.320624E-13
      1006  6.650201E-07  2.814263E-03 -9.597328E-13
      1007 -1.370560E-07 -1.794978E-03  4.168657E-12
      1008  1.047069E-06 -5.342401E-03 -4.468926E-12
      1009 -1.478582E-08 -7.436744E-03 -1.713144E-13
      1010 -7.237487E-07 -7.812516E-03 -3.725185E-12
      1011 -4.854549E-07 -6.458287E-03  4.831325E-13
      1012 -6.393487E-07 -3.640416E-03  2.735779E-12
      1013 -2.776897E-04  3.082975E-02  4.230531E-12
      1014 -4.134654E-04  2.127362E-02 -9.121089E-13
      1015 -3.888890E-04  1.080362E-02 -2.827233E-12
      1016 -4.933775E-04  9.348248E-04 -9.706107E-13
      1017 -4.619425E-04 -7.266162E-03  4.584284E-13
      1018 -5.634803E-04 -1.295069E-02 -7.376148E-13
      1019 -5.350050E-04 -1.544587E-02 -3.081384E-12
      1020 -5.418496E-04 -1.445029E-02 -1.511850E-12
      1021 -6.384189E-04 -1.021968E-02  2.413115E-12
      1022 -5.159648E-04 -3.688058E-03  1.030922E-12

 total force (fx,fy,fz) for set NSET_IND_TOP and time  0.5000000E+00

       -4.825721E-03 -2.574993E-12 -4.873420E-12
