
                        S T E P       1


                                INCREMENT    10


 displacements (vx,vy,vz) for set NSET_IND_TOP and time  0.7588672E-03

        10 -6.264962E-21 -7.664559E-04  0.000000E+00
        11  0.000000E+00 -7.664559E-04  0.000000E+00
      1004 -6.659288E-20 -7.664559E-04  0.000000E+00
      1005 -2.338788E-20 -7.664559E-04  0.000000E+00
      1006  1.846210E-20 -7.664559E-04  0.000000E+00
      1007  1.756273E-20 -7.664559E-04  0.000000E+00
      1008  5.361743E-20 -7.664559E-04  0.000000E+00
      1009  5.322144E-21 -7.664559E-04  0.000000E+00
      1010  6.980467E-20 -7.664559E-04  0.000000E+00
      1011 -3.014525E-22 -7.664559E-04  0.000000E+00
      1012 -1.951723E-20 -7.664559E-04  0.000000E+00
      1013 -3.803209E-20 -7.664559E-04  0.000000E+00
      1014 -4.993451E-20 -7.664559E-04  0.000000E+00
      1015  3.159654E-21 -7.664559E-04  0.000000E+00
      1016  1.497842E-20 -7.664559E-04  0.000000E+00
      1017  2.323889E-20 -7.664559E-04  0.000000E+00
      1018  6.239463E-21 -7.664559E-04  0.000000E+00
      1019  5.216609E-20 -7.664559E-04  0.000000E+00
      1020  2.271408E-20 -7.664559E-04  0.000000E+00
      1021 -3.935356E-20 -7.664559E-04  0.000000E+00
      1022 -2.594703E-20 -7.664559E-04  0.000000E+00

 forces (fx,fy,fz) for set NSET_IND_TOP and time  0.7588672E-03

        10  3.666726E-14  3.019978E-14  3.328381E-14
        11 -3.509932E-17 -1.795091E-16  6.939277E-15
      1004 -3.448976E-15 -5.115904E-15 -3.684971E-14
      1005 -6.602009E-15  5.465982E-14  2.886327E-14
      1006  1.236297E-14  1.677045E-14  3.255665E-14
      1007  3.733745E-15  5.649385E-15 -4.228175E-14
      1008 -7.287612E-15 -1.538471E-14  5.103133E-14
      1009 -3.240807E-15  1.247536E-14 -4.623001E-16
      1010 -6.423302E-16  1.192473E-14 -4.121379E-14
      1011  3.186764E-15  4.139536E-15  5.550092E-14
      1012 -2.197509E-15 -1.706327E-15 -9.612638E-15
      1013 -1.459933E-14  1.133686E-14  6.194921E-14
      1014  1.378208E-14 -1.576715E-14 -1.942626E-15
      1015 -1.065011E-14 -4.942946E-14  8.161953E-14
      1016 -9.442472E-15 -2.068081E-14  1.396405E-14
      1017 -2.989305E-15 -5.792745E-14 -8.593789E-15
      1018  6.504635E-15 -1.310196E-14 -8.069844E-14
      1019  2.451690E-15 -6.821143E-15 -9.028254E-14
      1020 -7.943517E-16  4.376335E-15 -6.596853E-14
      1021 -4.689112E-15 -4.093101E-15 -1.009936E-14
      1022  1.463732E-15 -2.445096E-15  5.322471E-14

 total force (fx,fy,fz) for set NSET_IND_TOP and time  0.7588672E-03

        1.353385E-14 -4.112036E-14  3.092731E-14

                                INCREMENT    20


 displacements (vx,vy,vz) for set NSET_IND_TOP and time  0.9584927E-02

        10 -1.325095E-18 -9.680776E-03  0.000000E+00
        11  0.000000E+00 -9.680776E-03  0.000000E+00
      1004 -3.540953E-19 -9.680776E-03  0.000000E+00
      1005 -3.101538E-19 -9.680776E-03  0.000000E+00
      1006 -8.086376E-20 -9.680776E-03  0.000000E+00
      1007 -5.235532E-19 -9.680776E-03  0.000000E+00
      1008  4.341346E-19 -9.680776E-03  0.000000E+00
      1009 -3.171551E-19 -9.680776E-03  0.000000E+00
      1010  1.892452E-19 -9.680776E-03  0.000000E+00
      1011  3.768766E-19 -9.680776E-03  0.000000E+00
      1012  5.194759E-19 -9.680776E-03  0.000000E+00
      1013 -6.934373E-19 -9.680776E-03  0.000000E+00
      1014 -3.149827E-19 -9.680776E-03  0.000000E+00
      1015 -2.366271E-19 -9.680776E-03  0.000000E+00
      1016 -2.995226E-19 -9.680776E-03  0.000000E+00
      1017 -4.287448E-20 -9.680776E-03  0.000000E+00
      1018 -1.162575E-19 -9.680776E-03  0.000000E+00
      1019 -2.952607E-19 -9.680776E-03  0.000000E+00
      1020  2.600900E-19 -9.680776E-03  0.000000E+00
      1021  3.872373E-19 -9.680776E-03  0.000000E+00
      1022  1.382959E-20 -9.680776E-03  0.000000E+00

 forces (fx,fy,fz) for set NSET_IND_TOP and time  0.9584927E-02

        10  9.608371E-14  3.581471E-13 -3.725862E-14
        11 -2.679786E-15  4.523672E-15  2.961114E-13
      1004 -1.792879E-13  7.360117E-13  6.688942E-14
      1005  2.601972E-14  1.048047E-12  2.294357E-14
      1006  2.206369E-13  4.380353E-13  6.294847E-13
      1007  4.496614E-15  4.383980E-13 -2.656786E-13
      1008  2.414558E-14  1.097159E-13  6.770557E-13
      1009 -7.738398E-14  2.845144E-13 -1.788924E-13
      1010 -4.147192E-14 -4.398109E-14 -2.630094E-13
      1011  4.748142E-14 -4.116068E-14 -1.265234E-12
      1012 -2.473614E-14  7.632781E-15  2.372072E-13
      1013 -2.529030E-14  3.555679E-13 -3.147530E-13
      1014  1.524660E-13 -4.497168E-13  3.918699E-14
      1015 -1.638990E-13 -6.730337E-13 -3.503728E-13
      1016 -1.367969E-13  8.349873E-14 -9.160263E-14
      1017 -4.346598E-14 -8.848372E-13 -7.360306E-13
      1018  7.075943E-14 -1.923333E-13 -7.091544E-13
      1019  6.635147E-15 -2.932584E-13 -1.119432E-12
      1020  1.253946E-14 -2.141873E-13  1.407818E-13
      1021 -6.919179E-15 -1.305094E-13  2.387506E-14
      1022  4.905929E-15 -1.856867E-14  1.063571E-12

 total force (fx,fy,fz) for set NSET_IND_TOP and time  0.9584927E-02

       -3.576106E-14  9.225062E-13 -2.134311E-12

                                INCREMENT    30


 displacements (vx,vy,vz) for set NSET_IND_TOP and time  0.1958493E-01

        10 -2.609740E-18 -1.978078E-02  0.000000E+00
        11  0.000000E+00 -1.978078E-02  0.000000E+00
      1004 -2.040541E-18 -1.978078E-02  0.000000E+00
      1005 -1.104379E-18 -1.978078E-02  0.000000E+00
      1006  1.161257E-18 -1.978078E-02  0.000000E+00
      1007 -3.837039E-19 -1.978078E-02  0.000000E+00
      1008  4.759586E-19 -1.978078E-02  0.000000E+00
      1009  7.998027E-19 -1.978078E-02  0.000000E+00
      1010  9.420880E-19 -1.978078E-02  0.000000E+00
      1011  4.810710E-19 -1.978078E-02  0.000000E+00
      1012  8.098115E-19 -1.978078E-02  0.000000E+00
      1013 -2.042081E-18 -1.978078E-02  0.000000E+00
      1014 -1.515436E-18 -1.978078E-02  0.000000E+00
      1015 -2.034450E-19 -1.978078E-02  0.000000E+00
      1016  4.408909E-19 -1.978078E-02  0.000000E+00
      1017 -4.460407E-19 -1.978078E-02  0.000000E+00
      1018  4.365290E-19 -1.978078E-02  0.000000E+00
      1019  9.195047E-19 -1.978078E-02  0.000000E+00
      1020  5.038646E-19 -1.978078E-02  0.000000E+00
      1021 -7.281580E-20 -1.978078E-02  0.000000E+00
      1022  1.142411E-19 -1.978078E-02  0.000000E+00

 forces (fx,fy,fz) for set NSET_IND_TOP and time  0.1958493E-01

        10 -3.403657E-13  1.584255E-13  3.934938E-13
        11  7.816807E-15  5.651284E-15  1.069628E-12
      1004  1.369734E-13  8.081851E-15 -1.535202E-13
      1005 -2.216195E-13  1.787756E-12 -1.203982E-12
      1006 -3.552868E-13  1.284315E-12  1.637277E-12
      1007 -2.939733E-13  1.093535E-12 -8.776941E-13
      1008  1.569099E-16 -5.035574E-13 -2.168670E-12
      1009 -2.598947E-13  3.982198E-13 -8.955083E-13
      1010  7.270384E-14  2.554286E-13 -9.488826E-13
      1011  4.024835E-14 -9.628308E-15 -7.571410E-13
      1012  1.312099E-14  1.132451E-13  2.025240E-13
      1013 -1.217131E-14 -2.155550E-12  1.843930E-12
      1014  4.936787E-13 -8.975113E-13 -8.057727E-13
      1015  2.412423E-13 -4.511159E-13 -1.066862E-12
      1016  2.579968E-13 -3.486490E-14 -1.388400E-12
      1017 -5.604033E-14 -1.330927E-12 -8.677742E-13
      1018  2.155287E-13 -4.554527E-13 -1.848866E-12
      1019  3.279236E-14 -8.266179E-13 -3.489650E-13
      1020 -1.241908E-13 -1.188506E-13  2.002669E-13
      1021  1.058462E-13 -1.288904E-14  1.489345E-12
      1022 -3.099540E-14  4.155169E-14  1.629080E-12

 total force (fx,fy,fz) for set NSET_IND_TOP and time  0.1958493E-01

       -7.643249E-14 -1.650756E-12 -4.866494E-12

                                INCREMENT    40


 displacements (vx,vy,vz) for set NSET_IND_TOP and time  0.2958493E-01

        10 -1.824611E-18 -2.988078E-02  0.000000E+00
        11  0.000000E+00 -2.988078E-02  0.000000E+00
      1004 -2.705547E-18 -2.988078E-02  0.000000E+00
      1005 -1.615991E-18 -2.988078E-02  0.000000E+00
      1006  9.877624E-19 -2.988078E-02  0.000000E+00
      1007 -9.982111E-19 -2.988078E-02  0.000000E+00
      1008  1.518787E-19 -2.988078E-02  0.000000E+00
      1009 -1.681828E-19 -2.988078E-02  0.000000E+00
      1010  7.442160E-19 -2.988078E-02  0.000000E+00
      1011  5.047114E-20 -2.988078E-02  0.000000E+00
      1012 -1.210657E-18 -2.988078E-02  0.000000E+00
      1013 -1.997843E-18 -2.988078E-02  0.000000E+00
      1014 -1.995058E-18 -2.988078E-02  0.000000E+00
      1015 -1.040060E-18 -2.988078E-02  0.000000E+00
      1016  4.850128E-19 -2.988078E-02  0.000000E+00
      1017 -1.286482E-18 -2.988078E-02  0.000000E+00
      1018 -2.605641E-19 -2.988078E-02  0.000000E+00
      1019  3.510929E-19 -2.988078E-02  0.000000E+00
      1020 -4.276051E-19 -2.988078E-02  0.000000E+00
      1021 -1.446981E-18 -2.988078E-02  0.000000E+00
      1022  5.258204E-19 -2.988078E-02  0.000000E+00

 forces (fx,fy,fz) for set NSET_IND_TOP and time  0.2958493E-01

        10 -4.742982E-13 -8.154268E-14  3.559078E-14
        11 -1.823600E-14  3.150621E-14  6.392278E-13
      1004  6.398772E-13 -5.210491E-13  3.042523E-13
      1005  9.576426E-14  2.851621E-12 -1.314123E-13
      1006 -3.765685E-13  2.406920E-12  1.172017E-12
      1007 -1.850162E-13  2.218468E-12  1.093124E-12
      1008 -1.899363E-13  1.551459E-12  1.125858E-12
      1009  1.891344E-15  7.596272E-13 -7.772385E-13
      1010  4.863991E-14  5.517151E-13  1.702928E-12
      1011 -8.497684E-14  2.417544E-14 -2.168453E-13
      1012 -1.273746E-13  5.644171E-14  1.766356E-12
      1013  1.850738E-14 -2.171832E-12 -1.107902E-12
      1014 -5.939361E-14  1.310059E-13  9.394944E-13
      1015 -2.514903E-13 -1.025919E-12 -1.570986E-12
      1016  7.905989E-14  2.687687E-13 -6.352352E-13
      1017  7.209648E-14 -1.929350E-12  4.324748E-13
      1018 -7.838236E-14  1.006025E-13 -1.743691E-12
      1019 -1.037209E-13 -3.168884E-13 -2.546394E-13
      1020 -7.428853E-15  4.693991E-13 -1.381467E-12
      1021  8.725153E-14 -1.948661E-14  2.450429E-12
      1022  3.823940E-14  3.880960E-14  1.895254E-12

 total force (fx,fy,fz) for set NSET_IND_TOP and time  0.2958493E-01

       -8.754954E-13  5.394451E-12  5.737589E-12

                                INCREMENT    50


 displacements (vx,vy,vz) for set NSET_IND_TOP and time  0.3958493E-01

        10  2.378355E-08 -3.998078E-02  0.000000E+00
        11  0.000000E+00 -3.998078E-02  0.000000E+00
      1004  2.333219E-08 -3.998078E-02  0.000000E+00
      1005  2.280373E-08 -3.998078E-02  0.000000E+00
      1006  2.196731E-08 -3.998078E-02  0.000000E+00
      1007  2.063854E-08 -3.998078E-02  0.000000E+00
      1008  1.869551E-08 -3.998078E-02  0.000000E+00
      1009  1.607461E-08 -3.998078E-02  0.000000E+00
      1010  1.278068E-08 -3.998078E-02  0.000000E+00
      1011  8.893541E-09 -3.998078E-02  0.000000E+00
      1012  4.566721E-09 -3.998078E-02  0.000000E+00
      1013  2.355014E-08 -3.998078E-02  0.000000E+00
      1014  2.309159E-08 -3.998078E-02  0.000000E+00
      1015  2.243517E-08 -3.998078E-02  0.000000E+00
      1016  2.137178E-08 -3.998078E-02  0.000000E+00
      1017  1.974795E-08 -3.998078E-02  0.000000E+00
      1018  1.746950E-08 -3.998078E-02  0.000000E+00
      1019  1.450727E-08 -3.998078E-02  0.000000E+00
      1020  1.090404E-08 -3.998078E-02  0.000000E+00
      1021  6.774591E-09 -3.998078E-02  0.000000E+00
      1022  2.300634E-09 -3.998078E-02  0.000000E+00

 forces (fx,fy,fz) for set NSET_IND_TOP and time  0.3958493E-01

        10  2.015700E-07 -8.354094E-04 -3.864085E-13
        11  3.055743E-08 -1.983770E-07  1.827312E-12
      1004  1.233776E-07 -1.496768E-03  2.648109E-12
      1005  3.446055E-08 -1.403509E-03  5.744933E-12
      1006  9.085896E-08 -1.345392E-03  1.489496E-12
      1007  4.634125E-08 -1.285607E-03  2.403053E-14
      1008  8.494165E-08 -1.196111E-03  4.743179E-13
      1009  3.523612E-08 -1.058440E-03 -4.421451E-13
      1010 -4.641941E-09 -8.636079E-04 -9.370526E-14
      1011  1.073502E-08 -6.136455E-04  4.647678E-12
      1012 -2.885690E-09 -3.189527E-04 -2.875643E-12
      1013 -1.204420E-05 -3.150642E-03  3.441201E-13
      1014 -1.834957E-05 -2.890982E-03  1.808524E-12
      1015 -1.752573E-05 -2.746062E-03  3.002876E-12
      1016 -2.240321E-05 -2.631850E-03  1.195478E-12
      1017 -2.094744E-05 -2.485093E-03  1.495973E-12
      1018 -2.536919E-05 -2.259735E-03 -2.663698E-12
      1019 -2.382516E-05 -1.928191E-03 -5.585478E-13
      1020 -2.386536E-05 -1.482630E-03  4.443325E-13
      1021 -2.784801E-05 -9.360351E-04 -1.005433E-12
      1022 -2.238434E-05 -3.203136E-04  3.827773E-12

 total force (fx,fy,fz) for set NSET_IND_TOP and time  0.3958493E-01

       -2.139117E-04 -3.124918E-02  2.094937E-11

                                INCREMENT    60


 displacements (vx,vy,vz) for set NSET_IND_TOP and time  0.4958493E-01

        10  1.439730E-07 -5.008078E-02  0.000000E+00
        11  0.000000E+00 -5.008078E-02  0.000000E+00
      1004  1.412413E-07 -5.008078E-02  0.000000E+00
      1005  1.380429E-07 -5.008078E-02  0.000000E+00
      1006  1.329802E-07 -5.008078E-02  0.000000E+00
      1007  1.249368E-07 -5.008078E-02  0.000000E+00
      1008  1.131750E-07 -5.008078E-02  0.000000E+00
      1009  9.730950E-08 -5.008078E-02  0.000000E+00
      1010  7.736955E-08 -5.008078E-02  0.000000E+00
      1011  5.383838E-08 -5.008078E-02  0.000000E+00
      1012  2.764537E-08 -5.008078E-02  0.000000E+00
      1013  1.425604E-07 -5.008078E-02  0.000000E+00
      1014  1.397852E-07 -5.008078E-02  0.000000E+00
      1015  1.358121E-07 -5.008078E-02  0.000000E+00
      1016  1.293753E-07 -5.008078E-02  0.000000E+00
      1017  1.195458E-07 -5.008078E-02  0.000000E+00
      1018  1.057534E-07 -5.008078E-02  0.000000E+00
      1019  8.782156E-08 -5.008078E-02  0.000000E+00
      1020  6.600917E-08 -5.008078E-02  0.000000E+00
      1021  4.101104E-08 -5.008078E-02  0.000000E+00
      1022  1.392726E-08 -5.008078E-02  0.000000E+00

 forces (fx,fy,fz) for set NSET_IND_TOP and time  0.4958493E-01

        10  1.220203E-06 -5.056385E-03 -9.700006E-13
        11  1.849824E-07 -1.201001E-06 -3.943597E-13
      1004  7.468417E-07 -9.059405E-03 -7.046415E-13
      1005  2.085665E-07 -8.495105E-03 -2.886942E-12
      1006  5.499782E-07 -8.143512E-03  2.952051E-12
      1007  2.804927E-07 -7.781803E-03  2.813653E-12
      1008  5.141759E-07 -7.240215E-03  7.107402E-12
      1009  2.132729E-07 -6.406973E-03 -1.516318E-12
      1010 -2.812689E-08 -5.227670E-03 -1.583621E-12
      1011  6.495228E-08 -3.714606E-03 -3.710206E-12
      1012 -1.749547E-08 -1.930740E-03 -8.132317E-13
      1013 -7.291293E-05 -1.906960E-02 -3.719477E-12
      1014 -1.110838E-04 -1.749824E-02  6.767711E-13
      1015 -1.060963E-04 -1.662144E-02 -2.443714E-12
      1016 -1.356231E-04 -1.593047E-02  3.584016E-12
      1017 -1.268102E-04 -1.504245E-02  2.133076E-12
      1018 -1.535784E-04 -1.367857E-02 -2.849805E-12
      1019 -1.442315E-04 -1.167183E-02  7.184114E-13
      1020 -1.444750E-04 -8.974830E-03 -4.849671E-13
      1021 -1.685851E-04 -5.666154E-03 -1.010957E-12
      1022 -1.355095E-04 -1.938979E-03 -1.495622E-12

 total force (fx,fy,fz) for set NSET_IND_TOP and time  0.4958493E-01

       -1.294968E-03 -1.891502E-01 -4.598484E-12

                                INCREMENT    70


 displacements (vx,vy,vz) for set NSET_IND_TOP and time  0.5958493E-01

        10  3.091787E-07 -6.018078E-02  0.000000E+00
        11  0.000000E+00 -6.018078E-02  0.000000E+00
      1004  3.033137E-07 -6.018078E-02  0.000000E+00
      1005  2.964463E-07 -6.018078E-02  0.000000E+00
      1006  2.855753E-07 -6.018078E-02  0.000000E+00
      1007  2.683033E-07 -6.018078E-02  0.000000E+00
      1008  2.430455E-07 -6.018078E-02  0.000000E+00
      1009  2.089747E-07 -6.018078E-02  0.000000E+00
      1010  1.661537E-07 -6.018078E-02  0.000000E+00
      1011  1.156200E-07 -6.018078E-02  0.000000E+00
      1012  5.936959E-08 -6.018078E-02  0.000000E+00
      1013  3.061458E-07 -6.018078E-02  0.000000E+00
      1014  3.001873E-07 -6.018078E-02  0.000000E+00
      1015  2.916563E-07 -6.018078E-02  0.000000E+00
      1016  2.778344E-07 -6.018078E-02  0.000000E+00
      1017  2.567265E-07 -6.018078E-02  0.000000E+00
      1018  2.271079E-07 -6.018078E-02  0.000000E+00
      1019  1.885994E-07 -6.018078E-02  0.000000E+00
      1020  1.417571E-07 -6.018078E-02  0.000000E+00
      1021  8.807285E-08 -6.018078E-02  0.000000E+00
      1022  2.990939E-08 -6.018078E-02  0.000000E+00

 forces (fx,fy,fz) for set NSET_IND_TOP and time  0.5958493E-01

        10  2.620354E-06 -1.085689E-02 -1.462287E-12
        11  3.972505E-07 -2.579399E-06  2.607113E-12
      1004  1.603789E-06 -1.945223E-02 -7.788822E-13
      1005  4.478058E-07 -1.824092E-02 -7.682253E-13
      1006  1.181001E-06 -1.748635E-02  3.576697E-12
      1007  6.022728E-07 -1.671001E-02  4.170988E-12
      1008  1.104142E-06 -1.554733E-02  4.710218E-13
      1009  4.579392E-07 -1.375826E-02  1.820483E-12
      1010 -6.046398E-08 -1.122597E-02 -1.170580E-12
      1011  1.394146E-07 -7.976864E-03  4.153769E-12
      1012 -3.763050E-08 -4.146153E-03  3.275139E-12
      1013 -1.565867E-04 -4.094572E-02  6.720353E-12
      1014 -2.385611E-04 -3.757231E-02 -2.604314E-12
      1015 -2.278495E-04 -3.569038E-02  1.598813E-12
      1016 -2.912601E-04 -3.420744E-02 -3.167772E-12
      1017 -2.723337E-04 -3.230123E-02 -2.917214E-12
      1018 -3.298204E-04 -2.937299E-02 -2.053963E-12
      1019 -3.097474E-04 -2.506411E-02  2.216467E-12
      1020 -3.102708E-04 -1.927275E-02  4.597543E-12
      1021 -3.620495E-04 -1.216771E-02  4.772450E-13
      1022 -2.910171E-04 -4.163848E-03  4.866069E-12

 total force (fx,fy,fz) for set NSET_IND_TOP and time  0.5958493E-01

       -2.781040E-03 -4.061620E-01  2.562846E-11

                                INCREMENT    80


 displacements (vx,vy,vz) for set NSET_IND_TOP and time  0.6958493E-01

        10  5.621558E-07 -7.028078E-02  0.000000E+00
        11  0.000000E+00 -7.028078E-02  0.000000E+00
      1004  5.514944E-07 -7.028078E-02  0.000000E+00
      1005  5.390103E-07 -7.028078E-02  0.000000E+00
      1006  5.192464E-07 -7.028078E-02  0.000000E+00
      1007  4.878436E-07 -7.028078E-02  0.000000E+00
      1008  4.419204E-07 -7.028078E-02  0.000000E+00
      1009  3.799722E-07 -7.028078E-02  0.000000E+00
      1010  3.021130E-07 -7.028078E-02  0.000000E+00
      1011  2.102294E-07 -7.028078E-02  0.000000E+00
      1012  1.079506E-07 -7.028078E-02  0.000000E+00
      1013  5.566425E-07 -7.028078E-02  0.000000E+00
      1014  5.458111E-07 -7.028078E-02  0.000000E+00
      1015  5.303020E-07 -7.028078E-02  0.000000E+00
      1016  5.051726E-07 -7.028078E-02  0.000000E+00
      1017  4.667951E-07 -7.028078E-02  0.000000E+00
      1018  4.129424E-07 -7.028078E-02  0.000000E+00
      1019  3.429250E-07 -7.028078E-02  0.000000E+00
      1020  2.577536E-07 -7.028078E-02  0.000000E+00
      1021  1.601412E-07 -7.028078E-02  0.000000E+00
      1022  5.438372E-08 -7.028078E-02  0.000000E+00

 forces (fx,fy,fz) for set NSET_IND_TOP and time  0.6958493E-01

        10  4.764386E-06 -1.973712E-02  9.468596E-13
        11  7.222968E-07 -4.690465E-06 -1.353463E-12
      1004  2.915970E-06 -3.536330E-02  4.021423E-12
      1005  8.140424E-07 -3.316188E-02 -3.026548E-12
      1006  2.147184E-06 -3.179084E-02 -1.286907E-12
      1007  1.094909E-06 -3.038011E-02  2.410067E-12
      1008  2.007495E-06 -2.826682E-02 -1.381867E-12
      1009  8.325109E-07 -2.501450E-02  4.056019E-12
      1010 -1.100617E-07 -2.041068E-02 -8.339452E-14
      1011  2.533470E-07 -1.450339E-02 -8.908649E-13
      1012 -6.853996E-08 -7.538504E-03  2.079735E-12
      1013 -2.847250E-04 -7.443702E-02  5.042189E-12
      1014 -4.337793E-04 -6.830549E-02 -2.442466E-12
      1015 -4.143010E-04 -6.488565E-02 -5.220685E-13
      1016 -5.296004E-04 -6.219111E-02  1.087599E-12
      1017 -4.951862E-04 -5.872674E-02  6.616981E-13
      1018 -5.997149E-04 -5.340387E-02 -2.233359E-12
      1019 -5.632167E-04 -4.557042E-02  6.992705E-13
      1020 -5.641689E-04 -3.504121E-02 -2.050259E-12
      1021 -6.583194E-04 -2.212316E-02 -5.292503E-12
      1022 -5.291606E-04 -7.570680E-03 -4.730915E-12

 total force (fx,fy,fz) for set NSET_IND_TOP and time  0.6958493E-01

       -5.056799E-03 -7.384272E-01 -4.289755E-12

                                INCREMENT    90


 displacements (vx,vy,vz) for set NSET_IND_TOP and time  0.7958493E-01

        10  9.859983E-07 -8.038078E-02  0.000000E+00
        11  0.000000E+00 -8.038078E-02  0.000000E+00
      1004  9.673033E-07 -8.038078E-02  0.000000E+00
      1005  9.454110E-07 -8.038078E-02  0.000000E+00
      1006  9.107498E-07 -8.038078E-02  0.000000E+00
      1007  8.556736E-07 -8.038078E-02  0.000000E+00
      1008  7.751278E-07 -8.038078E-02  0.000000E+00
      1009  6.664734E-07 -8.038078E-02  0.000000E+00
      1010  5.299096E-07 -8.038078E-02  0.000000E+00
      1011  3.687457E-07 -8.038078E-02  0.000000E+00
      1012  1.893475E-07 -8.038078E-02  0.000000E+00
      1013  9.763306E-07 -8.038078E-02  0.000000E+00
      1014  9.573372E-07 -8.038078E-02  0.000000E+00
      1015  9.301391E-07 -8.038078E-02  0.000000E+00
      1016  8.860666E-07 -8.038078E-02  0.000000E+00
      1017  8.187563E-07 -8.038078E-02  0.000000E+00
      1018  7.243020E-07 -8.038078E-02  0.000000E+00
      1019  6.014935E-07 -8.038078E-02  0.000000E+00
      1020  4.521035E-07 -8.038078E-02  0.000000E+00
      1021  2.808905E-07 -8.038078E-02  0.000000E+00
      1022  9.539014E-08 -8.038078E-02  0.000000E+00

 forces (fx,fy,fz) for set NSET_IND_TOP and time  0.7958493E-01

        10  8.356527E-06 -3.461229E-02 -8.844227E-13
        11  1.266886E-06 -8.227887E-06  6.311543E-13
      1004  5.114350E-06 -6.201612E-02  2.817619E-12
      1005  1.427463E-06 -5.815682E-02 -1.496828E-12
      1006  3.765810E-06 -5.575381E-02  1.637974E-12
      1007  1.920119E-06 -5.328100E-02 -4.309462E-12
      1008  3.520904E-06 -4.957571E-02 -1.806450E-12
      1009  1.459949E-06 -4.387238E-02  2.218526E-12
      1010 -1.932825E-07 -3.579832E-02 -5.713263E-13
      1011  4.440884E-07 -2.543777E-02  1.026487E-11
      1012 -1.204468E-07 -1.322199E-02  3.063042E-12
      1013 -4.994250E-04 -1.305382E-01  4.771279E-12
      1014 -7.608722E-04 -1.197876E-01 -2.544649E-12
      1015 -7.267042E-04 -1.137930E-01 -4.454048E-12
      1016 -9.289433E-04 -1.090702E-01 -1.037036E-11
      1017 -8.685789E-04 -1.029967E-01  4.756227E-12
      1018 -1.051927E-03 -9.366308E-02  2.183819E-12
      1019 -9.879087E-04 -7.992549E-02  8.317201E-12
      1020 -9.895801E-04 -6.145911E-02 -3.920649E-13
      1021 -1.154726E-03 -3.880232E-02  4.679736E-12
      1022 -9.281754E-04 -1.327844E-02 -3.677333E-12

 total force (fx,fy,fz) for set NSET_IND_TOP and time  0.7958493E-01

       -8.869879E-03 -1.295049E+00  1.483450E-11

                                INCREMENT   100


 displacements (vx,vy,vz) for set NSET_IND_TOP and time  0.8958493E-01

        10  1.833000E-06 -9.048078E-02  0.000000E+00
        11  0.000000E+00 -9.048078E-02  0.000000E+00
      1004  1.798251E-06 -9.048078E-02  0.000000E+00
      1005  1.757558E-06 -9.048078E-02  0.000000E+00
      1006  1.693127E-06 -9.048078E-02  0.000000E+00
      1007  1.590742E-06 -9.048078E-02  0.000000E+00
      1008  1.441007E-06 -9.048078E-02  0.000000E+00
      1009  1.239016E-06 -9.048078E-02  0.000000E+00
      1010  9.851373E-07 -9.048078E-02  0.000000E+00
      1011  6.855241E-07 -9.048078E-02  0.000000E+00
      1012  3.520106E-07 -9.048078E-02  0.000000E+00
      1013  1.815030E-06 -9.048078E-02  0.000000E+00
      1014  1.779727E-06 -9.048078E-02  0.000000E+00
      1015  1.729170E-06 -9.048078E-02  0.000000E+00
      1016  1.647242E-06 -9.048078E-02  0.000000E+00
      1017  1.522113E-06 -9.048078E-02  0.000000E+00
      1018  1.346521E-06 -9.048078E-02  0.000000E+00
      1019  1.118215E-06 -9.048078E-02  0.000000E+00
      1020  8.404912E-07 -9.048078E-02  0.000000E+00
      1021  5.221954E-07 -9.048078E-02  0.000000E+00
      1022  1.773372E-07 -9.048078E-02  0.000000E+00

 forces (fx,fy,fz) for set NSET_IND_TOP and time  0.8958493E-01

        10  1.553503E-05 -6.433809E-02  7.494868E-13
        11  2.355191E-06 -1.529711E-05 -3.717039E-12
      1004  9.507564E-06 -1.152779E-01  6.368420E-12
      1005  2.653303E-06 -1.081057E-01 -4.719267E-12
      1006  7.000436E-06 -1.036405E-01  1.687238E-12
      1007  3.569190E-06 -9.904541E-02  6.633249E-12
      1008  6.545277E-06 -9.215883E-02 -3.397451E-12
      1009  2.713801E-06 -8.155754E-02  2.098926E-13
      1010 -3.596075E-07 -6.654866E-02  2.474067E-12
      1011  8.252472E-07 -4.728881E-02 -1.144527E-12
      1012 -2.241921E-07 -2.457978E-02  7.334506E-12
      1013 -9.284816E-04 -2.426481E-01 -5.408916E-12
      1014 -1.414535E-03 -2.226672E-01  1.801233E-12
      1015 -1.351011E-03 -2.115276E-01  4.542901E-12
      1016 -1.726990E-03 -2.027517E-01 -2.529241E-12
      1017 -1.614766E-03 -1.914646E-01 -4.093066E-12
      1018 -1.955628E-03 -1.741161E-01  3.952561E-12
      1019 -1.836613E-03 -1.485799E-01 -4.675454E-12
      1020 -1.839722E-03 -1.142521E-01  6.838911E-12
      1021 -2.146745E-03 -7.213363E-02 -1.301111E-11
      1022 -1.725567E-03 -2.468472E-02 -4.079376E-14

 total force (fx,fy,fz) for set NSET_IND_TOP and time  0.8958493E-01

       -1.648994E-02 -2.407382E+00 -1.444033E-13

                                INCREMENT   110


 displacements (vx,vy,vz) for set NSET_IND_TOP and time  0.9958493E-01

        10  6.823222E-06 -1.005808E-01  0.000000E+00
        11  0.000000E+00 -1.005808E-01  0.000000E+00
      1004  6.693865E-06 -1.005808E-01  0.000000E+00
      1005  6.542383E-06 -1.005808E-01  0.000000E+00
      1006  6.302536E-06 -1.005808E-01  0.000000E+00
      1007  5.921413E-06 -1.005808E-01  0.000000E+00
      1008  5.364034E-06 -1.005808E-01  0.000000E+00
      1009  4.612133E-06 -1.005808E-01  0.000000E+00
      1010  3.667091E-06 -1.005808E-01  0.000000E+00
      1011  2.551805E-06 -1.005808E-01  0.000000E+00
      1012  1.310329E-06 -1.005808E-01  0.000000E+00
      1013  6.756328E-06 -1.005808E-01  0.000000E+00
      1014  6.624906E-06 -1.005808E-01  0.000000E+00
      1015  6.436706E-06 -1.005808E-01  0.000000E+00
      1016  6.131731E-06 -1.005808E-01  0.000000E+00
      1017  5.665945E-06 -1.005808E-01  0.000000E+00
      1018  5.012314E-06 -1.005808E-01  0.000000E+00
      1019  4.162463E-06 -1.005808E-01  0.000000E+00
      1020  3.128658E-06 -1.005808E-01  0.000000E+00
      1021  1.943828E-06 -1.005808E-01  0.000000E+00
      1022  6.601225E-07 -1.005808E-01  0.000000E+00

 forces (fx,fy,fz) for set NSET_IND_TOP and time  0.9958493E-01

        10  5.782861E-05 -2.395026E-01 -1.616337E-12
        11  8.767438E-06 -5.694091E-05  6.387464E-12
      1004  3.539194E-05 -4.291273E-01  1.714721E-12
      1005  9.877646E-06 -4.024258E-01  8.149645E-13
      1006  2.605970E-05 -3.858018E-01  9.952453E-12
      1007  1.328715E-05 -3.686943E-01  7.250777E-12
      1008  2.436542E-05 -3.430575E-01 -4.224466E-12
      1009  1.010302E-05 -3.035935E-01 -1.304649E-12
      1010 -1.337812E-06 -2.477231E-01 -2.360512E-12
      1011  3.073079E-06 -1.760292E-01 -1.749870E-11
      1012 -8.336754E-07 -9.149637E-02 -2.527410E-12
      1013 -3.456172E-03 -9.032710E-01  2.115752E-12
      1014 -5.265460E-03 -8.288867E-01 -4.781009E-12
      1015 -5.029004E-03 -7.874138E-01 -9.061030E-12
      1016 -6.428556E-03 -7.547409E-01 -5.589057E-12
      1017 -6.010819E-03 -7.127208E-01  2.148087E-12
      1018 -7.279650E-03 -6.481388E-01  2.314648E-12
      1019 -6.836628E-03 -5.530798E-01 -4.546863E-12
      1020 -6.848201E-03 -4.252957E-01  9.120954E-12
      1021 -7.991067E-03 -2.685121E-01 -4.707235E-12
      1022 -6.423269E-03 -9.188698E-02  7.446155E-12

 total force (fx,fy,fz) for set NSET_IND_TOP and time  0.9958493E-01

       -6.138224E-02 -8.961455E+00 -8.951291E-12

                                INCREMENT   111


 displacements (vx,vy,vz) for set NSET_IND_TOP and time  0.1000000E+00

        10  8.113053E-06 -1.010000E-01  0.000000E+00
        11  0.000000E+00 -1.010000E-01  0.000000E+00
      1004  7.959247E-06 -1.010000E-01  0.000000E+00
      1005  7.779131E-06 -1.010000E-01  0.000000E+00
      1006  7.493948E-06 -1.010000E-01  0.000000E+00
      1007  7.040781E-06 -1.010000E-01  0.000000E+00
      1008  6.378040E-06 -1.010000E-01  0.000000E+00
      1009  5.484004E-06 -1.010000E-01  0.000000E+00
      1010  4.360314E-06 -1.010000E-01  0.000000E+00
      1011  3.034197E-06 -1.010000E-01  0.000000E+00
      1012  1.558034E-06 -1.010000E-01  0.000000E+00
      1013  8.033515E-06 -1.010000E-01  0.000000E+00
      1014  7.877253E-06 -1.010000E-01  0.000000E+00
      1015  7.653479E-06 -1.010000E-01  0.000000E+00
      1016  7.290856E-06 -1.010000E-01  0.000000E+00
      1017  6.737022E-06 -1.010000E-01  0.000000E+00
      1018  5.959833E-06 -1.010000E-01  0.000000E+00
      1019  4.949330E-06 -1.010000E-01  0.000000E+00
      1020  3.720096E-06 -1.010000E-01  0.000000E+00
      1021  2.311288E-06 -1.010000E-01  0.000000E+00
      1022  7.849118E-07 -1.010000E-01  0.000000E+00

 forces (fx,fy,fz) for set NSET_IND_TOP and time  0.1000000E+00

        10  6.876051E-05 -2.847739E-01 -2.544933E-12
        11  1.042503E-05 -6.770540E-05  3.418756E-12
      1004  4.208244E-05 -5.102419E-01  7.226408E-12
      1005  1.174492E-05 -4.784936E-01  3.674813E-13
      1006  3.098613E-05 -4.587277E-01  5.011187E-12
      1007  1.579907E-05 -4.383871E-01  1.338903E-12
      1008  2.897172E-05 -4.079048E-01 -8.093750E-13
      1009  1.201313E-05 -3.609814E-01 -7.095243E-12
      1010 -1.590588E-06 -2.945502E-01 -3.060285E-12
      1011  3.654265E-06 -2.093041E-01 -1.466159E-11
      1012 -9.911089E-07 -1.087921E-01  1.440865E-12
      1013 -4.109528E-03 -1.074009E+00  1.218511E-12
      1014 -6.260845E-03 -9.855650E-01 -3.678502E-12
      1015 -5.979689E-03 -9.362537E-01 -1.837419E-12
      1016 -7.643815E-03 -8.974060E-01 -1.157380E-12
      1017 -7.147110E-03 -8.474440E-01 -3.419515E-12
      1018 -8.655805E-03 -7.706553E-01 -2.774142E-12
      1019 -8.129037E-03 -6.576281E-01 -6.392109E-14
      1020 -8.142800E-03 -5.056895E-01 -2.672390E-12
      1021 -9.501719E-03 -3.192693E-01  3.498646E-12
      1022 -7.637541E-03 -1.092565E-01  3.421680E-12

 total force (fx,fy,fz) for set NSET_IND_TOP and time  0.1000000E+00

       -7.298603E-02 -1.065540E+01 -1.683226E-11

                        S T E P       2


                                INCREMENT    10


 displacements (vx,vy,vz) for set NSET_IND_TOP and time  0.1007589E+00

        10  8.311119E-06 -1.017665E-01  0.000000E+00
        11  0.000000E+00 -1.017665E-01  0.000000E+00
      1004  8.153569E-06 -1.017665E-01  0.000000E+00
      1005  7.969068E-06 -1.017665E-01  0.000000E+00
      1006  7.676933E-06 -1.017665E-01  0.000000E+00
      1007  7.212711E-06 -1.017665E-01  0.000000E+00
      1008  6.533795E-06 -1.017665E-01  0.000000E+00
      1009  5.617934E-06 -1.017665E-01  0.000000E+00
      1010  4.466807E-06 -1.017665E-01  0.000000E+00
      1011  3.108305E-06 -1.017665E-01  0.000000E+00
      1012  1.596088E-06 -1.017665E-01  0.000000E+00
      1013  8.229645E-06 -1.017665E-01  0.000000E+00
      1014  8.069579E-06 -1.017665E-01  0.000000E+00
      1015  7.840354E-06 -1.017665E-01  0.000000E+00
      1016  7.468887E-06 -1.017665E-01  0.000000E+00
      1017  6.901539E-06 -1.017665E-01  0.000000E+00
      1018  6.105380E-06 -1.017665E-01  0.000000E+00
      1019  5.070205E-06 -1.017665E-01  0.000000E+00
      1020  3.810955E-06 -1.017665E-01  0.000000E+00
      1021  2.367740E-06 -1.017665E-01  0.000000E+00
      1022  8.040834E-07 -1.017665E-01  0.000000E+00

 forces (fx,fy,fz) for set NSET_IND_TOP and time  0.1007589E+00

        10  7.043932E-05 -2.917114E-01 -1.421128E-12
        11  1.067976E-05 -6.936103E-05  6.468589E-12
      1004  4.310964E-05 -5.226738E-01  4.409062E-12
      1005  1.203102E-05 -4.901550E-01  4.357514E-12
      1006  3.174225E-05 -4.699107E-01  8.058936E-12
      1007  1.618431E-05 -4.490773E-01  6.189829E-12
      1008  2.967903E-05 -4.178543E-01 -2.830592E-12
      1009  1.230616E-05 -3.697883E-01 -6.958113E-13
      1010 -1.629810E-06 -3.017376E-01 -1.411765E-11
      1011  3.743146E-06 -2.144121E-01 -4.353387E-12
      1012 -1.015643E-06 -1.114473E-01  6.610707E-12
      1013 -4.209928E-03 -1.100175E+00 -4.849315E-12
      1014 -6.413797E-03 -1.009581E+00  1.056580E-11
      1015 -6.125769E-03 -9.590745E-01  8.386847E-12
      1016 -7.830547E-03 -9.192864E-01 -3.748335E-12
      1017 -7.321709E-03 -8.681120E-01 -5.252271E-12
      1018 -8.867264E-03 -7.894549E-01 -3.374689E-12
      1019 -8.327632E-03 -6.736737E-01  1.830203E-12
      1020 -8.341735E-03 -5.180297E-01 -4.897555E-12
      1021 -9.733859E-03 -3.270611E-01  7.358725E-12
      1022 -7.824139E-03 -1.119231E-01  9.566709E-12

 total force (fx,fy,fz) for set NSET_IND_TOP and time  0.1007589E+00

       -7.476911E-02 -1.091521E+01  2.826218E-11

                                INCREMENT    20


 displacements (vx,vy,vz) for set NSET_IND_TOP and time  0.1081200E+00

        10  1.006293E-05 -1.092012E-01  0.000000E+00
        11  0.000000E+00 -1.092012E-01  0.000000E+00
      1004  9.872204E-06 -1.092012E-01  0.000000E+00
      1005  9.648848E-06 -1.092012E-01  0.000000E+00
      1006  9.295167E-06 -1.092012E-01  0.000000E+00
      1007  8.733121E-06 -1.092012E-01  0.000000E+00
      1008  7.911119E-06 -1.092012E-01  0.000000E+00
      1009  6.802215E-06 -1.092012E-01  0.000000E+00
      1010  5.408441E-06 -1.092012E-01  0.000000E+00
      1011  3.763565E-06 -1.092012E-01  0.000000E+00
      1012  1.932562E-06 -1.092012E-01  0.000000E+00
      1013  9.964297E-06 -1.092012E-01  0.000000E+00
      1014  9.770529E-06 -1.092012E-01  0.000000E+00
      1015  9.493020E-06 -1.092012E-01  0.000000E+00
      1016  9.043283E-06 -1.092012E-01  0.000000E+00
      1017  8.356370E-06 -1.092012E-01  0.000000E+00
      1018  7.392406E-06 -1.092012E-01  0.000000E+00
      1019  6.139032E-06 -1.092012E-01  0.000000E+00
      1020  4.614336E-06 -1.092012E-01  0.000000E+00
      1021  2.866885E-06 -1.092012E-01  0.000000E+00
      1022  9.735935E-07 -1.092012E-01  0.000000E+00

 forces (fx,fy,fz) for set NSET_IND_TOP and time  0.1081200E+00

        10  8.528656E-05 -3.531526E-01 -1.184787E-12
        11  1.293107E-05 -8.398865E-05 -5.160462E-13
      1004  5.219533E-05 -6.327666E-01 -1.565986E-12
      1005  1.456454E-05 -5.934080E-01  1.653856E-12
      1006  3.843108E-05 -5.689100E-01  1.108011E-11
      1007  1.959352E-05 -5.436974E-01  1.733717E-12
      1008  3.593386E-05 -5.059037E-01  4.018288E-12
      1009  1.489848E-05 -4.477151E-01 -6.665531E-12
      1010 -1.974996E-06 -3.653275E-01  2.888169E-12
      1011  4.530341E-06 -2.596005E-01 -1.704097E-12
      1012 -1.231277E-06 -1.349359E-01  1.384339E-12
      1013 -5.097518E-03 -1.331902E+00 -1.836448E-12
      1014 -7.766012E-03 -1.222242E+00 -3.352096E-12
      1015 -7.417245E-03 -1.161118E+00  5.739492E-12
      1016 -9.481424E-03 -1.112969E+00  3.885448E-12
      1017 -8.865309E-03 -1.051030E+00  5.864975E-12
      1018 -1.073671E-02 -9.558134E-01 -5.435485E-12
      1019 -1.008332E-02 -8.156435E-01 -3.747225E-12
      1020 -1.010041E-02 -6.272046E-01  1.827483E-12
      1021 -1.178604E-02 -3.959916E-01  2.309486E-12
      1022 -9.473700E-03 -1.355121E-01  1.174005E-11

 total force (fx,fy,fz) for set NSET_IND_TOP and time  0.1081200E+00

       -9.053253E-02 -1.321493E+01  2.811772E-11

                                INCREMENT    30


 displacements (vx,vy,vz) for set NSET_IND_TOP and time  0.1161200E+00

        10  1.214338E-05 -1.172812E-01  0.000000E+00
        11  0.000000E+00 -1.172812E-01  0.000000E+00
      1004  1.191328E-05 -1.172812E-01  0.000000E+00
      1005  1.164380E-05 -1.172812E-01  0.000000E+00
      1006  1.121704E-05 -1.172812E-01  0.000000E+00
      1007  1.053883E-05 -1.172812E-01  0.000000E+00
      1008  9.546899E-06 -1.172812E-01  0.000000E+00
      1009  8.208737E-06 -1.172812E-01  0.000000E+00
      1010  6.526787E-06 -1.172812E-01  0.000000E+00
      1011  4.541798E-06 -1.172812E-01  0.000000E+00
      1012  2.332182E-06 -1.172812E-01  0.000000E+00
      1013  1.202439E-05 -1.172812E-01  0.000000E+00
      1014  1.179061E-05 -1.172812E-01  0.000000E+00
      1015  1.145578E-05 -1.172812E-01  0.000000E+00
      1016  1.091310E-05 -1.172812E-01  0.000000E+00
      1017  1.008420E-05 -1.172812E-01  0.000000E+00
      1018  8.920948E-06 -1.172812E-01  0.000000E+00
      1019  7.408437E-06 -1.172812E-01  0.000000E+00
      1020  5.568487E-06 -1.172812E-01  0.000000E+00
      1021  3.459705E-06 -1.172812E-01  0.000000E+00
      1022  1.174916E-06 -1.172812E-01  0.000000E+00

 forces (fx,fy,fz) for set NSET_IND_TOP and time  0.1161200E+00

        10  1.029193E-04 -4.261007E-01  1.195186E-12
        11  1.560481E-05 -1.013639E-04 -2.126534E-12
      1004  6.298514E-05 -7.634805E-01  2.254882E-12
      1005  1.757231E-05 -7.160053E-01 -2.167655E-12
      1006  4.637399E-05 -6.864616E-01  6.547250E-12
      1007  2.364138E-05 -6.560534E-01  2.376536E-13
      1008  4.336170E-05 -6.104608E-01  1.405924E-12
      1009  1.797643E-05 -5.402545E-01  6.842167E-13
      1010 -2.385686E-06 -4.408432E-01  3.841060E-12
      1011  5.464405E-06 -3.132643E-01 -5.371598E-13
      1012 -1.488070E-06 -1.628303E-01  3.430431E-12
      1013 -6.151725E-03 -1.607030E+00  6.605994E-12
      1014 -9.372054E-03 -1.474740E+00  4.745093E-13
      1015 -8.951139E-03 -1.401019E+00 -9.630963E-12
      1016 -1.144218E-02 -1.342951E+00 -7.550738E-12
      1017 -1.069865E-02 -1.268239E+00  2.500222E-13
      1018 -1.295706E-02 -1.153364E+00 -7.673306E-12
      1019 -1.216856E-02 -9.842365E-01  9.578893E-12
      1020 -1.218920E-02 -7.568551E-01 -4.226175E-12
      1021 -1.422344E-02 -4.778509E-01  9.090617E-12
      1022 -1.143290E-02 -1.635257E-01 -2.368605E-12

 total force (fx,fy,fz) for set NSET_IND_TOP and time  0.1161200E+00

       -1.092549E-01 -1.594567E+01  9.315503E-12

                                INCREMENT    40


 displacements (vx,vy,vz) for set NSET_IND_TOP and time  0.1241200E+00

        10  1.439219E-05 -1.253612E-01  0.000000E+00
        11  0.000000E+00 -1.253612E-01  0.000000E+00
      1004  1.411954E-05 -1.253612E-01  0.000000E+00
      1005  1.380021E-05 -1.253612E-01  0.000000E+00
      1006  1.329447E-05 -1.253612E-01  0.000000E+00
      1007  1.249070E-05 -1.253612E-01  0.000000E+00
      1008  1.131511E-05 -1.253612E-01  0.000000E+00
      1009  9.729138E-06 -1.253612E-01  0.000000E+00
      1010  7.735686E-06 -1.253612E-01  0.000000E+00
      1011  5.383048E-06 -1.253612E-01  0.000000E+00
      1012  2.764163E-06 -1.253612E-01  0.000000E+00
      1013  1.425120E-05 -1.253612E-01  0.000000E+00
      1014  1.397419E-05 -1.253612E-01  0.000000E+00
      1015  1.357740E-05 -1.253612E-01  0.000000E+00
      1016  1.293427E-05 -1.253612E-01  0.000000E+00
      1017  1.195190E-05 -1.253612E-01  0.000000E+00
      1018  1.057324E-05 -1.253612E-01  0.000000E+00
      1019  8.780622E-06 -1.253612E-01  0.000000E+00
      1020  6.599897E-06 -1.253612E-01  0.000000E+00
      1021  4.100529E-06 -1.253612E-01  0.000000E+00
      1022  1.392542E-06 -1.253612E-01  0.000000E+00

 forces (fx,fy,fz) for set NSET_IND_TOP and time  0.1241200E+00

        10  1.219789E-04 -5.049311E-01  3.010197E-12
        11  1.849498E-05 -1.201486E-04  4.001480E-12
      1004  7.464762E-05 -9.047372E-01 -5.995938E-12
      1005  2.082236E-05 -8.484954E-01  1.070540E-11
      1006  5.495877E-05 -8.135036E-01 -1.365429E-12
      1007  2.801576E-05 -7.774850E-01  1.479799E-11
      1008  5.139012E-05 -7.234673E-01 -6.773482E-12
      1009  2.130266E-05 -6.402746E-01 -5.322540E-12
      1010 -2.830411E-06 -5.224651E-01  3.171046E-13
      1011  6.473160E-06 -3.712683E-01 -6.481775E-12
      1012 -1.766408E-06 -1.929810E-01  8.917022E-12
      1013 -7.291343E-03 -1.904344E+00 -4.760664E-12
      1014 -1.110820E-02 -1.747609E+00 -3.836487E-12
      1015 -1.060929E-02 -1.660283E+00  7.424117E-12
      1016 -1.356176E-02 -1.591506E+00 -1.121631E-11
      1017 -1.268049E-02 -1.502997E+00 -1.001998E-11
      1018 -1.535727E-02 -1.366881E+00  3.564649E-12
      1019 -1.442272E-02 -1.166460E+00 -1.581513E-12
      1020 -1.444719E-02 -8.969902E-01 -4.989342E-12
      1021 -1.685828E-02 -5.663311E-01 -2.703893E-12
      1022 -1.355082E-02 -1.938052E-01  1.158090E-11

 total force (fx,fy,fz) for set NSET_IND_TOP and time  0.1241200E+00

       -1.294939E-01 -1.889694E+01 -7.284893E-13

                                INCREMENT    50


 displacements (vx,vy,vz) for set NSET_IND_TOP and time  0.1321200E+00

        10  1.682371E-05 -1.334412E-01  0.000000E+00
        11  0.000000E+00 -1.334412E-01  0.000000E+00
      1004  1.650508E-05 -1.334412E-01  0.000000E+00
      1005  1.613187E-05 -1.334412E-01  0.000000E+00
      1006  1.554075E-05 -1.334412E-01  0.000000E+00
      1007  1.460124E-05 -1.334412E-01  0.000000E+00
      1008  1.322706E-05 -1.334412E-01  0.000000E+00
      1009  1.137314E-05 -1.334412E-01  0.000000E+00
      1010  9.042873E-06 -1.334412E-01  0.000000E+00
      1011  6.292700E-06 -1.334412E-01  0.000000E+00
      1012  3.231269E-06 -1.334412E-01  0.000000E+00
      1013  1.665893E-05 -1.334412E-01  0.000000E+00
      1014  1.633520E-05 -1.334412E-01  0.000000E+00
      1015  1.587144E-05 -1.334412E-01  0.000000E+00
      1016  1.511971E-05 -1.334412E-01  0.000000E+00
      1017  1.397142E-05 -1.334412E-01  0.000000E+00
      1018  1.235986E-05 -1.334412E-01  0.000000E+00
      1019  1.026437E-05 -1.334412E-01  0.000000E+00
      1020  7.715168E-06 -1.334412E-01  0.000000E+00
      1021  4.793460E-06 -1.334412E-01  0.000000E+00
      1022  1.627864E-06 -1.334412E-01  0.000000E+00

 forces (fx,fy,fz) for set NSET_IND_TOP and time  0.1321200E+00

        10  1.425870E-04 -5.901403E-01  2.205961E-14
        11  2.162002E-05 -1.404638E-04  1.950782E-13
      1004  8.725705E-05 -1.057428E+00 -2.346520E-12
      1005  2.433505E-05 -9.917153E-01 -4.347196E-12
      1006  6.423992E-05 -9.508405E-01 -4.176757E-12
      1007  3.274424E-05 -9.087624E-01 -1.110520E-11
      1008  6.007017E-05 -8.456411E-01  9.035385E-13
      1009  2.489812E-05 -7.484118E-01  9.793001E-12
      1010 -3.312283E-06 -6.107131E-01 -6.149555E-12
      1011  7.562736E-06 -4.339822E-01 -9.260155E-12
      1012 -2.068329E-06 -2.255801E-01  6.227068E-12
      1013 -8.523678E-03 -2.225721E+00 -3.333889E-12
      1014 -1.298559E-02 -2.042569E+00  8.403833E-13
      1015 -1.240232E-02 -1.940550E+00 -1.093825E-11
      1016 -1.585375E-02 -1.860208E+00 -3.376188E-12
      1017 -1.482355E-02 -1.756794E+00 -1.168987E-11
      1018 -1.795271E-02 -1.597723E+00  8.541390E-12
      1019 -1.686024E-02 -1.363474E+00  5.128897E-12
      1020 -1.688887E-02 -1.048503E+00  1.451950E-12
      1021 -1.970748E-02 -6.619961E-01  1.024247E-11
      1022 -1.584104E-02 -2.265438E-01  1.095718E-11

 total force (fx,fy,fz) for set NSET_IND_TOP and time  0.1321200E+00

       -1.513793E-01 -2.208744E+01 -1.242056E-11

                                INCREMENT    60


 displacements (vx,vy,vz) for set NSET_IND_TOP and time  0.1401200E+00

        10  1.942006E-05 -1.415212E-01  0.000000E+00
        11  0.000000E+00 -1.415212E-01  0.000000E+00
      1004  1.905235E-05 -1.415212E-01  0.000000E+00
      1005  1.862163E-05 -1.415212E-01  0.000000E+00
      1006  1.793937E-05 -1.415212E-01  0.000000E+00
      1007  1.685492E-05 -1.415212E-01  0.000000E+00
      1008  1.526870E-05 -1.415212E-01  0.000000E+00
      1009  1.312868E-05 -1.415212E-01  0.000000E+00
      1010  1.043875E-05 -1.415212E-01  0.000000E+00
      1011  7.264077E-06 -1.415212E-01  0.000000E+00
      1012  3.730073E-06 -1.415212E-01  0.000000E+00
      1013  1.922990E-05 -1.415212E-01  0.000000E+00
      1014  1.885630E-05 -1.415212E-01  0.000000E+00
      1015  1.832106E-05 -1.415212E-01  0.000000E+00
      1016  1.745339E-05 -1.415212E-01  0.000000E+00
      1017  1.612792E-05 -1.415212E-01  0.000000E+00
      1018  1.426768E-05 -1.415212E-01  0.000000E+00
      1019  1.184878E-05 -1.415212E-01  0.000000E+00
      1020  8.906114E-06 -1.415212E-01  0.000000E+00
      1021  5.533411E-06 -1.415212E-01  0.000000E+00
      1022  1.879154E-06 -1.415212E-01  0.000000E+00

 forces (fx,fy,fz) for set NSET_IND_TOP and time  0.1401200E+00

        10  1.645921E-04 -6.810967E-01 -6.713990E-12
        11  2.495696E-05 -1.621611E-04  2.105744E-12
      1004  1.007206E-04 -1.220420E+00  7.867001E-13
      1005  2.808425E-05 -1.144605E+00 -4.438009E-12
      1006  7.414896E-05 -1.097457E+00  3.715667E-12
      1007  3.779178E-05 -1.048916E+00  2.346320E-12
      1008  6.933787E-05 -9.760810E-01 -1.480702E-12
      1009  2.873616E-05 -8.638692E-01 -8.873937E-12
      1010 -3.827981E-06 -7.049373E-01 -6.865054E-12
      1011  8.724872E-06 -5.009442E-01 -9.425608E-12
      1012 -2.391826E-06 -2.603879E-01  1.667345E-11
      1013 -9.839700E-03 -2.568776E+00 -4.045042E-12
      1014 -1.499046E-02 -2.357437E+00  1.511846E-12
      1015 -1.431710E-02 -2.239747E+00 -3.464729E-12
      1016 -1.830136E-02 -2.147073E+00 -1.240541E-11
      1017 -1.711209E-02 -2.027758E+00  1.433853E-12
      1018 -2.072437E-02 -1.844188E+00 -4.983458E-12
      1019 -1.946325E-02 -1.573828E+00 -5.194734E-12
      1020 -1.949633E-02 -1.210277E+00  1.560085E-12
      1021 -2.275012E-02 -7.641420E-01  6.919243E-12
      1022 -1.828675E-02 -2.615004E-01 -2.429834E-12

 total force (fx,fy,fz) for set NSET_IND_TOP and time  0.1401200E+00

       -1.747506E-01 -2.549360E+01 -3.326759E-11

                                INCREMENT    70


 displacements (vx,vy,vz) for set NSET_IND_TOP and time  0.1481200E+00

        10  2.217805E-05 -1.496012E-01  0.000000E+00
        11  0.000000E+00 -1.496012E-01  0.000000E+00
      1004  2.175823E-05 -1.496012E-01  0.000000E+00
      1005  2.126645E-05 -1.496012E-01  0.000000E+00
      1006  2.048739E-05 -1.496012E-01  0.000000E+00
      1007  1.924901E-05 -1.496012E-01  0.000000E+00
      1008  1.743756E-05 -1.496012E-01  0.000000E+00
      1009  1.499363E-05 -1.496012E-01  0.000000E+00
      1010  1.192163E-05 -1.496012E-01  0.000000E+00
      1011  8.296001E-06 -1.496012E-01  0.000000E+00
      1012  4.259969E-06 -1.496012E-01  0.000000E+00
      1013  2.196094E-05 -1.496012E-01  0.000000E+00
      1014  2.153439E-05 -1.496012E-01  0.000000E+00
      1015  2.092324E-05 -1.496012E-01  0.000000E+00
      1016  1.993243E-05 -1.496012E-01  0.000000E+00
      1017  1.841879E-05 -1.496012E-01  0.000000E+00
      1018  1.629439E-05 -1.496012E-01  0.000000E+00
      1019  1.353194E-05 -1.496012E-01  0.000000E+00
      1020  1.017129E-05 -1.496012E-01  0.000000E+00
      1021  6.319487E-06 -1.496012E-01  0.000000E+00
      1022  2.146110E-06 -1.496012E-01  0.000000E+00

 forces (fx,fy,fz) for set NSET_IND_TOP and time  0.1481200E+00

        10  1.879673E-04 -7.776798E-01 -2.995406E-12
        11  2.850171E-05 -1.852151E-04 -6.154488E-12
      1004  1.150215E-04 -1.393501E+00  4.217309E-12
      1005  3.206488E-05 -1.306965E+00  1.222476E-11
      1006  8.467333E-05 -1.253164E+00  8.899908E-12
      1007  4.315172E-05 -1.197768E+00 -4.443584E-12
      1008  7.918160E-05 -1.114622E+00  4.610741E-12
      1009  3.281169E-05 -9.865018E-01 -9.120361E-13
      1010 -4.377220E-06 -8.050200E-01 -5.571494E-13
      1011  9.957732E-06 -5.720712E-01  1.083389E-11
      1012 -2.736841E-06 -2.973612E-01  9.384869E-14
      1013 -1.123783E-02 -2.933057E+00  7.172485E-12
      1014 -1.712039E-02 -2.691800E+00  3.959610E-13
      1015 -1.635130E-02 -2.557486E+00 -1.364869E-11
      1016 -2.090162E-02 -2.451731E+00  1.034839E-12
      1017 -1.954338E-02 -2.315543E+00  1.496581E-12
      1018 -2.366890E-02 -2.105964E+00  8.738454E-12
      1019 -2.222863E-02 -1.797257E+00  1.561307E-12
      1020 -2.226643E-02 -1.382112E+00  2.384759E-13
      1021 -2.598256E-02 -8.726417E-01  1.172096E-11
      1022 -2.088503E-02 -2.986318E-01  2.458811E-12

 total force (fx,fy,fz) for set NSET_IND_TOP and time  0.1481200E+00

       -1.995799E-01 -2.911106E+01  4.698697E-11

                                INCREMENT    80


 displacements (vx,vy,vz) for set NSET_IND_TOP and time  0.1561200E+00

        10  2.509087E-05 -1.576812E-01  0.000000E+00
        11  0.000000E+00 -1.576812E-01  0.000000E+00
      1004  2.461605E-05 -1.576812E-01  0.000000E+00
      1005  2.405983E-05 -1.576812E-01  0.000000E+00
      1006  2.317856E-05 -1.576812E-01  0.000000E+00
      1007  2.177762E-05 -1.576812E-01  0.000000E+00
      1008  1.972831E-05 -1.576812E-01  0.000000E+00
      1009  1.696340E-05 -1.576812E-01  0.000000E+00
      1010  1.348788E-05 -1.576812E-01  0.000000E+00
      1011  9.385948E-06 -1.576812E-01  0.000000E+00
      1012  4.819663E-06 -1.576812E-01  0.000000E+00
      1013  2.484532E-05 -1.576812E-01  0.000000E+00
      1014  2.436289E-05 -1.576812E-01  0.000000E+00
      1015  2.367159E-05 -1.576812E-01  0.000000E+00
      1016  2.255076E-05 -1.576812E-01  0.000000E+00
      1017  2.083839E-05 -1.576812E-01  0.000000E+00
      1018  1.843500E-05 -1.576812E-01  0.000000E+00
      1019  1.530972E-05 -1.576812E-01  0.000000E+00
      1020  1.150760E-05 -1.576812E-01  0.000000E+00
      1021  7.149763E-06 -1.576812E-01  0.000000E+00
      1022  2.428077E-06 -1.576812E-01  0.000000E+00

 forces (fx,fy,fz) for set NSET_IND_TOP and time  0.1561200E+00

        10  2.126546E-04 -8.796409E-01 -7.826339E-12
        11  3.224551E-05 -2.095708E-04  1.293294E-12
      1004  1.301243E-04 -1.576224E+00  4.125389E-14
      1005  3.626653E-05 -1.478381E+00  5.909068E-12
      1006  9.578656E-05 -1.417567E+00 -3.487564E-12
      1007  4.881027E-05 -1.354942E+00  3.342351E-12
      1008  8.957676E-05 -1.260917E+00  4.676943E-12
      1009  3.711422E-05 -1.116003E+00  4.377125E-12
      1010 -4.959075E-06 -9.107122E-01 -1.402828E-11
      1011  1.125778E-05 -6.471865E-01 -1.966425E-13
      1012 -3.102935E-06 -3.364082E-01  2.028588E-13
      1013 -1.271467E-02 -3.317627E+00 -8.175682E-12
      1014 -1.937021E-02 -3.044801E+00 -9.986900E-12
      1015 -1.850000E-02 -2.892958E+00  8.989476E-13
      1016 -2.364821E-02 -2.773413E+00  9.259371E-12
      1017 -2.211147E-02 -2.619427E+00  6.151746E-13
      1018 -2.677912E-02 -2.382396E+00  4.540257E-12
      1019 -2.514963E-02 -2.033205E+00 -7.887135E-12
      1020 -2.519243E-02 -1.563579E+00  8.274603E-12
      1021 -2.939693E-02 -9.872262E-01  3.882894E-12
      1022 -2.362955E-02 -3.378460E-01  8.414158E-12

 total force (fx,fy,fz) for set NSET_IND_TOP and time  0.1561200E+00

       -2.258065E-01 -3.293067E+01  4.139755E-12

                                INCREMENT    90


 displacements (vx,vy,vz) for set NSET_IND_TOP and time  0.1641200E+00

        10  2.670601E-05 -1.657612E-01  0.000000E+00
        11  0.000000E+00 -1.657612E-01  0.000000E+00
      1004  2.620105E-05 -1.657612E-01  0.000000E+00
      1005  2.560941E-05 -1.657612E-01  0.000000E+00
      1006  2.467175E-05 -1.657612E-01  0.000000E+00
      1007  2.318089E-05 -1.657612E-01  0.000000E+00
      1008  2.099983E-05 -1.657612E-01  0.000000E+00
      1009  1.805694E-05 -1.657612E-01  0.000000E+00
      1010  1.435754E-05 -1.657612E-01  0.000000E+00
      1011  9.991213E-06 -1.657612E-01  0.000000E+00
      1012  5.130494E-06 -1.657612E-01  0.000000E+00
      1013  2.644486E-05 -1.657612E-01  0.000000E+00
      1014  2.593179E-05 -1.657612E-01  0.000000E+00
      1015  2.519636E-05 -1.657612E-01  0.000000E+00
      1016  2.400368E-05 -1.657612E-01  0.000000E+00
      1017  2.218130E-05 -1.657612E-01  0.000000E+00
      1018  1.962329E-05 -1.657612E-01  0.000000E+00
      1019  1.629675E-05 -1.657612E-01  0.000000E+00
      1020  1.224963E-05 -1.657612E-01  0.000000E+00
      1021  7.610850E-06 -1.657612E-01  0.000000E+00
      1022  2.584673E-06 -1.657612E-01  0.000000E+00

 forces (fx,fy,fz) for set NSET_IND_TOP and time  0.1641200E+00

        10  2.263428E-04 -9.357456E-01  2.494957E-12
        11  3.432204E-05 -2.231509E-04 -1.583924E-12
      1004  1.384881E-04 -1.676826E+00 -1.397740E-12
      1005  3.857195E-05 -1.572852E+00  3.968013E-12
      1006  1.019293E-04 -1.508279E+00  9.239088E-12
      1007  5.192530E-05 -1.441762E+00  3.294407E-13
      1008  9.532908E-05 -1.341804E+00 -7.672477E-12
      1009  3.948216E-05 -1.187661E+00 -1.633574E-12
      1010 -5.299400E-06 -9.692306E-01  2.170166E-12
      1011  1.195854E-05 -6.887937E-01 -1.393501E-11
      1012 -3.322990E-06 -3.580423E-01  3.679315E-12
      1013 -1.353572E-02 -3.529285E+00  6.231238E-12
      1014 -2.062077E-02 -3.239244E+00 -2.259937E-11
      1015 -1.969419E-02 -3.077951E+00 -1.244249E-11
      1016 -2.517459E-02 -2.951005E+00 -1.305622E-13
      1017 -2.353863E-02 -2.787365E+00 -1.170652E-11
      1018 -2.850759E-02 -2.535296E+00  4.331313E-12
      1019 -2.677300E-02 -2.163802E+00 -4.079626E-12
      1020 -2.681867E-02 -1.664073E+00  2.022493E-12
      1021 -3.129469E-02 -1.050703E+00 -5.437872E-13
      1022 -2.515505E-02 -3.595733E-01  1.284450E-11

 total force (fx,fy,fz) for set NSET_IND_TOP and time  0.1641200E+00

       -2.403832E-01 -3.503952E+01 -3.041455E-11

                                INCREMENT   100


 displacements (vx,vy,vz) for set NSET_IND_TOP and time  0.1703200E+00

        10  2.778907E-05 -1.720232E-01  0.000000E+00
        11  0.000000E+00 -1.720232E-01  0.000000E+00
      1004  2.726410E-05 -1.720232E-01  0.000000E+00
      1005  2.664890E-05 -1.720232E-01  0.000000E+00
      1006  2.567360E-05 -1.720232E-01  0.000000E+00
      1007  2.412259E-05 -1.720232E-01  0.000000E+00
      1008  2.185326E-05 -1.720232E-01  0.000000E+00
      1009  1.879104E-05 -1.720232E-01  0.000000E+00
      1010  1.494143E-05 -1.720232E-01  0.000000E+00
      1011  1.039764E-05 -1.720232E-01  0.000000E+00
      1012  5.339227E-06 -1.720232E-01  0.000000E+00
      1013  2.751757E-05 -1.720232E-01  0.000000E+00
      1014  2.698415E-05 -1.720232E-01  0.000000E+00
      1015  2.621931E-05 -1.720232E-01  0.000000E+00
      1016  2.497861E-05 -1.720232E-01  0.000000E+00
      1017  2.308257E-05 -1.720232E-01  0.000000E+00
      1018  2.042093E-05 -1.720232E-01  0.000000E+00
      1019  1.695941E-05 -1.720232E-01  0.000000E+00
      1020  1.274787E-05 -1.720232E-01  0.000000E+00
      1021  7.920474E-06 -1.720232E-01  0.000000E+00
      1022  2.689835E-06 -1.720232E-01  0.000000E+00

 forces (fx,fy,fz) for set NSET_IND_TOP and time  0.1703200E+00

        10  2.355224E-04 -9.731147E-01 -2.590879E-12
        11  3.571636E-05 -2.323029E-04  1.970339E-12
      1004  1.440917E-04 -1.743863E+00 -8.655677E-12
      1005  4.010500E-05 -1.635860E+00  4.617187E-12
      1006  1.060393E-04 -1.568840E+00  3.062748E-12
      1007  5.400310E-05 -1.499779E+00 -7.042268E-12
      1008  9.918254E-05 -1.395902E+00  3.452872E-13
      1009  4.106221E-05 -1.235620E+00  7.455250E-12
      1010 -5.536458E-06 -1.008416E+00  6.808578E-12
      1011  1.241922E-05 -7.166661E-01 -1.177549E-11
      1012 -3.478801E-06 -3.725383E-01  1.680201E-11
      1013 -1.408756E-02 -3.670288E+00  8.430590E-12
      1014 -2.146116E-02 -3.368867E+00  3.745781E-12
      1015 -2.049663E-02 -3.201392E+00  5.457301E-12
      1016 -2.620018E-02 -3.069625E+00 -1.225242E-11
      1017 -2.449755E-02 -2.899637E+00  2.603473E-13
      1018 -2.966899E-02 -2.637592E+00 -4.207745E-12
      1019 -2.786386E-02 -2.251229E+00  1.822775E-11
      1020 -2.791152E-02 -1.731380E+00  1.270384E-11
      1021 -3.257007E-02 -1.093230E+00  1.885669E-11
      1022 -2.618028E-02 -3.741322E-01 -1.076972E-11

 total force (fx,fy,fz) for set NSET_IND_TOP and time  0.1703200E+00

       -2.501787E-01 -3.644820E+01  5.144951E-11

                                INCREMENT   110


 displacements (vx,vy,vz) for set NSET_IND_TOP and time  0.1783200E+00

        10  3.140936E-05 -1.801032E-01  0.000000E+00
        11  0.000000E+00 -1.801032E-01  0.000000E+00
      1004  3.081613E-05 -1.801032E-01  0.000000E+00
      1005  3.012092E-05 -1.801032E-01  0.000000E+00
      1006  2.901867E-05 -1.801032E-01  0.000000E+00
      1007  2.726567E-05 -1.801032E-01  0.000000E+00
      1008  2.470075E-05 -1.801032E-01  0.000000E+00
      1009  2.123959E-05 -1.801032E-01  0.000000E+00
      1010  1.688840E-05 -1.801032E-01  0.000000E+00
      1011  1.175255E-05 -1.801032E-01  0.000000E+00
      1012  6.034989E-06 -1.801032E-01  0.000000E+00
      1013  3.110256E-05 -1.801032E-01  0.000000E+00
      1014  3.049977E-05 -1.801032E-01  0.000000E+00
      1015  2.963541E-05 -1.801032E-01  0.000000E+00
      1016  2.823317E-05 -1.801032E-01  0.000000E+00
      1017  2.609019E-05 -1.801032E-01  0.000000E+00
      1018  2.308182E-05 -1.801032E-01  0.000000E+00
      1019  1.916931E-05 -1.801032E-01  0.000000E+00
      1020  1.440903E-05 -1.801032E-01  0.000000E+00
      1021  8.952598E-06 -1.801032E-01  0.000000E+00
      1022  3.040353E-06 -1.801032E-01  0.000000E+00

 forces (fx,fy,fz) for set NSET_IND_TOP and time  0.1783200E+00

        10  2.662055E-04 -1.099719E+00 -6.456780E-13
        11  4.036927E-05 -2.625941E-04  2.739127E-12
      1004  1.628594E-04 -1.970766E+00 -2.473433E-12
      1005  4.532007E-05 -1.848748E+00  6.644049E-12
      1006  1.198457E-04 -1.773048E+00  1.486699E-11
      1007  6.102920E-05 -1.695036E+00 -9.121987E-13
      1008  1.120985E-04 -1.577664E+00 -1.281389E-11
      1009  4.640418E-05 -1.396533E+00 -7.586782E-12
      1010 -6.264888E-06 -1.139755E+00 -1.007061E-11
      1011  1.402887E-05 -8.100131E-01  1.595784E-13
      1012 -3.938930E-06 -4.210642E-01  1.939188E-11
      1013 -1.592370E-02 -4.147818E+00 -1.032452E-12
      1014 -2.425827E-02 -3.807244E+00 -9.481860E-12
      1015 -2.316796E-02 -3.618058E+00  1.737022E-11
      1016 -2.961481E-02 -3.469221E+00  1.324274E-12
      1017 -2.769026E-02 -3.277172E+00  1.540101E-12
      1018 -3.353569E-02 -2.981060E+00 -1.760914E-11
      1019 -3.149532E-02 -2.544419E+00 -1.589995E-11
      1020 -3.154922E-02 -1.956886E+00 -5.933920E-12
      1021 -3.681495E-02 -1.235628E+00  6.281198E-12
      1022 -2.959238E-02 -4.228659E-01  1.700973E-12

 total force (fx,fy,fz) for set NSET_IND_TOP and time  0.1783200E+00

       -2.827846E-01 -4.119298E+01 -1.244152E-11

                                INCREMENT   120


 displacements (vx,vy,vz) for set NSET_IND_TOP and time  0.1863200E+00

        10  3.520829E-05 -1.881832E-01  0.000000E+00
        11  0.000000E+00 -1.881832E-01  0.000000E+00
      1004  3.454348E-05 -1.881832E-01  0.000000E+00
      1005  3.376433E-05 -1.881832E-01  0.000000E+00
      1006  3.252890E-05 -1.881832E-01  0.000000E+00
      1007  3.056398E-05 -1.881832E-01  0.000000E+00
      1008  2.768889E-05 -1.881832E-01  0.000000E+00
      1009  2.380912E-05 -1.881832E-01  0.000000E+00
      1010  1.893159E-05 -1.881832E-01  0.000000E+00
      1011  1.317442E-05 -1.881832E-01  0.000000E+00
      1012  6.765139E-06 -1.881832E-01  0.000000E+00
      1013  3.486446E-05 -1.881832E-01  0.000000E+00
      1014  3.418894E-05 -1.881832E-01  0.000000E+00
      1015  3.322018E-05 -1.881832E-01  0.000000E+00
      1016  3.164846E-05 -1.881832E-01  0.000000E+00
      1017  2.924637E-05 -1.881832E-01  0.000000E+00
      1018  2.587417E-05 -1.881832E-01  0.000000E+00
      1019  2.148841E-05 -1.881832E-01  0.000000E+00
      1020  1.615227E-05 -1.881832E-01  0.000000E+00
      1021  1.003573E-05 -1.881832E-01  0.000000E+00
      1022  3.408195E-06 -1.881832E-01  0.000000E+00

 forces (fx,fy,fz) for set NSET_IND_TOP and time  0.1863200E+00

        10  2.984025E-04 -1.232520E+00 -1.231848E-12
        11  4.525178E-05 -2.943882E-04  1.429836E-13
      1004  1.825520E-04 -2.208781E+00 -1.217341E-11
      1005  5.078961E-05 -2.072074E+00 -1.073497E-11
      1006  1.343312E-04 -1.987280E+00  3.587017E-12
      1007  6.839929E-05 -1.899888E+00  1.060002E-11
      1008  1.256503E-04 -1.768369E+00 -1.494550E-12
      1009  5.200757E-05 -1.565369E+00  2.514510E-12
      1010 -7.031362E-06 -1.277564E+00 -2.198323E-11
      1011  1.571553E-05 -9.079609E-01 -1.535174E-11
      1012 -4.423791E-06 -4.719824E-01  1.184657E-11
      1013 -1.785069E-02 -4.648727E+00 -9.669598E-12
      1014 -2.719376E-02 -4.267101E+00 -1.260703E-11
      1015 -2.597144E-02 -4.055165E+00  2.410627E-12
      1016 -3.319834E-02 -3.888444E+00 -5.482947E-12
      1017 -3.104089E-02 -3.673271E+00  1.931655E-11
      1018 -3.759364E-02 -3.341431E+00  1.370015E-12
      1019 -3.530641E-02 -2.852048E+00 -9.678480E-12
      1020 -3.536686E-02 -2.193505E+00 -7.096990E-12
      1021 -4.126981E-02 -1.385045E+00  1.872436E-11
      1022 -3.317328E-02 -4.740023E-01 -6.310619E-12

 total force (fx,fy,fz) for set NSET_IND_TOP and time  0.1863200E+00

       -3.170035E-01 -4.617082E+01 -4.330276E-11

                                INCREMENT   130


 displacements (vx,vy,vz) for set NSET_IND_TOP and time  0.1943200E+00

        10  3.918713E-05 -1.962632E-01  0.000000E+00
        11  0.000000E+00 -1.962632E-01  0.000000E+00
      1004  3.844739E-05 -1.962632E-01  0.000000E+00
      1005  3.758037E-05 -1.962632E-01  0.000000E+00
      1006  3.620548E-05 -1.962632E-01  0.000000E+00
      1007  3.401863E-05 -1.962632E-01  0.000000E+00
      1008  3.081870E-05 -1.962632E-01  0.000000E+00
      1009  2.650047E-05 -1.962632E-01  0.000000E+00
      1010  2.107167E-05 -1.962632E-01  0.000000E+00
      1011  1.466373E-05 -1.962632E-01  0.000000E+00
      1012  7.529920E-06 -1.962632E-01  0.000000E+00
      1013  3.880454E-05 -1.962632E-01  0.000000E+00
      1014  3.805287E-05 -1.962632E-01  0.000000E+00
      1015  3.697480E-05 -1.962632E-01  0.000000E+00
      1016  3.522560E-05 -1.962632E-01  0.000000E+00
      1017  3.255215E-05 -1.962632E-01  0.000000E+00
      1018  2.879890E-05 -1.962632E-01  0.000000E+00
      1019  2.391748E-05 -1.962632E-01  0.000000E+00
      1020  1.797819E-05 -1.962632E-01  0.000000E+00
      1021  1.117024E-05 -1.962632E-01  0.000000E+00
      1022  3.793484E-06 -1.962632E-01  0.000000E+00

 forces (fx,fy,fz) for set NSET_IND_TOP and time  0.1943200E+00

        10  3.321242E-04 -1.371559E+00 -8.477755E-12
        11  5.036543E-05 -3.276961E-04 -1.517874E-12
      1004  2.031759E-04 -2.457984E+00  1.750507E-12
      1005  5.651525E-05 -2.305909E+00 -5.274496E-12
      1006  1.495001E-04 -2.211606E+00  6.821987E-12
      1007  7.611558E-05 -2.114403E+00  1.679419E-12
      1008  1.398421E-04 -1.968077E+00  2.214307E-11
      1009  5.787401E-05 -1.742183E+00 -6.092759E-12
      1010 -7.836316E-06 -1.421888E+00 -1.119237E-11
      1011  1.747951E-05 -1.010542E+00 -1.260284E-11
      1012 -4.933728E-06 -5.253099E-01  1.717096E-11
      1013 -1.986920E-02 -5.173173E+00 -1.178480E-11
      1014 -3.026862E-02 -4.748585E+00  9.123369E-12
      1015 -2.890801E-02 -4.512852E+00 -2.374878E-12
      1016 -3.695196E-02 -4.327431E+00  7.215784E-12
      1017 -3.455056E-02 -4.088062E+00  8.520962E-13
      1018 -4.184421E-02 -3.718824E+00  1.446887E-11
      1019 -3.929840E-02 -3.174218E+00 -1.917999E-11
      1020 -3.936572E-02 -2.441314E+00 -2.157452E-11
      1021 -4.593615E-02 -1.541531E+00  3.553535E-11
      1022 -3.692418E-02 -5.275583E-01  7.818191E-13

 total force (fx,fy,fz) for set NSET_IND_TOP and time  0.1943200E+00

       -3.528468E-01 -5.138334E+01  1.747095E-11

                                INCREMENT   138


 displacements (vx,vy,vz) for set NSET_IND_TOP and time  0.2000000E+00

        10  4.209912E-05 -2.020000E-01  0.000000E+00
        11  0.000000E+00 -2.020000E-01  0.000000E+00
      1004  4.130457E-05 -2.020000E-01  0.000000E+00
      1005  4.037327E-05 -2.020000E-01  0.000000E+00
      1006  3.889633E-05 -2.020000E-01  0.000000E+00
      1007  3.654707E-05 -2.020000E-01  0.000000E+00
      1008  3.310941E-05 -2.020000E-01  0.000000E+00
      1009  2.847030E-05 -2.020000E-01  0.000000E+00
      1010  2.263802E-05 -2.020000E-01  0.000000E+00
      1011  1.575379E-05 -2.020000E-01  0.000000E+00
      1012  8.089678E-06 -2.020000E-01  0.000000E+00
      1013  4.168819E-05 -2.020000E-01  0.000000E+00
      1014  4.088081E-05 -2.020000E-01  0.000000E+00
      1015  3.972277E-05 -2.020000E-01  0.000000E+00
      1016  3.784370E-05 -2.020000E-01  0.000000E+00
      1017  3.497165E-05 -2.020000E-01  0.000000E+00
      1018  3.093953E-05 -2.020000E-01  0.000000E+00
      1019  2.569535E-05 -2.020000E-01  0.000000E+00
      1020  1.931462E-05 -2.020000E-01  0.000000E+00
      1021  1.200060E-05 -2.020000E-01  0.000000E+00
      1022  4.075485E-06 -2.020000E-01  0.000000E+00

 forces (fx,fy,fz) for set NSET_IND_TOP and time  0.2000000E+00

        10  3.568041E-04 -1.473283E+00 -3.424724E-12
        11  5.410796E-05 -3.520788E-04  5.687552E-12
      1004  2.182690E-04 -2.640311E+00  5.628292E-12
      1005  6.070371E-05 -2.476999E+00  4.908564E-12
      1006  1.606002E-04 -2.375747E+00  1.694814E-11
      1007  8.176106E-05 -2.271373E+00  4.560123E-12
      1008  1.502277E-04 -2.114219E+00  8.513360E-12
      1009  6.216600E-05 -1.871575E+00 -6.049094E-12
      1010 -8.426866E-06 -1.527508E+00 -7.363468E-12
      1011  1.876887E-05 -1.085614E+00 -2.012266E-12
      1012 -5.308318E-06 -5.643371E-01  6.005077E-12
      1013 -2.134666E-02 -5.556872E+00  1.352030E-12
      1014 -3.251927E-02 -5.100864E+00 -8.061440E-12
      1015 -3.105741E-02 -4.847738E+00  8.036460E-12
      1016 -3.969941E-02 -4.648649E+00  1.001221E-11
      1017 -3.711944E-02 -4.391590E+00 -4.198863E-12
      1018 -4.495538E-02 -3.994996E+00 -1.915446E-11
      1019 -4.222032E-02 -3.409986E+00 -6.451284E-12
      1020 -4.229267E-02 -2.622667E+00  6.807888E-12
      1021 -4.935166E-02 -1.656053E+00  9.297008E-13
      1022 -3.966964E-02 -5.667529E-01  2.376321E-11

 total force (fx,fy,fz) for set NSET_IND_TOP and time  0.2000000E+00

       -3.790822E-01 -5.519748E+01  4.643702E-11

                        S T E P       3


                                INCREMENT    10


 displacements (vx,vy,vz) for set NSET_IND_TOP and time  0.2007589E+00

        10  4.249669E-05 -2.027665E-01  0.000000E+00
        11  0.000000E+00 -2.027665E-01  0.000000E+00
      1004  4.169466E-05 -2.027665E-01  0.000000E+00
      1005  4.075458E-05 -2.027665E-01  0.000000E+00
      1006  3.926371E-05 -2.027665E-01  0.000000E+00
      1007  3.689228E-05 -2.027665E-01  0.000000E+00
      1008  3.342216E-05 -2.027665E-01  0.000000E+00
      1009  2.873924E-05 -2.027665E-01  0.000000E+00
      1010  2.285187E-05 -2.027665E-01  0.000000E+00
      1011  1.590261E-05 -2.027665E-01  0.000000E+00
      1012  8.166101E-06 -2.027665E-01  0.000000E+00
      1013  4.208189E-05 -2.027665E-01  0.000000E+00
      1014  4.126690E-05 -2.027665E-01  0.000000E+00
      1015  4.009794E-05 -2.027665E-01  0.000000E+00
      1016  3.820114E-05 -2.027665E-01  0.000000E+00
      1017  3.530199E-05 -2.027665E-01  0.000000E+00
      1018  3.123179E-05 -2.027665E-01  0.000000E+00
      1019  2.593808E-05 -2.027665E-01  0.000000E+00
      1020  1.949707E-05 -2.027665E-01  0.000000E+00
      1021  1.211397E-05 -2.027665E-01  0.000000E+00
      1022  4.113986E-06 -2.027665E-01  0.000000E+00

 forces (fx,fy,fz) for set NSET_IND_TOP and time  0.2007589E+00

        10  3.601736E-04 -1.487172E+00  7.906766E-13
        11  5.461889E-05 -3.554077E-04  9.418024E-12
      1004  2.203297E-04 -2.665204E+00 -1.244605E-11
      1005  6.127555E-05 -2.500358E+00 -1.487515E-11
      1006  1.621157E-04 -2.398158E+00  1.778366E-11
      1007  8.253179E-05 -2.292805E+00  5.689658E-12
      1008  1.516456E-04 -2.134172E+00 -2.403805E-11
      1009  6.275192E-05 -1.889241E+00  3.791396E-12
      1010 -8.507525E-06 -1.541928E+00 -1.330800E-11
      1011  1.894485E-05 -1.095864E+00  6.062577E-12
      1012 -5.359498E-06 -5.696655E-01  2.747267E-11
      1013 -2.154837E-02 -5.609259E+00  1.934852E-11
      1014 -3.282655E-02 -5.148962E+00 -5.967560E-12
      1015 -3.135087E-02 -4.893461E+00 -1.209599E-11
      1016 -4.007451E-02 -4.692505E+00 -5.911716E-12
      1017 -3.747016E-02 -4.433031E+00  3.873346E-12
      1018 -4.538015E-02 -4.032702E+00 -1.417488E-11
      1019 -4.261924E-02 -3.442175E+00 -1.663270E-11
      1020 -4.269228E-02 -2.647427E+00  1.047828E-12
      1021 -4.981798E-02 -1.671689E+00 -4.655165E-12
      1022 -4.004447E-02 -5.721041E-01  4.855849E-11

 total force (fx,fy,fz) for set NSET_IND_TOP and time  0.2007589E+00

       -3.826641E-01 -5.571824E+01  1.973159E-11

                                INCREMENT    20


 displacements (vx,vy,vz) for set NSET_IND_TOP and time  0.2056433E+00

        10  4.509547E-05 -2.076997E-01  0.000000E+00
        11  0.000000E+00 -2.076997E-01  0.000000E+00
      1004  4.424453E-05 -2.076997E-01  0.000000E+00
      1005  4.324711E-05 -2.076997E-01  0.000000E+00
      1006  4.166519E-05 -2.076997E-01  0.000000E+00
      1007  3.914882E-05 -2.076997E-01  0.000000E+00
      1008  3.546654E-05 -2.076997E-01  0.000000E+00
      1009  3.049725E-05 -2.076997E-01  0.000000E+00
      1010  2.424980E-05 -2.076997E-01  0.000000E+00
      1011  1.687545E-05 -2.076997E-01  0.000000E+00
      1012  8.665674E-06 -2.076997E-01  0.000000E+00
      1013  4.465537E-05 -2.076997E-01  0.000000E+00
      1014  4.379069E-05 -2.076997E-01  0.000000E+00
      1015  4.255038E-05 -2.076997E-01  0.000000E+00
      1016  4.053768E-05 -2.076997E-01  0.000000E+00
      1017  3.746131E-05 -2.076997E-01  0.000000E+00
      1018  3.314224E-05 -2.076997E-01  0.000000E+00
      1019  2.752477E-05 -2.076997E-01  0.000000E+00
      1020  2.068980E-05 -2.076997E-01  0.000000E+00
      1021  1.285505E-05 -2.076997E-01  0.000000E+00
      1022  4.365667E-06 -2.076997E-01  0.000000E+00

 forces (fx,fy,fz) for set NSET_IND_TOP and time  0.2056433E+00

        10  3.821987E-04 -1.577933E+00 -4.882617E-12
        11  5.795874E-05 -3.771711E-04 -1.517844E-12
      1004  2.337988E-04 -2.827883E+00  2.093250E-11
      1005  6.501215E-05 -2.653017E+00  1.179447E-11
      1006  1.720206E-04 -2.544622E+00  6.485613E-12
      1007  8.756867E-05 -2.432875E+00  1.272288E-11
      1008  1.609132E-04 -2.264583E+00  1.096493E-11
      1009  6.658110E-05 -2.004709E+00  5.149383E-12
      1010 -9.035591E-06 -1.636183E+00 -1.494145E-12
      1011  2.009427E-05 -1.162859E+00 -1.549430E-11
      1012 -5.694816E-06 -6.044941E-01  1.018447E-11
      1013 -2.286702E-02 -5.951608E+00  3.112732E-12
      1014 -3.483527E-02 -5.463285E+00 -5.995648E-12
      1015 -3.326922E-02 -5.192275E+00  4.949041E-12
      1016 -4.252661E-02 -4.979135E+00  2.844436E-11
      1017 -3.976288E-02 -4.703884E+00  7.247314E-12
      1018 -4.815687E-02 -4.279150E+00  4.855005E-12
      1019 -4.522704E-02 -3.652572E+00 -1.308309E-11
      1020 -4.530459E-02 -2.809267E+00 -9.637846E-12
      1021 -5.286632E-02 -1.773890E+00 -6.786349E-12
      1022 -4.249479E-02 -6.070820E-01  1.271538E-11

 total force (fx,fy,fz) for set NSET_IND_TOP and time  0.2056433E+00

       -4.060792E-01 -5.912168E+01  8.066625E-11

                                INCREMENT    30


 displacements (vx,vy,vz) for set NSET_IND_TOP and time  0.2106433E+00

        10  4.781819E-05 -2.127497E-01  0.000000E+00
        11  0.000000E+00 -2.127497E-01  0.000000E+00
      1004  4.691604E-05 -2.127497E-01  0.000000E+00
      1005  4.585855E-05 -2.127497E-01  0.000000E+00
      1006  4.418125E-05 -2.127497E-01  0.000000E+00
      1007  4.151305E-05 -2.127497E-01  0.000000E+00
      1008  3.760850E-05 -2.127497E-01  0.000000E+00
      1009  3.233918E-05 -2.127497E-01  0.000000E+00
      1010  2.571446E-05 -2.127497E-01  0.000000E+00
      1011  1.789475E-05 -2.127497E-01  0.000000E+00
      1012  9.189098E-06 -2.127497E-01  0.000000E+00
      1013  4.735161E-05 -2.127497E-01  0.000000E+00
      1014  4.643488E-05 -2.127497E-01  0.000000E+00
      1015  4.511982E-05 -2.127497E-01  0.000000E+00
      1016  4.298572E-05 -2.127497E-01  0.000000E+00
      1017  3.972368E-05 -2.127497E-01  0.000000E+00
      1018  3.514387E-05 -2.127497E-01  0.000000E+00
      1019  2.918721E-05 -2.127497E-01  0.000000E+00
      1020  2.193946E-05 -2.127497E-01  0.000000E+00
      1021  1.363152E-05 -2.127497E-01  0.000000E+00
      1022  4.629363E-06 -2.127497E-01  0.000000E+00

 forces (fx,fy,fz) for set NSET_IND_TOP and time  0.2106433E+00

        10  4.052743E-04 -1.672998E+00 -2.466690E-13
        11  6.145783E-05 -3.999765E-04  2.036511E-12
      1004  2.479096E-04 -2.998281E+00  4.577637E-12
      1005  6.892556E-05 -2.812924E+00  8.413186E-12
      1006  1.823968E-04 -2.698046E+00 -1.957144E-12
      1007  9.284442E-05 -2.579607E+00 -4.836161E-12
      1008  1.706220E-04 -2.401202E+00 -1.786116E-12
      1009  7.059179E-05 -2.125675E+00  5.211306E-12
      1010 -9.589887E-06 -1.734929E+00 -3.153813E-11
      1011  2.129728E-05 -1.233047E+00 -9.068734E-12
      1012 -6.047144E-06 -6.409827E-01  1.640397E-11
      1013 -2.424869E-02 -6.310195E+00 -1.192990E-11
      1014 -3.693997E-02 -5.792527E+00 -1.373746E-11
      1015 -3.527922E-02 -5.505284E+00 -1.071143E-11
      1016 -4.509584E-02 -5.279391E+00 -3.922263E-11
      1017 -4.216512E-02 -4.987623E+00 -1.083356E-11
      1018 -5.106623E-02 -4.537331E+00 -7.323475E-12
      1019 -4.795943E-02 -3.872990E+00 -2.694067E-12
      1020 -4.804169E-02 -2.978819E+00 -7.252865E-12
      1021 -5.606030E-02 -1.880962E+00  5.710987E-12
      1022 -4.506218E-02 -6.437272E-01  1.510947E-11

 total force (fx,fy,fz) for set NSET_IND_TOP and time  0.2106433E+00

       -4.306130E-01 -6.268694E+01 -9.567526E-11

                                INCREMENT    40


 displacements (vx,vy,vz) for set NSET_IND_TOP and time  0.2156433E+00

        10  5.060713E-05 -2.177997E-01  0.000000E+00
        11  0.000000E+00 -2.177997E-01  0.000000E+00
      1004  4.965254E-05 -2.177997E-01  0.000000E+00
      1005  4.853353E-05 -2.177997E-01  0.000000E+00
      1006  4.675854E-05 -2.177997E-01  0.000000E+00
      1007  4.393484E-05 -2.177997E-01  0.000000E+00
      1008  3.980262E-05 -2.177997E-01  0.000000E+00
      1009  3.422598E-05 -2.177997E-01  0.000000E+00
      1010  2.721480E-05 -2.177997E-01  0.000000E+00
      1011  1.893887E-05 -2.177997E-01  0.000000E+00
      1012  9.725276E-06 -2.177997E-01  0.000000E+00
      1013  5.011342E-05 -2.177997E-01  0.000000E+00
      1014  4.914340E-05 -2.177997E-01  0.000000E+00
      1015  4.775179E-05 -2.177997E-01  0.000000E+00
      1016  4.549335E-05 -2.177997E-01  0.000000E+00
      1017  4.204114E-05 -2.177997E-01  0.000000E+00
      1018  3.719425E-05 -2.177997E-01  0.000000E+00
      1019  3.089014E-05 -2.177997E-01  0.000000E+00
      1020  2.321957E-05 -2.177997E-01  0.000000E+00
      1021  1.442690E-05 -2.177997E-01  0.000000E+00
      1022  4.899486E-06 -2.177997E-01  0.000000E+00

 forces (fx,fy,fz) for set NSET_IND_TOP and time  0.2156433E+00

        10  4.289110E-04 -1.770352E+00 -7.476840E-12
        11  6.504195E-05 -4.233401E-04 -4.853872E-12
      1004  2.623630E-04 -3.172785E+00 -6.040273E-12
      1005  7.293277E-05 -2.976690E+00 -1.060271E-11
      1006  1.930242E-04 -2.855178E+00  1.214377E-11
      1007  9.824712E-05 -2.729890E+00 -1.485006E-11
      1008  1.805660E-04 -2.541130E+00  1.375388E-12
      1009  7.469889E-05 -2.249575E+00  2.522964E-12
      1010 -1.015870E-05 -1.836071E+00  2.606590E-14
      1011  2.252831E-05 -1.304940E+00 -2.493094E-12
      1012 -6.409054E-06 -6.783578E-01 -9.155284E-13
      1013 -2.566406E-02 -6.677417E+00 -8.018142E-12
      1014 -3.909601E-02 -6.129707E+00 -1.750933E-11
      1015 -3.733825E-02 -5.825850E+00  2.404743E-11
      1016 -4.772774E-02 -5.586908E+00 -2.609846E-11
      1017 -4.462595E-02 -5.278233E+00 -2.428058E-12
      1018 -5.404655E-02 -4.801770E+00  4.192424E-12
      1019 -5.075845E-02 -4.098756E+00  7.650991E-12
      1020 -5.084555E-02 -3.152487E+00  7.856826E-12
      1021 -5.933219E-02 -1.990634E+00  1.946554E-11
      1022 -4.769220E-02 -6.812626E-01  1.010836E-11

 total force (fx,fy,fz) for set NSET_IND_TOP and time  0.2156433E+00

       -4.557452E-01 -6.633842E+01 -1.189660E-11

                                INCREMENT    50


 displacements (vx,vy,vz) for set NSET_IND_TOP and time  0.2206433E+00

        10  5.346305E-05 -2.228497E-01  0.000000E+00
        11  0.000000E+00 -2.228497E-01  0.000000E+00
      1004  5.245478E-05 -2.228497E-01  0.000000E+00
      1005  5.127280E-05 -2.228497E-01  0.000000E+00
      1006  4.939780E-05 -2.228497E-01  0.000000E+00
      1007  4.641485E-05 -2.228497E-01  0.000000E+00
      1008  4.204951E-05 -2.228497E-01  0.000000E+00
      1009  3.615815E-05 -2.228497E-01  0.000000E+00
      1010  2.875124E-05 -2.228497E-01  0.000000E+00
      1011  2.000812E-05 -2.228497E-01  0.000000E+00
      1012  1.027436E-05 -2.228497E-01  0.000000E+00
      1013  5.294158E-05 -2.228497E-01  0.000000E+00
      1014  5.191700E-05 -2.228497E-01  0.000000E+00
      1015  5.044702E-05 -2.228497E-01  0.000000E+00
      1016  4.806127E-05 -2.228497E-01  0.000000E+00
      1017  4.441433E-05 -2.228497E-01  0.000000E+00
      1018  3.929395E-05 -2.228497E-01  0.000000E+00
      1019  3.263404E-05 -2.228497E-01  0.000000E+00
      1020  2.453048E-05 -2.228497E-01  0.000000E+00
      1021  1.524143E-05 -2.228497E-01  0.000000E+00
      1022  5.176108E-06 -2.228497E-01  0.000000E+00

 forces (fx,fy,fz) for set NSET_IND_TOP and time  0.2206433E+00

        10  4.531153E-04 -1.870020E+00 -3.022528E-12
        11  6.871206E-05 -4.472686E-04  2.192109E-12
      1004  2.771629E-04 -3.351439E+00  4.795522E-12
      1005  7.703478E-05 -3.144357E+00  4.926802E-12
      1006  2.039055E-04 -3.016059E+00  1.016292E-11
      1007  1.037782E-04 -2.883765E+00 -8.002431E-12
      1008  1.907480E-04 -2.684407E+00  9.289240E-12
      1009  7.890345E-05 -2.376443E+00 -2.476015E-11
      1010 -1.074226E-05 -1.939637E+00  1.017738E-11
      1011  2.378762E-05 -1.378556E+00  2.640164E-12
      1012 -6.780717E-06 -7.166295E-01  1.192693E-11
      1013 -2.711356E-02 -7.053372E+00 -6.242784E-13
      1014 -4.130401E-02 -6.474913E+00 -4.154455E-12
      1015 -3.944689E-02 -6.154059E+00 -4.280132E-12
      1016 -5.042303E-02 -5.901769E+00  1.000156E-11
      1017 -4.714606E-02 -5.575792E+00  7.570167E-12
      1018 -5.709865E-02 -5.072540E+00 -1.358202E-11
      1019 -5.362490E-02 -4.329931E+00 -2.344525E-11
      1020 -5.371695E-02 -3.330319E+00 -4.122480E-12
      1021 -6.268290E-02 -2.102938E+00  6.351586E-12
      1022 -5.038557E-02 -7.196985E-01  1.497402E-11

 total force (fx,fy,fz) for set NSET_IND_TOP and time  0.2206433E+00

       -4.814829E-01 -7.007709E+01  9.014672E-12

                                INCREMENT    60


 displacements (vx,vy,vz) for set NSET_IND_TOP and time  0.2256433E+00

        10  5.638594E-05 -2.278997E-01  0.000000E+00
        11  0.000000E+00 -2.278997E-01  0.000000E+00
      1004  5.532276E-05 -2.278997E-01  0.000000E+00
      1005  5.407634E-05 -2.278997E-01  0.000000E+00
      1006  5.209899E-05 -2.278997E-01  0.000000E+00
      1007  4.895309E-05 -2.278997E-01  0.000000E+00
      1008  4.434916E-05 -2.278997E-01  0.000000E+00
      1009  3.813571E-05 -2.278997E-01  0.000000E+00
      1010  3.032378E-05 -2.278997E-01  0.000000E+00
      1011  2.110249E-05 -2.278997E-01  0.000000E+00
      1012  1.083634E-05 -2.278997E-01  0.000000E+00
      1013  5.583606E-05 -2.278997E-01  0.000000E+00
      1014  5.475567E-05 -2.278997E-01  0.000000E+00
      1015  5.320551E-05 -2.278997E-01  0.000000E+00
      1016  5.068946E-05 -2.278997E-01  0.000000E+00
      1017  4.684324E-05 -2.278997E-01  0.000000E+00
      1018  4.144295E-05 -2.278997E-01  0.000000E+00
      1019  3.441890E-05 -2.278997E-01  0.000000E+00
      1020  2.587219E-05 -2.278997E-01  0.000000E+00
      1021  1.607509E-05 -2.278997E-01  0.000000E+00
      1022  5.459232E-06 -2.278997E-01  0.000000E+00

 forces (fx,fy,fz) for set NSET_IND_TOP and time  0.2256433E+00

        10  4.778871E-04 -1.971999E+00 -8.412446E-12
        11  7.246814E-05 -4.717623E-04 -2.535991E-12
      1004  2.923091E-04 -3.534241E+00  5.329907E-12
      1005  8.123144E-05 -3.315921E+00 -5.356367E-12
      1006  2.150407E-04 -3.180687E+00 -4.101819E-12
      1007  1.094374E-04 -3.041228E+00  6.813172E-12
      1008  2.011679E-04 -2.831029E+00  7.717015E-12
      1009  8.320532E-05 -2.506277E+00  2.606851E-12
      1010 -1.134066E-05 -2.045627E+00 -1.846314E-11
      1011  2.507506E-05 -1.453897E+00 -2.196534E-11
      1012 -7.162236E-06 -7.557976E-01  1.110265E-11
      1013 -2.859717E-02 -7.438048E+00 -1.221623E-11
      1014 -4.356396E-02 -6.828138E+00 -1.206524E-11
      1015 -4.160514E-02 -6.489905E+00 -1.067346E-11
      1016 -5.318174E-02 -6.223967E+00 -3.195666E-12
      1017 -4.972544E-02 -5.880296E+00 -1.456435E-11
      1018 -6.022255E-02 -5.349637E+00 -1.613221E-11
      1019 -5.655878E-02 -4.566514E+00 -4.842349E-12
      1020 -5.665590E-02 -3.512313E+00  7.398304E-12
      1021 -6.611243E-02 -2.217871E+00  6.914469E-12
      1022 -5.314231E-02 -7.590347E-01  2.093459E-11

 total force (fx,fy,fz) for set NSET_IND_TOP and time  0.2256433E+00

       -5.078261E-01 -7.390290E+01 -6.570764E-11

                                INCREMENT    70


 displacements (vx,vy,vz) for set NSET_IND_TOP and time  0.2306433E+00

        10  5.938063E-05 -2.329497E-01  0.000000E+00
        11  0.000000E+00 -2.329497E-01  0.000000E+00
      1004  5.826120E-05 -2.329497E-01  0.000000E+00
      1005  5.694880E-05 -2.329497E-01  0.000000E+00
      1006  5.486660E-05 -2.329497E-01  0.000000E+00
      1007  5.155375E-05 -2.329497E-01  0.000000E+00
      1008  4.670537E-05 -2.329497E-01  0.000000E+00
      1009  4.016193E-05 -2.329497E-01  0.000000E+00
      1010  3.193501E-05 -2.329497E-01  0.000000E+00
      1011  2.222380E-05 -2.329497E-01  0.000000E+00
      1012  1.141216E-05 -2.329497E-01  0.000000E+00
      1013  5.880166E-05 -2.329497E-01  0.000000E+00
      1014  5.766410E-05 -2.329497E-01  0.000000E+00
      1015  5.603180E-05 -2.329497E-01  0.000000E+00
      1016  5.338228E-05 -2.329497E-01  0.000000E+00
      1017  4.933189E-05 -2.329497E-01  0.000000E+00
      1018  4.364483E-05 -2.329497E-01  0.000000E+00
      1019  3.624768E-05 -2.329497E-01  0.000000E+00
      1020  2.724692E-05 -2.329497E-01  0.000000E+00
      1021  1.692927E-05 -2.329497E-01  0.000000E+00
      1022  5.749324E-06 -2.329497E-01  0.000000E+00

 forces (fx,fy,fz) for set NSET_IND_TOP and time  0.2306433E+00

        10  5.032672E-04 -2.076456E+00  1.421731E-12
        11  7.631635E-05 -4.968620E-04  5.070688E-12
      1004  3.078266E-04 -3.721486E+00  3.266117E-12
      1005  8.552950E-05 -3.491663E+00 -1.025319E-11
      1006  2.264479E-04 -3.349330E+00 -6.046483E-12
      1007  1.152340E-04 -3.202538E+00  7.926981E-12
      1008  2.118425E-04 -2.981239E+00  3.879581E-12
      1009  8.761148E-05 -2.639291E+00  1.038710E-11
      1010 -1.195504E-05 -2.154215E+00 -1.201547E-11
      1011  2.639260E-05 -1.531085E+00  1.597287E-13
      1012 -7.554376E-06 -7.959267E-01 -1.784866E-11
      1013 -3.011736E-02 -7.832072E+00  2.438649E-11
      1014 -4.587962E-02 -7.189956E+00  1.785683E-12
      1015 -4.381657E-02 -6.833934E+00 -1.458988E-11
      1016 -5.600842E-02 -6.554030E+00  5.605294E-12
      1017 -5.236839E-02 -6.192244E+00  2.129585E-11
      1018 -6.342342E-02 -5.633517E+00 -1.693490E-11
      1019 -5.956495E-02 -4.808893E+00 -1.123679E-11
      1020 -5.966727E-02 -3.698769E+00  1.423750E-12
      1021 -6.962648E-02 -2.335623E+00  1.687162E-11
      1022 -5.596699E-02 -7.993361E-01  3.022027E-13

 total force (fx,fy,fz) for set NSET_IND_TOP and time  0.2306433E+00

       -5.348185E-01 -7.782210E+01  1.485744E-11

                                INCREMENT    80


 displacements (vx,vy,vz) for set NSET_IND_TOP and time  0.2356433E+00

        10  6.244302E-05 -2.379997E-01  0.000000E+00
        11  0.000000E+00 -2.379997E-01  0.000000E+00
      1004  6.126610E-05 -2.379997E-01  0.000000E+00
      1005  5.988623E-05 -2.379997E-01  0.000000E+00
      1006  5.769683E-05 -2.379997E-01  0.000000E+00
      1007  5.421327E-05 -2.379997E-01  0.000000E+00
      1008  4.911493E-05 -2.379997E-01  0.000000E+00
      1009  4.223403E-05 -2.379997E-01  0.000000E+00
      1010  3.358274E-05 -2.379997E-01  0.000000E+00
      1011  2.337051E-05 -2.379997E-01  0.000000E+00
      1012  1.200102E-05 -2.379997E-01  0.000000E+00
      1013  6.183431E-05 -2.379997E-01  0.000000E+00
      1014  6.063832E-05 -2.379997E-01  0.000000E+00
      1015  5.892204E-05 -2.379997E-01  0.000000E+00
      1016  5.613604E-05 -2.379997E-01  0.000000E+00
      1017  5.187688E-05 -2.379997E-01  0.000000E+00
      1018  4.589656E-05 -2.379997E-01  0.000000E+00
      1019  3.811788E-05 -2.379997E-01  0.000000E+00
      1020  2.865278E-05 -2.379997E-01  0.000000E+00
      1021  1.780280E-05 -2.379997E-01  0.000000E+00
      1022  6.045988E-06 -2.379997E-01  0.000000E+00

 forces (fx,fy,fz) for set NSET_IND_TOP and time  0.2356433E+00

        10  5.292210E-04 -2.183248E+00  1.052079E-12
        11  8.025141E-05 -5.225331E-04 -5.276448E-12
      1004  3.236942E-04 -3.912922E+00  4.388250E-12
      1005  8.992314E-05 -3.671344E+00  1.777612E-11
      1006  2.381116E-04 -3.521759E+00  4.078559E-12
      1007  1.211600E-04 -3.367476E+00  7.946297E-12
      1008  2.227575E-04 -3.134831E+00  2.092633E-11
      1009  9.211586E-05 -2.775303E+00  2.180010E-11
      1010 -1.258453E-05 -2.265253E+00 -1.953182E-11
      1011  2.773844E-05 -1.610016E+00  1.156767E-11
      1012 -7.956584E-06 -8.369621E-01 -1.561191E-11
      1013 -3.167205E-02 -8.234909E+00  1.796807E-11
      1014 -4.824782E-02 -7.559877E+00 -3.061995E-12
      1015 -4.607817E-02 -7.185682E+00  5.431655E-12
      1016 -5.889920E-02 -6.891510E+00 -2.022182E-11
      1017 -5.507126E-02 -6.511212E+00  2.506018E-11
      1018 -6.669688E-02 -5.923793E+00  7.382761E-12
      1019 -6.263929E-02 -5.056738E+00  1.037459E-11
      1020 -6.274694E-02 -3.889434E+00  4.760858E-12
      1021 -7.322022E-02 -2.456034E+00  1.213918E-11
      1022 -5.885572E-02 -8.405476E-01 -1.396150E-11

 total force (fx,fy,fz) for set NSET_IND_TOP and time  0.2356433E+00

       -5.624231E-01 -8.182937E+01  9.498719E-11

                                INCREMENT    90


 displacements (vx,vy,vz) for set NSET_IND_TOP and time  0.2406433E+00

        10  6.555749E-05 -2.430497E-01  0.000000E+00
        11  0.000000E+00 -2.430497E-01  0.000000E+00
      1004  6.432211E-05 -2.430497E-01  0.000000E+00
      1005  6.287364E-05 -2.430497E-01  0.000000E+00
      1006  6.057525E-05 -2.430497E-01  0.000000E+00
      1007  5.691808E-05 -2.430497E-01  0.000000E+00
      1008  5.156553E-05 -2.430497E-01  0.000000E+00
      1009  4.434143E-05 -2.430497E-01  0.000000E+00
      1010  3.525854E-05 -2.430497E-01  0.000000E+00
      1011  2.453676E-05 -2.430497E-01  0.000000E+00
      1012  1.259992E-05 -2.430497E-01  0.000000E+00
      1013  6.491854E-05 -2.430497E-01  0.000000E+00
      1014  6.366313E-05 -2.430497E-01  0.000000E+00
      1015  6.186146E-05 -2.430497E-01  0.000000E+00
      1016  5.893668E-05 -2.430497E-01  0.000000E+00
      1017  5.446520E-05 -2.430497E-01  0.000000E+00
      1018  4.818665E-05 -2.430497E-01  0.000000E+00
      1019  4.001994E-05 -2.430497E-01  0.000000E+00
      1020  3.008261E-05 -2.430497E-01  0.000000E+00
      1021  1.869123E-05 -2.430497E-01  0.000000E+00
      1022  6.347710E-06 -2.430497E-01  0.000000E+00

 forces (fx,fy,fz) for set NSET_IND_TOP and time  0.2406433E+00

        10  5.556159E-04 -2.291831E+00 -4.567138E-12
        11  8.425324E-05 -5.486447E-04  5.695683E-12
      1004  3.398308E-04 -4.107571E+00 -4.523729E-12
      1005  9.438993E-05 -3.854046E+00 -3.767687E-12
      1006  2.499723E-04 -3.697094E+00  3.515095E-12
      1007  1.271852E-04 -3.535199E+00 -1.044392E-11
      1008  2.338570E-04 -3.291022E+00  7.336142E-12
      1009  9.669551E-05 -2.913620E+00 -2.803219E-11
      1010 -1.322591E-05 -2.378174E+00 -2.041938E-11
      1011  2.910572E-05 -1.690286E+00 -1.394596E-11
      1012 -8.366804E-06 -8.786940E-01  1.017802E-11
      1013 -3.325331E-02 -8.644502E+00 -8.198886E-12
      1014 -5.065646E-02 -7.936013E+00  2.299938E-12
      1015 -4.837838E-02 -7.543350E+00  1.554312E-14
      1016 -6.183934E-02 -7.234683E+00 -7.376988E-12
      1017 -5.782028E-02 -6.835571E+00 -1.148792E-11
      1018 -7.002621E-02 -6.218983E+00  3.100187E-12
      1019 -6.576612E-02 -5.308784E+00 -7.912782E-12
      1020 -6.587917E-02 -4.083333E+00 -1.051448E-11
      1021 -7.687532E-02 -2.578489E+00  8.128165E-12
      1022 -6.179378E-02 -8.824588E-01  5.193623E-12

 total force (fx,fy,fz) for set NSET_IND_TOP and time  0.2406433E+00

       -5.904991E-01 -8.590425E+01 -8.572865E-11

                                INCREMENT   100


 displacements (vx,vy,vz) for set NSET_IND_TOP and time  0.2456433E+00

        10  6.857381E-05 -2.480997E-01  0.000000E+00
        11  0.000000E+00 -2.480997E-01  0.000000E+00
      1004  6.728199E-05 -2.480997E-01  0.000000E+00
      1005  6.576725E-05 -2.480997E-01  0.000000E+00
      1006  6.336341E-05 -2.480997E-01  0.000000E+00
      1007  5.953822E-05 -2.480997E-01  0.000000E+00
      1008  5.393955E-05 -2.480997E-01  0.000000E+00
      1009  4.638307E-05 -2.480997E-01  0.000000E+00
      1010  3.688211E-05 -2.480997E-01  0.000000E+00
      1011  2.566670E-05 -2.480997E-01  0.000000E+00
      1012  1.318018E-05 -2.480997E-01  0.000000E+00
      1013  6.790567E-05 -2.480997E-01  0.000000E+00
      1014  6.659288E-05 -2.480997E-01  0.000000E+00
      1015  6.470866E-05 -2.480997E-01  0.000000E+00
      1016  6.164959E-05 -2.480997E-01  0.000000E+00
      1017  5.697257E-05 -2.480997E-01  0.000000E+00
      1018  5.040522E-05 -2.480997E-01  0.000000E+00
      1019  4.186269E-05 -2.480997E-01  0.000000E+00
      1020  3.146789E-05 -2.480997E-01  0.000000E+00
      1021  1.955200E-05 -2.480997E-01  0.000000E+00
      1022  6.640044E-06 -2.480997E-01  0.000000E+00

 forces (fx,fy,fz) for set NSET_IND_TOP and time  0.2456433E+00

        10  5.811794E-04 -2.396788E+00  6.343103E-12
        11  8.812988E-05 -5.739692E-04 -1.075558E-11
      1004  3.554546E-04 -4.295748E+00 -2.288173E-11
      1005  9.870509E-05 -4.030718E+00 -1.749999E-11
      1006  2.614509E-04 -3.866692E+00  1.268008E-11
      1007  1.330108E-04 -3.697478E+00  1.280829E-11
      1008  2.446024E-04 -3.442179E+00 -2.297367E-11
      1009  1.011236E-04 -3.047505E+00 -9.152161E-12
      1010 -1.385477E-05 -2.487493E+00 -2.501145E-11
      1011  3.042153E-05 -1.768005E+00 -1.570233E-11
      1012 -8.771388E-06 -9.191024E-01  2.458958E-11
      1013 -3.478575E-02 -9.040443E+00  5.057621E-12
      1014 -5.299066E-02 -8.299684E+00  1.040856E-11
      1015 -5.060743E-02 -7.889263E+00 -2.878364E-11
      1016 -6.468846E-02 -7.566671E+00 -1.228906E-11
      1017 -6.048419E-02 -7.149439E+00 -5.566214E-12
      1018 -7.325250E-02 -6.504687E+00 -1.984812E-11
      1019 -6.879620E-02 -5.552773E+00 -3.239742E-11
      1020 -6.891455E-02 -4.271058E+00 -2.044542E-11
      1021 -8.041743E-02 -2.697055E+00  3.285150E-11
      1022 -6.464104E-02 -9.230410E-01  1.204503E-11

 total force (fx,fy,fz) for set NSET_IND_TOP and time  0.2456433E+00

       -6.177067E-01 -8.984639E+01 -1.265230E-10

                                INCREMENT   110


 displacements (vx,vy,vz) for set NSET_IND_TOP and time  0.2506433E+00

        10  7.157973E-05 -2.531497E-01  0.000000E+00
        11  0.000000E+00 -2.531497E-01  0.000000E+00
      1004  7.023146E-05 -2.531497E-01  0.000000E+00
      1005  6.865048E-05 -2.531497E-01  0.000000E+00
      1006  6.614141E-05 -2.531497E-01  0.000000E+00
      1007  6.214863E-05 -2.531497E-01  0.000000E+00
      1008  5.630457E-05 -2.531497E-01  0.000000E+00
      1009  4.841684E-05 -2.531497E-01  0.000000E+00
      1010  3.849934E-05 -2.531497E-01  0.000000E+00
      1011  2.679217E-05 -2.531497E-01  0.000000E+00
      1012  1.375813E-05 -2.531497E-01  0.000000E+00
      1013  7.088239E-05 -2.531497E-01  0.000000E+00
      1014  6.951223E-05 -2.531497E-01  0.000000E+00
      1015  6.754556E-05 -2.531497E-01  0.000000E+00
      1016  6.435251E-05 -2.531497E-01  0.000000E+00
      1017  5.947054E-05 -2.531497E-01  0.000000E+00
      1018  5.261532E-05 -2.531497E-01  0.000000E+00
      1019  4.369828E-05 -2.531497E-01  0.000000E+00
      1020  3.284773E-05 -2.531497E-01  0.000000E+00
      1021  2.040935E-05 -2.531497E-01  0.000000E+00
      1022  6.931211E-06 -2.531497E-01  0.000000E+00

 forces (fx,fy,fz) for set NSET_IND_TOP and time  0.2506433E+00

        10  6.066515E-04 -2.501621E+00 -8.951399E-12
        11  9.198857E-05 -5.991603E-04 -3.775259E-12
      1004  3.710265E-04 -4.483675E+00 -1.119930E-11
      1005  1.030149E-04 -4.207109E+00  6.243020E-12
      1006  2.728943E-04 -4.035965E+00  2.293367E-11
      1007  1.388226E-04 -3.859396E+00  1.111228E-11
      1008  2.553088E-04 -3.592958E+00  6.705535E-12
      1009  1.055388E-04 -3.181024E+00 -2.816439E-11
      1010 -1.447600E-05 -2.596494E+00  2.057815E-11
      1011  3.173666E-05 -1.845486E+00 -7.205375E-12
      1012 -9.170090E-06 -9.593837E-01  1.369804E-11
      1013 -3.631172E-02 -9.435890E+00  9.720225E-12
      1014 -5.531508E-02 -8.662827E+00 -4.405365E-13
      1015 -5.282720E-02 -8.234570E+00  1.639000E-11
      1016 -6.752574E-02 -7.897973E+00 -6.239453E-13
      1017 -6.313700E-02 -7.462566E+00 -1.352030E-12
      1018 -7.646528E-02 -6.789644E+00 -2.894440E-11
      1019 -7.181351E-02 -5.796073E+00 -1.016165E-11
      1020 -7.193704E-02 -4.458223E+00  3.027534E-11
      1021 -8.394442E-02 -2.815255E+00 -4.275691E-12
      1022 -6.747610E-02 -9.634952E-01  1.642952E-11

 total force (fx,fy,fz) for set NSET_IND_TOP and time  0.2506433E+00

       -6.447997E-01 -9.378023E+01  4.899180E-11

                                INCREMENT   120


 displacements (vx,vy,vz) for set NSET_IND_TOP and time  0.2517424E+00

        10  6.293797E-05 -2.542598E-01  0.000000E+00
        11  0.000000E+00 -2.542598E-01  0.000000E+00
      1004  6.175487E-05 -2.542598E-01  0.000000E+00
      1005  6.036698E-05 -2.542598E-01  0.000000E+00
      1006  5.816272E-05 -2.542598E-01  0.000000E+00
      1007  5.465345E-05 -2.542598E-01  0.000000E+00
      1008  4.951578E-05 -2.542598E-01  0.000000E+00
      1009  4.258036E-05 -2.542598E-01  0.000000E+00
      1010  3.385925E-05 -2.542598E-01  0.000000E+00
      1011  2.356355E-05 -2.542598E-01  0.000000E+00
      1012  1.210035E-05 -2.542598E-01  0.000000E+00
      1013  6.232603E-05 -2.542598E-01  0.000000E+00
      1014  6.112361E-05 -2.542598E-01  0.000000E+00
      1015  5.939645E-05 -2.542598E-01  0.000000E+00
      1016  5.659059E-05 -2.542598E-01  0.000000E+00
      1017  5.229919E-05 -2.542598E-01  0.000000E+00
      1018  4.627206E-05 -2.542598E-01  0.000000E+00
      1019  3.843113E-05 -2.542598E-01  0.000000E+00
      1020  2.888911E-05 -2.542598E-01  0.000000E+00
      1021  1.795003E-05 -2.542598E-01  0.000000E+00
      1022  6.096060E-06 -2.542598E-01  0.000000E+00

 forces (fx,fy,fz) for set NSET_IND_TOP and time  0.2517424E+00

        10  5.333904E-04 -2.196627E+00 -9.840434E-12
        11  8.087239E-05 -5.273351E-04  1.791998E-11
      1004  3.261449E-04 -3.937446E+00  1.741015E-12
      1005  9.039533E-05 -3.695261E+00  1.624908E-12
      1006  2.397906E-04 -3.545683E+00 -1.706806E-12
      1007  1.218848E-04 -3.391233E+00  1.732821E-11
      1008  2.243752E-04 -3.157649E+00  2.144954E-11
      1009  9.264875E-05 -2.796007E+00 -8.176901E-12
      1010 -1.286593E-05 -2.282467E+00 -1.497766E-11
      1011  2.774029E-05 -1.622411E+00 -8.840868E-12
      1012 -8.198632E-06 -8.434554E-01  3.748357E-11
      1013 -3.194260E-02 -8.285829E+00  1.836686E-11
      1014 -4.865777E-02 -7.608132E+00 -2.260370E-11
      1015 -4.646816E-02 -7.233478E+00 -4.048317E-12
      1016 -5.939641E-02 -6.939227E+00 -5.887957E-12
      1017 -5.553569E-02 -6.557875E+00  1.799982E-11
      1018 -6.725937E-02 -5.967443E+00 -8.145484E-12
      1019 -6.316801E-02 -5.094806E+00 -2.466694E-12
      1020 -6.327713E-02 -3.919176E+00 -2.269984E-11
      1021 -7.383955E-02 -2.475008E+00 -4.784617E-12
      1022 -5.935389E-02 -8.470744E-01  1.346945E-11

 total force (fx,fy,fz) for set NSET_IND_TOP and time  0.2517424E+00

       -5.671824E-01 -8.239682E+01  3.320408E-11

                                INCREMENT   130


 displacements (vx,vy,vz) for set NSET_IND_TOP and time  0.2567424E+00

        10  6.656732E-05 -2.593098E-01  0.000000E+00
        11  0.000000E+00 -2.593098E-01  0.000000E+00
      1004  6.531625E-05 -2.593098E-01  0.000000E+00
      1005  6.384856E-05 -2.593098E-01  0.000000E+00
      1006  6.151740E-05 -2.593098E-01  0.000000E+00
      1007  5.780591E-05 -2.593098E-01  0.000000E+00
      1008  5.237207E-05 -2.593098E-01  0.000000E+00
      1009  4.503670E-05 -2.593098E-01  0.000000E+00
      1010  3.581259E-05 -2.593098E-01  0.000000E+00
      1011  2.492297E-05 -2.593098E-01  0.000000E+00
      1012  1.279845E-05 -2.593098E-01  0.000000E+00
      1013  6.592022E-05 -2.593098E-01  0.000000E+00
      1014  6.464871E-05 -2.593098E-01  0.000000E+00
      1015  6.282218E-05 -2.593098E-01  0.000000E+00
      1016  5.985469E-05 -2.593098E-01  0.000000E+00
      1017  5.531595E-05 -2.593098E-01  0.000000E+00
      1018  4.894130E-05 -2.593098E-01  0.000000E+00
      1019  4.064816E-05 -2.593098E-01  0.000000E+00
      1020  3.055575E-05 -2.593098E-01  0.000000E+00
      1021  1.898562E-05 -2.593098E-01  0.000000E+00
      1022  6.447763E-06 -2.593098E-01  0.000000E+00

 forces (fx,fy,fz) for set NSET_IND_TOP and time  0.2567424E+00

        10  5.641476E-04 -2.322975E+00  8.513277E-12
        11  8.553484E-05 -5.577943E-04  9.212100E-12
      1004  3.449436E-04 -4.163968E+00  5.775522E-12
      1005  9.558897E-05 -3.907923E+00 -1.595750E-11
      1006  2.536019E-04 -3.749818E+00  7.016929E-12
      1007  1.288946E-04 -3.586546E+00  1.056893E-11
      1008  2.373021E-04 -3.339566E+00  5.195075E-12
      1009  9.797576E-05 -2.957130E+00  8.769255E-12
      1010 -1.362218E-05 -2.414022E+00 -7.114153E-12
      1011  2.932289E-05 -1.715935E+00 -1.401280E-11
      1012 -8.685418E-06 -8.920800E-01  7.426876E-12
      1013 -3.378619E-02 -8.762458E+00 -5.217160E-12
      1014 -5.146592E-02 -8.045899E+00 -2.700729E-12
      1015 -4.914981E-02 -7.649845E+00  1.547429E-12
      1016 -6.282404E-02 -7.338809E+00  4.689582E-13
      1017 -5.874049E-02 -6.935626E+00  3.611778E-12
      1018 -7.114069E-02 -6.311279E+00 -2.006395E-12
      1019 -6.681327E-02 -5.388426E+00  2.943423E-12
      1020 -6.692873E-02 -4.145079E+00  6.918466E-12
      1021 -7.810073E-02 -2.617684E+00 -1.382539E-11
      1022 -6.277914E-02 -8.959081E-01  7.673195E-12

 total force (fx,fy,fz) for set NSET_IND_TOP and time  0.2567424E+00

       -5.999140E-01 -8.714153E+01  2.480709E-11

                                INCREMENT   140


 displacements (vx,vy,vz) for set NSET_IND_TOP and time  0.2617424E+00

        10  7.025540E-05 -2.643598E-01  0.000000E+00
        11  0.000000E+00 -2.643598E-01  0.000000E+00
      1004  6.893529E-05 -2.643598E-01  0.000000E+00
      1005  6.738652E-05 -2.643598E-01  0.000000E+00
      1006  6.492642E-05 -2.643598E-01  0.000000E+00
      1007  6.100945E-05 -2.643598E-01  0.000000E+00
      1008  5.527464E-05 -2.643598E-01  0.000000E+00
      1009  4.753287E-05 -2.643598E-01  0.000000E+00
      1010  3.779759E-05 -2.643598E-01  0.000000E+00
      1011  2.630444E-05 -2.643598E-01  0.000000E+00
      1012  1.350788E-05 -2.643598E-01  0.000000E+00
      1013  6.957258E-05 -2.643598E-01  0.000000E+00
      1014  6.823089E-05 -2.643598E-01  0.000000E+00
      1015  6.630338E-05 -2.643598E-01  0.000000E+00
      1016  6.317167E-05 -2.643598E-01  0.000000E+00
      1017  5.838159E-05 -2.643598E-01  0.000000E+00
      1018  5.165381E-05 -2.643598E-01  0.000000E+00
      1019  4.290114E-05 -2.643598E-01  0.000000E+00
      1020  3.224942E-05 -2.643598E-01  0.000000E+00
      1021  2.003799E-05 -2.643598E-01  0.000000E+00
      1022  6.805169E-06 -2.643598E-01  0.000000E+00

 forces (fx,fy,fz) for set NSET_IND_TOP and time  0.2617424E+00

        10  5.954023E-04 -2.451341E+00 -3.982568E-12
        11  9.027245E-05 -5.887501E-04 -5.260550E-12
      1004  3.640456E-04 -4.394113E+00  1.278877E-11
      1005  1.008650E-04 -4.123994E+00  1.109540E-11
      1006  2.676350E-04 -3.957229E+00  1.691249E-11
      1007  1.360160E-04 -3.785002E+00  6.924286E-12
      1008  2.504369E-04 -3.524414E+00 -3.601900E-11
      1009  1.033874E-04 -3.120851E+00  4.778624E-12
      1010 -1.439201E-05 -2.547700E+00 -1.110657E-12
      1011  3.092939E-05 -1.810969E+00 -1.352219E-11
      1012 -9.181426E-06 -9.414905E-01  8.808304E-12
      1013 -3.565974E-02 -9.246706E+00 -4.421130E-12
      1014 -5.431968E-02 -8.490675E+00 -2.651213E-13
      1015 -5.187502E-02 -8.072891E+00 -1.206746E-11
      1016 -6.630733E-02 -7.744813E+00 -1.140465E-11
      1017 -6.199732E-02 -7.319458E+00  6.704637E-12
      1018 -7.508504E-02 -6.660658E+00 -3.041478E-11
      1019 -7.051772E-02 -5.686785E+00 -1.227063E-11
      1020 -7.063962E-02 -4.374632E+00 -9.563461E-12
      1021 -8.243110E-02 -2.762666E+00 -1.793676E-12
      1022 -6.626002E-02 -9.455311E-01  2.985390E-12

 total force (fx,fy,fz) for set NSET_IND_TOP and time  0.2617424E+00

       -6.331772E-01 -9.196251E+01 -7.109798E-11

                                INCREMENT   150


 displacements (vx,vy,vz) for set NSET_IND_TOP and time  0.2667424E+00

        10  7.399234E-05 -2.694098E-01  0.000000E+00
        11  0.000000E+00 -2.694098E-01  0.000000E+00
      1004  7.260229E-05 -2.694098E-01  0.000000E+00
      1005  7.097141E-05 -2.694098E-01  0.000000E+00
      1006  6.838067E-05 -2.694098E-01  0.000000E+00
      1007  6.425553E-05 -2.694098E-01  0.000000E+00
      1008  5.821577E-05 -2.694098E-01  0.000000E+00
      1009  5.006220E-05 -2.694098E-01  0.000000E+00
      1010  3.980898E-05 -2.694098E-01  0.000000E+00
      1011  2.770428E-05 -2.694098E-01  0.000000E+00
      1012  1.422675E-05 -2.694098E-01  0.000000E+00
      1013  7.327334E-05 -2.694098E-01  0.000000E+00
      1014  7.186056E-05 -2.694098E-01  0.000000E+00
      1015  6.983078E-05 -2.694098E-01  0.000000E+00
      1016  6.653269E-05 -2.694098E-01  0.000000E+00
      1017  6.148794E-05 -2.694098E-01  0.000000E+00
      1018  5.440235E-05 -2.694098E-01  0.000000E+00
      1019  4.518407E-05 -2.694098E-01  0.000000E+00
      1020  3.396560E-05 -2.694098E-01  0.000000E+00
      1021  2.110437E-05 -2.694098E-01  0.000000E+00
      1022  7.167330E-06 -2.694098E-01  0.000000E+00

 forces (fx,fy,fz) for set NSET_IND_TOP and time  0.2667424E+00

        10  6.270708E-04 -2.581372E+00 -4.857753E-12
        11  9.507266E-05 -6.201216E-04 -1.341554E-12
      1004  3.833997E-04 -4.627246E+00  1.236000E-11
      1005  1.062086E-04 -4.342877E+00 -1.396061E-11
      1006  2.818520E-04 -4.167351E+00  2.541133E-11
      1007  1.432296E-04 -3.986058E+00 -1.882403E-11
      1008  2.637444E-04 -3.711691E+00 -1.070518E-11
      1009  1.088688E-04 -3.286729E+00 -2.001142E-11
      1010 -1.517370E-05 -2.683142E+00 -3.898201E-12
      1011  3.255517E-05 -1.907259E+00 -2.573946E-11
      1012 -9.685637E-06 -9.915541E-01 -7.146065E-12
      1013 -3.755829E-02 -9.737234E+00 -1.541611E-11
      1014 -5.721151E-02 -8.941233E+00  3.774314E-12
      1015 -5.463656E-02 -8.501454E+00  1.336353E-11
      1016 -6.983705E-02 -8.156130E+00 -5.086154E-12
      1017 -6.529756E-02 -7.708327E+00 -1.473577E-11
      1018 -7.908196E-02 -7.014634E+00 -3.522116E-11
      1019 -7.427153E-02 -5.989076E+00 -4.198819E-11
      1020 -7.439997E-02 -4.607214E+00 -1.229505E-11
      1021 -8.681919E-02 -2.909563E+00 -2.467937E-11
      1022 -6.978729E-02 -9.958100E-01  7.323253E-12

 total force (fx,fy,fz) for set NSET_IND_TOP and time  0.2667424E+00

       -6.668838E-01 -9.684657E+01 -1.936737E-10

                                INCREMENT   160


 displacements (vx,vy,vz) for set NSET_IND_TOP and time  0.2717424E+00

        10  7.777693E-05 -2.744598E-01  0.000000E+00
        11  0.000000E+00 -2.744598E-01  0.000000E+00
      1004  7.631609E-05 -2.744598E-01  0.000000E+00
      1005  7.460207E-05 -2.744598E-01  0.000000E+00
      1006  7.187905E-05 -2.744598E-01  0.000000E+00
      1007  6.754309E-05 -2.744598E-01  0.000000E+00
      1008  6.119450E-05 -2.744598E-01  0.000000E+00
      1009  5.262388E-05 -2.744598E-01  0.000000E+00
      1010  4.184611E-05 -2.744598E-01  0.000000E+00
      1011  2.912203E-05 -2.744598E-01  0.000000E+00
      1012  1.495481E-05 -2.744598E-01  0.000000E+00
      1013  7.702132E-05 -2.744598E-01  0.000000E+00
      1014  7.553657E-05 -2.744598E-01  0.000000E+00
      1015  7.340322E-05 -2.744598E-01  0.000000E+00
      1016  6.993664E-05 -2.744598E-01  0.000000E+00
      1017  6.463401E-05 -2.744598E-01  0.000000E+00
      1018  5.718604E-05 -2.744598E-01  0.000000E+00
      1019  4.749620E-05 -2.744598E-01  0.000000E+00
      1020  3.570374E-05 -2.744598E-01  0.000000E+00
      1021  2.218439E-05 -2.744598E-01  0.000000E+00
      1022  7.534126E-06 -2.744598E-01  0.000000E+00

 forces (fx,fy,fz) for set NSET_IND_TOP and time  0.2717424E+00

        10  6.591431E-04 -2.713027E+00  8.753307E-12
        11  9.993382E-05 -6.518983E-04 -1.906529E-12
      1004  4.029996E-04 -4.863297E+00 -1.986927E-11
      1005  1.116183E-04 -4.564509E+00  3.798604E-12
      1006  2.962485E-04 -4.380119E+00  3.183705E-12
      1007  1.505331E-04 -4.189654E+00  1.095530E-11
      1008  2.772200E-04 -3.901339E+00 -1.255073E-11
      1009  1.144183E-04 -3.454711E+00 -9.081411E-12
      1010 -1.596701E-05 -2.820305E+00 -1.393897E-11
      1011  3.419966E-05 -2.004773E+00 -4.476926E-11
      1012 -1.019791E-05 -1.042255E+00 -1.889958E-11
      1013 -3.948122E-02 -1.023390E+01 -7.817302E-12
      1014 -6.014045E-02 -9.397439E+00  1.993472E-11
      1015 -5.743354E-02 -8.935406E+00  4.612977E-12
      1016 -7.341204E-02 -8.572634E+00 -2.813616E-11
      1017 -6.864012E-02 -8.102114E+00  2.821476E-11
      1018 -8.313013E-02 -7.373096E+00 -2.771738E-11
      1019 -7.807349E-02 -6.295206E+00 -3.577316E-11
      1020 -7.820854E-02 -4.842753E+00  1.047784E-11
      1021 -9.126356E-02 -3.058329E+00 -1.909273E-11
      1022 -7.335981E-02 -1.046729E+00 -9.898748E-13

 total force (fx,fy,fz) for set NSET_IND_TOP and time  0.2717424E+00

       -7.010227E-01 -1.017922E+02 -1.506111E-10

                                INCREMENT   170


 displacements (vx,vy,vz) for set NSET_IND_TOP and time  0.2767424E+00

        10  8.160579E-05 -2.795098E-01  0.000000E+00
        11  0.000000E+00 -2.795098E-01  0.000000E+00
      1004  8.007335E-05 -2.795098E-01  0.000000E+00
      1005  7.827525E-05 -2.795098E-01  0.000000E+00
      1006  7.541843E-05 -2.795098E-01  0.000000E+00
      1007  7.086919E-05 -2.795098E-01  0.000000E+00
      1008  6.420817E-05 -2.795098E-01  0.000000E+00
      1009  5.521563E-05 -2.795098E-01  0.000000E+00
      1010  4.390716E-05 -2.795098E-01  0.000000E+00
      1011  3.055644E-05 -2.795098E-01  0.000000E+00
      1012  1.569143E-05 -2.795098E-01  0.000000E+00
      1013  8.081314E-05 -2.795098E-01  0.000000E+00
      1014  7.925561E-05 -2.795098E-01  0.000000E+00
      1015  7.701751E-05 -2.795098E-01  0.000000E+00
      1016  7.338049E-05 -2.795098E-01  0.000000E+00
      1017  6.781696E-05 -2.795098E-01  0.000000E+00
      1018  6.000240E-05 -2.795098E-01  0.000000E+00
      1019  4.983547E-05 -2.795098E-01  0.000000E+00
      1020  3.746230E-05 -2.795098E-01  0.000000E+00
      1021  2.327709E-05 -2.795098E-01  0.000000E+00
      1022  7.905231E-06 -2.795098E-01  0.000000E+00

 forces (fx,fy,fz) for set NSET_IND_TOP and time  0.2767424E+00

        10  6.915901E-04 -2.846184E+00  5.614599E-12
        11  1.048514E-04 -6.840522E-04  2.840215E-12
      1004  4.228274E-04 -5.102046E+00  2.022942E-11
      1005  1.170888E-04 -4.788682E+00  7.537272E-12
      1006  3.108110E-04 -4.595337E+00 -4.276302E-13
      1007  1.579194E-04 -4.395603E+00  1.923961E-12
      1008  2.908513E-04 -4.093186E+00 -6.777846E-12
      1009  1.200304E-04 -3.624646E+00 -2.861124E-11
      1010 -1.677156E-05 -2.959065E+00 -1.514156E-11
      1011  3.586093E-05 -2.103424E+00 -4.614065E-12
      1012 -1.071812E-05 -1.093547E+00  2.948275E-12
      1013 -4.142683E-02 -1.073623E+01 -2.685407E-11
      1014 -6.310392E-02 -9.858867E+00  6.463940E-12
      1015 -6.026346E-02 -9.374345E+00  7.702949E-12
      1016 -7.702913E-02 -8.993944E+00 -1.746958E-11
      1017 -7.202204E-02 -8.500460E+00 -3.184564E-12
      1018 -8.722595E-02 -7.735719E+00 -2.167688E-11
      1019 -8.192021E-02 -6.604896E+00  2.255929E-11
      1020 -8.206196E-02 -5.081035E+00 -1.287592E-11
      1021 -9.576026E-02 -3.208830E+00 -2.389200E-12
      1022 -7.697439E-02 -1.098242E+00  2.378409E-11

 total force (fx,fy,fz) for set NSET_IND_TOP and time  0.2767424E+00

       -7.355638E-01 -1.067950E+02 -3.841856E-11

                                INCREMENT   180


 displacements (vx,vy,vz) for set NSET_IND_TOP and time  0.2817424E+00

        10  8.535689E-05 -2.845598E-01  0.000000E+00
        11  0.000000E+00 -2.845598E-01  0.000000E+00
      1004  8.375434E-05 -2.845598E-01  0.000000E+00
      1005  8.187389E-05 -2.845598E-01  0.000000E+00
      1006  7.888600E-05 -2.845598E-01  0.000000E+00
      1007  7.412784E-05 -2.845598E-01  0.000000E+00
      1008  6.716073E-05 -2.845598E-01  0.000000E+00
      1009  5.775483E-05 -2.845598E-01  0.000000E+00
      1010  4.592642E-05 -2.845598E-01  0.000000E+00
      1011  3.196176E-05 -2.845598E-01  0.000000E+00
      1012  1.641311E-05 -2.845598E-01  0.000000E+00
      1013  8.452797E-05 -2.845598E-01  0.000000E+00
      1014  8.289916E-05 -2.845598E-01  0.000000E+00
      1015  8.055847E-05 -2.845598E-01  0.000000E+00
      1016  7.675449E-05 -2.845598E-01  0.000000E+00
      1017  7.093537E-05 -2.845598E-01  0.000000E+00
      1018  6.276165E-05 -2.845598E-01  0.000000E+00
      1019  5.212732E-05 -2.845598E-01  0.000000E+00
      1020  3.918520E-05 -2.845598E-01  0.000000E+00
      1021  2.434765E-05 -2.845598E-01  0.000000E+00
      1022  8.268813E-06 -2.845598E-01  0.000000E+00

 forces (fx,fy,fz) for set NSET_IND_TOP and time  0.2817424E+00

        10  7.233770E-04 -2.976600E+00 -1.542807E-11
        11  1.096679E-04 -7.155576E-04 -6.112100E-12
      1004  4.422505E-04 -5.335888E+00  1.210040E-11
      1005  1.224449E-04 -5.008259E+00  2.652895E-11
      1006  3.250741E-04 -4.806152E+00 -1.088078E-11
      1007  1.651517E-04 -4.597348E+00 -1.083265E-11
      1008  3.042020E-04 -4.281123E+00 -1.489101E-11
      1009  1.255246E-04 -3.791121E+00  3.311377E-12
      1010 -1.756263E-05 -3.095002E+00 -7.730860E-14
      1011  3.748442E-05 -2.200070E+00 -2.321600E-11
      1012 -1.123080E-05 -1.143797E+00  1.313890E-11
      1013 -4.333311E-02 -1.122823E+01 -2.406919E-11
      1014 -6.600745E-02 -1.031082E+01 -2.911227E-12
      1015 -6.303613E-02 -9.804294E+00 -2.152745E-11
      1016 -8.057302E-02 -9.406644E+00  3.105516E-12
      1017 -7.533549E-02 -8.890680E+00  8.175682E-13
      1018 -9.123885E-02 -8.090956E+00 -1.221112E-11
      1019 -8.568903E-02 -6.908285E+00 -3.361311E-12
      1020 -8.583733E-02 -5.314473E+00 -1.731948E-12
      1021 -1.001659E-01 -3.356272E+00  6.396661E-12
      1022 -8.051576E-02 -1.148708E+00  9.443557E-12

 total force (fx,fy,fz) for set NSET_IND_TOP and time  0.2817424E+00

       -7.694057E-01 -1.116954E+02 -7.240721E-11

                                INCREMENT   190


 displacements (vx,vy,vz) for set NSET_IND_TOP and time  0.2867424E+00

        10  7.377106E-05 -2.896098E-01  0.000000E+00
        11  0.000000E+00 -2.896098E-01  0.000000E+00
      1004  7.239088E-05 -2.896098E-01  0.000000E+00
      1005  7.077013E-05 -2.896098E-01  0.000000E+00
      1006  6.819163E-05 -2.896098E-01  0.000000E+00
      1007  6.408222E-05 -2.896098E-01  0.000000E+00
      1008  5.806246E-05 -2.896098E-01  0.000000E+00
      1009  4.993328E-05 -2.896098E-01  0.000000E+00
      1010  3.970848E-05 -2.896098E-01  0.000000E+00
      1011  2.763542E-05 -2.896098E-01  0.000000E+00
      1012  1.419174E-05 -2.896098E-01  0.000000E+00
      1013  7.305710E-05 -2.896098E-01  0.000000E+00
      1014  7.165407E-05 -2.896098E-01  0.000000E+00
      1015  6.963526E-05 -2.896098E-01  0.000000E+00
      1016  6.635102E-05 -2.896098E-01  0.000000E+00
      1017  6.132409E-05 -2.896098E-01  0.000000E+00
      1018  5.426071E-05 -2.896098E-01  0.000000E+00
      1019  4.506891E-05 -2.896098E-01  0.000000E+00
      1020  3.388058E-05 -2.896098E-01  0.000000E+00
      1021  2.105223E-05 -2.896098E-01  0.000000E+00
      1022  7.149751E-06 -2.896098E-01  0.000000E+00

 forces (fx,fy,fz) for set NSET_IND_TOP and time  0.2867424E+00

        10  6.251436E-04 -2.566549E+00 -2.228885E-11
        11  9.475421E-05 -6.194551E-04  7.327313E-12
      1004  3.820386E-04 -4.601677E+00 -1.119982E-11
      1005  1.054495E-04 -4.320533E+00 -1.866762E-12
      1006  2.806220E-04 -4.147697E+00  1.575059E-11
      1007  1.423652E-04 -3.968858E+00 -1.139615E-11
      1008  2.626744E-04 -3.696946E+00  4.879402E-12
      1009  1.081747E-04 -3.274582E+00 -1.398218E-11
      1010 -1.546384E-05 -2.673796E+00 -1.746128E-11
      1011  3.205179E-05 -1.900905E+00  1.224054E-11
      1012 -9.988404E-06 -9.883397E-01  2.804542E-11
      1013 -3.748122E-02 -9.682162E+00 -3.494938E-11
      1014 -5.709014E-02 -8.893418E+00  1.240474E-11
      1015 -5.451784E-02 -8.459506E+00  2.691625E-12
      1016 -6.968289E-02 -8.119298E+00 -1.580758E-11
      1017 -6.515251E-02 -7.676384E+00  1.198797E-11
      1018 -7.890623E-02 -6.987732E+00 -4.026113E-12
      1019 -7.410724E-02 -5.967565E+00 -5.617729E-12
      1020 -7.423636E-02 -4.591498E+00 -2.653433E-11
      1021 -8.662935E-02 -2.899986E+00  1.709255E-11
      1022 -6.963529E-02 -9.925920E-01  4.462697E-11

 total force (fx,fy,fz) for set NSET_IND_TOP and time  0.2867424E+00

       -6.654313E-01 -9.641064E+01 -8.083064E-12

                                INCREMENT   200


 displacements (vx,vy,vz) for set NSET_IND_TOP and time  0.2917424E+00

        10  7.815496E-05 -2.946598E-01  0.000000E+00
        11  0.000000E+00 -2.946598E-01  0.000000E+00
      1004  7.669299E-05 -2.946598E-01  0.000000E+00
      1005  7.497615E-05 -2.946598E-01  0.000000E+00
      1006  7.224460E-05 -2.946598E-01  0.000000E+00
      1007  6.789111E-05 -2.946598E-01  0.000000E+00
      1008  6.151369E-05 -2.946598E-01  0.000000E+00
      1009  5.290143E-05 -2.946598E-01  0.000000E+00
      1010  4.206892E-05 -2.946598E-01  0.000000E+00
      1011  2.927822E-05 -2.946598E-01  0.000000E+00
      1012  1.503539E-05 -2.946598E-01  0.000000E+00
      1013  7.739869E-05 -2.946598E-01  0.000000E+00
      1014  7.591252E-05 -2.946598E-01  0.000000E+00
      1015  7.377394E-05 -2.946598E-01  0.000000E+00
      1016  7.029469E-05 -2.946598E-01  0.000000E+00
      1017  6.496913E-05 -2.946598E-01  0.000000E+00
      1018  5.748603E-05 -2.946598E-01  0.000000E+00
      1019  4.774795E-05 -2.946598E-01  0.000000E+00
      1020  3.589460E-05 -2.946598E-01  0.000000E+00
      1021  2.230370E-05 -2.946598E-01  0.000000E+00
      1022  7.574779E-06 -2.946598E-01  0.000000E+00

 forces (fx,fy,fz) for set NSET_IND_TOP and time  0.2917424E+00

        10  6.622915E-04 -2.718768E+00 -1.136771E-12
        11  1.003827E-04 -6.563101E-04  5.011514E-12
      1004  4.047326E-04 -4.874638E+00 -4.786612E-12
      1005  1.116971E-04 -4.576888E+00  6.174050E-13
      1006  2.972810E-04 -4.393873E+00  1.772360E-11
      1007  1.508061E-04 -4.204487E+00 -9.141510E-12
      1008  2.782704E-04 -3.916484E+00  2.153067E-11
      1009  1.145863E-04 -3.469075E+00 -2.556751E-11
      1010 -1.639733E-05 -2.832628E+00  3.414693E-11
      1011  3.393854E-05 -2.013836E+00 -3.786682E-11
      1012 -1.059636E-05 -1.047060E+00  1.312642E-11
      1013 -3.971007E-02 -1.025643E+01  1.959188E-11
      1014 -6.048487E-02 -9.421024E+00 -4.292167E-11
      1015 -5.775950E-02 -8.961520E+00 -2.439382E-12
      1016 -7.382615E-02 -8.601267E+00  2.628031E-11
      1017 -6.902635E-02 -8.132181E+00  1.133982E-12
      1018 -8.359781E-02 -7.402727E+00 -1.077405E-11
      1019 -7.851349E-02 -6.322032E+00  7.259970E-12
      1020 -7.865031E-02 -4.864261E+00 -1.552536E-12
      1021 -9.178019E-02 -3.072277E+00 -9.587442E-12
      1022 -7.377571E-02 -1.051565E+00  1.874279E-11

 total force (fx,fy,fz) for set NSET_IND_TOP and time  0.2917424E+00

       -7.049974E-01 -1.021337E+02  1.939119E-11

                                INCREMENT   210


 displacements (vx,vy,vz) for set NSET_IND_TOP and time  0.2967424E+00

        10  8.258882E-05 -2.997098E-01  0.000000E+00
        11  0.000000E+00 -2.997098E-01  0.000000E+00
      1004  8.104417E-05 -2.997098E-01  0.000000E+00
      1005  7.923017E-05 -2.997098E-01  0.000000E+00
      1006  7.634384E-05 -2.997098E-01  0.000000E+00
      1007  7.174352E-05 -2.997098E-01  0.000000E+00
      1008  6.500436E-05 -2.997098E-01  0.000000E+00
      1009  5.590350E-05 -2.997098E-01  0.000000E+00
      1010  4.445634E-05 -2.997098E-01  0.000000E+00
      1011  3.093981E-05 -2.997098E-01  0.000000E+00
      1012  1.588869E-05 -2.997098E-01  0.000000E+00
      1013  8.178978E-05 -2.997098E-01  0.000000E+00
      1014  8.021954E-05 -2.997098E-01  0.000000E+00
      1015  7.795985E-05 -2.997098E-01  0.000000E+00
      1016  7.428338E-05 -2.997098E-01  0.000000E+00
      1017  6.865580E-05 -2.997098E-01  0.000000E+00
      1018  6.074822E-05 -2.997098E-01  0.000000E+00
      1019  5.045762E-05 -2.997098E-01  0.000000E+00
      1020  3.793166E-05 -2.997098E-01  0.000000E+00
      1021  2.356948E-05 -2.997098E-01  0.000000E+00
      1022  8.004670E-06 -2.997098E-01  0.000000E+00

 forces (fx,fy,fz) for set NSET_IND_TOP and time  0.2967424E+00

        10  6.998627E-04 -2.872687E+00  2.812126E-13
        11  1.060751E-04 -6.935902E-04  7.220778E-12
      1004  4.276843E-04 -5.150655E+00  1.197614E-11
      1005  1.180139E-04 -4.836121E+00  1.266082E-11
      1006  3.141281E-04 -4.642820E+00  4.374206E-12
      1007  1.593411E-04 -4.442776E+00 -2.494983E-12
      1008  2.940428E-04 -4.138506E+00  2.141429E-12
      1009  1.210692E-04 -3.665774E+00 -1.017290E-11
      1010 -1.734303E-05 -2.993264E+00 -2.432581E-11
      1011  3.584488E-05 -2.128051E+00 -2.932877E-11
      1012 -1.121280E-05 -1.106448E+00  2.945204E-11
      1013 -4.196449E-02 -1.083712E+01 -7.772671E-12
      1014 -6.391854E-02 -9.954544E+00  6.146195E-13
      1015 -6.103832E-02 -9.469177E+00  2.490785E-11
      1016 -7.801690E-02 -9.088670E+00 -3.828760E-11
      1017 -7.294458E-02 -8.593130E+00 -2.405098E-11
      1018 -8.834316E-02 -7.822424E+00 -2.641309E-11
      1019 -8.297024E-02 -6.680522E+00 -2.607692E-12
      1020 -8.311484E-02 -5.140124E+00 -2.392797E-11
      1021 -9.699007E-02 -3.246527E+00 -8.919532E-12
      1022 -7.796358E-02 -1.111209E+00 -2.412515E-11

 total force (fx,fy,fz) for set NSET_IND_TOP and time  0.2967424E+00

       -7.450172E-01 -1.079212E+02 -1.287980E-10

                                INCREMENT   217


 displacements (vx,vy,vz) for set NSET_IND_TOP and time  0.3000000E+00

        10  8.552016E-05 -3.030000E-01  0.000000E+00
        11  0.000000E+00 -3.030000E-01  0.000000E+00
      1004  8.392086E-05 -3.030000E-01  0.000000E+00
      1005  8.204263E-05 -3.030000E-01  0.000000E+00
      1006  7.905400E-05 -3.030000E-01  0.000000E+00
      1007  7.429049E-05 -3.030000E-01  0.000000E+00
      1008  6.731220E-05 -3.030000E-01  0.000000E+00
      1009  5.788831E-05 -3.030000E-01  0.000000E+00
      1010  4.603478E-05 -3.030000E-01  0.000000E+00
      1011  3.203837E-05 -3.030000E-01  0.000000E+00
      1012  1.645285E-05 -3.030000E-01  0.000000E+00
      1013  8.469285E-05 -3.030000E-01  0.000000E+00
      1014  8.306705E-05 -3.030000E-01  0.000000E+00
      1015  8.072730E-05 -3.030000E-01  0.000000E+00
      1016  7.692046E-05 -3.030000E-01  0.000000E+00
      1017  7.109322E-05 -3.030000E-01  0.000000E+00
      1018  6.290499E-05 -3.030000E-01  0.000000E+00
      1019  5.224911E-05 -3.030000E-01  0.000000E+00
      1020  3.927846E-05 -3.030000E-01  0.000000E+00
      1021  2.440636E-05 -3.030000E-01  0.000000E+00
      1022  8.288893E-06 -3.030000E-01  0.000000E+00

 forces (fx,fy,fz) for set NSET_IND_TOP and time  0.3000000E+00

        10  7.247018E-04 -2.974422E+00 -1.909290E-11
        11  1.098383E-04 -7.182405E-04 -1.079338E-12
      1004  4.428575E-04 -5.333095E+00  1.822601E-12
      1005  1.221885E-04 -5.007474E+00 -5.647467E-12
      1006  3.252646E-04 -4.807381E+00  6.342654E-12
      1007  1.649822E-04 -4.600296E+00  4.476291E-11
      1008  3.044692E-04 -4.285278E+00 -6.783780E-12
      1009  1.253538E-04 -3.795808E+00  5.629680E-12
      1010 -1.796947E-05 -3.099460E+00 -1.028551E-11
      1011  3.710370E-05 -2.203559E+00  2.734563E-11
      1012 -1.162155E-05 -1.145709E+00  2.656410E-11
      1013 -4.345506E-02 -1.122094E+01  9.461321E-12
      1014 -6.618879E-02 -1.030719E+01  5.397460E-12
      1015 -6.320617E-02 -9.804745E+00 -3.222533E-12
      1016 -8.078769E-02 -9.410861E+00  1.865263E-11
      1017 -7.553519E-02 -8.897844E+00 -1.215650E-11
      1018 -9.148062E-02 -8.099875E+00 -7.342127E-12
      1019 -8.591689E-02 -6.917516E+00  2.637890E-12
      1020 -8.606665E-02 -5.322496E+00  2.165379E-12
      1021 -1.004347E-01 -3.361724E+00  4.738432E-13
      1022 -8.073247E-02 -1.150640E+00  4.580780E-12

 total force (fx,fy,fz) for set NSET_IND_TOP and time  0.3000000E+00

       -7.714770E-01 -1.117470E+02  9.022672E-11

                        S T E P       4


                                INCREMENT    10


 displacements (vx,vy,vz) for set NSET_IND_TOP and time  0.3007589E+00

        10  8.620625E-05 -3.037665E-01  0.000000E+00
        11  0.000000E+00 -3.037665E-01  0.000000E+00
      1004  8.459416E-05 -3.037665E-01  0.000000E+00
      1005  8.270090E-05 -3.037665E-01  0.000000E+00
      1006  7.968833E-05 -3.037665E-01  0.000000E+00
      1007  7.488663E-05 -3.037665E-01  0.000000E+00
      1008  6.785236E-05 -3.037665E-01  0.000000E+00
      1009  5.835287E-05 -3.037665E-01  0.000000E+00
      1010  4.640422E-05 -3.037665E-01  0.000000E+00
      1011  3.229550E-05 -3.037665E-01  0.000000E+00
      1012  1.658489E-05 -3.037665E-01  0.000000E+00
      1013  8.537232E-05 -3.037665E-01  0.000000E+00
      1014  8.373352E-05 -3.037665E-01  0.000000E+00
      1015  8.137504E-05 -3.037665E-01  0.000000E+00
      1016  7.753769E-05 -3.037665E-01  0.000000E+00
      1017  7.166371E-05 -3.037665E-01  0.000000E+00
      1018  6.340980E-05 -3.037665E-01  0.000000E+00
      1019  5.266842E-05 -3.037665E-01  0.000000E+00
      1020  3.959369E-05 -3.037665E-01  0.000000E+00
      1021  2.460223E-05 -3.037665E-01  0.000000E+00
      1022  8.355417E-06 -3.037665E-01  0.000000E+00

 forces (fx,fy,fz) for set NSET_IND_TOP and time  0.3007589E+00

        10  7.305155E-04 -2.998232E+00 -9.743446E-12
        11  1.107191E-04 -7.240103E-04  3.188940E-12
      1004  4.464088E-04 -5.375793E+00 -3.409136E-12
      1005  1.231655E-04 -5.047577E+00  2.021318E-11
      1006  3.278711E-04 -4.845895E+00  2.223304E-11
      1007  1.663024E-04 -4.637163E+00 -2.136633E-13
      1008  3.069094E-04 -4.319630E+00 -8.345023E-12
      1009  1.263565E-04 -3.826243E+00 -4.086246E-11
      1010 -1.811620E-05 -3.124315E+00  6.895805E-12
      1011  3.739821E-05 -2.221232E+00 -1.778490E-12
      1012 -1.171732E-05 -1.154899E+00  2.819091E-11
      1013 -4.380395E-02 -1.131077E+01  1.193667E-11
      1014 -6.672016E-02 -1.038973E+01  3.335110E-13
      1015 -6.371358E-02 -9.883281E+00  1.391287E-11
      1016 -8.143622E-02 -9.486268E+00  2.149392E-13
      1017 -7.614154E-02 -8.969161E+00  9.707790E-13
      1018 -9.221497E-02 -8.164812E+00 -9.565682E-13
      1019 -8.660658E-02 -6.972984E+00  1.665779E-12
      1020 -8.675755E-02 -5.365180E+00 -3.236078E-12
      1021 -1.012409E-01 -3.388686E+00  4.867662E-12
      1022 -8.138055E-02 -1.159869E+00  4.860556E-12

 total force (fx,fy,fz) for set NSET_IND_TOP and time  0.3007589E+00

       -7.776702E-01 -1.126424E+02  5.093978E-11

                                INCREMENT    20


 displacements (vx,vy,vz) for set NSET_IND_TOP and time  0.3056433E+00

        10  9.064605E-05 -3.086997E-01  0.000000E+00
        11  0.000000E+00 -3.086997E-01  0.000000E+00
      1004  8.895122E-05 -3.086997E-01  0.000000E+00
      1005  8.696070E-05 -3.086997E-01  0.000000E+00
      1006  8.379318E-05 -3.086997E-01  0.000000E+00
      1007  7.874433E-05 -3.086997E-01  0.000000E+00
      1008  7.134787E-05 -3.086997E-01  0.000000E+00
      1009  6.135912E-05 -3.086997E-01  0.000000E+00
      1010  4.879498E-05 -3.086997E-01  0.000000E+00
      1011  3.395942E-05 -3.086997E-01  0.000000E+00
      1012  1.743939E-05 -3.086997E-01  0.000000E+00
      1013  8.976931E-05 -3.086997E-01  0.000000E+00
      1014  8.804638E-05 -3.086997E-01  0.000000E+00
      1015  8.556666E-05 -3.086997E-01  0.000000E+00
      1016  8.153186E-05 -3.086997E-01  0.000000E+00
      1017  7.535548E-05 -3.086997E-01  0.000000E+00
      1018  6.667651E-05 -3.086997E-01  0.000000E+00
      1019  5.538187E-05 -3.086997E-01  0.000000E+00
      1020  4.163359E-05 -3.086997E-01  0.000000E+00
      1021  2.586979E-05 -3.086997E-01  0.000000E+00
      1022  8.785911E-06 -3.086997E-01  0.000000E+00

 forces (fx,fy,fz) for set NSET_IND_TOP and time  0.3056433E+00

        10  7.681366E-04 -3.152299E+00  7.460289E-12
        11  1.164185E-04 -7.613485E-04 -8.393302E-12
      1004  4.693894E-04 -5.652083E+00 -6.905032E-12
      1005  1.294869E-04 -5.307080E+00  2.207984E-11
      1006  3.447371E-04 -5.095117E+00 -3.010351E-12
      1007  1.748449E-04 -4.875728E+00  5.975437E-12
      1008  3.227000E-04 -4.541920E+00  4.486220E-13
      1009  1.328445E-04 -4.023186E+00 -6.034372E-12
      1010 -1.906613E-05 -3.285155E+00 -2.597542E-11
      1011  3.930338E-05 -2.335594E+00  1.047876E-11
      1012 -1.233754E-05 -1.214364E+00  8.090936E-12
      1013 -4.606167E-02 -1.189203E+01  5.374057E-11
      1014 -7.015884E-02 -1.092379E+01  8.186340E-12
      1015 -6.699716E-02 -1.039148E+01 -4.551914E-13
      1016 -8.563303E-02 -9.974222E+00 -3.598455E-12
      1017 -8.006542E-02 -9.430655E+00 -9.340972E-12
      1018 -9.696715E-02 -8.585022E+00 -4.464429E-12
      1019 -9.106975E-02 -7.331923E+00 -2.066702E-11
      1020 -9.122852E-02 -5.641395E+00 -1.061906E-11
      1021 -1.064583E-01 -3.563161E+00  4.444356E-11
      1022 -8.557447E-02 -1.219590E+00 -1.874723E-11

 total force (fx,fy,fz) for set NSET_IND_TOP and time  0.3056433E+00

       -8.177478E-01 -1.184366E+02  4.269352E-11

                                INCREMENT    30


 displacements (vx,vy,vz) for set NSET_IND_TOP and time  0.3106433E+00

        10  9.525606E-05 -3.137497E-01  0.000000E+00
        11  0.000000E+00 -3.137497E-01  0.000000E+00
      1004  9.347534E-05 -3.137497E-01  0.000000E+00
      1005  9.138387E-05 -3.137497E-01  0.000000E+00
      1006  8.805549E-05 -3.137497E-01  0.000000E+00
      1007  8.275005E-05 -3.137497E-01  0.000000E+00
      1008  7.497750E-05 -3.137497E-01  0.000000E+00
      1009  6.448074E-05 -3.137497E-01  0.000000E+00
      1010  5.127751E-05 -3.137497E-01  0.000000E+00
      1011  3.568721E-05 -3.137497E-01  0.000000E+00
      1012  1.832669E-05 -3.137497E-01  0.000000E+00
      1013  9.433489E-05 -3.137497E-01  0.000000E+00
      1014  9.252462E-05 -3.137497E-01  0.000000E+00
      1015  8.991906E-05 -3.137497E-01  0.000000E+00
      1016  8.567926E-05 -3.137497E-01  0.000000E+00
      1017  7.918890E-05 -3.137497E-01  0.000000E+00
      1018  7.006858E-05 -3.137497E-01  0.000000E+00
      1019  5.819946E-05 -3.137497E-01  0.000000E+00
      1020  4.375180E-05 -3.137497E-01  0.000000E+00
      1021  2.718601E-05 -3.137497E-01  0.000000E+00
      1022  9.232933E-06 -3.137497E-01  0.000000E+00

 forces (fx,fy,fz) for set NSET_IND_TOP and time  0.3106433E+00

        10  8.071997E-04 -3.312225E+00 -8.815622E-12
        11  1.223361E-04 -8.001249E-04 -2.340141E-12
      1004  4.932495E-04 -5.938887E+00 -2.729112E-12
      1005  1.360478E-04 -5.576470E+00  1.205396E-11
      1006  3.622471E-04 -5.353846E+00  3.189289E-13
      1007  1.837118E-04 -5.123404E+00  4.337623E-12
      1008  3.390938E-04 -4.772707E+00  2.423046E-11
      1009  1.395787E-04 -4.227663E+00 -2.109380E-11
      1010 -2.005476E-05 -3.452151E+00 -3.196687E-12
      1011  4.127877E-05 -2.454336E+00  2.344184E-11
      1012 -1.298379E-05 -1.276107E+00 -8.647997E-12
      1013 -4.840619E-02 -1.249540E+01 -2.692979E-11
      1014 -7.372966E-02 -1.147818E+01 -2.243006E-11
      1015 -7.040691E-02 -1.091906E+01  2.837375E-11
      1016 -8.999108E-02 -1.048080E+01 -1.684430E-11
      1017 -8.414006E-02 -9.909781E+00 -2.052669E-11
      1018 -1.019019E-01 -9.021302E+00 -1.690914E-11
      1019 -9.570438E-02 -7.704598E+00  8.872902E-13
      1020 -9.587126E-02 -5.928185E+00  2.687628E-11
      1021 -1.118761E-01 -3.744318E+00  2.685541E-11
      1022 -8.992951E-02 -1.281599E+00 -6.958434E-12

 total force (fx,fy,fz) for set NSET_IND_TOP and time  0.3106433E+00

       -8.593654E-01 -1.244518E+02 -1.004625E-11

                                INCREMENT    40


 displacements (vx,vy,vz) for set NSET_IND_TOP and time  0.3156433E+00

        10  9.992468E-05 -3.187997E-01  0.000000E+00
        11  0.000000E+00 -3.187997E-01  0.000000E+00
      1004  9.805702E-05 -3.187997E-01  0.000000E+00
      1005  9.586335E-05 -3.187997E-01  0.000000E+00
      1006  9.237209E-05 -3.187997E-01  0.000000E+00
      1007  8.680679E-05 -3.187997E-01  0.000000E+00
      1008  7.865340E-05 -3.187997E-01  0.000000E+00
      1009  6.764217E-05 -3.187997E-01  0.000000E+00
      1010  5.379169E-05 -3.187997E-01  0.000000E+00
      1011  3.743704E-05 -3.187997E-01  0.000000E+00
      1012  1.922530E-05 -3.187997E-01  0.000000E+00
      1013  9.895853E-05 -3.187997E-01  0.000000E+00
      1014  9.705986E-05 -3.187997E-01  0.000000E+00
      1015  9.432687E-05 -3.187997E-01  0.000000E+00
      1016  8.987950E-05 -3.187997E-01  0.000000E+00
      1017  8.307117E-05 -3.187997E-01  0.000000E+00
      1018  7.350389E-05 -3.187997E-01  0.000000E+00
      1019  6.105298E-05 -3.187997E-01  0.000000E+00
      1020  4.589703E-05 -3.187997E-01  0.000000E+00
      1021  2.851902E-05 -3.187997E-01  0.000000E+00
      1022  9.685657E-06 -3.187997E-01  0.000000E+00

 forces (fx,fy,fz) for set NSET_IND_TOP and time  0.3156433E+00

        10  8.467591E-04 -3.474146E+00 -1.148240E-11
        11  1.283285E-04 -8.394001E-04 -6.094872E-12
      1004  5.174118E-04 -6.229273E+00  3.768140E-12
      1005  1.426896E-04 -5.849233E+00 -2.256486E-11
      1006  3.799774E-04 -5.615826E+00  1.572343E-12
      1007  1.926889E-04 -5.374200E+00  1.329848E-12
      1008  3.556942E-04 -5.006409E+00  6.575853E-12
      1009  1.463961E-04 -4.434727E+00 -1.484440E-11
      1010 -2.105794E-05 -3.621264E+00 -4.665524E-13
      1011  4.327681E-05 -2.574583E+00  3.378255E-12
      1012 -1.364024E-05 -1.338633E+00  2.538254E-11
      1013 -5.078071E-02 -1.310629E+01  1.126721E-11
      1014 -7.734617E-02 -1.203951E+01 -1.742384E-11
      1015 -7.386026E-02 -1.145325E+01 -5.318856E-12
      1016 -9.440485E-02 -1.099375E+01 -1.454126E-11
      1017 -8.826677E-02 -1.039495E+01 -1.957723E-11
      1018 -1.068997E-01 -9.463096E+00  2.704503E-13
      1019 -1.003983E-01 -8.081992E+00 -5.122125E-12
      1020 -1.005733E-01 -6.218610E+00  2.122258E-11
      1021 -1.173632E-01 -3.927773E+00 -1.409139E-11
      1022 -9.434023E-02 -1.344395E+00  4.408074E-11

 total force (fx,fy,fz) for set NSET_IND_TOP and time  0.3156433E+00

       -9.015150E-01 -1.305428E+02 -1.267983E-11

                                INCREMENT    50


 displacements (vx,vy,vz) for set NSET_IND_TOP and time  0.3206433E+00

        10  1.046458E-04 -3.238497E-01  0.000000E+00
        11  0.000000E+00 -3.238497E-01  0.000000E+00
      1004  1.026902E-04 -3.238497E-01  0.000000E+00
      1005  1.003932E-04 -3.238497E-01  0.000000E+00
      1006  9.673728E-05 -3.238497E-01  0.000000E+00
      1007  9.090923E-05 -3.238497E-01  0.000000E+00
      1008  8.237073E-05 -3.238497E-01  0.000000E+00
      1009  7.083923E-05 -3.238497E-01  0.000000E+00
      1010  5.633423E-05 -3.238497E-01  0.000000E+00
      1011  3.920661E-05 -3.238497E-01  0.000000E+00
      1012  2.013406E-05 -3.238497E-01  0.000000E+00
      1013  1.036341E-04 -3.238497E-01  0.000000E+00
      1014  1.016461E-04 -3.238497E-01  0.000000E+00
      1015  9.878430E-05 -3.238497E-01  0.000000E+00
      1016  9.412703E-05 -3.238497E-01  0.000000E+00
      1017  8.699718E-05 -3.238497E-01  0.000000E+00
      1018  7.697793E-05 -3.238497E-01  0.000000E+00
      1019  6.393867E-05 -3.238497E-01  0.000000E+00
      1020  4.806646E-05 -3.238497E-01  0.000000E+00
      1021  2.986707E-05 -3.238497E-01  0.000000E+00
      1022  1.014349E-05 -3.238497E-01  0.000000E+00

 forces (fx,fy,fz) for set NSET_IND_TOP and time  0.3206433E+00

        10  8.867630E-04 -3.637845E+00 -3.087190E-12
        11  1.343879E-04 -8.791227E-04  1.074251E-11
      1004  5.418444E-04 -6.522855E+00  8.966231E-13
      1005  1.494034E-04 -6.125008E+00  5.233305E-13
      1006  3.979045E-04 -5.880708E+00  2.193901E-11
      1007  2.017642E-04 -5.627785E+00 -7.376623E-12
      1008  3.724792E-04 -5.242716E+00 -4.902814E-12
      1009  1.532879E-04 -4.644105E+00 -6.075460E-12
      1010 -2.207439E-05 -3.792268E+00 -1.312952E-11
      1011  4.529482E-05 -2.696178E+00 -6.911025E-12
      1012 -1.430605E-05 -1.401860E+00 -1.322206E-11
      1013 -5.318212E-02 -1.372390E+01  2.967404E-12
      1014 -8.100361E-02 -1.260703E+01 -2.746159E-11
      1015 -7.735268E-02 -1.199335E+01 -2.070877E-11
      1016 -9.886853E-02 -1.151240E+01  7.687184E-12
      1017 -9.244015E-02 -1.088552E+01  1.737144E-11
      1018 -1.119541E-01 -9.909821E+00 -3.299139E-12
      1019 -1.051452E-01 -8.463605E+00 -4.183764E-12
      1020 -1.053286E-01 -6.512287E+00 -3.856471E-11
      1021 -1.229124E-01 -4.113284E+00 -1.703926E-11
      1022 -9.880083E-02 -1.407895E+00  3.288569E-11

 total force (fx,fy,fz) for set NSET_IND_TOP and time  0.3206433E+00

       -9.441414E-01 -1.367013E+02 -7.094873E-11

                                INCREMENT    60


 displacements (vx,vy,vz) for set NSET_IND_TOP and time  0.3256433E+00

        10  1.094293E-04 -3.288997E-01  0.000000E+00
        11  0.000000E+00 -3.288997E-01  0.000000E+00
      1004  1.073847E-04 -3.288997E-01  0.000000E+00
      1005  1.049830E-04 -3.288997E-01  0.000000E+00
      1006  1.011603E-04 -3.288997E-01  0.000000E+00
      1007  9.506601E-05 -3.288997E-01  0.000000E+00
      1008  8.613730E-05 -3.288997E-01  0.000000E+00
      1009  7.407868E-05 -3.288997E-01  0.000000E+00
      1010  5.891048E-05 -3.288997E-01  0.000000E+00
      1011  4.099964E-05 -3.288997E-01  0.000000E+00
      1012  2.105487E-05 -3.288997E-01  0.000000E+00
      1013  1.083716E-04 -3.288997E-01  0.000000E+00
      1014  1.062930E-04 -3.288997E-01  0.000000E+00
      1015  1.033007E-04 -3.288997E-01  0.000000E+00
      1016  9.843080E-05 -3.288997E-01  0.000000E+00
      1017  9.097520E-05 -3.288997E-01  0.000000E+00
      1018  8.049800E-05 -3.288997E-01  0.000000E+00
      1019  6.686263E-05 -3.288997E-01  0.000000E+00
      1020  5.026465E-05 -3.288997E-01  0.000000E+00
      1021  3.123300E-05 -3.288997E-01  0.000000E+00
      1022  1.060740E-05 -3.288997E-01  0.000000E+00

 forces (fx,fy,fz) for set NSET_IND_TOP and time  0.3256433E+00

        10  9.272951E-04 -3.803662E+00  4.209844E-12
        11  1.405270E-04 -9.193768E-04  8.517475E-12
      1004  5.665984E-04 -6.820242E+00 -2.008064E-11
      1005  1.562030E-04 -6.404368E+00 -8.184681E-12
      1006  4.160658E-04 -6.149045E+00  1.403236E-11
      1007  2.109563E-04 -5.884687E+00 -1.469229E-11
      1008  3.894837E-04 -5.482123E+00 -5.268319E-11
      1009  1.602680E-04 -4.856234E+00 -9.458918E-12
      1010 -2.310662E-05 -3.965525E+00 -1.408263E-11
      1011  4.733657E-05 -2.819375E+00 -3.525672E-11
      1012 -1.498299E-05 -1.465921E+00  1.818381E-11
      1013 -5.561550E-02 -1.434951E+01  2.850276E-11
      1014 -8.470970E-02 -1.318191E+01 -5.452527E-12
      1015 -8.089154E-02 -1.254049E+01 -4.819256E-12
      1016 -1.033916E-01 -1.203782E+01 -9.519940E-12
      1017 -9.666901E-02 -1.138252E+01 -8.508749E-13
      1018 -1.170756E-01 -1.036241E+01 -2.926104E-11
      1019 -1.099552E-01 -8.850238E+00 -5.254197E-11
      1020 -1.101471E-01 -6.809832E+00  1.823874E-12
      1021 -1.285353E-01 -4.301240E+00 -1.022604E-11
      1022 -1.033207E-01 -1.472232E+00 -1.634248E-12

 total force (fx,fy,fz) for set NSET_IND_TOP and time  0.3256433E+00

       -9.873345E-01 -1.429403E+02 -1.934749E-10

                                INCREMENT    70


 displacements (vx,vy,vz) for set NSET_IND_TOP and time  0.3306433E+00

        10  1.142767E-04 -3.339497E-01  0.000000E+00
        11  0.000000E+00 -3.339497E-01  0.000000E+00
      1004  1.121419E-04 -3.339497E-01  0.000000E+00
      1005  1.096343E-04 -3.339497E-01  0.000000E+00
      1006  1.056425E-04 -3.339497E-01  0.000000E+00
      1007  9.927847E-05 -3.339497E-01  0.000000E+00
      1008  8.995436E-05 -3.339497E-01  0.000000E+00
      1009  7.736155E-05 -3.339497E-01  0.000000E+00
      1010  6.152128E-05 -3.339497E-01  0.000000E+00
      1011  4.281674E-05 -3.339497E-01  0.000000E+00
      1012  2.198804E-05 -3.339497E-01  0.000000E+00
      1013  1.131723E-04 -3.339497E-01  0.000000E+00
      1014  1.110021E-04 -3.339497E-01  0.000000E+00
      1015  1.078776E-04 -3.339497E-01  0.000000E+00
      1016  1.027922E-04 -3.339497E-01  0.000000E+00
      1017  9.500652E-05 -3.339497E-01  0.000000E+00
      1018  8.406526E-05 -3.339497E-01  0.000000E+00
      1019  6.982579E-05 -3.339497E-01  0.000000E+00
      1020  5.249233E-05 -3.339497E-01  0.000000E+00
      1021  3.261726E-05 -3.339497E-01  0.000000E+00
      1022  1.107753E-05 -3.339497E-01  0.000000E+00

 forces (fx,fy,fz) for set NSET_IND_TOP and time  0.3306433E+00

        10  9.683685E-04 -3.971644E+00 -1.142849E-11
        11  1.467476E-04 -9.601762E-04 -5.466031E-12
      1004  5.916817E-04 -7.121519E+00  4.871218E-12
      1005  1.630901E-04 -6.687395E+00  1.625174E-11
      1006  4.344667E-04 -6.420918E+00  1.675433E-11
      1007  2.202679E-04 -6.144986E+00 -1.067738E-11
      1008  4.067131E-04 -5.724704E+00  8.884163E-12
      1009  1.673384E-04 -5.071183E+00 -1.815614E-11
      1010 -2.415521E-05 -4.141087E+00 -2.887071E-11
      1011  4.940238E-05 -2.944214E+00  1.130269E-11
      1012 -1.567154E-05 -1.530836E+00  2.655357E-11
      1013 -5.808164E-02 -1.498329E+01  2.223755E-11
      1014 -8.846568E-02 -1.376432E+01  1.852296E-12
      1015 -8.447801E-02 -1.309481E+01  4.426237E-12
      1016 -1.079754E-01 -1.257017E+01 -1.159073E-12
      1017 -1.009547E-01 -1.188610E+01  1.974154E-11
      1018 -1.222659E-01 -1.082101E+01  2.635314E-11
      1019 -1.148300E-01 -9.242013E+00  1.164979E-11
      1020 -1.150303E-01 -7.111340E+00  2.570832E-11
      1021 -1.342338E-01 -4.491702E+00  2.536105E-11
      1022 -1.079014E-01 -1.537428E+00  2.818190E-11

 total force (fx,fy,fz) for set NSET_IND_TOP and time  0.3306433E+00

       -1.031109E+00 -1.492616E+02  1.743717E-10

                                INCREMENT    80


 displacements (vx,vy,vz) for set NSET_IND_TOP and time  0.3356433E+00

        10  1.191768E-04 -3.389997E-01  0.000000E+00
        11  0.000000E+00 -3.389997E-01  0.000000E+00
      1004  1.169510E-04 -3.389997E-01  0.000000E+00
      1005  1.143362E-04 -3.389997E-01  0.000000E+00
      1006  1.101735E-04 -3.389997E-01  0.000000E+00
      1007  1.035369E-04 -3.389997E-01  0.000000E+00
      1008  9.381308E-05 -3.389997E-01  0.000000E+00
      1009  8.068028E-05 -3.389997E-01  0.000000E+00
      1010  6.416061E-05 -3.389997E-01  0.000000E+00
      1011  4.465369E-05 -3.389997E-01  0.000000E+00
      1012  2.293141E-05 -3.389997E-01  0.000000E+00
      1013  1.180254E-04 -3.389997E-01  0.000000E+00
      1014  1.157625E-04 -3.389997E-01  0.000000E+00
      1015  1.125043E-04 -3.389997E-01  0.000000E+00
      1016  1.072012E-04 -3.389997E-01  0.000000E+00
      1017  9.908183E-05 -3.389997E-01  0.000000E+00
      1018  8.767147E-05 -3.389997E-01  0.000000E+00
      1019  7.282132E-05 -3.389997E-01  0.000000E+00
      1020  5.474435E-05 -3.389997E-01  0.000000E+00
      1021  3.401665E-05 -3.389997E-01  0.000000E+00
      1022  1.155280E-05 -3.389997E-01  0.000000E+00

 forces (fx,fy,fz) for set NSET_IND_TOP and time  0.3356433E+00

        10  1.009889E-03 -4.141407E+00 -2.305798E-12
        11  1.530354E-04 -1.001426E-03  4.187537E-12
      1004  6.170363E-04 -7.425998E+00 -4.501430E-12
      1005  1.700492E-04 -6.973441E+00  8.471192E-12
      1006  4.530651E-04 -6.695702E+00  4.218404E-11
      1007  2.296776E-04 -6.408082E+00  4.300170E-12
      1008  4.241275E-04 -5.969901E+00 -8.136694E-12
      1009  1.744829E-04 -5.288455E+00  1.686961E-11
      1010 -2.521762E-05 -4.318550E+00  1.945382E-11
      1011  5.148765E-05 -3.070407E+00 -3.172625E-11
      1012 -1.636998E-05 -1.596456E+00  1.966513E-11
      1013 -6.057486E-02 -1.562380E+01  2.020473E-11
      1014 -9.226286E-02 -1.435293E+01 -4.138023E-12
      1015 -8.810381E-02 -1.365507E+01 -3.871570E-12
      1016 -1.126095E-01 -1.310824E+01 -1.536815E-11
      1017 -1.052874E-01 -1.239510E+01 -7.152945E-12
      1018 -1.275132E-01 -1.128456E+01 -3.100764E-11
      1019 -1.197581E-01 -9.638027E+00  3.307754E-11
      1020 -1.199671E-01 -7.416115E+00  4.246825E-12
      1021 -1.399947E-01 -4.684230E+00  7.327472E-13
      1022 -1.125323E-01 -1.603331E+00  1.884359E-11

 total force (fx,fy,fz) for set NSET_IND_TOP and time  0.3356433E+00

       -1.075363E+00 -1.556508E+02  8.402844E-11

                                INCREMENT    90


 displacements (vx,vy,vz) for set NSET_IND_TOP and time  0.3406433E+00

        10  1.241145E-04 -3.440497E-01  0.000000E+00
        11  0.000000E+00 -3.440497E-01  0.000000E+00
      1004  1.217968E-04 -3.440497E-01  0.000000E+00
      1005  1.190741E-04 -3.440497E-01  0.000000E+00
      1006  1.147393E-04 -3.440497E-01  0.000000E+00
      1007  1.078280E-04 -3.440497E-01  0.000000E+00
      1008  9.770144E-05 -3.440497E-01  0.000000E+00
      1009  8.402451E-05 -3.440497E-01  0.000000E+00
      1010  6.682023E-05 -3.440497E-01  0.000000E+00
      1011  4.650477E-05 -3.440497E-01  0.000000E+00
      1012  2.388203E-05 -3.440497E-01  0.000000E+00
      1013  1.229155E-04 -3.440497E-01  0.000000E+00
      1014  1.205593E-04 -3.440497E-01  0.000000E+00
      1015  1.171666E-04 -3.440497E-01  0.000000E+00
      1016  1.116440E-04 -3.440497E-01  0.000000E+00
      1017  1.031884E-04 -3.440497E-01  0.000000E+00
      1018  9.130539E-05 -3.440497E-01  0.000000E+00
      1019  7.583987E-05 -3.440497E-01  0.000000E+00
      1020  5.701369E-05 -3.440497E-01  0.000000E+00
      1021  3.542680E-05 -3.440497E-01  0.000000E+00
      1022  1.203172E-05 -3.440497E-01  0.000000E+00

 forces (fx,fy,fz) for set NSET_IND_TOP and time  0.3406433E+00

        10  1.051726E-03 -4.312420E+00 -1.519816E-12
        11  1.593709E-04 -1.042999E-03  4.794287E-12
      1004  6.425834E-04 -7.732725E+00  1.238139E-11
      1005  1.770585E-04 -7.261611E+00  2.001419E-12
      1006  4.718028E-04 -6.972539E+00  2.340216E-11
      1007  2.391561E-04 -6.673155E+00 -1.116667E-11
      1008  4.416729E-04 -6.216948E+00  2.093756E-11
      1009  1.816793E-04 -5.507372E+00  2.024950E-11
      1010 -2.629046E-05 -4.497361E+00 -4.438756E-12
      1011  5.358600E-05 -3.197559E+00 -7.202847E-11
      1012 -1.707606E-05 -1.662575E+00  1.418477E-11
      1013 -6.308738E-02 -1.626903E+01 -5.251799E-12
      1014 -9.608941E-02 -1.494591E+01  2.976819E-11
      1015 -9.175762E-02 -1.421949E+01  2.947420E-12
      1016 -1.172794E-01 -1.365033E+01  1.716627E-11
      1017 -1.096535E-01 -1.290793E+01  1.170042E-11
      1018 -1.328009E-01 -1.175161E+01  3.081757E-11
      1019 -1.247243E-01 -1.003704E+01  2.041345E-11
      1020 -1.249420E-01 -7.723206E+00  1.950529E-11
      1021 -1.458002E-01 -4.878224E+00 -6.039613E-14
      1022 -1.171989E-01 -1.669736E+00 -3.667733E-12

 total force (fx,fy,fz) for set NSET_IND_TOP and time  0.3406433E+00

       -1.119958E+00 -1.620878E+02  1.321360E-10

                                INCREMENT   100


 displacements (vx,vy,vz) for set NSET_IND_TOP and time  0.3456433E+00

        10  1.291207E-04 -3.490997E-01  0.000000E+00
        11  0.000000E+00 -3.490997E-01  0.000000E+00
      1004  1.267101E-04 -3.490997E-01  0.000000E+00
      1005  1.238780E-04 -3.490997E-01  0.000000E+00
      1006  1.193687E-04 -3.490997E-01  0.000000E+00
      1007  1.121789E-04 -3.490997E-01  0.000000E+00
      1008  1.016440E-04 -3.490997E-01  0.000000E+00
      1009  8.741538E-05 -3.490997E-01  0.000000E+00
      1010  6.951695E-05 -3.490997E-01  0.000000E+00
      1011  4.838168E-05 -3.490997E-01  0.000000E+00
      1012  2.484593E-05 -3.490997E-01  0.000000E+00
      1013  1.278737E-04 -3.490997E-01  0.000000E+00
      1014  1.254229E-04 -3.490997E-01  0.000000E+00
      1015  1.218937E-04 -3.490997E-01  0.000000E+00
      1016  1.161487E-04 -3.490997E-01  0.000000E+00
      1017  1.073523E-04 -3.490997E-01  0.000000E+00
      1018  9.498996E-05 -3.490997E-01  0.000000E+00
      1019  7.890053E-05 -3.490997E-01  0.000000E+00
      1020  5.931469E-05 -3.490997E-01  0.000000E+00
      1021  3.685663E-05 -3.490997E-01  0.000000E+00
      1022  1.251733E-05 -3.490997E-01  0.000000E+00

 forces (fx,fy,fz) for set NSET_IND_TOP and time  0.3456433E+00

        10  1.094144E-03 -4.485755E+00  7.356754E-13
        11  1.657937E-04 -1.085158E-03  1.151525E-12
      1004  6.684836E-04 -8.043624E+00  1.219566E-11
      1005  1.841613E-04 -7.553713E+00 -8.885549E-12
      1006  4.907973E-04 -7.253168E+00  2.219144E-11
      1007  2.487624E-04 -6.941872E+00 -3.189000E-12
      1008  4.594591E-04 -6.467402E+00 -2.838202E-11
      1009  1.889720E-04 -5.729315E+00 -2.677063E-11
      1010 -2.738128E-05 -4.678647E+00  2.668004E-11
      1011  5.570959E-05 -3.326474E+00 -1.980503E-11
      1012 -1.779504E-05 -1.729612E+00 -3.145869E-12
      1013 -6.563510E-02 -1.692303E+01  7.802647E-13
      1014 -9.996954E-02 -1.554696E+01  2.190825E-11
      1015 -9.546258E-02 -1.479164E+01  1.870948E-11
      1016 -1.220146E-01 -1.419987E+01  3.134826E-12
      1017 -1.140807E-01 -1.342782E+01  1.895506E-11
      1018 -1.381627E-01 -1.222511E+01 -4.391287E-11
      1019 -1.297599E-01 -1.044158E+01 -1.609379E-11
      1020 -1.299864E-01 -8.034551E+00  3.352252E-11
      1021 -1.516868E-01 -5.074907E+00 -1.768097E-11
      1022 -1.219308E-01 -1.737062E+00  1.309219E-11

 total force (fx,fy,fz) for set NSET_IND_TOP and time  0.3456433E+00

       -1.165178E+00 -1.686132E+02  5.191210E-12

                                INCREMENT   110


 displacements (vx,vy,vz) for set NSET_IND_TOP and time  0.3506433E+00

        10  1.341581E-04 -3.541497E-01  0.000000E+00
        11  0.000000E+00 -3.541497E-01  0.000000E+00
      1004  1.316540E-04 -3.541497E-01  0.000000E+00
      1005  1.287119E-04 -3.541497E-01  0.000000E+00
      1006  1.240271E-04 -3.541497E-01  0.000000E+00
      1007  1.165570E-04 -3.541497E-01  0.000000E+00
      1008  1.056113E-04 -3.541497E-01  0.000000E+00
      1009  9.082752E-05 -3.541497E-01  0.000000E+00
      1010  7.223060E-05 -3.541497E-01  0.000000E+00
      1011  5.027038E-05 -3.541497E-01  0.000000E+00
      1012  2.581588E-05 -3.541497E-01  0.000000E+00
      1013  1.328627E-04 -3.541497E-01  0.000000E+00
      1014  1.303168E-04 -3.541497E-01  0.000000E+00
      1015  1.266504E-04 -3.541497E-01  0.000000E+00
      1016  1.206816E-04 -3.541497E-01  0.000000E+00
      1017  1.115422E-04 -3.541497E-01  0.000000E+00
      1018  9.869764E-05 -3.541497E-01  0.000000E+00
      1019  8.198040E-05 -3.541497E-01  0.000000E+00
      1020  6.163015E-05 -3.541497E-01  0.000000E+00
      1021  3.829544E-05 -3.541497E-01  0.000000E+00
      1022  1.300600E-05 -3.541497E-01  0.000000E+00

 forces (fx,fy,fz) for set NSET_IND_TOP and time  0.3506433E+00

        10  1.136825E-03 -4.660105E+00 -4.581356E-12
        11  1.722559E-04 -1.127588E-03  1.335900E-11
      1004  6.945429E-04 -8.356354E+00 -1.192048E-11
      1005  1.913044E-04 -7.847550E+00  1.034395E-11
      1006  5.099063E-04 -7.535480E+00  5.396390E-11
      1007  2.584242E-04 -7.212214E+00  5.779119E-13
      1008  4.773529E-04 -6.719381E+00  1.570777E-11
      1009  1.963065E-04 -5.952618E+00  1.333204E-13
      1010 -2.848203E-05 -4.861049E+00 -1.847359E-11
      1011  5.784248E-05 -3.456185E+00 -1.805758E-11
      1012 -1.852162E-05 -1.797063E+00 -1.167188E-12
      1013 -6.819899E-02 -1.758086E+01  1.615685E-11
      1014 -1.038742E-01 -1.615156E+01 -6.945111E-12
      1015 -9.919098E-02 -1.536719E+01 -1.969935E-11
      1016 -1.267798E-01 -1.475272E+01  1.743006E-11
      1017 -1.185359E-01 -1.395087E+01  3.147083E-11
      1018 -1.435582E-01 -1.270151E+01 -2.445155E-11
      1019 -1.348274E-01 -1.084860E+01 -2.217915E-11
      1020 -1.350628E-01 -8.347816E+00 -1.702194E-12
      1021 -1.576107E-01 -5.272805E+00  3.572254E-12
      1022 -1.266926E-01 -1.804804E+00  1.575406E-11

 total force (fx,fy,fz) for set NSET_IND_TOP and time  0.3506433E+00

       -1.210684E+00 -1.751779E+02  4.929235E-11

                                INCREMENT   120


 displacements (vx,vy,vz) for set NSET_IND_TOP and time  0.3547683E+00

        10  1.315330E-04 -3.583160E-01  0.000000E+00
        11  0.000000E+00 -3.583160E-01  0.000000E+00
      1004  1.290802E-04 -3.583160E-01  0.000000E+00
      1005  1.261978E-04 -3.583160E-01  0.000000E+00
      1006  1.216064E-04 -3.583160E-01  0.000000E+00
      1007  1.142837E-04 -3.583160E-01  0.000000E+00
      1008  1.035529E-04 -3.583160E-01  0.000000E+00
      1009  8.905831E-05 -3.583160E-01  0.000000E+00
      1010  7.082436E-05 -3.583160E-01  0.000000E+00
      1011  4.929206E-05 -3.583160E-01  0.000000E+00
      1012  2.531360E-05 -3.583160E-01  0.000000E+00
      1013  1.302641E-04 -3.583160E-01  0.000000E+00
      1014  1.277703E-04 -3.583160E-01  0.000000E+00
      1015  1.241775E-04 -3.583160E-01  0.000000E+00
      1016  1.183270E-04 -3.583160E-01  0.000000E+00
      1017  1.093675E-04 -3.583160E-01  0.000000E+00
      1018  9.677458E-05 -3.583160E-01  0.000000E+00
      1019  8.038395E-05 -3.583160E-01  0.000000E+00
      1020  6.043055E-05 -3.583160E-01  0.000000E+00
      1021  3.755028E-05 -3.583160E-01  0.000000E+00
      1022  1.275297E-05 -3.583160E-01  0.000000E+00

 forces (fx,fy,fz) for set NSET_IND_TOP and time  0.3547683E+00

        10  1.114538E-03 -4.566028E+00 -1.146121E-11
        11  1.688482E-04 -1.105988E-03  7.388160E-12
      1004  6.808433E-04 -8.188106E+00  5.650744E-12
      1005  1.873592E-04 -7.690257E+00 -5.684897E-12
      1006  4.997357E-04 -7.385197E+00  5.734599E-12
      1007  2.531558E-04 -7.069044E+00  3.889798E-11
      1008  4.678514E-04 -6.586516E+00  2.400747E-11
      1009  1.922749E-04 -5.835283E+00 -1.989338E-11
      1010 -2.808527E-05 -4.765458E+00 -8.792573E-12
      1011  5.650510E-05 -3.388334E+00 -2.798848E-12
      1012 -1.832182E-05 -1.761818E+00  2.533762E-12
      1013 -6.687882E-02 -1.722633E+01 -1.016320E-11
      1014 -1.018617E-01 -1.582705E+01  4.151790E-12
      1015 -9.726788E-02 -1.505994E+01 -5.248424E-11
      1016 -1.243206E-01 -1.445918E+01  3.827605E-12
      1017 -1.162361E-01 -1.367447E+01  6.366951E-11
      1018 -1.407725E-01 -1.245074E+01 -5.030643E-12
      1019 -1.322111E-01 -1.063500E+01 -1.142375E-11
      1020 -1.324421E-01 -8.183788E+00 -4.809930E-12
      1021 -1.545528E-01 -5.169336E+00 -1.771916E-12
      1022 -1.242348E-01 -1.769412E+00  8.173462E-12

 total force (fx,fy,fz) for set NSET_IND_TOP and time  0.3547683E+00

       -1.187204E+00 -1.716924E+02  2.972049E-11

                                INCREMENT   130


 displacements (vx,vy,vz) for set NSET_IND_TOP and time  0.3597683E+00

        10  1.368626E-04 -3.633660E-01  0.000000E+00
        11  0.000000E+00 -3.633660E-01  0.000000E+00
      1004  1.343109E-04 -3.633660E-01  0.000000E+00
      1005  1.313122E-04 -3.633660E-01  0.000000E+00
      1006  1.265351E-04 -3.633660E-01  0.000000E+00
      1007  1.189161E-04 -3.633660E-01  0.000000E+00
      1008  1.077506E-04 -3.633660E-01  0.000000E+00
      1009  9.266870E-05 -3.633660E-01  0.000000E+00
      1010  7.369572E-05 -3.633660E-01  0.000000E+00
      1011  5.129054E-05 -3.633660E-01  0.000000E+00
      1012  2.633993E-05 -3.633660E-01  0.000000E+00
      1013  1.355425E-04 -3.633660E-01  0.000000E+00
      1014  1.329482E-04 -3.633660E-01  0.000000E+00
      1015  1.292103E-04 -3.633660E-01  0.000000E+00
      1016  1.231231E-04 -3.633660E-01  0.000000E+00
      1017  1.138007E-04 -3.633660E-01  0.000000E+00
      1018  1.006977E-04 -3.633660E-01  0.000000E+00
      1019  8.364279E-05 -3.633660E-01  0.000000E+00
      1020  6.288057E-05 -3.633660E-01  0.000000E+00
      1021  3.907273E-05 -3.633660E-01  0.000000E+00
      1022  1.327004E-05 -3.633660E-01  0.000000E+00

 forces (fx,fy,fz) for set NSET_IND_TOP and time  0.3597683E+00

        10  1.159693E-03 -4.750355E+00 -4.311031E-12
        11  1.756835E-04 -1.150900E-03 -7.531575E-12
      1004  7.084090E-04 -8.518751E+00  1.291392E-11
      1005  1.949072E-04 -8.000961E+00  3.163101E-12
      1006  5.199440E-04 -7.683749E+00  1.615047E-11
      1007  2.633682E-04 -7.354969E+00  2.231262E-11
      1008  4.867755E-04 -6.853043E+00 -1.978244E-11
      1009  2.000260E-04 -6.071495E+00 -9.913536E-12
      1010 -2.925722E-05 -4.958415E+00 -1.089843E-12
      1011  5.875228E-05 -3.525556E+00 -9.764161E-12
      1012 -1.909798E-05 -1.833177E+00  4.425728E-12
      1013 -6.959206E-02 -1.792182E+01  2.856337E-11
      1014 -1.059938E-01 -1.646632E+01  4.245448E-11
      1015 -1.012133E-01 -1.566857E+01  1.660450E-12
      1016 -1.293631E-01 -1.504386E+01 -2.756151E-11
      1017 -1.209505E-01 -1.422770E+01  2.730083E-11
      1018 -1.464821E-01 -1.295466E+01 -1.814637E-11
      1019 -1.375735E-01 -1.106557E+01 -1.740430E-11
      1020 -1.378139E-01 -8.515187E+00 -6.246115E-12
      1021 -1.608214E-01 -5.378696E+00 -1.689138E-11
      1022 -1.292738E-01 -1.841079E+00 -1.821654E-12

 total force (fx,fy,fz) for set NSET_IND_TOP and time  0.3597683E+00

       -1.235358E+00 -1.786351E+02  1.848106E-11

                                INCREMENT   140


 displacements (vx,vy,vz) for set NSET_IND_TOP and time  0.3647683E+00

        10  1.422271E-04 -3.684160E-01  0.000000E+00
        11  0.000000E+00 -3.684160E-01  0.000000E+00
      1004  1.395759E-04 -3.684160E-01  0.000000E+00
      1005  1.364601E-04 -3.684160E-01  0.000000E+00
      1006  1.314963E-04 -3.684160E-01  0.000000E+00
      1007  1.235789E-04 -3.684160E-01  0.000000E+00
      1008  1.119759E-04 -3.684160E-01  0.000000E+00
      1009  9.630282E-05 -3.684160E-01  0.000000E+00
      1010  7.658595E-05 -3.684160E-01  0.000000E+00
      1011  5.330216E-05 -3.684160E-01  0.000000E+00
      1012  2.737301E-05 -3.684160E-01  0.000000E+00
      1013  1.408556E-04 -3.684160E-01  0.000000E+00
      1014  1.381600E-04 -3.684160E-01  0.000000E+00
      1015  1.342761E-04 -3.684160E-01  0.000000E+00
      1016  1.279506E-04 -3.684160E-01  0.000000E+00
      1017  1.182631E-04 -3.684160E-01  0.000000E+00
      1018  1.046465E-04 -3.684160E-01  0.000000E+00
      1019  8.692304E-05 -3.684160E-01  0.000000E+00
      1020  6.534671E-05 -3.684160E-01  0.000000E+00
      1021  4.060519E-05 -3.684160E-01  0.000000E+00
      1022  1.379051E-05 -3.684160E-01  0.000000E+00

 forces (fx,fy,fz) for set NSET_IND_TOP and time  0.3647683E+00

        10  1.205144E-03 -4.935863E+00  2.991260E-12
        11  1.825626E-04 -1.196109E-03  2.168687E-11
      1004  7.361540E-04 -8.851521E+00 -4.831285E-12
      1005  2.025024E-04 -8.313669E+00 -2.002879E-11
      1006  5.402821E-04 -7.984234E+00  8.350962E-12
      1007  2.736447E-04 -7.642751E+00  1.594738E-12
      1008  5.058209E-04 -7.121308E+00  2.448219E-11
      1009  2.078250E-04 -6.309250E+00 -2.674947E-11
      1010 -3.043894E-05 -5.152634E+00 -3.410715E-11
      1011  6.101125E-05 -3.663676E+00 -8.284970E-12
      1012 -1.988141E-05 -1.905003E+00 -5.734637E-12
      1013 -7.232323E-02 -1.862178E+01  3.387779E-11
      1014 -1.101532E-01 -1.710970E+01 -1.069722E-11
      1015 -1.051848E-01 -1.628113E+01 -1.655520E-11
      1016 -1.344389E-01 -1.563233E+01  7.280399E-12
      1017 -1.256961E-01 -1.478452E+01 -4.392486E-12
      1018 -1.522294E-01 -1.346186E+01 -1.286704E-11
      1019 -1.429712E-01 -1.149894E+01 -4.258904E-11
      1020 -1.432211E-01 -8.848753E+00 -2.423395E-11
      1021 -1.671313E-01 -5.589427E+00 -1.470823E-12
      1022 -1.343459E-01 -1.913215E+00  7.267964E-12

 total force (fx,fy,fz) for set NSET_IND_TOP and time  0.3647683E+00

       -1.283830E+00 -1.856228E+02 -1.050099E-10

                                INCREMENT   150


 displacements (vx,vy,vz) for set NSET_IND_TOP and time  0.3697683E+00

        10  1.476418E-04 -3.734660E-01  0.000000E+00
        11  0.000000E+00 -3.734660E-01  0.000000E+00
      1004  1.448904E-04 -3.734660E-01  0.000000E+00
      1005  1.416566E-04 -3.734660E-01  0.000000E+00
      1006  1.365043E-04 -3.734660E-01  0.000000E+00
      1007  1.282859E-04 -3.734660E-01  0.000000E+00
      1008  1.162413E-04 -3.734660E-01  0.000000E+00
      1009  9.997158E-05 -3.734660E-01  0.000000E+00
      1010  7.950378E-05 -3.734660E-01  0.000000E+00
      1011  5.533303E-05 -3.734660E-01  0.000000E+00
      1012  2.841599E-05 -3.734660E-01  0.000000E+00
      1013  1.462184E-04 -3.734660E-01  0.000000E+00
      1014  1.434209E-04 -3.734660E-01  0.000000E+00
      1015  1.393897E-04 -3.734660E-01  0.000000E+00
      1016  1.328239E-04 -3.734660E-01  0.000000E+00
      1017  1.227679E-04 -3.734660E-01  0.000000E+00
      1018  1.086330E-04 -3.734660E-01  0.000000E+00
      1019  9.023459E-05 -3.734660E-01  0.000000E+00
      1020  6.783642E-05 -3.734660E-01  0.000000E+00
      1021  4.215233E-05 -3.734660E-01  0.000000E+00
      1022  1.431597E-05 -3.734660E-01  0.000000E+00

 forces (fx,fy,fz) for set NSET_IND_TOP and time  0.3697683E+00

        10  1.251020E-03 -5.122901E+00 -1.513905E-11
        11  1.895065E-04 -1.241775E-03 -5.788430E-12
      1004  7.641539E-04 -9.187062E+00 -1.351527E-12
      1005  2.101573E-04 -8.629027E+00  1.302884E-11
      1006  5.608017E-04 -8.287317E+00  7.087917E-12
      1007  2.840070E-04 -7.933067E+00 -1.512989E-12
      1008  5.250394E-04 -7.391969E+00 -1.960064E-11
      1009  2.156890E-04 -6.549156E+00 -2.924194E-11
      1010 -3.163983E-05 -5.348627E+00 -2.136111E-12
      1011  6.328227E-05 -3.803067E+00 -1.067104E-11
      1012 -2.067994E-05 -1.977492E+00  5.740354E-12
      1013 -7.508098E-02 -1.932753E+01 -3.698775E-11
      1014 -1.143529E-01 -1.775849E+01  2.010392E-12
      1015 -1.091948E-01 -1.689893E+01  1.390665E-11
      1016 -1.395638E-01 -1.622594E+01 -2.867706E-11
      1017 -1.304875E-01 -1.534628E+01 -3.284217E-11
      1018 -1.580322E-01 -1.397363E+01 -3.098055E-11
      1019 -1.484211E-01 -1.193626E+01 -5.347367E-11
      1020 -1.486806E-01 -9.185375E+00  7.922552E-12
      1021 -1.735024E-01 -5.802099E+00  4.675460E-11
      1022 -1.394673E-01 -1.986018E+00 -3.390932E-11

 total force (fx,fy,fz) for set NSET_IND_TOP and time  0.3697683E+00

       -1.332772E+00 -1.926715E+02 -2.058609E-10

                                INCREMENT   160


 displacements (vx,vy,vz) for set NSET_IND_TOP and time  0.3747683E+00

        10  1.531304E-04 -3.785160E-01  0.000000E+00
        11  0.000000E+00 -3.785160E-01  0.000000E+00
      1004  1.502773E-04 -3.785160E-01  0.000000E+00
      1005  1.469239E-04 -3.785160E-01  0.000000E+00
      1006  1.415805E-04 -3.785160E-01  0.000000E+00
      1007  1.330568E-04 -3.785160E-01  0.000000E+00
      1008  1.205647E-04 -3.785160E-01  0.000000E+00
      1009  1.036901E-04 -3.785160E-01  0.000000E+00
      1010  8.246115E-05 -3.785160E-01  0.000000E+00
      1011  5.739139E-05 -3.785160E-01  0.000000E+00
      1012  2.947308E-05 -3.785160E-01  0.000000E+00
      1013  1.516544E-04 -3.785160E-01  0.000000E+00
      1014  1.487535E-04 -3.785160E-01  0.000000E+00
      1015  1.445729E-04 -3.785160E-01  0.000000E+00
      1016  1.377634E-04 -3.785160E-01  0.000000E+00
      1017  1.273338E-04 -3.785160E-01  0.000000E+00
      1018  1.126735E-04 -3.785160E-01  0.000000E+00
      1019  9.359102E-05 -3.785160E-01  0.000000E+00
      1020  7.035984E-05 -3.785160E-01  0.000000E+00
      1021  4.372039E-05 -3.785160E-01  0.000000E+00
      1022  1.484853E-05 -3.785160E-01  0.000000E+00

 forces (fx,fy,fz) for set NSET_IND_TOP and time  0.3747683E+00

        10  1.297520E-03 -5.312588E+00 -1.078825E-11
        11  1.965433E-04 -1.288046E-03 -4.513691E-12
      1004  7.925369E-04 -9.527345E+00  2.787284E-11
      1005  2.179206E-04 -8.948822E+00  1.440294E-11
      1006  5.816031E-04 -8.594642E+00 -3.522663E-11
      1007  2.945133E-04 -8.227426E+00  1.661781E-11
      1008  5.445193E-04 -7.666384E+00  2.383288E-11
      1009  2.236613E-04 -6.792375E+00  2.228116E-11
      1010 -3.285489E-05 -5.547319E+00 -9.715965E-12
      1011  6.558586E-05 -3.944372E+00 -8.744159E-12
      1012 -2.148752E-05 -2.050975E+00  1.455031E-11
      1013 -7.787590E-02 -2.004327E+01 -1.764766E-11
      1014 -1.186093E-01 -1.841643E+01  1.524159E-11
      1015 -1.132589E-01 -1.752541E+01 -4.531131E-11
      1016 -1.447578E-01 -1.682783E+01 -2.377654E-11
      1017 -1.353437E-01 -1.591585E+01  4.069944E-11
      1018 -1.639133E-01 -1.449247E+01  8.550494E-12
      1019 -1.539446E-01 -1.237960E+01  2.895995E-11
      1020 -1.542137E-01 -9.526627E+00  3.366107E-11
      1021 -1.799593E-01 -6.017690E+00  8.557599E-12
      1022 -1.446576E-01 -2.059819E+00 -5.940137E-12

 total force (fx,fy,fz) for set NSET_IND_TOP and time  0.3747683E+00

       -1.382374E+00 -1.998185E+02  9.356374E-11

                                INCREMENT   170


 displacements (vx,vy,vz) for set NSET_IND_TOP and time  0.3797683E+00

        10  1.586614E-04 -3.835660E-01  0.000000E+00
        11  0.000000E+00 -3.835660E-01  0.000000E+00
      1004  1.557060E-04 -3.835660E-01  0.000000E+00
      1005  1.522319E-04 -3.835660E-01  0.000000E+00
      1006  1.466960E-04 -3.835660E-01  0.000000E+00
      1007  1.378649E-04 -3.835660E-01  0.000000E+00
      1008  1.249217E-04 -3.835660E-01  0.000000E+00
      1009  1.074375E-04 -3.835660E-01  0.000000E+00
      1010  8.544152E-05 -3.835660E-01  0.000000E+00
      1011  5.946577E-05 -3.835660E-01  0.000000E+00
      1012  3.053840E-05 -3.835660E-01  0.000000E+00
      1013  1.571325E-04 -3.835660E-01  0.000000E+00
      1014  1.541274E-04 -3.835660E-01  0.000000E+00
      1015  1.497963E-04 -3.835660E-01  0.000000E+00
      1016  1.427413E-04 -3.835660E-01  0.000000E+00
      1017  1.319352E-04 -3.835660E-01  0.000000E+00
      1018  1.167454E-04 -3.835660E-01  0.000000E+00
      1019  9.697356E-05 -3.835660E-01  0.000000E+00
      1020  7.290291E-05 -3.835660E-01  0.000000E+00
      1021  4.530067E-05 -3.835660E-01  0.000000E+00
      1022  1.538524E-05 -3.835660E-01  0.000000E+00

 forces (fx,fy,fz) for set NSET_IND_TOP and time  0.3797683E+00

        10  1.344381E-03 -5.503687E+00  3.838194E-12
        11  2.036341E-04 -1.334683E-03  4.593193E-12
      1004  8.211378E-04 -9.870170E+00  2.260794E-11
      1005  2.257404E-04 -9.271019E+00  2.410038E-11
      1006  6.025622E-04 -8.904290E+00  4.120541E-12
      1007  3.050971E-04 -8.524022E+00  1.370035E-11
      1008  5.641472E-04 -7.942893E+00  2.311430E-11
      1009  2.316920E-04 -7.037457E+00 -2.880818E-11
      1010 -3.408211E-05 -5.747537E+00 -2.217331E-11
      1011  6.790384E-05 -4.086765E+00 -2.397991E-11
      1012 -2.230409E-05 -2.125025E+00  2.888958E-12
      1013 -8.069271E-02 -2.076434E+01 -3.018918E-12
      1014 -1.228990E-01 -1.907930E+01 -1.664180E-11
      1015 -1.173547E-01 -1.815661E+01  2.997469E-11
      1016 -1.499925E-01 -1.743429E+01 -2.608047E-11
      1017 -1.402377E-01 -1.648975E+01  2.409717E-11
      1018 -1.698404E-01 -1.501529E+01  9.752199E-13
      1019 -1.595111E-01 -1.282635E+01 -4.688072E-11
      1020 -1.597901E-01 -9.870503E+00  2.198064E-11
      1021 -1.864667E-01 -6.234942E+00  8.613554E-12
      1022 -1.498885E-01 -2.134189E+00 -7.620571E-13

 total force (fx,fy,fz) for set NSET_IND_TOP and time  0.3797683E+00

       -1.432364E+00 -2.070197E+02  1.625975E-11

                                INCREMENT   180


 displacements (vx,vy,vz) for set NSET_IND_TOP and time  0.3847683E+00

        10  1.642742E-04 -3.886160E-01  0.000000E+00
        11  0.000000E+00 -3.886160E-01  0.000000E+00
      1004  1.612148E-04 -3.886160E-01  0.000000E+00
      1005  1.576184E-04 -3.886160E-01  0.000000E+00
      1006  1.518871E-04 -3.886160E-01  0.000000E+00
      1007  1.427439E-04 -3.886160E-01  0.000000E+00
      1008  1.293429E-04 -3.886160E-01  0.000000E+00
      1009  1.112402E-04 -3.886160E-01  0.000000E+00
      1010  8.846588E-05 -3.886160E-01  0.000000E+00
      1011  6.157075E-05 -3.886160E-01  0.000000E+00
      1012  3.161943E-05 -3.886160E-01  0.000000E+00
      1013  1.626914E-04 -3.886160E-01  0.000000E+00
      1014  1.595807E-04 -3.886160E-01  0.000000E+00
      1015  1.550969E-04 -3.886160E-01  0.000000E+00
      1016  1.477927E-04 -3.886160E-01  0.000000E+00
      1017  1.366045E-04 -3.886160E-01  0.000000E+00
      1018  1.208775E-04 -3.886160E-01  0.000000E+00
      1019  1.004060E-04 -3.886160E-01  0.000000E+00
      1020  7.548350E-05 -3.886160E-01  0.000000E+00
      1021  4.690426E-05 -3.886160E-01  0.000000E+00
      1022  1.592988E-05 -3.886160E-01  0.000000E+00

 forces (fx,fy,fz) for set NSET_IND_TOP and time  0.3847683E+00

        10  1.391932E-03 -5.697609E+00  8.783634E-12
        11  2.108281E-04 -1.382005E-03 -1.585949E-11
      1004  8.501600E-04 -1.021806E+01 -1.420185E-11
      1005  2.336746E-04 -9.597979E+00 -2.710900E-11
      1006  6.238288E-04 -9.218515E+00  1.546956E-11
      1007  3.158354E-04 -8.825003E+00  1.570816E-11
      1008  5.840623E-04 -8.223490E+00 -2.089719E-11
      1009  2.398390E-04 -7.286163E+00 -3.165488E-11
      1010 -3.532873E-05 -5.950714E+00 -2.684992E-11
      1011  7.025383E-05 -4.231262E+00 -3.345882E-11
      1012 -2.313420E-05 -2.200169E+00  8.512295E-12
      1013 -8.355113E-02 -2.149607E+01 -3.612222E-12
      1014 -1.272521E-01 -1.975196E+01  1.164224E-11
      1015 -1.215111E-01 -1.879713E+01 -3.063327E-12
      1016 -1.553044E-01 -1.804971E+01 -1.594103E-11
      1017 -1.452040E-01 -1.707214E+01 -2.169465E-11
      1018 -1.758549E-01 -1.554583E+01 -1.923706E-11
      1019 -1.651599E-01 -1.327970E+01 -1.172573E-11
      1020 -1.654487E-01 -1.021946E+01 -2.329426E-11
      1021 -1.930700E-01 -6.455404E+00  1.666400E-11
      1022 -1.551965E-01 -2.209658E+00  1.874501E-11

 total force (fx,fy,fz) for set NSET_IND_TOP and time  0.3847683E+00

       -1.483091E+00 -2.143274E+02 -1.730745E-10

                                INCREMENT   190


 displacements (vx,vy,vz) for set NSET_IND_TOP and time  0.3897683E+00

        10  1.699331E-04 -3.936660E-01  0.000000E+00
        11  0.000000E+00 -3.936660E-01  0.000000E+00
      1004  1.667690E-04 -3.936660E-01  0.000000E+00
      1005  1.630494E-04 -3.936660E-01  0.000000E+00
      1006  1.571212E-04 -3.936660E-01  0.000000E+00
      1007  1.476633E-04 -3.936660E-01  0.000000E+00
      1008  1.338010E-04 -3.936660E-01  0.000000E+00
      1009  1.150746E-04 -3.936660E-01  0.000000E+00
      1010  9.151545E-05 -3.936660E-01  0.000000E+00
      1011  6.369331E-05 -3.936660E-01  0.000000E+00
      1012  3.270950E-05 -3.936660E-01  0.000000E+00
      1013  1.682962E-04 -3.936660E-01  0.000000E+00
      1014  1.650789E-04 -3.936660E-01  0.000000E+00
      1015  1.604413E-04 -3.936660E-01  0.000000E+00
      1016  1.528859E-04 -3.936660E-01  0.000000E+00
      1017  1.413126E-04 -3.936660E-01  0.000000E+00
      1018  1.250439E-04 -3.936660E-01  0.000000E+00
      1019  1.038671E-04 -3.936660E-01  0.000000E+00
      1020  7.808562E-05 -3.936660E-01  0.000000E+00
      1021  4.852125E-05 -3.936660E-01  0.000000E+00
      1022  1.647906E-05 -3.936660E-01  0.000000E+00

 forces (fx,fy,fz) for set NSET_IND_TOP and time  0.3897683E+00

        10  1.439874E-03 -5.892992E+00 -5.587746E-12
        11  2.180812E-04 -1.429739E-03  1.652629E-12
      1004  8.794175E-04 -1.056859E+01 -1.568811E-11
      1005  2.416664E-04 -9.927450E+00  2.508057E-12
      1006  6.452640E-04 -9.535188E+00  1.369304E-11
      1007  3.266547E-04 -9.128358E+00 -1.194182E-12
      1008  6.041369E-04 -8.506324E+00 -1.915912E-11
      1009  2.480471E-04 -7.536868E+00 -1.865672E-11
      1010 -3.659125E-05 -6.155535E+00 -1.779880E-12
      1011  7.261659E-05 -4.376933E+00 -2.975470E-11
      1012 -2.397659E-05 -2.275925E+00  3.168184E-11
      1013 -8.643371E-02 -2.223333E+01 -1.402567E-11
      1014 -1.316419E-01 -2.042975E+01  8.450129E-12
      1015 -1.257024E-01 -1.944261E+01  5.640599E-11
      1016 -1.606611E-01 -1.866995E+01 -1.056932E-11
      1017 -1.502121E-01 -1.765915E+01  3.487166E-11
      1018 -1.819200E-01 -1.608062E+01  1.080824E-11
      1019 -1.708561E-01 -1.373670E+01  2.983214E-11
      1020 -1.711550E-01 -1.057125E+01 -7.336354E-13
      1021 -1.997290E-01 -6.677659E+00 -3.241851E-13
      1022 -1.605492E-01 -2.285742E+00  4.554579E-12

 total force (fx,fy,fz) for set NSET_IND_TOP and time  0.3897683E+00

       -1.534245E+00 -2.216924E+02  7.698504E-11

                                INCREMENT   200


 displacements (vx,vy,vz) for set NSET_IND_TOP and time  0.3947683E+00

        10  1.756556E-04 -3.987160E-01  0.000000E+00
        11  0.000000E+00 -3.987160E-01  0.000000E+00
      1004  1.723856E-04 -3.987160E-01  0.000000E+00
      1005  1.685414E-04 -3.987160E-01  0.000000E+00
      1006  1.624140E-04 -3.987160E-01  0.000000E+00
      1007  1.526381E-04 -3.987160E-01  0.000000E+00
      1008  1.383091E-04 -3.987160E-01  0.000000E+00
      1009  1.189521E-04 -3.987160E-01  0.000000E+00
      1010  9.459929E-05 -3.987160E-01  0.000000E+00
      1011  6.583972E-05 -3.987160E-01  0.000000E+00
      1012  3.381182E-05 -3.987160E-01  0.000000E+00
      1013  1.739639E-04 -3.987160E-01  0.000000E+00
      1014  1.706389E-04 -3.987160E-01  0.000000E+00
      1015  1.658457E-04 -3.987160E-01  0.000000E+00
      1016  1.580363E-04 -3.987160E-01  0.000000E+00
      1017  1.460736E-04 -3.987160E-01  0.000000E+00
      1018  1.292571E-04 -3.987160E-01  0.000000E+00
      1019  1.073670E-04 -3.987160E-01  0.000000E+00
      1020  8.071698E-05 -3.987160E-01  0.000000E+00
      1021  5.015640E-05 -3.987160E-01  0.000000E+00
      1022  1.703441E-05 -3.987160E-01  0.000000E+00

 forces (fx,fy,fz) for set NSET_IND_TOP and time  0.3947683E+00

        10  1.488353E-03 -6.090548E+00 -2.431190E-11
        11  2.254147E-04 -1.478009E-03  2.326748E-11
      1004  9.090022E-04 -1.092302E+01  2.534780E-11
      1005  2.497458E-04 -1.026059E+01  2.698058E-11
      1006  6.669373E-04 -9.855398E+00  2.220231E-11
      1007  3.375927E-04 -9.435106E+00  3.985919E-11
      1008  6.244341E-04 -8.792325E+00 -1.879828E-11
      1009  2.563446E-04 -7.790382E+00 -2.077867E-11
      1010 -3.786981E-05 -6.362652E+00 -2.194116E-12
      1011  7.500315E-05 -4.524238E+00 -3.873454E-11
      1012 -2.483043E-05 -2.352530E+00  4.763676E-11
      1013 -8.934875E-02 -2.297879E+01  4.034284E-11
      1014 -1.360811E-01 -2.111510E+01  1.358647E-11
      1015 -1.299409E-01 -2.009530E+01  2.713296E-11
      1016 -1.660780E-01 -1.929713E+01 -1.297185E-11
      1017 -1.552765E-01 -1.825273E+01  1.134204E-11
      1018 -1.880533E-01 -1.662140E+01 -3.895195E-11
      1019 -1.766164E-01 -1.419883E+01 -5.126921E-11
      1020 -1.769254E-01 -1.092698E+01  2.120082E-12
      1021 -2.064628E-01 -6.902408E+00  1.135447E-11
      1022 -1.659621E-01 -2.362679E+00  6.112177E-11

 total force (fx,fy,fz) for set NSET_IND_TOP and time  0.3947683E+00

       -1.585975E+00 -2.291396E+02  1.442842E-10

                                INCREMENT   210


 displacements (vx,vy,vz) for set NSET_IND_TOP and time  0.3997683E+00

        10  1.814283E-04 -4.037660E-01  0.000000E+00
        11  0.000000E+00 -4.037660E-01  0.000000E+00
      1004  1.780516E-04 -4.037660E-01  0.000000E+00
      1005  1.740817E-04 -4.037660E-01  0.000000E+00
      1006  1.677536E-04 -4.037660E-01  0.000000E+00
      1007  1.576567E-04 -4.037660E-01  0.000000E+00
      1008  1.428570E-04 -4.037660E-01  0.000000E+00
      1009  1.228639E-04 -4.037660E-01  0.000000E+00
      1010  9.771042E-05 -4.037660E-01  0.000000E+00
      1011  6.800513E-05 -4.037660E-01  0.000000E+00
      1012  3.492389E-05 -4.037660E-01  0.000000E+00
      1013  1.796814E-04 -4.037660E-01  0.000000E+00
      1014  1.762479E-04 -4.037660E-01  0.000000E+00
      1015  1.712977E-04 -4.037660E-01  0.000000E+00
      1016  1.632322E-04 -4.037660E-01  0.000000E+00
      1017  1.508767E-04 -4.037660E-01  0.000000E+00
      1018  1.335076E-04 -4.037660E-01  0.000000E+00
      1019  1.108980E-04 -4.037660E-01  0.000000E+00
      1020  8.337163E-05 -4.037660E-01  0.000000E+00
      1021  5.180603E-05 -4.037660E-01  0.000000E+00
      1022  1.759468E-05 -4.037660E-01  0.000000E+00

 forces (fx,fy,fz) for set NSET_IND_TOP and time  0.3997683E+00

        10  1.537259E-03 -6.289766E+00 -6.430988E-12
        11  2.328119E-04 -1.526715E-03  1.863601E-11
      1004  9.388445E-04 -1.128045E+01  3.309344E-11
      1005  2.578914E-04 -1.059657E+01  5.205298E-11
      1006  6.887966E-04 -1.017835E+01  4.795496E-11
      1007  3.486220E-04 -9.744496E+00  9.596773E-12
      1008  6.449061E-04 -9.080802E+00 -1.093636E-11
      1009  2.647106E-04 -8.046101E+00 -9.890675E-12
      1010 -3.916339E-05 -6.571576E+00 -7.579829E-13
      1011  7.740595E-05 -4.672831E+00 -5.304949E-11
      1012 -2.569555E-05 -2.429807E+00 -5.872360E-12
      1013 -9.228979E-02 -2.373052E+01  5.762946E-12
      1014 -1.405598E-01 -2.180625E+01 -1.276312E-11
      1015 -1.342172E-01 -2.075355E+01  3.913625E-11
      1016 -1.715431E-01 -1.992969E+01 -2.308731E-11
      1017 -1.603860E-01 -1.885143E+01  8.936851E-12
      1018 -1.942412E-01 -1.716687E+01 -1.482192E-11
      1019 -1.824280E-01 -1.466498E+01 -2.956035E-11
      1020 -1.827471E-01 -1.128582E+01 -1.708855E-12
      1021 -2.132565E-01 -7.129123E+00  6.258016E-11
      1022 -1.714232E-01 -2.440290E+00  1.276934E-11

 total force (fx,fy,fz) for set NSET_IND_TOP and time  0.3997683E+00

       -1.638166E+00 -2.366508E+02  1.216403E-10

                                INCREMENT   211


 displacements (vx,vy,vz) for set NSET_IND_TOP and time  0.4000000E+00

        10  1.816951E-04 -4.040000E-01  0.000000E+00
        11  0.000000E+00 -4.040000E-01  0.000000E+00
      1004  1.783136E-04 -4.040000E-01  0.000000E+00
      1005  1.743378E-04 -4.040000E-01  0.000000E+00
      1006  1.680004E-04 -4.040000E-01  0.000000E+00
      1007  1.578887E-04 -4.040000E-01  0.000000E+00
      1008  1.430673E-04 -4.040000E-01  0.000000E+00
      1009  1.230447E-04 -4.040000E-01  0.000000E+00
      1010  9.785426E-05 -4.040000E-01  0.000000E+00
      1011  6.810525E-05 -4.040000E-01  0.000000E+00
      1012  3.497531E-05 -4.040000E-01  0.000000E+00
      1013  1.799457E-04 -4.040000E-01  0.000000E+00
      1014  1.765072E-04 -4.040000E-01  0.000000E+00
      1015  1.715498E-04 -4.040000E-01  0.000000E+00
      1016  1.634724E-04 -4.040000E-01  0.000000E+00
      1017  1.510987E-04 -4.040000E-01  0.000000E+00
      1018  1.337041E-04 -4.040000E-01  0.000000E+00
      1019  1.110612E-04 -4.040000E-01  0.000000E+00
      1020  8.349437E-05 -4.040000E-01  0.000000E+00
      1021  5.188231E-05 -4.040000E-01  0.000000E+00
      1022  1.762058E-05 -4.040000E-01  0.000000E+00

 forces (fx,fy,fz) for set NSET_IND_TOP and time  0.4000000E+00

        10  1.539519E-03 -6.298959E+00  4.378803E-12
        11  2.331538E-04 -1.528969E-03  1.440831E-12
      1004  9.402235E-04 -1.129694E+01  1.926380E-11
      1005  2.582671E-04 -1.061208E+01 -5.726318E-12
      1006  6.898063E-04 -1.019326E+01  1.733618E-11
      1007  3.491310E-04 -9.758785E+00  5.414761E-11
      1008  6.458520E-04 -9.094128E+00 -7.516352E-12
      1009  2.650967E-04 -8.057916E+00  6.736294E-12
      1010 -3.922378E-05 -6.581230E+00 -4.143562E-11
      1011  7.751636E-05 -4.679697E+00 -2.585041E-11
      1012 -2.573611E-05 -2.433378E+00  4.439927E-11
      1013 -9.242581E-02 -2.376522E+01  5.293543E-12
      1014 -1.407670E-01 -2.183815E+01 -4.471090E-12
      1015 -1.344150E-01 -2.078394E+01  1.214984E-11
      1016 -1.717958E-01 -1.995890E+01  9.015899E-12
      1017 -1.606223E-01 -1.887908E+01  8.369305E-12
      1018 -1.945274E-01 -1.719207E+01 -4.707346E-12
      1019 -1.826967E-01 -1.468652E+01 -6.873613E-12
      1020 -1.830163E-01 -1.130240E+01 -4.105161E-12
      1021 -2.135707E-01 -7.139600E+00  2.774314E-11
      1022 -1.716758E-01 -2.443877E+00  3.798739E-12

 total force (fx,fy,fz) for set NSET_IND_TOP and time  0.4000000E+00

       -1.640579E+00 -2.369977E+02  1.133873E-10

                        S T E P       5


                                INCREMENT    10


 displacements (vx,vy,vz) for set NSET_IND_TOP and time  0.4007026E+00

        10  1.787553E-04 -4.014454E-01  0.000000E+00
        11  0.000000E+00 -4.014454E-01  0.000000E+00
      1004  1.754281E-04 -4.014454E-01  0.000000E+00
      1005  1.715164E-04 -4.014454E-01  0.000000E+00
      1006  1.652813E-04 -4.014454E-01  0.000000E+00
      1007  1.553331E-04 -4.014454E-01  0.000000E+00
      1008  1.407514E-04 -4.014454E-01  0.000000E+00
      1009  1.210528E-04 -4.014454E-01  0.000000E+00
      1010  9.627004E-05 -4.014454E-01  0.000000E+00
      1011  6.700261E-05 -4.014454E-01  0.000000E+00
      1012  3.440904E-05 -4.014454E-01  0.000000E+00
      1013  1.770340E-04 -4.014454E-01  0.000000E+00
      1014  1.736508E-04 -4.014454E-01  0.000000E+00
      1015  1.687734E-04 -4.014454E-01  0.000000E+00
      1016  1.608265E-04 -4.014454E-01  0.000000E+00
      1017  1.486529E-04 -4.014454E-01  0.000000E+00
      1018  1.315397E-04 -4.014454E-01  0.000000E+00
      1019  1.092632E-04 -4.014454E-01  0.000000E+00
      1020  8.214260E-05 -4.014454E-01  0.000000E+00
      1021  5.104231E-05 -4.014454E-01  0.000000E+00
      1022  1.733529E-05 -4.014454E-01  0.000000E+00

 forces (fx,fy,fz) for set NSET_IND_TOP and time  0.4007026E+00

        10  1.514614E-03 -6.197453E+00 -2.387949E-11
        11  2.293870E-04 -1.504175E-03  1.608092E-11
      1004  9.250249E-04 -1.111483E+01  1.098542E-11
      1005  2.541160E-04 -1.044091E+01  1.571420E-11
      1006  6.786721E-04 -1.002874E+01 -1.878189E-11
      1007  3.435117E-04 -9.601184E+00  1.004563E-11
      1008  6.354253E-04 -8.947190E+00  7.397950E-12
      1009  2.608343E-04 -7.927670E+00 -6.368879E-12
      1010 -3.856704E-05 -6.474823E+00 -1.176280E-11
      1011  7.629047E-05 -4.604020E+00 -4.629249E-11
      1012 -2.529747E-05 -2.394022E+00  2.216059E-11
      1013 -9.092832E-02 -2.338219E+01  2.192024E-11
      1014 -1.384865E-01 -2.148602E+01  3.593792E-11
      1015 -1.322376E-01 -2.044859E+01 -1.777645E-11
      1016 -1.690131E-01 -1.963667E+01  2.183498E-11
      1017 -1.580206E-01 -1.857412E+01  1.548450E-11
      1018 -1.913766E-01 -1.691424E+01 -1.441691E-11
      1019 -1.797376E-01 -1.444910E+01 -3.295142E-12
      1020 -1.800520E-01 -1.111964E+01  1.264500E-11
      1021 -2.101115E-01 -7.024136E+00 -1.793055E-11
      1022 -1.688951E-01 -2.404351E+00  4.488410E-11

 total force (fx,fy,fz) for set NSET_IND_TOP and time  0.4007026E+00

       -1.614005E+00 -2.331714E+02  7.458686E-11

                                INCREMENT    20


 displacements (vx,vy,vz) for set NSET_IND_TOP and time  0.4027026E+00

        10  1.704885E-04 -3.941734E-01  0.000000E+00
        11  0.000000E+00 -3.941734E-01  0.000000E+00
      1004  1.673142E-04 -3.941734E-01  0.000000E+00
      1005  1.635825E-04 -3.941734E-01  0.000000E+00
      1006  1.576350E-04 -3.941734E-01  0.000000E+00
      1007  1.481463E-04 -3.941734E-01  0.000000E+00
      1008  1.342387E-04 -3.941734E-01  0.000000E+00
      1009  1.154511E-04 -3.941734E-01  0.000000E+00
      1010  9.181492E-05 -3.941734E-01  0.000000E+00
      1011  6.390176E-05 -3.941734E-01  0.000000E+00
      1012  3.281656E-05 -3.941734E-01  0.000000E+00
      1013  1.688463E-04 -3.941734E-01  0.000000E+00
      1014  1.656186E-04 -3.941734E-01  0.000000E+00
      1015  1.609659E-04 -3.941734E-01  0.000000E+00
      1016  1.533859E-04 -3.941734E-01  0.000000E+00
      1017  1.417749E-04 -3.941734E-01  0.000000E+00
      1018  1.254530E-04 -3.941734E-01  0.000000E+00
      1019  1.042070E-04 -3.941734E-01  0.000000E+00
      1020  7.834116E-05 -3.941734E-01  0.000000E+00
      1021  4.868005E-05 -3.941734E-01  0.000000E+00
      1022  1.653299E-05 -3.941734E-01  0.000000E+00

 forces (fx,fy,fz) for set NSET_IND_TOP and time  0.4027026E+00

        10  1.444579E-03 -5.912108E+00 -1.144185E-11
        11  2.187932E-04 -1.434434E-03 -1.199939E-11
      1004  8.822876E-04 -1.060289E+01 -9.139967E-12
      1005  2.424474E-04 -9.959706E+00 -2.991352E-12
      1006  6.473651E-04 -9.566206E+00  3.974650E-12
      1007  3.277134E-04 -9.158085E+00  2.846702E-11
      1008  6.061055E-04 -8.534051E+00 -2.326715E-11
      1009  2.488502E-04 -7.561453E+00  1.387604E-11
      1010 -3.671760E-05 -6.175625E+00 -3.795298E-11
      1011  7.284573E-05 -4.391224E+00 -9.411331E-12
      1012 -2.406161E-05 -2.283357E+00  1.215022E-11
      1013 -8.671692E-02 -2.230547E+01 -2.511724E-11
      1014 -1.320731E-01 -2.049609E+01 -1.571809E-11
      1015 -1.261142E-01 -1.950582E+01  2.243805E-11
      1016 -1.611873E-01 -1.873072E+01 -6.567191E-12
      1017 -1.507041E-01 -1.771668E+01  2.246647E-11
      1018 -1.825158E-01 -1.613305E+01  2.156231E-11
      1019 -1.714157E-01 -1.378152E+01 -2.804068E-11
      1020 -1.717155E-01 -1.060576E+01 -5.957190E-11
      1021 -2.003832E-01 -6.699464E+00  6.173195E-11
      1022 -1.610751E-01 -2.293207E+00  5.679901E-12

 total force (fx,fy,fz) for set NSET_IND_TOP and time  0.4027026E+00

       -1.539271E+00 -2.224139E+02 -4.887251E-11

                                INCREMENT    30


 displacements (vx,vy,vz) for set NSET_IND_TOP and time  0.4047026E+00

        10  1.623431E-04 -3.869014E-01  0.000000E+00
        11  0.000000E+00 -3.869014E-01  0.000000E+00
      1004  1.593195E-04 -3.869014E-01  0.000000E+00
      1005  1.557653E-04 -3.869014E-01  0.000000E+00
      1006  1.501013E-04 -3.869014E-01  0.000000E+00
      1007  1.410655E-04 -3.869014E-01  0.000000E+00
      1008  1.278221E-04 -3.869014E-01  0.000000E+00
      1009  1.099322E-04 -3.869014E-01  0.000000E+00
      1010  8.742560E-05 -3.869014E-01  0.000000E+00
      1011  6.084673E-05 -3.869014E-01  0.000000E+00
      1012  3.124761E-05 -3.869014E-01  0.000000E+00
      1013  1.607788E-04 -3.869014E-01  0.000000E+00
      1014  1.577045E-04 -3.869014E-01  0.000000E+00
      1015  1.532733E-04 -3.869014E-01  0.000000E+00
      1016  1.460549E-04 -3.869014E-01  0.000000E+00
      1017  1.349983E-04 -3.869014E-01  0.000000E+00
      1018  1.194561E-04 -3.869014E-01  0.000000E+00
      1019  9.922535E-05 -3.869014E-01  0.000000E+00
      1020  7.459587E-05 -3.869014E-01  0.000000E+00
      1021  4.635270E-05 -3.869014E-01  0.000000E+00
      1022  1.574255E-05 -3.869014E-01  0.000000E+00

 forces (fx,fy,fz) for set NSET_IND_TOP and time  0.4047026E+00

        10  1.375571E-03 -5.630783E+00 -2.875112E-11
        11  2.083536E-04 -1.365742E-03  1.345000E-13
      1004  8.401724E-04 -1.009819E+01  2.899347E-12
      1005  2.309393E-04 -9.485343E+00 -2.309275E-12
      1006  6.165078E-04 -9.110292E+00  1.319739E-11
      1007  3.121361E-04 -8.721364E+00 -4.868784E-12
      1008  5.772084E-04 -8.126889E+00 -2.476704E-11
      1009  2.370326E-04 -7.200555E+00  5.328015E-12
      1010 -3.490353E-05 -5.880785E+00  2.287073E-11
      1011  6.944135E-05 -4.181534E+00 -3.358860E-12
      1012 -2.285207E-05 -2.174310E+00  2.039314E-11
      1013 -8.256817E-02 -2.124393E+01 -2.344214E-11
      1014 -1.257551E-01 -1.952020E+01  3.273559E-11
      1015 -1.200817E-01 -1.857650E+01 -2.774936E-11
      1016 -1.534776E-01 -1.783777E+01  1.085887E-11
      1017 -1.434961E-01 -1.687162E+01 -2.611866E-11
      1018 -1.737864E-01 -1.536319E+01 -5.556977E-11
      1019 -1.632173E-01 -1.312366E+01  1.344524E-11
      1020 -1.635027E-01 -1.009936E+01  1.288480E-11
      1021 -1.907992E-01 -6.379535E+00 -1.981526E-12
      1022 -1.533711E-01 -2.183687E+00 -2.073186E-11

 total force (fx,fy,fz) for set NSET_IND_TOP and time  0.4047026E+00

       -1.465646E+00 -2.118109E+02 -8.490076E-11

                                INCREMENT    40


 displacements (vx,vy,vz) for set NSET_IND_TOP and time  0.4067026E+00

        10  1.543294E-04 -3.796294E-01  0.000000E+00
        11  0.000000E+00 -3.796294E-01  0.000000E+00
      1004  1.514542E-04 -3.796294E-01  0.000000E+00
      1005  1.480747E-04 -3.796294E-01  0.000000E+00
      1006  1.426896E-04 -3.796294E-01  0.000000E+00
      1007  1.340993E-04 -3.796294E-01  0.000000E+00
      1008  1.215094E-04 -3.796294E-01  0.000000E+00
      1009  1.045027E-04 -3.796294E-01  0.000000E+00
      1010  8.310745E-05 -3.796294E-01  0.000000E+00
      1011  5.784123E-05 -3.796294E-01  0.000000E+00
      1012  2.970411E-05 -3.796294E-01  0.000000E+00
      1013  1.528420E-04 -3.796294E-01  0.000000E+00
      1014  1.499186E-04 -3.796294E-01  0.000000E+00
      1015  1.457054E-04 -3.796294E-01  0.000000E+00
      1016  1.388427E-04 -3.796294E-01  0.000000E+00
      1017  1.283315E-04 -3.796294E-01  0.000000E+00
      1018  1.135565E-04 -3.796294E-01  0.000000E+00
      1019  9.432452E-05 -3.796294E-01  0.000000E+00
      1020  7.091132E-05 -3.796294E-01  0.000000E+00
      1021  4.406309E-05 -3.796294E-01  0.000000E+00
      1022  1.496492E-05 -3.796294E-01  0.000000E+00

 forces (fx,fy,fz) for set NSET_IND_TOP and time  0.4067026E+00

        10  1.307679E-03 -5.353948E+00 -5.987606E-12
        11  1.980809E-04 -1.298168E-03  3.866507E-11
      1004  7.987358E-04 -9.601552E+00  1.371625E-11
      1005  2.196122E-04 -9.018579E+00  2.986953E-11
      1006  5.861442E-04 -8.661699E+00  5.384884E-12
      1007  2.968046E-04 -8.291671E+00  3.031283E-11
      1008  5.487731E-04 -7.726290E+00 -1.918100E-11
      1009  2.254000E-04 -6.845481E+00  3.823093E-11
      1010 -3.312342E-05 -5.590709E+00 -1.715679E-11
      1011  6.608571E-05 -3.975234E+00  1.917848E-12
      1012 -2.166688E-05 -2.067025E+00  2.425774E-11
      1013 -7.848689E-02 -2.019934E+01 -2.379297E-11
      1014 -1.195398E-01 -1.855993E+01  1.162581E-11
      1015 -1.141472E-01 -1.766208E+01 -1.912071E-11
      1016 -1.458932E-01 -1.695918E+01  5.050182E-12
      1017 -1.364051E-01 -1.604017E+01  2.114842E-11
      1018 -1.651988E-01 -1.460575E+01 -1.994049E-11
      1019 -1.551519E-01 -1.247641E+01 -1.124523E-11
      1020 -1.554232E-01 -9.601154E+00 -3.468781E-11
      1021 -1.813708E-01 -6.064778E+00  4.562573E-12
      1022 -1.457922E-01 -2.075939E+00  6.377299E-11

 total force (fx,fy,fz) for set NSET_IND_TOP and time  0.4067026E+00

       -1.393217E+00 -2.013782E+02  1.374024E-10

                                INCREMENT    50


 displacements (vx,vy,vz) for set NSET_IND_TOP and time  0.4087026E+00

        10  1.464285E-04 -3.723574E-01  0.000000E+00
        11  0.000000E+00 -3.723574E-01  0.000000E+00
      1004  1.436997E-04 -3.723574E-01  0.000000E+00
      1005  1.404924E-04 -3.723574E-01  0.000000E+00
      1006  1.353824E-04 -3.723574E-01  0.000000E+00
      1007  1.272314E-04 -3.723574E-01  0.000000E+00
      1008  1.152859E-04 -3.723574E-01  0.000000E+00
      1009  9.914982E-05 -3.723574E-01  0.000000E+00
      1010  7.885025E-05 -3.723574E-01  0.000000E+00
      1011  5.487818E-05 -3.723574E-01  0.000000E+00
      1012  2.818240E-05 -3.723574E-01  0.000000E+00
      1013  1.450168E-04 -3.723574E-01  0.000000E+00
      1014  1.422422E-04 -3.723574E-01  0.000000E+00
      1015  1.382440E-04 -3.723574E-01  0.000000E+00
      1016  1.317322E-04 -3.723574E-01  0.000000E+00
      1017  1.217587E-04 -3.723574E-01  0.000000E+00
      1018  1.077400E-04 -3.723574E-01  0.000000E+00
      1019  8.949286E-05 -3.723574E-01  0.000000E+00
      1020  6.727879E-05 -3.723574E-01  0.000000E+00
      1021  4.180582E-05 -3.723574E-01  0.000000E+00
      1022  1.419828E-05 -3.723574E-01  0.000000E+00

 forces (fx,fy,fz) for set NSET_IND_TOP and time  0.4087026E+00

        10  1.240740E-03 -5.080895E+00  7.689363E-12
        11  1.879512E-04 -1.231560E-03  1.347234E-11
      1004  7.578780E-04 -9.111716E+00 -8.835148E-12
      1005  2.084371E-04 -8.558234E+00  1.253408E-11
      1006  5.562003E-04 -8.219303E+00  3.697937E-11
      1007  2.816809E-04 -7.867939E+00  9.376019E-12
      1008  5.207315E-04 -7.331268E+00  4.042698E-11
      1009  2.139239E-04 -6.495364E+00 -1.367615E-11
      1010 -3.137411E-05 -5.304690E+00 -1.595659E-12
      1011  6.276987E-05 -3.771823E+00 -2.557717E-11
      1012 -2.050416E-05 -1.961245E+00  2.338459E-11
      1013 -7.446352E-02 -1.916904E+01  4.106404E-11
      1014 -1.134126E-01 -1.761283E+01  5.108802E-12
      1015 -1.082969E-01 -1.676027E+01 -2.670264E-11
      1016 -1.384162E-01 -1.609275E+01 -2.984812E-11
      1017 -1.294146E-01 -1.522027E+01 -9.803269E-12
      1018 -1.567328E-01 -1.385887E+01 -9.497292E-12
      1019 -1.472008E-01 -1.183821E+01  7.051248E-12
      1020 -1.474582E-01 -9.109917E+00  2.353051E-11
      1021 -1.720759E-01 -5.754430E+00 -6.005862E-12
      1022 -1.383206E-01 -1.969701E+00 -8.832934E-12

 total force (fx,fy,fz) for set NSET_IND_TOP and time  0.4087026E+00

       -1.321814E+00 -1.910900E+02  8.024310E-11

                                INCREMENT    60


 displacements (vx,vy,vz) for set NSET_IND_TOP and time  0.4107026E+00

        10  1.386694E-04 -3.650854E-01  0.000000E+00
        11  0.000000E+00 -3.650854E-01  0.000000E+00
      1004  1.360843E-04 -3.650854E-01  0.000000E+00
      1005  1.330462E-04 -3.650854E-01  0.000000E+00
      1006  1.282063E-04 -3.650854E-01  0.000000E+00
      1007  1.204868E-04 -3.650854E-01  0.000000E+00
      1008  1.091740E-04 -3.650854E-01  0.000000E+00
      1009  9.389301E-05 -3.650854E-01  0.000000E+00
      1010  7.466944E-05 -3.650854E-01  0.000000E+00
      1011  5.196827E-05 -3.650854E-01  0.000000E+00
      1012  2.668799E-05 -3.650854E-01  0.000000E+00
      1013  1.373321E-04 -3.650854E-01  0.000000E+00
      1014  1.347037E-04 -3.650854E-01  0.000000E+00
      1015  1.309167E-04 -3.650854E-01  0.000000E+00
      1016  1.247493E-04 -3.650854E-01  0.000000E+00
      1017  1.153040E-04 -3.650854E-01  0.000000E+00
      1018  1.020280E-04 -3.650854E-01  0.000000E+00
      1019  8.474789E-05 -3.650854E-01  0.000000E+00
      1020  6.371143E-05 -3.650854E-01  0.000000E+00
      1021  3.958904E-05 -3.650854E-01  0.000000E+00
      1022  1.344539E-05 -3.650854E-01  0.000000E+00

 forces (fx,fy,fz) for set NSET_IND_TOP and time  0.4107026E+00

        10  1.175002E-03 -4.812754E+00 -1.327098E-11
        11  1.780010E-04 -1.166142E-03  6.406124E-12
      1004  7.177524E-04 -8.630695E+00  3.086802E-11
      1005  1.974611E-04 -8.106174E+00  2.816591E-11
      1006  5.267912E-04 -7.784870E+00  4.727670E-12
      1007  2.668258E-04 -7.451834E+00 -4.067001E-11
      1008  4.931890E-04 -6.943353E+00 -3.926980E-13
      1009  2.026502E-04 -6.151545E+00  1.510731E-11
      1010 -2.965822E-05 -5.023814E+00  9.895293E-12
      1011  5.951000E-05 -3.572069E+00  8.316688E-12
      1012 -1.936465E-05 -1.857366E+00  2.272447E-11
      1013 -7.051239E-02 -1.815727E+01  2.786971E-11
      1014 -1.073954E-01 -1.668277E+01 -1.757217E-11
      1015 -1.025515E-01 -1.587469E+01 -1.857137E-11
      1016 -1.310734E-01 -1.524191E+01 -5.778533E-11
      1017 -1.225495E-01 -1.441513E+01 -4.214717E-11
      1018 -1.484187E-01 -1.312542E+01 -2.448175E-11
      1019 -1.393923E-01 -1.121149E+01  2.021761E-11
      1020 -1.396359E-01 -8.627512E+00  4.121192E-11
      1021 -1.629476E-01 -5.449662E+00 -1.705125E-11
      1022 -1.309829E-01 -1.865372E+00  7.204015E-12

 total force (fx,fy,fz) for set NSET_IND_TOP and time  0.4107026E+00

       -1.251691E+00 -1.809869E+02 -9.227990E-12

                                INCREMENT    70


 displacements (vx,vy,vz) for set NSET_IND_TOP and time  0.4127026E+00

        10  1.310131E-04 -3.578134E-01  0.000000E+00
        11  0.000000E+00 -3.578134E-01  0.000000E+00
      1004  1.285700E-04 -3.578134E-01  0.000000E+00
      1005  1.256990E-04 -3.578134E-01  0.000000E+00
      1006  1.211258E-04 -3.578134E-01  0.000000E+00
      1007  1.138321E-04 -3.578134E-01  0.000000E+00
      1008  1.031436E-04 -3.578134E-01  0.000000E+00
      1009  8.870640E-05 -3.578134E-01  0.000000E+00
      1010  7.054452E-05 -3.578134E-01  0.000000E+00
      1011  4.909731E-05 -3.578134E-01  0.000000E+00
      1012  2.521359E-05 -3.578134E-01  0.000000E+00
      1013  1.297492E-04 -3.578134E-01  0.000000E+00
      1014  1.272653E-04 -3.578134E-01  0.000000E+00
      1015  1.236867E-04 -3.578134E-01  0.000000E+00
      1016  1.178594E-04 -3.578134E-01  0.000000E+00
      1017  1.089353E-04 -3.578134E-01  0.000000E+00
      1018  9.639217E-05 -3.578134E-01  0.000000E+00
      1019  8.006633E-05 -3.578134E-01  0.000000E+00
      1020  6.019177E-05 -3.578134E-01  0.000000E+00
      1021  3.740192E-05 -3.578134E-01  0.000000E+00
      1022  1.270258E-05 -3.578134E-01  0.000000E+00

 forces (fx,fy,fz) for set NSET_IND_TOP and time  0.4127026E+00

        10  1.110134E-03 -4.547953E+00 -3.431783E-12
        11  1.681822E-04 -1.101624E-03 -6.693602E-12
      1004  6.781525E-04 -8.155693E+00 -9.272815E-12
      1005  1.866183E-04 -7.659819E+00  2.051053E-12
      1006  4.977611E-04 -7.355972E+00  1.432780E-11
      1007  2.521556E-04 -7.041075E+00  3.794776E-11
      1008  4.660041E-04 -6.560461E+00 -2.100336E-11
      1009  1.915161E-04 -5.812204E+00 -1.587361E-11
      1010 -2.797405E-05 -4.746613E+00 -1.446774E-11
      1011  5.628274E-05 -3.374937E+00 -2.119707E-11
      1012 -1.824897E-05 -1.754852E+00 -2.800095E-12
      1013 -6.661460E-02 -1.715813E+01 -1.130740E-11
      1014 -1.014593E-01 -1.576440E+01 -5.723422E-12
      1015 -9.688359E-02 -1.500034E+01 -1.617417E-11
      1016 -1.238294E-01 -1.440197E+01 -2.827250E-11
      1017 -1.157768E-01 -1.362038E+01  3.470113E-12
      1018 -1.402164E-01 -1.240150E+01 -3.702283E-11
      1019 -1.316888E-01 -1.059295E+01 -3.552447E-11
      1020 -1.319190E-01 -8.151428E+00  7.855050E-12
      1021 -1.539423E-01 -5.148897E+00  1.360689E-12
      1022 -1.237441E-01 -1.762416E+00 -2.733724E-11

 total force (fx,fy,fz) for set NSET_IND_TOP and time  0.4127026E+00

       -1.182514E+00 -1.710131E+02 -1.890896E-10

                                INCREMENT    80


 displacements (vx,vy,vz) for set NSET_IND_TOP and time  0.4147026E+00

        10  1.234775E-04 -3.505414E-01  0.000000E+00
        11  0.000000E+00 -3.505414E-01  0.000000E+00
      1004  1.211742E-04 -3.505414E-01  0.000000E+00
      1005  1.184677E-04 -3.505414E-01  0.000000E+00
      1006  1.141571E-04 -3.505414E-01  0.000000E+00
      1007  1.072826E-04 -3.505414E-01  0.000000E+00
      1008  9.720872E-05 -3.505414E-01  0.000000E+00
      1009  8.360191E-05 -3.505414E-01  0.000000E+00
      1010  6.648493E-05 -3.505414E-01  0.000000E+00
      1011  4.627183E-05 -3.505414E-01  0.000000E+00
      1012  2.376255E-05 -3.505414E-01  0.000000E+00
      1013  1.222860E-04 -3.505414E-01  0.000000E+00
      1014  1.199442E-04 -3.505414E-01  0.000000E+00
      1015  1.165710E-04 -3.505414E-01  0.000000E+00
      1016  1.110784E-04 -3.505414E-01  0.000000E+00
      1017  1.026673E-04 -3.505414E-01  0.000000E+00
      1018  9.084556E-05 -3.505414E-01  0.000000E+00
      1019  7.545890E-05 -3.505414E-01  0.000000E+00
      1020  5.672788E-05 -3.505414E-01  0.000000E+00
      1021  3.524947E-05 -3.505414E-01  0.000000E+00
      1022  1.197155E-05 -3.505414E-01  0.000000E+00

 forces (fx,fy,fz) for set NSET_IND_TOP and time  0.4147026E+00

        10  1.046287E-03 -4.287203E+00 -1.416630E-11
        11  1.585171E-04 -1.038141E-03  5.548799E-12
      1004  6.391731E-04 -7.687976E+00 -3.785073E-12
      1005  1.759385E-04 -7.220340E+00  2.697517E-11
      1006  4.691815E-04 -6.933711E+00  3.547374E-12
      1007  2.377086E-04 -6.636702E+00 -8.545692E-12
      1008  4.392420E-04 -6.183543E+00  1.924892E-11
      1009  1.805505E-04 -5.478173E+00  1.144741E-11
      1010 -2.632259E-05 -4.473759E+00 -1.257898E-11
      1011  5.309869E-05 -3.180900E+00  7.278373E-12
      1012 -1.715701E-05 -1.653951E+00  1.467894E-11
      1013 -6.277888E-02 -1.617430E+01  2.050893E-11
      1014 -9.561766E-02 -1.486014E+01 -6.509904E-12
      1015 -9.130578E-02 -1.413948E+01 -2.935430E-12
      1016 -1.167006E-01 -1.357505E+01 -1.389644E-11
      1017 -1.091118E-01 -1.283800E+01 -1.357936E-11
      1018 -1.321445E-01 -1.168888E+01  1.933742E-11
      1019 -1.241078E-01 -9.984093E+00  2.902123E-12
      1020 -1.243247E-01 -7.682815E+00  6.675549E-12
      1021 -1.450801E-01 -4.852857E+00 -4.424905E-12
      1022 -1.166203E-01 -1.661078E+00  3.335821E-11

 total force (fx,fy,fz) for set NSET_IND_TOP and time  0.4147026E+00

       -1.114436E+00 -1.611940E+02  9.108512E-11

                                INCREMENT    90


 displacements (vx,vy,vz) for set NSET_IND_TOP and time  0.4167026E+00

        10  1.160689E-04 -3.432694E-01  0.000000E+00
        11  0.000000E+00 -3.432694E-01  0.000000E+00
      1004  1.139032E-04 -3.432694E-01  0.000000E+00
      1005  1.113585E-04 -3.432694E-01  0.000000E+00
      1006  1.073060E-04 -3.432694E-01  0.000000E+00
      1007  1.008436E-04 -3.432694E-01  0.000000E+00
      1008  9.137398E-05 -3.432694E-01  0.000000E+00
      1009  7.858360E-05 -3.432694E-01  0.000000E+00
      1010  6.249390E-05 -3.432694E-01  0.000000E+00
      1011  4.349407E-05 -3.432694E-01  0.000000E+00
      1012  2.233601E-05 -3.432694E-01  0.000000E+00
      1013  1.149485E-04 -3.432694E-01  0.000000E+00
      1014  1.127467E-04 -3.432694E-01  0.000000E+00
      1015  1.095753E-04 -3.432694E-01  0.000000E+00
      1016  1.044118E-04 -3.432694E-01  0.000000E+00
      1017  9.650510E-05 -3.432694E-01  0.000000E+00
      1018  8.539260E-05 -3.432694E-01  0.000000E+00
      1019  7.092927E-05 -3.432694E-01  0.000000E+00
      1020  5.332249E-05 -3.432694E-01  0.000000E+00
      1021  3.313336E-05 -3.432694E-01  0.000000E+00
      1022  1.125286E-05 -3.432694E-01  0.000000E+00

 forces (fx,fy,fz) for set NSET_IND_TOP and time  0.4167026E+00

        10  9.835161E-04 -4.030792E+00  2.062607E-12
        11  1.490134E-04 -9.757345E-04 -5.730241E-12
      1004  6.008483E-04 -7.228051E+00 -1.874257E-11
      1005  1.654343E-04 -6.788197E+00  3.757780E-12
      1006  4.410789E-04 -6.518515E+00  9.437277E-12
      1007  2.235000E-04 -6.239108E+00 -2.125164E-11
      1008  4.129264E-04 -5.812954E+00 -1.643098E-11
      1009  1.697647E-04 -5.149756E+00  2.689272E-11
      1010 -2.470273E-05 -4.205495E+00 -1.580799E-11
      1011  4.996321E-05 -2.990130E+00 -4.536027E-12
      1012 -1.608733E-05 -1.554748E+00  1.391744E-11
      1013 -5.900811E-02 -1.520684E+01  2.997158E-11
      1014 -8.987492E-02 -1.397096E+01 -2.007372E-11
      1015 -8.582235E-02 -1.329301E+01  7.589485E-13
      1016 -1.096924E-01 -1.276197E+01 -4.145084E-11
      1017 -1.025594E-01 -1.206874E+01 -1.519673E-11
      1018 -1.242091E-01 -1.098824E+01 -1.776934E-11
      1019 -1.166550E-01 -9.385479E+00 -2.057599E-11
      1020 -1.168588E-01 -7.222088E+00 -1.024514E-12
      1021 -1.363678E-01 -4.561802E+00  8.734791E-12
      1022 -1.096170E-01 -1.561447E+00  6.917578E-12

 total force (fx,fy,fz) for set NSET_IND_TOP and time  0.4167026E+00

       -1.047510E+00 -1.515393E+02 -9.613987E-11

                                INCREMENT   100


 displacements (vx,vy,vz) for set NSET_IND_TOP and time  0.4187026E+00

        10  1.087899E-04 -3.359974E-01  0.000000E+00
        11  0.000000E+00 -3.359974E-01  0.000000E+00
      1004  1.067592E-04 -3.359974E-01  0.000000E+00
      1005  1.043735E-04 -3.359974E-01  0.000000E+00
      1006  1.005745E-04 -3.359974E-01  0.000000E+00
      1007  9.451699E-05 -3.359974E-01  0.000000E+00
      1008  8.564104E-05 -3.359974E-01  0.000000E+00
      1009  7.365280E-05 -3.359974E-01  0.000000E+00
      1010  5.857243E-05 -3.359974E-01  0.000000E+00
      1011  4.076470E-05 -3.359974E-01  0.000000E+00
      1012  2.093433E-05 -3.359974E-01  0.000000E+00
      1013  1.077394E-04 -3.359974E-01  0.000000E+00
      1014  1.056749E-04 -3.359974E-01  0.000000E+00
      1015  1.027018E-04 -3.359974E-01  0.000000E+00
      1016  9.786163E-05 -3.359974E-01  0.000000E+00
      1017  9.045045E-05 -3.359974E-01  0.000000E+00
      1018  8.003474E-05 -3.359974E-01  0.000000E+00
      1019  6.647861E-05 -3.359974E-01  0.000000E+00
      1020  4.997643E-05 -3.359974E-01  0.000000E+00
      1021  3.105412E-05 -3.359974E-01  0.000000E+00
      1022  1.054668E-05 -3.359974E-01  0.000000E+00

 forces (fx,fy,fz) for set NSET_IND_TOP and time  0.4187026E+00

        10  9.218408E-04 -3.778920E+00 -1.836675E-11
        11  1.396735E-04 -9.144050E-04 -1.193201E-11
      1004  5.631931E-04 -6.776265E+00 -3.157384E-12
      1005  1.551150E-04 -6.363691E+00  2.477036E-11
      1006  4.134668E-04 -6.110645E+00  1.799125E-11
      1007  2.095395E-04 -5.848517E+00 -2.328304E-11
      1008  3.870676E-04 -5.448881E+00  1.187730E-11
      1009  1.591659E-04 -4.827107E+00  7.096369E-12
      1010 -2.311110E-05 -3.941937E+00 -2.719491E-11
      1011  4.688138E-05 -2.802704E+00 -3.033978E-12
      1012 -1.503665E-05 -1.457283E+00  4.763012E-11
      1013 -5.530298E-02 -1.425650E+01 -1.337153E-11
      1014 -8.423216E-02 -1.309751E+01  5.443024E-11
      1015 -8.043439E-02 -1.246149E+01  1.360956E-11
      1016 -1.028062E-01 -1.196324E+01 -1.813882E-11
      1017 -9.612117E-02 -1.131303E+01  3.951506E-12
      1018 -1.164118E-01 -1.029992E+01  4.915623E-12
      1019 -1.093319E-01 -8.797371E+00 -6.644907E-12
      1020 -1.095228E-01 -6.769440E+00 -1.347278E-11
      1021 -1.278069E-01 -4.275846E+00  4.364953E-11
      1022 -1.027354E-01 -1.463561E+00 -3.316458E-12

 total force (fx,fy,fz) for set NSET_IND_TOP and time  0.4187026E+00

       -9.817478E-01 -1.420548E+02  8.800929E-11

                                INCREMENT   110


 displacements (vx,vy,vz) for set NSET_IND_TOP and time  0.4207026E+00

        10  1.016128E-04 -3.287254E-01  0.000000E+00
        11  0.000000E+00 -3.287254E-01  0.000000E+00
      1004  9.971558E-05 -3.287254E-01  0.000000E+00
      1005  9.748668E-05 -3.287254E-01  0.000000E+00
      1006  9.393795E-05 -3.287254E-01  0.000000E+00
      1007  8.827974E-05 -3.287254E-01  0.000000E+00
      1008  7.998919E-05 -3.287254E-01  0.000000E+00
      1009  6.879186E-05 -3.287254E-01  0.000000E+00
      1010  5.470659E-05 -3.287254E-01  0.000000E+00
      1011  3.807410E-05 -3.287254E-01  0.000000E+00
      1012  1.955257E-05 -3.287254E-01  0.000000E+00
      1013  1.006313E-04 -3.287254E-01  0.000000E+00
      1014  9.870253E-05 -3.287254E-01  0.000000E+00
      1015  9.592505E-05 -3.287254E-01  0.000000E+00
      1016  9.140386E-05 -3.287254E-01  0.000000E+00
      1017  8.448137E-05 -3.287254E-01  0.000000E+00
      1018  7.475273E-05 -3.287254E-01  0.000000E+00
      1019  6.209105E-05 -3.287254E-01  0.000000E+00
      1020  4.667788E-05 -3.287254E-01  0.000000E+00
      1021  2.900443E-05 -3.287254E-01  0.000000E+00
      1022  9.850548E-06 -3.287254E-01  0.000000E+00

 forces (fx,fy,fz) for set NSET_IND_TOP and time  0.4207026E+00

        10  8.610296E-04 -3.530320E+00 -7.791320E-12
        11  1.304648E-04 -8.539777E-04  9.867467E-13
      1004  5.260596E-04 -6.330381E+00 -5.479176E-12
      1005  1.449261E-04 -5.944788E+00  1.886723E-11
      1006  3.862303E-04 -5.708222E+00  6.925434E-12
      1007  1.957614E-04 -5.463200E+00  1.157460E-11
      1008  3.615645E-04 -5.089770E+00 -5.181501E-12
      1009  1.487053E-04 -4.508887E+00  1.281647E-11
      1010 -2.155197E-05 -3.682017E+00 -3.225316E-12
      1011  4.383122E-05 -2.617875E+00 -5.403551E-12
      1012 -1.401048E-05 -1.361172E+00  1.897545E-11
      1013 -5.165104E-02 -1.331854E+01 -7.507106E-12
      1014 -7.867028E-02 -1.223552E+01  4.215650E-11
      1015 -7.512356E-02 -1.164101E+01  2.906564E-12
      1016 -9.601849E-02 -1.117522E+01 -2.766987E-11
      1017 -8.977498E-02 -1.056757E+01 -1.156009E-11
      1018 -1.087260E-01 -9.621002E+00  1.556621E-11
      1019 -1.021135E-01 -8.217359E+00 -2.242428E-11
      1020 -1.022917E-01 -6.323052E+00  3.064216E-12
      1021 -1.193687E-01 -3.993858E+00  5.398881E-11
      1022 -9.595243E-02 -1.367035E+00  5.724754E-12

 total force (fx,fy,fz) for set NSET_IND_TOP and time  0.4207026E+00

       -9.169277E-01 -1.326977E+02  9.731079E-11

                                INCREMENT   120


 displacements (vx,vy,vz) for set NSET_IND_TOP and time  0.4227026E+00

        10  9.452912E-05 -3.214534E-01  0.000000E+00
        11  0.000000E+00 -3.214534E-01  0.000000E+00
      1004  9.276368E-05 -3.214534E-01  0.000000E+00
      1005  9.068970E-05 -3.214534E-01  0.000000E+00
      1006  8.738799E-05 -3.214534E-01  0.000000E+00
      1007  8.212395E-05 -3.214534E-01  0.000000E+00
      1008  7.441122E-05 -3.214534E-01  0.000000E+00
      1009  6.399450E-05 -3.214534E-01  0.000000E+00
      1010  5.089135E-05 -3.214534E-01  0.000000E+00
      1011  3.541873E-05 -3.214534E-01  0.000000E+00
      1012  1.818891E-05 -3.214534E-01  0.000000E+00
      1013  9.361584E-05 -3.214534E-01  0.000000E+00
      1014  9.182101E-05 -3.214534E-01  0.000000E+00
      1015  8.923674E-05 -3.214534E-01  0.000000E+00
      1016  8.503040E-05 -3.214534E-01  0.000000E+00
      1017  7.859029E-05 -3.214534E-01  0.000000E+00
      1018  6.953980E-05 -3.214534E-01  0.000000E+00
      1019  5.776090E-05 -3.214534E-01  0.000000E+00
      1020  4.342251E-05 -3.214534E-01  0.000000E+00
      1021  2.698157E-05 -3.214534E-01  0.000000E+00
      1022  9.163534E-06 -3.214534E-01  0.000000E+00

 forces (fx,fy,fz) for set NSET_IND_TOP and time  0.4227026E+00

        10  8.010094E-04 -3.284840E+00 -1.084206E-12
        11  1.213754E-04 -7.943544E-04  1.394482E-11
      1004  4.894061E-04 -5.890109E+00  5.719439E-12
      1005  1.348628E-04 -5.531185E+00  1.984269E-11
      1006  3.593421E-04 -5.310919E+00  7.536778E-12
      1007  1.821557E-04 -5.082810E+00 -5.354643E-12
      1008  3.363887E-04 -4.735271E+00 -2.377113E-11
      1009  1.383749E-04 -4.194769E+00 -1.168816E-11
      1010 -2.001847E-05 -3.425457E+00 -1.160264E-11
      1011  4.081430E-05 -2.435440E+00 -8.698590E-12
      1012 -1.300290E-05 -1.266307E+00  1.898551E-11
      1013 -4.804721E-02 -1.239236E+01 -1.996447E-11
      1014 -7.318159E-02 -1.138441E+01  1.969136E-11
      1015 -6.988259E-02 -1.083094E+01 -9.737100E-12
      1016 -8.932003E-02 -1.039726E+01 -1.172173E-11
      1017 -8.351219E-02 -9.831657E+00  1.437472E-11
      1018 -1.011413E-01 -8.950825E+00 -1.900258E-11
      1019 -9.499003E-02 -7.644834E+00 -9.396928E-13
      1020 -9.515579E-02 -5.882440E+00  1.626699E-12
      1021 -1.110414E-01 -3.715524E+00 -2.433209E-11
      1022 -8.925864E-02 -1.271760E+00  1.989875E-11

 total force (fx,fy,fz) for set NSET_IND_TOP and time  0.4227026E+00

       -8.529600E-01 -1.234599E+02 -2.627627E-11

                                INCREMENT   130


 displacements (vx,vy,vz) for set NSET_IND_TOP and time  0.4247026E+00

        10  8.756070E-05 -3.141814E-01  0.000000E+00
        11  0.000000E+00 -3.141814E-01  0.000000E+00
      1004  8.592494E-05 -3.141814E-01  0.000000E+00
      1005  8.400344E-05 -3.141814E-01  0.000000E+00
      1006  8.094478E-05 -3.141814E-01  0.000000E+00
      1007  7.606854E-05 -3.141814E-01  0.000000E+00
      1008  6.892424E-05 -3.141814E-01  0.000000E+00
      1009  5.927543E-05 -3.141814E-01  0.000000E+00
      1010  4.713839E-05 -3.141814E-01  0.000000E+00
      1011  3.280672E-05 -3.141814E-01  0.000000E+00
      1012  1.684751E-05 -3.141814E-01  0.000000E+00
      1013  8.671451E-05 -3.141814E-01  0.000000E+00
      1014  8.505155E-05 -3.141814E-01  0.000000E+00
      1015  8.265740E-05 -3.141814E-01  0.000000E+00
      1016  7.876085E-05 -3.141814E-01  0.000000E+00
      1017  7.279529E-05 -3.141814E-01  0.000000E+00
      1018  6.441192E-05 -3.141814E-01  0.000000E+00
      1019  5.350142E-05 -3.141814E-01  0.000000E+00
      1020  4.022029E-05 -3.141814E-01  0.000000E+00
      1021  2.499175E-05 -3.141814E-01  0.000000E+00
      1022  8.487739E-06 -3.141814E-01  0.000000E+00

 forces (fx,fy,fz) for set NSET_IND_TOP and time  0.4247026E+00

        10  7.419650E-04 -3.043267E+00 -1.035253E-11
        11  1.124330E-04 -7.357134E-04 -3.696339E-12
      1004  4.533461E-04 -5.456856E+00  2.140966E-11
      1005  1.249576E-04 -5.124197E+00  2.266895E-11
      1006  3.328861E-04 -4.919992E+00 -6.980829E-12
      1007  1.687654E-04 -4.708545E+00  2.941122E-11
      1008  3.116181E-04 -4.386496E+00 -5.613211E-12
      1009  1.282073E-04 -3.885734E+00 -5.442575E-12
      1010 -1.851433E-05 -3.173054E+00 -7.474808E-12
      1011  3.784093E-05 -2.255964E+00 -2.010987E-11
      1012 -1.201613E-05 -1.172982E+00  1.152722E-11
      1013 -4.450244E-02 -1.148093E+01  3.827161E-11
      1014 -6.778281E-02 -1.054689E+01 -4.688694E-12
      1015 -6.472742E-02 -1.003385E+01 -1.745071E-11
      1016 -8.273121E-02 -9.631807E+00 -1.112488E-11
      1017 -7.735191E-02 -9.107613E+00  2.455502E-11
      1018 -9.368062E-02 -8.291478E+00 -9.186429E-12
      1019 -8.798312E-02 -7.081578E+00  2.566836E-13
      1020 -8.813661E-02 -5.448970E+00  1.595879E-11
      1021 -1.028504E-01 -3.441706E+00  2.842260E-11
      1022 -8.267440E-02 -1.178033E+00 -4.547474E-12

 total force (fx,fy,fz) for set NSET_IND_TOP and time  0.4247026E+00

       -7.900394E-01 -1.143707E+02  8.581341E-11

                                INCREMENT   140


 displacements (vx,vy,vz) for set NSET_IND_TOP and time  0.4267026E+00

        10  8.071382E-05 -3.069094E-01  0.000000E+00
        11  0.000000E+00 -3.069094E-01  0.000000E+00
      1004  7.920555E-05 -3.069094E-01  0.000000E+00
      1005  7.743392E-05 -3.069094E-01  0.000000E+00
      1006  7.461411E-05 -3.069094E-01  0.000000E+00
      1007  7.011895E-05 -3.069094E-01  0.000000E+00
      1008  6.353318E-05 -3.069094E-01  0.000000E+00
      1009  5.463889E-05 -3.069094E-01  0.000000E+00
      1010  4.345109E-05 -3.069094E-01  0.000000E+00
      1011  3.024042E-05 -3.069094E-01  0.000000E+00
      1012  1.552959E-05 -3.069094E-01  0.000000E+00
      1013  7.993358E-05 -3.069094E-01  0.000000E+00
      1014  7.840026E-05 -3.069094E-01  0.000000E+00
      1015  7.619297E-05 -3.069094E-01  0.000000E+00
      1016  7.260083E-05 -3.069094E-01  0.000000E+00
      1017  6.710158E-05 -3.069094E-01  0.000000E+00
      1018  5.937370E-05 -3.069094E-01  0.000000E+00
      1019  4.931645E-05 -3.069094E-01  0.000000E+00
      1020  3.707409E-05 -3.069094E-01  0.000000E+00
      1021  2.303675E-05 -3.069094E-01  0.000000E+00
      1022  7.823771E-06 -3.069094E-01  0.000000E+00

 forces (fx,fy,fz) for set NSET_IND_TOP and time  0.4267026E+00

        10  6.839497E-04 -2.805822E+00 -1.702234E-11
        11  1.036457E-04 -6.781071E-04 -4.970813E-12
      1004  4.179124E-04 -5.031022E+00 -7.360161E-12
      1005  1.152197E-04 -4.724198E+00 -9.666079E-13
      1006  3.068864E-04 -4.535800E+00  2.824347E-11
      1007  1.556029E-04 -4.340746E+00  4.056162E-11
      1008  2.872753E-04 -4.043760E+00 -9.863773E-12
      1009  1.182120E-04 -3.582060E+00  1.453202E-11
      1010 -1.704072E-05 -2.925037E+00 -2.346307E-11
      1011  3.491401E-05 -2.079610E+00 -8.537078E-12
      1012 -1.105084E-05 -1.081281E+00  7.799848E-12
      1013 -4.101991E-02 -1.058510E+01 -1.039169E-11
      1014 -6.247878E-02 -9.723723E+00  7.730927E-12
      1015 -5.966269E-02 -9.250461E+00  1.003908E-11
      1016 -7.625794E-02 -8.879557E+00 -6.009859E-12
      1017 -7.129963E-02 -8.396093E+00  2.766853E-11
      1018 -8.635078E-02 -7.643562E+00 -1.307132E-11
      1019 -8.109906E-02 -6.528103E+00 -9.328538E-12
      1020 -8.124051E-02 -5.023037E+00 -1.132872E-11
      1021 -9.480296E-02 -3.172652E+00  3.086820E-11
      1022 -7.620561E-02 -1.085937E+00  2.806422E-11

 total force (fx,fy,fz) for set NSET_IND_TOP and time  0.4267026E+00

       -7.282223E-01 -1.054382E+02  7.319394E-11

                                INCREMENT   150


 displacements (vx,vy,vz) for set NSET_IND_TOP and time  0.4287026E+00

        10  7.396855E-05 -2.996374E-01  0.000000E+00
        11  0.000000E+00 -2.996374E-01  0.000000E+00
      1004  7.258594E-05 -2.996374E-01  0.000000E+00
      1005  7.096201E-05 -2.996374E-01  0.000000E+00
      1006  6.837756E-05 -2.996374E-01  0.000000E+00
      1007  6.425785E-05 -2.996374E-01  0.000000E+00
      1008  5.822234E-05 -2.996374E-01  0.000000E+00
      1009  5.007136E-05 -2.996374E-01  0.000000E+00
      1010  3.981868E-05 -2.996374E-01  0.000000E+00
      1011  2.771233E-05 -2.996374E-01  0.000000E+00
      1012  1.423130E-05 -2.996374E-01  0.000000E+00
      1013  7.325332E-05 -2.996374E-01  0.000000E+00
      1014  7.184776E-05 -2.996374E-01  0.000000E+00
      1015  6.982461E-05 -2.996374E-01  0.000000E+00
      1016  6.653241E-05 -2.996374E-01  0.000000E+00
      1017  6.149257E-05 -2.996374E-01  0.000000E+00
      1018  5.441046E-05 -2.996374E-01  0.000000E+00
      1019  4.519378E-05 -2.996374E-01  0.000000E+00
      1020  3.397475E-05 -2.996374E-01  0.000000E+00
      1021  2.111087E-05 -2.996374E-01  0.000000E+00
      1022  7.169693E-06 -2.996374E-01  0.000000E+00

 forces (fx,fy,fz) for set NSET_IND_TOP and time  0.4287026E+00

        10  6.267950E-04 -2.571829E+00 -1.428336E-11
        11  9.498802E-05 -6.213661E-04  4.226203E-12
      1004  3.830023E-04 -4.611387E+00  4.796524E-12
      1005  1.056217E-04 -4.330039E+00 -3.991940E-12
      1006  2.812682E-04 -4.157236E+00  1.987991E-11
      1007  1.426310E-04 -3.978351E+00 -3.194046E-11
      1008  2.632902E-04 -3.706075E+00 -1.085396E-11
      1009  1.083608E-04 -3.282870E+00 -8.093829E-14
      1010 -1.559264E-05 -2.680687E+00  2.237579E-12
      1011  3.202595E-05 -1.905866E+00  2.398642E-12
      1012 -1.010352E-05 -9.909386E-01  1.524903E-11
      1013 -3.758943E-02 -9.702287E+00  5.700329E-11
      1014 -5.725398E-02 -8.912560E+00 -1.478417E-11
      1015 -5.467359E-02 -8.478534E+00 -4.028822E-11
      1016 -6.988130E-02 -8.138345E+00 -3.190337E-12
      1017 -6.533770E-02 -7.695043E+00  4.472644E-12
      1018 -7.913034E-02 -7.005200E+00 -7.955414E-12
      1019 -7.431774E-02 -5.982804E+00 -2.430856E-11
      1020 -7.444733E-02 -4.603404E+00  8.630430E-12
      1021 -8.687567E-02 -2.907581E+00  7.508660E-12
      1022 -6.983338E-02 -9.952041E-01  4.085443E-11

 total force (fx,fy,fz) for set NSET_IND_TOP and time  0.4287026E+00

       -6.673282E-01 -9.663686E+01  1.557999E-11

                                INCREMENT   160


 displacements (vx,vy,vz) for set NSET_IND_TOP and time  0.4307026E+00

        10  6.735638E-05 -2.923654E-01  0.000000E+00
        11  0.000000E+00 -2.923654E-01  0.000000E+00
      1004  6.609697E-05 -2.923654E-01  0.000000E+00
      1005  6.461785E-05 -2.923654E-01  0.000000E+00
      1006  6.226413E-05 -2.923654E-01  0.000000E+00
      1007  5.851246E-05 -2.923654E-01  0.000000E+00
      1008  5.301636E-05 -2.923654E-01  0.000000E+00
      1009  4.559403E-05 -2.923654E-01  0.000000E+00
      1010  3.625801E-05 -2.923654E-01  0.000000E+00
      1011  2.523416E-05 -2.923654E-01  0.000000E+00
      1012  1.295865E-05 -2.923654E-01  0.000000E+00
      1013  6.670489E-05 -2.923654E-01  0.000000E+00
      1014  6.542460E-05 -2.923654E-01  0.000000E+00
      1015  6.358197E-05 -2.923654E-01  0.000000E+00
      1016  6.058380E-05 -2.923654E-01  0.000000E+00
      1017  5.599430E-05 -2.923654E-01  0.000000E+00
      1018  4.954522E-05 -2.923654E-01  0.000000E+00
      1019  4.115252E-05 -2.923654E-01  0.000000E+00
      1020  3.093660E-05 -2.923654E-01  0.000000E+00
      1021  1.922302E-05 -2.923654E-01  0.000000E+00
      1022  6.528531E-06 -2.923654E-01  0.000000E+00

 forces (fx,fy,fz) for set NSET_IND_TOP and time  0.4307026E+00

        10  5.707674E-04 -2.342421E+00 -5.868375E-12
        11  8.650011E-05 -5.657474E-04 -2.082189E-14
      1004  3.487794E-04 -4.199979E+00 -1.720707E-13
      1005  9.621037E-05 -3.943617E+00  3.224835E-11
      1006  2.561525E-04 -3.786112E+00  2.914641E-12
      1007  1.299117E-04 -3.623087E+00 -1.929808E-12
      1008  2.397752E-04 -3.375038E+00  2.131975E-11
      1009  9.870069E-05 -2.989574E+00 -2.825321E-11
      1010 -1.417546E-05 -2.441153E+00 -5.499019E-12
      1011  2.919164E-05 -1.735548E+00  1.450281E-11
      1012 -9.177310E-06 -9.023772E-01 -4.207611E-12
      1013 -3.422680E-02 -8.836780E+00 -3.717804E-12
      1014 -5.213250E-02 -8.117311E+00  8.173240E-12
      1015 -4.978313E-02 -7.721768E+00  2.496470E-11
      1016 -6.363071E-02 -7.411708E+00 -2.171041E-11
      1017 -5.949359E-02 -7.007790E+00  7.824408E-12
      1018 -7.205258E-02 -6.379412E+00 -8.705925E-12
      1019 -6.767042E-02 -5.448251E+00 -1.623190E-11
      1020 -6.778837E-02 -4.192043E+00 -1.850942E-11
      1021 -7.910501E-02 -2.647736E+00  3.669998E-11
      1022 -6.358704E-02 -9.062609E-01 -1.415823E-11

 total force (fx,fy,fz) for set NSET_IND_TOP and time  0.4307026E+00

       -6.076375E-01 -8.800853E+01  1.966326E-11

                                INCREMENT   170


 displacements (vx,vy,vz) for set NSET_IND_TOP and time  0.4327026E+00

        10  6.084328E-05 -2.850934E-01  0.000000E+00
        11  0.000000E+00 -2.850934E-01  0.000000E+00
      1004  5.970531E-05 -2.850934E-01  0.000000E+00
      1005  5.836889E-05 -2.850934E-01  0.000000E+00
      1006  5.624251E-05 -2.850934E-01  0.000000E+00
      1007  5.285343E-05 -2.850934E-01  0.000000E+00
      1008  4.788868E-05 -2.850934E-01  0.000000E+00
      1009  4.118406E-05 -2.850934E-01  0.000000E+00
      1010  3.275094E-05 -2.850934E-01  0.000000E+00
      1011  2.279332E-05 -2.850934E-01  0.000000E+00
      1012  1.170517E-05 -2.850934E-01  0.000000E+00
      1013  6.025461E-05 -2.850934E-01  0.000000E+00
      1014  5.909778E-05 -2.850934E-01  0.000000E+00
      1015  5.743304E-05 -2.850934E-01  0.000000E+00
      1016  5.472456E-05 -2.850934E-01  0.000000E+00
      1017  5.057870E-05 -2.850934E-01  0.000000E+00
      1018  4.475316E-05 -2.850934E-01  0.000000E+00
      1019  3.717208E-05 -2.850934E-01  0.000000E+00
      1020  2.794421E-05 -2.850934E-01  0.000000E+00
      1021  1.736361E-05 -2.850934E-01  0.000000E+00
      1022  5.897029E-06 -2.850934E-01  0.000000E+00

 forces (fx,fy,fz) for set NSET_IND_TOP and time  0.4327026E+00

        10  5.155791E-04 -2.116351E+00 -2.987889E-12
        11  7.813928E-05 -5.109776E-04 -3.038834E-12
      1004  3.150669E-04 -3.794572E+00  1.025759E-13
      1005  8.693446E-05 -3.562854E+00  1.736132E-11
      1006  2.314084E-04 -3.420446E+00  1.681822E-11
      1007  1.173777E-04 -3.273069E+00 -1.175172E-11
      1008  2.166095E-04 -3.048908E+00 -1.564951E-11
      1009  8.918098E-05 -2.700637E+00  2.018578E-11
      1010 -1.278365E-05 -2.205188E+00 -4.612865E-12
      1011  2.639498E-05 -1.567771E+00  3.879424E-12
      1012 -8.268979E-06 -8.151383E-01 -5.306234E-12
      1013 -3.091505E-02 -7.983880E+00 -1.332934E-12
      1014 -4.708845E-02 -7.333682E+00 -2.688805E-11
      1015 -4.496657E-02 -6.976107E+00  5.654144E-12
      1016 -5.747455E-02 -6.695780E+00 -1.445977E-11
      1017 -5.373777E-02 -6.330705E+00  1.321387E-11
      1018 -6.508175E-02 -5.762912E+00 -1.378675E-11
      1019 -6.112353E-02 -4.921652E+00 -3.158807E-12
      1020 -6.123003E-02 -3.786815E+00 -3.295475E-11
      1021 -7.145177E-02 -2.391770E+00  5.872192E-12
      1022 -5.743511E-02 -8.186460E-01  2.094547E-12

 total force (fx,fy,fz) for set NSET_IND_TOP and time  0.4327026E+00

       -5.488489E-01 -7.950739E+01 -5.074603E-11

                                INCREMENT   180


 displacements (vx,vy,vz) for set NSET_IND_TOP and time  0.4347026E+00

        10  5.447838E-05 -2.778214E-01  0.000000E+00
        11  0.000000E+00 -2.778214E-01  0.000000E+00
      1004  5.345913E-05 -2.778214E-01  0.000000E+00
      1005  5.226222E-05 -2.778214E-01  0.000000E+00
      1006  5.035804E-05 -2.778214E-01  0.000000E+00
      1007  4.732331E-05 -2.778214E-01  0.000000E+00
      1008  4.287783E-05 -2.778214E-01  0.000000E+00
      1009  3.687460E-05 -2.778214E-01  0.000000E+00
      1010  2.932381E-05 -2.778214E-01  0.000000E+00
      1011  2.040813E-05 -2.778214E-01  0.000000E+00
      1012  1.048027E-05 -2.778214E-01  0.000000E+00
      1013  5.395113E-05 -2.778214E-01  0.000000E+00
      1014  5.291500E-05 -2.778214E-01  0.000000E+00
      1015  5.142414E-05 -2.778214E-01  0.000000E+00
      1016  4.899878E-05 -2.778214E-01  0.000000E+00
      1017  4.528648E-05 -2.778214E-01  0.000000E+00
      1018  4.007032E-05 -2.778214E-01  0.000000E+00
      1019  3.328237E-05 -2.778214E-01  0.000000E+00
      1020  2.502003E-05 -2.778214E-01  0.000000E+00
      1021  1.554658E-05 -2.778214E-01  0.000000E+00
      1022  5.279926E-06 -2.778214E-01  0.000000E+00

 forces (fx,fy,fz) for set NSET_IND_TOP and time  0.4347026E+00

        10  4.616461E-04 -1.895363E+00 -1.395385E-11
        11  6.996792E-05 -4.574625E-04  1.692406E-12
      1004  2.821195E-04 -3.398288E+00 -9.364997E-12
      1005  7.786549E-05 -3.190674E+00 -5.038630E-12
      1006  2.072234E-04 -3.063039E+00  1.331764E-11
      1007  1.051244E-04 -2.930971E+00 -8.502831E-12
      1008  1.939675E-04 -2.730167E+00  1.100780E-11
      1009  7.987396E-05 -2.418255E+00  5.806464E-12
      1010 -1.142676E-05 -1.974579E+00 -2.694439E-12
      1011  2.365781E-05 -1.403805E+00  3.568249E-11
      1012 -7.384579E-06 -7.298820E-01 -2.294741E-12
      1013 -2.767896E-02 -7.150161E+00 -2.955691E-11
      1014 -4.215961E-02 -6.567700E+00  8.431700E-12
      1015 -4.025999E-02 -6.247271E+00  1.128075E-11
      1016 -5.145893E-02 -5.996037E+00 -4.094503E-12
      1017 -4.811333E-02 -5.668951E+00  4.413803E-12
      1018 -5.827003E-02 -5.160389E+00 -1.074163E-11
      1019 -5.472607E-02 -4.407004E+00 -3.396394E-11
      1020 -5.482140E-02 -3.390789E+00  2.435896E-11
      1021 -6.397324E-02 -2.141619E+00  4.416889E-11
      1022 -5.142361E-02 -7.330222E-01  1.314260E-11

 total force (fx,fy,fz) for set NSET_IND_TOP and time  0.4347026E+00

       -4.914025E-01 -7.119842E+01  5.309703E-11

                                INCREMENT   190


 displacements (vx,vy,vz) for set NSET_IND_TOP and time  0.4367026E+00

        10  4.823414E-05 -2.705494E-01  0.000000E+00
        11  0.000000E+00 -2.705494E-01  0.000000E+00
      1004  4.733133E-05 -2.705494E-01  0.000000E+00
      1005  4.627127E-05 -2.705494E-01  0.000000E+00
      1006  4.458504E-05 -2.705494E-01  0.000000E+00
      1007  4.189792E-05 -2.705494E-01  0.000000E+00
      1008  3.796185E-05 -2.705494E-01  0.000000E+00
      1009  3.264671E-05 -2.705494E-01  0.000000E+00
      1010  2.596153E-05 -2.705494E-01  0.000000E+00
      1011  1.806805E-05 -2.705494E-01  0.000000E+00
      1012  9.278544E-06 -2.705494E-01  0.000000E+00
      1013  4.776713E-05 -2.705494E-01  0.000000E+00
      1014  4.684940E-05 -2.705494E-01  0.000000E+00
      1015  4.552908E-05 -2.705494E-01  0.000000E+00
      1016  4.338145E-05 -2.705494E-01  0.000000E+00
      1017  4.009448E-05 -2.705494E-01  0.000000E+00
      1018  3.547612E-05 -2.705494E-01  0.000000E+00
      1019  2.946627E-05 -2.705494E-01  0.000000E+00
      1020  2.215118E-05 -2.705494E-01  0.000000E+00
      1021  1.376393E-05 -2.705494E-01  0.000000E+00
      1022  4.674494E-06 -2.705494E-01  0.000000E+00

 forces (fx,fy,fz) for set NSET_IND_TOP and time  0.4367026E+00

        10  4.087348E-04 -1.678598E+00 -1.099361E-11
        11  6.195019E-05 -4.049535E-04  4.106259E-12
      1004  2.497966E-04 -3.009573E+00  5.706330E-12
      1005  6.896937E-05 -2.825596E+00 -9.328802E-12
      1006  1.834966E-04 -2.712447E+00  2.238803E-12
      1007  9.310355E-05 -2.595388E+00  1.619077E-11
      1008  1.717532E-04 -2.417491E+00 -2.539049E-12
      1009  7.074267E-05 -2.141241E+00 -5.936302E-13
      1010 -1.009537E-05 -1.748351E+00 -5.125160E-12
      1011  2.097213E-05 -1.242951E+00 -2.194429E-11
      1012 -6.516926E-06 -6.462435E-01 -1.551124E-12
      1013 -2.450405E-02 -6.332370E+00 -4.077949E-11
      1014 -3.732397E-02 -5.816344E+00  5.773604E-12
      1015 -3.564242E-02 -5.532338E+00 -1.845746E-11
      1016 -4.555707E-02 -5.309626E+00 -2.831513E-12
      1017 -4.259524E-02 -5.019794E+00  2.121792E-11
      1018 -5.158708E-02 -4.569324E+00  3.051914E-11
      1019 -4.844953E-02 -3.902135E+00  2.078315E-11
      1020 -4.853386E-02 -3.002283E+00  5.271339E-12
      1021 -5.663600E-02 -1.896217E+00 -2.534861E-11
      1022 -4.552569E-02 -6.490233E-01 -7.016610E-12

 total force (fx,fy,fz) for set NSET_IND_TOP and time  0.4367026E+00

       -4.350420E-01 -6.304774E+01 -3.470203E-11

                                INCREMENT   200


 displacements (vx,vy,vz) for set NSET_IND_TOP and time  0.4387026E+00

        10  4.209945E-05 -2.632774E-01  0.000000E+00
        11  0.000000E+00 -2.632774E-01  0.000000E+00
      1004  4.131113E-05 -2.632774E-01  0.000000E+00
      1005  4.038557E-05 -2.632774E-01  0.000000E+00
      1006  3.891354E-05 -2.632774E-01  0.000000E+00
      1007  3.656799E-05 -2.632774E-01  0.000000E+00
      1008  3.313243E-05 -2.632774E-01  0.000000E+00
      1009  2.849330E-05 -2.632774E-01  0.000000E+00
      1010  2.265852E-05 -2.632774E-01  0.000000E+00
      1011  1.576925E-05 -2.632774E-01  0.000000E+00
      1012  8.098010E-06 -2.632774E-01  0.000000E+00
      1013  4.169167E-05 -2.632774E-01  0.000000E+00
      1014  4.089033E-05 -2.632774E-01  0.000000E+00
      1015  3.973765E-05 -2.632774E-01  0.000000E+00
      1016  3.786293E-05 -2.632774E-01  0.000000E+00
      1017  3.499386E-05 -2.632774E-01  0.000000E+00
      1018  3.096283E-05 -2.632774E-01  0.000000E+00
      1019  2.571742E-05 -2.632774E-01  0.000000E+00
      1020  1.933291E-05 -2.632774E-01  0.000000E+00
      1021  1.201272E-05 -2.632774E-01  0.000000E+00
      1022  4.079743E-06 -2.632774E-01  0.000000E+00

 forces (fx,fy,fz) for set NSET_IND_TOP and time  0.4387026E+00

        10  3.567519E-04 -1.465529E+00  1.227074E-13
        11  5.407323E-05 -3.533827E-04 -5.790198E-12
      1004  2.180383E-04 -2.627501E+00  1.807145E-11
      1005  6.022346E-05 -2.466782E+00  2.524788E-11
      1006  1.601814E-04 -2.367894E+00 -1.077119E-11
      1007  8.128807E-05 -2.265610E+00 -5.629347E-13
      1008  1.499257E-04 -2.110242E+00 -2.748406E-12
      1009  6.176727E-05 -1.869048E+00 -5.087205E-12
      1010 -8.791578E-06 -1.526069E+00  2.375236E-12
      1011  1.832877E-05 -1.084908E+00 -5.666691E-12
      1012 -5.668551E-06 -5.640675E-01  3.244772E-11
      1013 -2.138538E-02 -5.528537E+00  3.291600E-11
      1014 -3.257391E-02 -5.077851E+00 -3.820055E-12
      1015 -3.110653E-02 -4.829695E+00 -1.964939E-11
      1016 -3.975958E-02 -4.635066E+00 -1.098677E-11
      1017 -3.717473E-02 -4.381886E+00  1.750156E-12
      1018 -4.502231E-02 -3.988533E+00 -1.948042E-11
      1019 -4.228401E-02 -3.406063E+00  2.620659E-11
      1020 -4.235756E-02 -2.620560E+00 -6.048717E-12
      1021 -4.942858E-02 -1.655103E+00 -5.593748E-12
      1022 -3.973212E-02 -5.664932E-01  4.184320E-11

 total force (fx,fy,fz) for set NSET_IND_TOP and time  0.4387026E+00

       -3.796786E-01 -5.503779E+01  8.477523E-11

                                INCREMENT   210


 displacements (vx,vy,vz) for set NSET_IND_TOP and time  0.4407026E+00

        10  3.609602E-05 -2.560054E-01  0.000000E+00
        11  0.000000E+00 -2.560054E-01  0.000000E+00
      1004  3.541979E-05 -2.560054E-01  0.000000E+00
      1005  3.462593E-05 -2.560054E-01  0.000000E+00
      1006  3.336356E-05 -2.560054E-01  0.000000E+00
      1007  3.135231E-05 -2.560054E-01  0.000000E+00
      1008  2.840655E-05 -2.560054E-01  0.000000E+00
      1009  2.442898E-05 -2.560054E-01  0.000000E+00
      1010  1.942637E-05 -2.560054E-01  0.000000E+00
      1011  1.351976E-05 -2.560054E-01  0.000000E+00
      1012  6.942810E-06 -2.560054E-01  0.000000E+00
      1013  3.574623E-05 -2.560054E-01  0.000000E+00
      1014  3.505885E-05 -2.560054E-01  0.000000E+00
      1015  3.407027E-05 -2.560054E-01  0.000000E+00
      1016  3.246267E-05 -2.560054E-01  0.000000E+00
      1017  3.000258E-05 -2.560054E-01  0.000000E+00
      1018  2.654633E-05 -2.560054E-01  0.000000E+00
      1019  2.204899E-05 -2.560054E-01  0.000000E+00
      1020  1.657510E-05 -2.560054E-01  0.000000E+00
      1021  1.029909E-05 -2.560054E-01  0.000000E+00
      1022  3.497755E-06 -2.560054E-01  0.000000E+00

 forces (fx,fy,fz) for set NSET_IND_TOP and time  0.4407026E+00

        10  3.058810E-04 -1.256946E+00 -1.628258E-11
        11  4.636454E-05 -3.029266E-04  1.193306E-11
      1004  1.869576E-04 -2.253482E+00 -5.493436E-12
      1005  5.166034E-05 -2.115547E+00  6.790652E-12
      1006  1.373614E-04 -2.030638E+00  1.724999E-12
      1007  6.972110E-05 -1.942832E+00 -1.048630E-11
      1008  1.285625E-04 -1.809528E+00  7.595763E-12
      1009  5.298031E-05 -1.602654E+00 -1.646248E-12
      1010 -7.518954E-06 -1.308528E+00  7.446364E-12
      1011  1.573806E-05 -9.302387E-01 -2.725127E-11
      1012 -4.841525E-06 -4.836466E-01  1.508542E-11
      1013 -1.833379E-02 -4.741633E+00 -1.677958E-11
      1014 -2.792600E-02 -4.354940E+00  2.646994E-12
      1015 -2.666817E-02 -4.141913E+00  6.607492E-12
      1016 -3.408671E-02 -3.974808E+00 -2.122025E-11
      1017 -3.187072E-02 -3.757531E+00 -2.257916E-11
      1018 -3.859865E-02 -3.420105E+00 -1.225420E-11
      1019 -3.625101E-02 -2.920564E+00  3.381073E-12
      1020 -3.631402E-02 -2.246981E+00 -5.119016E-12
      1021 -4.237610E-02 -1.419138E+00 -2.909051E-11
      1022 -3.406310E-02 -4.857259E-01  1.665357E-11

 total force (fx,fy,fz) for set NSET_IND_TOP and time  0.4407026E+00

       -3.255054E-01 -4.719768E+01 -8.833715E-11

                                INCREMENT   220


 displacements (vx,vy,vz) for set NSET_IND_TOP and time  0.4427026E+00

        10  3.025606E-05 -2.487334E-01  0.000000E+00
        11  0.000000E+00 -2.487334E-01  0.000000E+00
      1004  2.968888E-05 -2.487334E-01  0.000000E+00
      1005  2.902313E-05 -2.487334E-01  0.000000E+00
      1006  2.796472E-05 -2.487334E-01  0.000000E+00
      1007  2.627865E-05 -2.487334E-01  0.000000E+00
      1008  2.380937E-05 -2.487334E-01  0.000000E+00
      1009  2.047533E-05 -2.487334E-01  0.000000E+00
      1010  1.628223E-05 -2.487334E-01  0.000000E+00
      1011  1.133154E-05 -2.487334E-01  0.000000E+00
      1012  5.819067E-06 -2.487334E-01  0.000000E+00
      1013  2.996268E-05 -2.487334E-01  0.000000E+00
      1014  2.938616E-05 -2.487334E-01  0.000000E+00
      1015  2.855722E-05 -2.487334E-01  0.000000E+00
      1016  2.720946E-05 -2.487334E-01  0.000000E+00
      1017  2.514722E-05 -2.487334E-01  0.000000E+00
      1018  2.225010E-05 -2.487334E-01  0.000000E+00
      1019  1.848045E-05 -2.487334E-01  0.000000E+00
      1020  1.389239E-05 -2.487334E-01  0.000000E+00
      1021  8.632125E-06 -2.487334E-01  0.000000E+00
      1022  2.931616E-06 -2.487334E-01  0.000000E+00

 forces (fx,fy,fz) for set NSET_IND_TOP and time  0.4427026E+00

        10  2.563948E-04 -1.054030E+00 -1.299805E-11
        11  3.886488E-05 -2.538443E-04 -8.873868E-12
      1004  1.567222E-04 -1.889628E+00  3.526250E-12
      1005  4.332902E-05 -1.773862E+00  2.015763E-11
      1006  1.151609E-04 -1.702556E+00  2.420293E-11
      1007  5.846726E-05 -1.628837E+00 -3.326340E-12
      1008  1.077790E-04 -1.516998E+00 -3.578468E-12
      1009  4.443064E-05 -1.343511E+00 -6.670035E-12
      1010 -6.282269E-06 -1.096909E+00  7.224367E-12
      1011  1.321596E-05 -7.797798E-01 -4.387139E-12
      1012 -4.038394E-06 -4.054150E-01 -5.382060E-12
      1013 -1.536536E-02 -3.976113E+00  1.224632E-11
      1014 -2.340474E-02 -3.651679E+00 -1.921552E-11
      1015 -2.235072E-02 -3.472835E+00  2.002587E-11
      1016 -2.856839E-02 -3.332512E+00  1.041345E-11
      1017 -2.671120E-02 -3.150167E+00 -6.915690E-12
      1018 -3.234995E-02 -2.867147E+00 -1.110889E-12
      1019 -3.038232E-02 -2.448282E+00 -8.170131E-12
      1020 -3.043507E-02 -1.883572E+00 -2.497891E-12
      1021 -3.551569E-02 -1.189596E+00  1.001066E-11
      1022 -2.854847E-02 -4.071574E-01 -2.492284E-11

 total force (fx,fy,fz) for set NSET_IND_TOP and time  0.4427026E+00

       -2.728079E-01 -3.957084E+01 -2.414513E-13

                                INCREMENT   230


 displacements (vx,vy,vz) for set NSET_IND_TOP and time  0.4447026E+00

        10  2.457612E-05 -2.414614E-01  0.000000E+00
        11  0.000000E+00 -2.414614E-01  0.000000E+00
      1004  2.411507E-05 -2.414614E-01  0.000000E+00
      1005  2.357397E-05 -2.414614E-01  0.000000E+00
      1006  2.271398E-05 -2.414614E-01  0.000000E+00
      1007  2.134423E-05 -2.414614E-01  0.000000E+00
      1008  1.933839E-05 -2.414614E-01  0.000000E+00
      1009  1.663024E-05 -2.414614E-01  0.000000E+00
      1010  1.322445E-05 -2.414614E-01  0.000000E+00
      1011  9.203423E-06 -2.414614E-01  0.000000E+00
      1012  4.726198E-06 -2.414614E-01  0.000000E+00
      1013  2.433763E-05 -2.414614E-01  0.000000E+00
      1014  2.386901E-05 -2.414614E-01  0.000000E+00
      1015  2.319538E-05 -2.414614E-01  0.000000E+00
      1016  2.210039E-05 -2.414614E-01  0.000000E+00
      1017  2.042513E-05 -2.414614E-01  0.000000E+00
      1018  1.807182E-05 -2.414614E-01  0.000000E+00
      1019  1.500991E-05 -2.414614E-01  0.000000E+00
      1020  1.128338E-05 -2.414614E-01  0.000000E+00
      1021  7.010954E-06 -2.414614E-01  0.000000E+00
      1022  2.381031E-06 -2.414614E-01  0.000000E+00

 forces (fx,fy,fz) for set NSET_IND_TOP and time  0.4447026E+00

        10  2.082644E-04 -8.565952E-01 -5.181204E-12
        11  3.157058E-05 -2.061192E-04 -3.313960E-12
      1004  1.273134E-04 -1.535613E+00  3.364811E-12
      1005  3.522147E-05 -1.441434E+00 -8.177896E-12
      1006  9.356492E-05 -1.383382E+00 -2.470449E-11
      1007  4.751741E-05 -1.323385E+00  2.012479E-11
      1008  8.756232E-05 -1.232441E+00 -2.266998E-12
      1009  3.611167E-05 -1.091441E+00  3.818705E-12
      1010 -5.082819E-06 -8.910718E-01 -1.987074E-11
      1011  1.075905E-05 -6.334350E-01 -1.667037E-11
      1012 -3.260518E-06 -3.293235E-01 -1.988373E-11
      1013 -1.247866E-02 -3.231280E+00  2.110934E-11
      1014 -1.900792E-02 -2.967453E+00  5.423995E-12
      1015 -1.815207E-02 -2.821904E+00 -2.903233E-12
      1016 -2.320188E-02 -2.707673E+00  2.613798E-12
      1017 -2.169362E-02 -2.559343E+00 -1.296252E-11
      1018 -2.627316E-02 -2.329272E+00  7.837619E-12
      1019 -2.467509E-02 -1.988897E+00  3.227307E-12
      1020 -2.471788E-02 -1.530095E+00  2.402811E-11
      1021 -2.884404E-02 -9.663321E-01 -4.254264E-12
      1022 -2.318559E-02 -3.307383E-01 -4.858780E-12

 total force (fx,fy,fz) for set NSET_IND_TOP and time  0.4447026E+00

       -2.215604E-01 -3.215132E+01 -3.349971E-11

                                INCREMENT   240


 displacements (vx,vy,vz) for set NSET_IND_TOP and time  0.4467026E+00

        10  1.910391E-05 -2.341894E-01  0.000000E+00
        11  0.000000E+00 -2.341894E-01  0.000000E+00
      1004  1.874515E-05 -2.341894E-01  0.000000E+00
      1005  1.832420E-05 -2.341894E-01  0.000000E+00
      1006  1.765541E-05 -2.341894E-01  0.000000E+00
      1007  1.659044E-05 -2.341894E-01  0.000000E+00
      1008  1.503110E-05 -2.341894E-01  0.000000E+00
      1009  1.292596E-05 -2.341894E-01  0.000000E+00
      1010  1.027866E-05 -2.341894E-01  0.000000E+00
      1011  7.153261E-06 -2.341894E-01  0.000000E+00
      1012  3.673364E-06 -2.341894E-01  0.000000E+00
      1013  1.891834E-05 -2.341894E-01  0.000000E+00
      1014  1.855371E-05 -2.341894E-01  0.000000E+00
      1015  1.802976E-05 -2.341894E-01  0.000000E+00
      1016  1.717833E-05 -2.341894E-01  0.000000E+00
      1017  1.587592E-05 -2.341894E-01  0.000000E+00
      1018  1.404654E-05 -2.341894E-01  0.000000E+00
      1019  1.166647E-05 -2.341894E-01  0.000000E+00
      1020  8.769920E-06 -2.341894E-01  0.000000E+00
      1021  5.449168E-06 -2.341894E-01  0.000000E+00
      1022  1.850615E-06 -2.341894E-01  0.000000E+00

 forces (fx,fy,fz) for set NSET_IND_TOP and time  0.4467026E+00

        10  1.618940E-04 -6.663169E-01  3.754157E-12
        11  2.454266E-05 -1.601492E-04  6.762003E-12
      1004  9.897832E-05 -1.194440E+00 -1.889464E-12
      1005  2.740649E-05 -1.121080E+00  6.626179E-12
      1006  7.275526E-05 -1.075816E+00  2.638273E-11
      1007  3.696404E-05 -1.029056E+00  8.155110E-12
      1008  6.808234E-05 -9.582576E-01 -9.765880E-12
      1009  2.809354E-05 -8.485686E-01 -1.433652E-11
      1010 -3.930266E-06 -6.927501E-01 -6.900353E-12
      1011  8.388305E-06 -4.924359E-01  8.357844E-13
      1012 -2.514077E-06 -2.560123E-01  1.649653E-11
      1013 -9.697861E-03 -2.513452E+00  1.181033E-11
      1014 -1.477236E-02 -2.308061E+00  1.071671E-11
      1015 -1.410740E-02 -2.194631E+00  8.161305E-12
      1016 -1.803215E-02 -2.105575E+00 -1.602352E-11
      1017 -1.686000E-02 -1.990046E+00  6.290357E-12
      1018 -2.041916E-02 -1.811014E+00 -3.145639E-11
      1019 -1.917712E-02 -1.546279E+00  3.115841E-12
      1020 -1.921031E-02 -1.189528E+00 -5.216383E-12
      1021 -2.241702E-02 -7.512247E-01 -5.907497E-13
      1022 -1.801934E-02 -2.571115E-01  6.387446E-12

 total force (fx,fy,fz) for set NSET_IND_TOP and time  0.4467026E+00

       -1.721921E-01 -2.500181E+01  2.931522E-11

                                INCREMENT   250


 displacements (vx,vy,vz) for set NSET_IND_TOP and time  0.4487026E+00

        10  1.389001E-05 -2.269174E-01  0.000000E+00
        11  0.000000E+00 -2.269174E-01  0.000000E+00
      1004  1.362877E-05 -2.269174E-01  0.000000E+00
      1005  1.332234E-05 -2.269174E-01  0.000000E+00
      1006  1.283576E-05 -2.269174E-01  0.000000E+00
      1007  1.206120E-05 -2.269174E-01  0.000000E+00
      1008  1.092731E-05 -2.269174E-01  0.000000E+00
      1009  9.396705E-06 -2.269174E-01  0.000000E+00
      1010  7.472069E-06 -2.269174E-01  0.000000E+00
      1011  5.199985E-06 -2.269174E-01  0.000000E+00
      1012  2.670287E-06 -2.269174E-01  0.000000E+00
      1013  1.375489E-05 -2.269174E-01  0.000000E+00
      1014  1.348939E-05 -2.269174E-01  0.000000E+00
      1015  1.310809E-05 -2.269174E-01  0.000000E+00
      1016  1.248876E-05 -2.269174E-01  0.000000E+00
      1017  1.154161E-05 -2.269174E-01  0.000000E+00
      1018  1.021143E-05 -2.269174E-01  0.000000E+00
      1019  8.481017E-06 -2.269174E-01  0.000000E+00
      1020  6.375241E-06 -2.269174E-01  0.000000E+00
      1021  3.961191E-06 -2.269174E-01  0.000000E+00
      1022  1.345268E-06 -2.269174E-01  0.000000E+00

 forces (fx,fy,fz) for set NSET_IND_TOP and time  0.4487026E+00

        10  1.177121E-04 -4.849613E-01 -1.200449E-12
        11  1.784605E-05 -1.163580E-04  2.522623E-12
      1004  7.197898E-05 -8.692728E-01  2.054799E-11
      1005  1.995671E-05 -8.157693E-01  1.930597E-11
      1006  5.292454E-05 -7.827081E-01  1.214779E-12
      1007  2.690506E-05 -7.485766E-01  1.078973E-11
      1008  4.951928E-05 -6.969865E-01  8.577455E-12
      1009  2.045060E-05 -6.171408E-01  2.061020E-11
      1010 -2.834980E-06 -5.037784E-01 -2.457592E-11
      1011  6.125950E-06 -3.580866E-01 -2.295106E-11
      1012 -1.805702E-06 -1.861593E-01 -6.556646E-12
      1013 -7.048619E-03 -1.829293E+00  2.480433E-12
      1014 -1.073715E-02 -1.679618E+00 -4.878375E-12
      1015 -1.025402E-02 -1.596829E+00 -1.097344E-12
      1016 -1.310690E-02 -1.531794E+00 -3.207323E-12
      1017 -1.225497E-02 -1.447547E+00  3.557710E-12
      1018 -1.484200E-02 -1.317169E+00 -9.480083E-12
      1019 -1.393914E-02 -1.124523E+00  2.499112E-13
      1020 -1.396319E-02 -8.650196E-01 -1.190109E-11
      1021 -1.629394E-02 -5.462629E-01 -2.645029E-11
      1022 -1.309742E-02 -1.869578E-01  1.164852E-11

 total force (fx,fy,fz) for set NSET_IND_TOP and time  0.4487026E+00

       -1.251586E-01 -1.818857E+01 -1.079326E-11

                                INCREMENT   260


 displacements (vx,vy,vz) for set NSET_IND_TOP and time  0.4507026E+00

        10  9.042853E-06 -2.196454E-01  0.000000E+00
        11  0.000000E+00 -2.196454E-01  0.000000E+00
      1004  8.872303E-06 -2.196454E-01  0.000000E+00
      1005  8.672370E-06 -2.196454E-01  0.000000E+00
      1006  8.355218E-06 -2.196454E-01  0.000000E+00
      1007  7.850669E-06 -2.196454E-01  0.000000E+00
      1008  7.112302E-06 -2.196454E-01  0.000000E+00
      1009  6.115826E-06 -2.196454E-01  0.000000E+00
      1010  4.863010E-06 -2.196454E-01  0.000000E+00
      1011  3.384189E-06 -2.196454E-01  0.000000E+00
      1012  1.737812E-06 -2.196454E-01  0.000000E+00
      1013  8.954645E-06 -2.196454E-01  0.000000E+00
      1014  8.781336E-06 -2.196454E-01  0.000000E+00
      1015  8.532691E-06 -2.196454E-01  0.000000E+00
      1016  8.129151E-06 -2.196454E-01  0.000000E+00
      1017  7.512295E-06 -2.196454E-01  0.000000E+00
      1018  6.646220E-06 -2.196454E-01  0.000000E+00
      1019  5.519751E-06 -2.196454E-01  0.000000E+00
      1020  4.149105E-06 -2.196454E-01  0.000000E+00
      1021  2.577946E-06 -2.196454E-01  0.000000E+00
      1022  8.754905E-07 -2.196454E-01  0.000000E+00

 forces (fx,fy,fz) for set NSET_IND_TOP and time  0.4507026E+00

        10  7.663756E-05 -3.163121E-01 -6.657474E-12
        11  1.162003E-05 -7.565430E-05 -4.047053E-12
      1004  4.687720E-05 -5.668955E-01 -1.031327E-11
      1005  1.302777E-05 -5.318685E-01  2.185865E-11
      1006  3.448576E-05 -5.101670E-01  1.536989E-11
      1007  1.755034E-05 -4.877890E-01 -7.369953E-12
      1008  3.225958E-05 -4.540671E-01  1.620825E-12
      1009  1.334241E-05 -4.019748E-01  1.827997E-11
      1010 -1.819189E-06 -3.280889E-01 -1.445481E-11
      1011  4.019670E-06 -2.331822E-01 -1.421610E-11
      1012 -1.149595E-06 -1.212175E-01  7.105864E-12
      1013 -4.585967E-03 -1.193074E+00 -9.552636E-12
      1014 -6.986114E-03 -1.095232E+00  5.465656E-12
      1015 -6.671992E-03 -1.040960E+00 -4.590633E-12
      1016 -8.528467E-03 -9.982850E-01 -1.291964E-11
      1017 -7.974192E-03 -9.431451E-01  1.287859E-11
      1018 -9.657539E-03 -8.580192E-01  2.961853E-12
      1019 -9.069986E-03 -7.324065E-01 -5.799639E-12
      1020 -9.085545E-03 -5.633220E-01 -2.073419E-11
      1021 -1.060201E-02 -3.557109E-01 -8.719470E-12
      1022 -8.522075E-03 -1.217366E-01 -1.081366E-11

 total force (fx,fy,fz) for set NSET_IND_TOP and time  0.4507026E+00

       -8.143704E-02 -1.185353E+01 -4.464723E-11

                                INCREMENT   270


 displacements (vx,vy,vz) for set NSET_IND_TOP and time  0.4527026E+00

        10  6.155226E-06 -2.123734E-01  0.000000E+00
        11  0.000000E+00 -2.123734E-01  0.000000E+00
      1004  6.038962E-06 -2.123734E-01  0.000000E+00
      1005  5.902710E-06 -2.123734E-01  0.000000E+00
      1006  5.686694E-06 -2.123734E-01  0.000000E+00
      1007  5.343155E-06 -2.123734E-01  0.000000E+00
      1008  4.840506E-06 -2.123734E-01  0.000000E+00
      1009  4.162229E-06 -2.123734E-01  0.000000E+00
      1010  3.309540E-06 -2.123734E-01  0.000000E+00
      1011  2.303088E-06 -2.123734E-01  0.000000E+00
      1012  1.182645E-06 -2.123734E-01  0.000000E+00
      1013  6.095097E-06 -2.123734E-01  0.000000E+00
      1014  5.976960E-06 -2.123734E-01  0.000000E+00
      1015  5.807562E-06 -2.123734E-01  0.000000E+00
      1016  5.532758E-06 -2.123734E-01  0.000000E+00
      1017  5.112795E-06 -2.123734E-01  0.000000E+00
      1018  4.523247E-06 -2.123734E-01  0.000000E+00
      1019  3.756522E-06 -2.123734E-01  0.000000E+00
      1020  2.823666E-06 -2.123734E-01  0.000000E+00
      1021  1.754395E-06 -2.123734E-01  0.000000E+00
      1022  5.958019E-07 -2.123734E-01  0.000000E+00

 forces (fx,fy,fz) for set NSET_IND_TOP and time  0.4527026E+00

        10  5.216612E-05 -2.155230E-01  1.034036E-12
        11  7.909884E-06 -5.145904E-05 -5.655035E-12
      1004  3.191403E-05 -3.862314E-01 -2.000774E-12
      1005  8.880606E-06 -3.623174E-01  1.305677E-11
      1006  2.348446E-05 -3.474800E-01  2.332643E-11
      1007  1.195851E-05 -3.321895E-01 -3.677931E-12
      1008  2.196564E-05 -3.091857E-01  2.792546E-12
      1009  9.092069E-06 -2.736868E-01 -7.119619E-12
      1010 -1.228619E-06 -2.233636E-01  2.496543E-12
      1011  2.747469E-06 -1.587420E-01 -2.019548E-12
      1012 -7.730581E-07 -8.251773E-02  2.839433E-12
      1013 -3.120460E-03 -8.128906E-01  1.119736E-11
      1014 -4.753727E-03 -7.461443E-01  8.179263E-12
      1015 -4.540064E-03 -7.090650E-01  5.119100E-12
      1016 -5.803399E-03 -6.798925E-01 -1.135891E-11
      1017 -5.426252E-03 -6.422516E-01 -4.009071E-12
      1018 -6.571725E-03 -5.842173E-01 -5.086431E-12
      1019 -6.171880E-03 -4.986439E-01 -6.927098E-12
      1020 -6.182433E-03 -3.835005E-01 -3.812645E-12
      1021 -7.214304E-03 -2.421515E-01  3.382200E-11
      1022 -5.798958E-03 -8.287081E-02  4.442141E-12

 total force (fx,fy,fz) for set NSET_IND_TOP and time  0.4527026E+00

       -5.541509E-02 -8.072917E+00  5.663856E-11

                                INCREMENT   280


 displacements (vx,vy,vz) for set NSET_IND_TOP and time  0.4547026E+00

        10  4.092700E-06 -2.051014E-01  0.000000E+00
        11  0.000000E+00 -2.051014E-01  0.000000E+00
      1004  4.015340E-06 -2.051014E-01  0.000000E+00
      1005  3.924694E-06 -2.051014E-01  0.000000E+00
      1006  3.781017E-06 -2.051014E-01  0.000000E+00
      1007  3.552559E-06 -2.051014E-01  0.000000E+00
      1008  3.218320E-06 -2.051014E-01  0.000000E+00
      1009  2.767323E-06 -2.051014E-01  0.000000E+00
      1010  2.200378E-06 -2.051014E-01  0.000000E+00
      1011  1.531218E-06 -2.051014E-01  0.000000E+00
      1012  7.862831E-07 -2.051014E-01  0.000000E+00
      1013  4.052692E-06 -2.051014E-01  0.000000E+00
      1014  3.974088E-06 -2.051014E-01  0.000000E+00
      1015  3.861405E-06 -2.051014E-01  0.000000E+00
      1016  3.678644E-06 -2.051014E-01  0.000000E+00
      1017  3.399377E-06 -2.051014E-01  0.000000E+00
      1018  3.007367E-06 -2.051014E-01  0.000000E+00
      1019  2.497570E-06 -2.051014E-01  0.000000E+00
      1020  1.877333E-06 -2.051014E-01  0.000000E+00
      1021  1.166414E-06 -2.051014E-01  0.000000E+00
      1022  3.961190E-07 -2.051014E-01  0.000000E+00

 forces (fx,fy,fz) for set NSET_IND_TOP and time  0.4547026E+00

        10  3.468615E-05 -1.433719E-01  7.494376E-12
        11  5.259326E-06 -3.420430E-05  1.492591E-12
      1004  2.122175E-05 -2.569230E-01 -1.027367E-12
      1005  5.908657E-06 -2.410002E-01 -2.061564E-12
      1006  1.561823E-05 -2.311144E-01  6.355227E-12
      1007  7.954941E-06 -2.209295E-01  1.291859E-11
      1008  1.460715E-05 -2.056184E-01  1.438020E-11
      1009  6.048259E-06 -1.820018E-01 -3.587875E-12
      1010 -8.141524E-07 -1.485314E-01 -2.010767E-11
      1011  1.829996E-06 -1.055568E-01 -1.745272E-11
      1012 -5.113420E-07 -5.486998E-02 -1.056946E-12
      1013 -2.074504E-03 -5.407500E-01  7.510874E-12
      1014 -3.160346E-03 -4.963243E-01 -1.447446E-11
      1015 -3.018324E-03 -4.716274E-01 -2.088668E-11
      1016 -3.858233E-03 -4.521920E-01  5.848239E-13
      1017 -3.607501E-03 -4.271304E-01 -3.623490E-13
      1018 -4.369035E-03 -3.885141E-01 -5.665524E-12
      1019 -4.103197E-03 -3.315924E-01 -1.597546E-11
      1020 -4.110200E-03 -2.550154E-01 -5.133630E-12
      1021 -4.796194E-03 -1.610195E-01 -1.400879E-12
      1022 -3.855241E-03 -5.510465E-02  4.970330E-12

 total force (fx,fy,fz) for set NSET_IND_TOP and time  0.4547026E+00

       -3.684097E-02 -5.369222E+00 -5.348612E-11

                                INCREMENT   290


 displacements (vx,vy,vz) for set NSET_IND_TOP and time  0.4567026E+00

        10  2.364868E-06 -1.978294E-01  0.000000E+00
        11  0.000000E+00 -1.978294E-01  0.000000E+00
      1004  2.320104E-06 -1.978294E-01  0.000000E+00
      1005  2.267668E-06 -1.978294E-01  0.000000E+00
      1006  2.184597E-06 -1.978294E-01  0.000000E+00
      1007  2.052547E-06 -1.978294E-01  0.000000E+00
      1008  1.859391E-06 -1.978294E-01  0.000000E+00
      1009  1.598792E-06 -1.978294E-01  0.000000E+00
      1010  1.271221E-06 -1.978294E-01  0.000000E+00
      1011  8.846147E-07 -1.978294E-01  0.000000E+00
      1012  4.542468E-07 -1.978294E-01  0.000000E+00
      1013  2.341718E-06 -1.978294E-01  0.000000E+00
      1014  2.296238E-06 -1.978294E-01  0.000000E+00
      1015  2.231071E-06 -1.978294E-01  0.000000E+00
      1016  2.125421E-06 -1.978294E-01  0.000000E+00
      1017  1.964021E-06 -1.978294E-01  0.000000E+00
      1018  1.737493E-06 -1.978294E-01  0.000000E+00
      1019  1.442930E-06 -1.978294E-01  0.000000E+00
      1020  1.084579E-06 -1.978294E-01  0.000000E+00
      1021  6.738561E-07 -1.978294E-01  0.000000E+00
      1022  2.288428E-07 -1.978294E-01  0.000000E+00

 forces (fx,fy,fz) for set NSET_IND_TOP and time  0.4567026E+00

        10  2.004262E-05 -8.292192E-02  3.049542E-12
        11  3.038792E-06 -1.975056E-05  8.767951E-13
      1004  1.226432E-05 -1.485864E-01  3.561492E-12
      1005  3.418497E-06 -1.393605E-01 -5.240453E-12
      1006  9.028016E-06 -1.336250E-01 -1.031536E-11
      1007  4.600545E-06 -1.277191E-01  6.734334E-12
      1008  8.442360E-06 -1.188539E-01 -1.205127E-11
      1009  3.497919E-06 -1.051927E-01 -7.768592E-12
      1010 -4.673239E-07 -8.584127E-02 -3.264585E-12
      1011  1.060918E-06 -6.100150E-02 -1.618669E-11
      1012 -2.924799E-07 -3.170847E-02  1.115735E-11
      1013 -1.198314E-03 -3.127451E-01  6.897670E-12
      1014 -1.825579E-03 -2.870229E-01  1.204903E-11
      1015 -1.743566E-03 -2.727037E-01 -5.522298E-12
      1016 -2.228769E-03 -2.614293E-01  6.682155E-13
      1017 -2.083934E-03 -2.469093E-01 -4.857621E-12
      1018 -2.523840E-03 -2.245628E-01 -5.706838E-12
      1019 -2.370261E-03 -1.916456E-01  1.570746E-11
      1020 -2.374290E-03 -1.473781E-01  1.316644E-11
      1021 -2.770544E-03 -9.305221E-02 -7.974357E-12
      1022 -2.226989E-03 -3.184397E-02  9.886925E-12

 total force (fx,fy,fz) for set NSET_IND_TOP and time  0.4567026E+00

       -2.128145E-02 -3.104124E+00  4.867192E-12

                                INCREMENT   300


 displacements (vx,vy,vz) for set NSET_IND_TOP and time  0.4587026E+00

        10  1.136276E-06 -1.905574E-01  0.000000E+00
        11  0.000000E+00 -1.905574E-01  0.000000E+00
      1004  1.114715E-06 -1.905574E-01  0.000000E+00
      1005  1.089471E-06 -1.905574E-01  0.000000E+00
      1006  1.049513E-06 -1.905574E-01  0.000000E+00
      1007  9.860319E-07 -1.905574E-01  0.000000E+00
      1008  8.932036E-07 -1.905574E-01  0.000000E+00
      1009  7.679883E-07 -1.905574E-01  0.000000E+00
      1010  6.106171E-07 -1.905574E-01  0.000000E+00
      1011  4.249037E-07 -1.905574E-01  0.000000E+00
      1012  2.181829E-07 -1.905574E-01  0.000000E+00
      1013  1.125127E-06 -1.905574E-01  0.000000E+00
      1014  1.103222E-06 -1.905574E-01  0.000000E+00
      1015  1.071864E-06 -1.905574E-01  0.000000E+00
      1016  1.021062E-06 -1.905574E-01  0.000000E+00
      1017  9.434842E-07 -1.905574E-01  0.000000E+00
      1018  8.346302E-07 -1.905574E-01  0.000000E+00
      1019  6.931070E-07 -1.905574E-01  0.000000E+00
      1020  5.209583E-07 -1.905574E-01  0.000000E+00
      1021  3.236675E-07 -1.905574E-01  0.000000E+00
      1022  1.099168E-07 -1.905574E-01  0.000000E+00

 forces (fx,fy,fz) for set NSET_IND_TOP and time  0.4587026E+00

        10  9.630184E-06 -3.990825E-02  3.807362E-12
        11  1.459920E-06 -9.478295E-06  8.869001E-12
      1004  5.894322E-06 -7.150244E-02  1.749050E-11
      1005  1.646169E-06 -6.704824E-02 -2.672429E-12
      1006  4.340660E-06 -6.427283E-02 -2.499188E-12
      1007  2.213812E-06 -6.141764E-02 -6.118331E-12
      1008  4.058042E-06 -5.714284E-02 -1.424660E-12
      1009  1.683268E-06 -5.056630E-02  2.748250E-12
      1010 -2.219210E-07 -4.125863E-02 -1.402456E-11
      1011  5.126902E-07 -2.931691E-02 -8.924170E-12
      1012 -1.380195E-07 -1.523802E-02  2.294517E-11
      1013 -5.754405E-04 -1.505094E-01 -4.928495E-12
      1014 -8.766923E-04 -1.381066E-01  1.750583E-11
      1015 -8.373303E-04 -1.311855E-01  4.435400E-12
      1016 -1.070362E-03 -1.257312E-01 -1.663928E-11
      1017 -1.000809E-03 -1.187217E-01  4.682036E-12
      1018 -1.212068E-03 -1.079568E-01  8.558293E-13
      1019 -1.138299E-03 -9.211845E-02 -1.343248E-11
      1020 -1.140221E-03 -7.083246E-02 -4.087744E-12
      1021 -1.330502E-03 -4.471915E-02  2.699392E-11
      1022 -1.069463E-03 -1.530304E-02  2.047265E-11

 total force (fx,fy,fz) for set NSET_IND_TOP and time  0.4587026E+00

       -1.022011E-02 -1.492866E+00  5.605462E-11

                                INCREMENT   310


 displacements (vx,vy,vz) for set NSET_IND_TOP and time  0.4607026E+00

        10  5.792637E-07 -1.832854E-01  0.000000E+00
        11  0.000000E+00 -1.832854E-01  0.000000E+00
      1004  5.682710E-07 -1.832854E-01  0.000000E+00
      1005  5.554006E-07 -1.832854E-01  0.000000E+00
      1006  5.350296E-07 -1.832854E-01  0.000000E+00
      1007  5.026667E-07 -1.832854E-01  0.000000E+00
      1008  4.553432E-07 -1.832854E-01  0.000000E+00
      1009  3.915095E-07 -1.832854E-01  0.000000E+00
      1010  3.112835E-07 -1.832854E-01  0.000000E+00
      1011  2.166093E-07 -1.832854E-01  0.000000E+00
      1012  1.112262E-07 -1.832854E-01  0.000000E+00
      1013  5.735792E-07 -1.832854E-01  0.000000E+00
      1014  5.624114E-07 -1.832854E-01  0.000000E+00
      1015  5.464244E-07 -1.832854E-01  0.000000E+00
      1016  5.205251E-07 -1.832854E-01  0.000000E+00
      1017  4.809760E-07 -1.832854E-01  0.000000E+00
      1018  4.254829E-07 -1.832854E-01  0.000000E+00
      1019  3.533358E-07 -1.832854E-01  0.000000E+00
      1020  2.655766E-07 -1.832854E-01  0.000000E+00
      1021  1.650006E-07 -1.832854E-01  0.000000E+00
      1022  5.603380E-08 -1.832854E-01  0.000000E+00

 forces (fx,fy,fz) for set NSET_IND_TOP and time  0.4607026E+00

        10  4.909376E-06 -2.034621E-02 -4.999993E-12
        11  7.442435E-07 -4.831715E-06 -7.251556E-12
      1004  3.004897E-06 -3.645356E-02 -9.566794E-12
      1005  8.392713E-07 -3.418242E-02 -1.611626E-12
      1006  2.212878E-06 -3.276715E-02 -5.676051E-12
      1007  1.128635E-06 -3.131124E-02  1.447067E-11
      1008  2.068773E-06 -2.913168E-02 -1.097264E-11
      1009  8.581548E-07 -2.577876E-02 -5.486351E-13
      1010 -1.130877E-07 -2.103359E-02  3.200240E-14
      1011  2.614118E-07 -1.494566E-02 -6.795868E-12
      1012 -7.031897E-08 -7.768272E-03 -2.094100E-12
      1013 -2.933479E-04 -7.673329E-02  1.769602E-12
      1014 -4.469205E-04 -7.040959E-02 -3.772663E-12
      1015 -4.268550E-04 -6.688044E-02 -1.228410E-11
      1016 -5.456502E-04 -6.409913E-02  2.800322E-12
      1017 -5.101934E-04 -6.052513E-02 -8.253138E-13
      1018 -6.178891E-04 -5.503668E-02 -7.906318E-12
      1019 -5.802830E-04 -4.696197E-02 -1.573262E-12
      1020 -5.812622E-04 -3.611021E-02  6.945229E-12
      1021 -6.782632E-04 -2.279764E-02 -4.197767E-12
      1022 -5.451906E-04 -7.801416E-03 -7.823547E-12

 total force (fx,fy,fz) for set NSET_IND_TOP and time  0.4607026E+00

       -5.210011E-03 -7.610789E-01 -6.188240E-11

                                INCREMENT   320


 displacements (vx,vy,vz) for set NSET_IND_TOP and time  0.4627026E+00

        10  1.957714E-07 -1.760134E-01  0.000000E+00
        11  0.000000E+00 -1.760134E-01  0.000000E+00
      1004  1.920560E-07 -1.760134E-01  0.000000E+00
      1005  1.877059E-07 -1.760134E-01  0.000000E+00
      1006  1.808210E-07 -1.760134E-01  0.000000E+00
      1007  1.698833E-07 -1.760134E-01  0.000000E+00
      1008  1.538895E-07 -1.760134E-01  0.000000E+00
      1009  1.323158E-07 -1.760134E-01  0.000000E+00
      1010  1.052022E-07 -1.760134E-01  0.000000E+00
      1011  7.320584E-08 -1.760134E-01  0.000000E+00
      1012  3.759026E-08 -1.760134E-01  0.000000E+00
      1013  1.938501E-07 -1.760134E-01  0.000000E+00
      1014  1.900755E-07 -1.760134E-01  0.000000E+00
      1015  1.846722E-07 -1.760134E-01  0.000000E+00
      1016  1.759189E-07 -1.760134E-01  0.000000E+00
      1017  1.625525E-07 -1.760134E-01  0.000000E+00
      1018  1.437977E-07 -1.760134E-01  0.000000E+00
      1019  1.194144E-07 -1.760134E-01  0.000000E+00
      1020  8.975498E-08 -1.760134E-01  0.000000E+00
      1021  5.576401E-08 -1.760134E-01  0.000000E+00
      1022  1.893731E-08 -1.760134E-01  0.000000E+00

 forces (fx,fy,fz) for set NSET_IND_TOP and time  0.4627026E+00

        10  1.659202E-06 -6.876665E-03 -1.082703E-11
        11  2.515262E-07 -1.632895E-06 -1.015829E-11
      1004  1.015558E-06 -1.232062E-02 -7.009514E-12
      1005  2.836604E-07 -1.155295E-02  9.734541E-13
      1006  7.478912E-07 -1.107454E-02  2.005835E-12
      1007  3.814541E-07 -1.058240E-02  1.136861E-11
      1008  6.991811E-07 -9.845707E-03 -3.631078E-12
      1009  2.900392E-07 -8.712468E-03 -6.290115E-12
      1010 -3.821122E-08 -7.108711E-03 -6.508865E-12
      1011  8.836120E-08 -5.051163E-03  2.874473E-12
      1012 -2.375518E-08 -2.625427E-03 -7.037060E-12
      1013 -9.913991E-05 -2.593448E-02  5.195553E-13
      1014 -1.510415E-04 -2.379706E-02 -2.083836E-12
      1015 -1.442603E-04 -2.260413E-02  6.518187E-12
      1016 -1.844084E-04 -2.166395E-02  1.078302E-11
      1017 -1.724254E-04 -2.045589E-02  4.895740E-12
      1018 -2.088223E-04 -1.860084E-02  3.248350E-12
      1019 -1.961129E-04 -1.587174E-02 -2.110357E-11
      1020 -1.964437E-04 -1.220413E-02  4.237610E-12
      1021 -2.292261E-04 -7.704880E-03  1.123409E-11
      1022 -1.842528E-04 -2.636628E-03 -2.654712E-12

 total force (fx,fy,fz) for set NSET_IND_TOP and time  0.4627026E+00

       -1.760778E-03 -2.572260E-01 -1.864514E-11

                                INCREMENT   330


 displacements (vx,vy,vz) for set NSET_IND_TOP and time  0.4647026E+00

        10  5.127648E-09 -1.687414E-01  0.000000E+00
        11  0.000000E+00 -1.687414E-01  0.000000E+00
      1004  5.030328E-09 -1.687414E-01  0.000000E+00
      1005  4.916387E-09 -1.687414E-01  0.000000E+00
      1006  4.736053E-09 -1.687414E-01  0.000000E+00
      1007  4.449568E-09 -1.687414E-01  0.000000E+00
      1008  4.030655E-09 -1.687414E-01  0.000000E+00
      1009  3.465597E-09 -1.687414E-01  0.000000E+00
      1010  2.755440E-09 -1.687414E-01  0.000000E+00
      1011  1.917394E-09 -1.687414E-01  0.000000E+00
      1012  9.845571E-10 -1.687414E-01  0.000000E+00
      1013  5.077323E-09 -1.687414E-01  0.000000E+00
      1014  4.978453E-09 -1.687414E-01  0.000000E+00
      1015  4.836925E-09 -1.687414E-01  0.000000E+00
      1016  4.607655E-09 -1.687414E-01  0.000000E+00
      1017  4.257558E-09 -1.687414E-01  0.000000E+00
      1018  3.766330E-09 -1.687414E-01  0.000000E+00
      1019  3.127685E-09 -1.687414E-01  0.000000E+00
      1020  2.350847E-09 -1.687414E-01  0.000000E+00
      1021  1.460561E-09 -1.687414E-01  0.000000E+00
      1022  4.960025E-10 -1.687414E-01  0.000000E+00

 forces (fx,fy,fz) for set NSET_IND_TOP and time  0.4647026E+00

        10  4.345533E-08 -1.801207E-04 -2.176312E-12
        11  6.587884E-09 -4.276737E-08 -5.342921E-12
      1004  2.659533E-08 -3.227137E-04 -1.804825E-11
      1005  7.429460E-09 -3.026045E-04 -3.475923E-12
      1006  1.958704E-08 -2.900719E-04  9.553996E-12
      1007  9.991885E-09 -2.771800E-04 -1.037140E-11
      1008  1.831451E-08 -2.578828E-04  5.180630E-12
      1009  7.597136E-09 -2.281997E-04  2.158884E-11
      1010 -9.994838E-10 -1.861930E-04 -3.313168E-12
      1011  2.313775E-09 -1.323009E-04  9.112880E-12
      1012 -6.221063E-10 -6.876554E-05  6.129020E-12
      1013 -2.596641E-06 -6.793021E-04  2.287244E-12
      1014 -3.956034E-06 -6.233142E-04 -7.006430E-12
      1015 -3.778422E-06 -5.920645E-04  5.602642E-12
      1016 -4.829974E-06 -5.674354E-04 -4.758853E-13
      1017 -4.516121E-06 -5.357905E-04 -2.312013E-11
      1018 -5.469415E-06 -4.871999E-04  6.068657E-13
      1019 -5.136533E-06 -4.157170E-04  5.879513E-12
      1020 -5.145194E-06 -3.196531E-04  2.652278E-12
      1021 -6.003822E-06 -2.018074E-04  1.113400E-11
      1022 -4.825893E-06 -6.905891E-05 -1.971577E-11

 total force (fx,fy,fz) for set NSET_IND_TOP and time  0.4647026E+00

       -4.611780E-05 -6.737418E-03 -1.331828E-11

                                INCREMENT   340


 displacements (vx,vy,vz) for set NSET_IND_TOP and time  0.4667026E+00

        10 -1.434944E-17 -1.614694E-01  0.000000E+00
        11  0.000000E+00 -1.614694E-01  0.000000E+00
      1004 -1.237896E-17 -1.614694E-01  0.000000E+00
      1005 -1.699953E-17 -1.614694E-01  0.000000E+00
      1006 -6.080452E-18 -1.614694E-01  0.000000E+00
      1007 -1.141382E-17 -1.614694E-01  0.000000E+00
      1008 -1.501464E-18 -1.614694E-01  0.000000E+00
      1009 -4.108105E-18 -1.614694E-01  0.000000E+00
      1010  6.601607E-18 -1.614694E-01  0.000000E+00
      1011 -1.479672E-18 -1.614694E-01  0.000000E+00
      1012  7.095217E-18 -1.614694E-01  0.000000E+00
      1013 -9.591084E-18 -1.614694E-01  0.000000E+00
      1014 -1.782012E-17 -1.614694E-01  0.000000E+00
      1015 -1.399256E-17 -1.614694E-01  0.000000E+00
      1016 -4.704960E-18 -1.614694E-01  0.000000E+00
      1017 -6.734742E-18 -1.614694E-01  0.000000E+00
      1018 -4.425412E-18 -1.614694E-01  0.000000E+00
      1019  3.817771E-18 -1.614694E-01  0.000000E+00
      1020 -9.660968E-19 -1.614694E-01  0.000000E+00
      1021  4.021070E-18 -1.614694E-01  0.000000E+00
      1022 -2.630222E-18 -1.614694E-01  0.000000E+00

 forces (fx,fy,fz) for set NSET_IND_TOP and time  0.4667026E+00

        10  3.801464E-12  4.942901E-12 -2.106034E-12
        11  4.239865E-15  1.516377E-13 -5.482274E-12
      1004 -3.064459E-12  1.035828E-11  9.783442E-12
      1005 -3.172141E-12  7.952267E-12 -3.407300E-12
      1006  2.414386E-12 -1.025522E-12  7.395632E-12
      1007 -3.343305E-13  1.127748E-11  4.146557E-12
      1008 -1.101741E-12  1.767934E-12 -8.353096E-12
      1009  1.973128E-12  5.183178E-14  5.782926E-12
      1010 -2.235219E-13  1.640593E-12  1.139087E-11
      1011  6.724918E-13 -7.283244E-13 -4.315089E-12
      1012  4.523933E-13  4.692203E-13  1.239163E-11
      1013  1.769397E-14 -6.049213E-13  1.033918E-11
      1014  2.680377E-12  9.563481E-13 -1.451593E-11
      1015  6.807233E-14 -1.169125E-11 -1.232604E-12
      1016  8.136891E-13 -3.587678E-12  5.384165E-12
      1017 -3.868667E-13 -4.153474E-12  7.482759E-12
      1018 -1.408310E-12 -2.809544E-12  4.089600E-12
      1019 -8.334315E-13 -5.309034E-12  1.409655E-11
      1020  2.245775E-13 -1.059809E-12 -5.677585E-13
      1021 -4.334416E-13 -5.826263E-13  1.534535E-11
      1022  3.053226E-14  1.044911E-12  1.099050E-11

 total force (fx,fy,fz) for set NSET_IND_TOP and time  0.4667026E+00

        2.194802E-12  9.061227E-12  7.863907E-11

                                INCREMENT   350


 displacements (vx,vy,vz) for set NSET_IND_TOP and time  0.4687026E+00

        10 -1.612542E-17 -1.541974E-01  0.000000E+00
        11  0.000000E+00 -1.541974E-01  0.000000E+00
      1004 -7.898902E-18 -1.541974E-01  0.000000E+00
      1005 -8.670108E-18 -1.541974E-01  0.000000E+00
      1006  3.861649E-18 -1.541974E-01  0.000000E+00
      1007 -6.457590E-18 -1.541974E-01  0.000000E+00
      1008  7.142204E-18 -1.541974E-01  0.000000E+00
      1009  2.247354E-18 -1.541974E-01  0.000000E+00
      1010  3.530365E-18 -1.541974E-01  0.000000E+00
      1011  8.151818E-19 -1.541974E-01  0.000000E+00
      1012  8.094071E-18 -1.541974E-01  0.000000E+00
      1013 -1.366228E-17 -1.541974E-01  0.000000E+00
      1014 -7.658166E-18 -1.541974E-01  0.000000E+00
      1015 -3.375028E-18 -1.541974E-01  0.000000E+00
      1016 -5.851478E-19 -1.541974E-01  0.000000E+00
      1017 -2.533231E-18 -1.541974E-01  0.000000E+00
      1018  4.456766E-18 -1.541974E-01  0.000000E+00
      1019  4.725272E-19 -1.541974E-01  0.000000E+00
      1020  3.479485E-20 -1.541974E-01  0.000000E+00
      1021 -1.952960E-18 -1.541974E-01  0.000000E+00
      1022  1.051988E-17 -1.541974E-01  0.000000E+00

 forces (fx,fy,fz) for set NSET_IND_TOP and time  0.4687026E+00

        10 -3.660199E-12 -3.430106E-12  1.526819E-12
        11 -1.394773E-13  1.979788E-13  6.826009E-12
      1004 -1.065503E-12  7.825301E-12 -5.572315E-13
      1005 -1.361250E-12  5.087908E-12  7.147427E-12
      1006 -1.902412E-12  1.121831E-11  4.487182E-12
      1007  1.999543E-13  4.291333E-12 -7.895466E-12
      1008 -1.406305E-12 -3.464068E-12 -2.902815E-12
      1009 -1.670781E-12  5.525311E-12  1.942848E-12
      1010 -1.742232E-13  2.054622E-12  4.803709E-12
      1011 -3.044252E-13  1.893979E-13 -5.262079E-12
      1012 -3.357356E-13  6.242359E-13  2.464484E-12
      1013  4.574450E-12 -1.754598E-11  1.492488E-11
      1014 -1.191925E-12 -5.439039E-12  1.016255E-11
      1015  4.129134E-12 -7.216613E-12 -7.539185E-12
      1016 -2.282742E-12 -5.702777E-12  4.227851E-13
      1017 -2.173886E-12 -1.040557E-11 -3.368756E-12
      1018  3.002155E-12 -3.314872E-12  1.145125E-13
      1019  4.932635E-14 -8.069188E-12 -1.224974E-11
      1020  2.491599E-13 -1.124886E-12  1.303435E-12
      1021  6.362082E-13 -2.547729E-12 -5.147546E-12
      1022  2.800404E-13 -1.603137E-13  1.815324E-11

 total force (fx,fy,fz) for set NSET_IND_TOP and time  0.4687026E+00

       -4.548435E-12 -3.140675E-11  2.935706E-11

                                INCREMENT   360


 displacements (vx,vy,vz) for set NSET_IND_TOP and time  0.4707026E+00

        10 -2.177911E-17 -1.469254E-01  0.000000E+00
        11  0.000000E+00 -1.469254E-01  0.000000E+00
      1004 -1.147333E-17 -1.469254E-01  0.000000E+00
      1005 -7.141245E-18 -1.469254E-01  0.000000E+00
      1006  1.906047E-18 -1.469254E-01  0.000000E+00
      1007 -6.804803E-18 -1.469254E-01  0.000000E+00
      1008  5.204668E-18 -1.469254E-01  0.000000E+00
      1009  3.393859E-18 -1.469254E-01  0.000000E+00
      1010  9.727976E-18 -1.469254E-01  0.000000E+00
      1011  2.200832E-18 -1.469254E-01  0.000000E+00
      1012 -8.065768E-18 -1.469254E-01  0.000000E+00
      1013 -1.676568E-17 -1.469254E-01  0.000000E+00
      1014 -1.055464E-17 -1.469254E-01  0.000000E+00
      1015 -5.121727E-18 -1.469254E-01  0.000000E+00
      1016 -9.782963E-19 -1.469254E-01  0.000000E+00
      1017 -3.626501E-18 -1.469254E-01  0.000000E+00
      1018 -1.184553E-18 -1.469254E-01  0.000000E+00
      1019  8.075829E-18 -1.469254E-01  0.000000E+00
      1020  3.827189E-18 -1.469254E-01  0.000000E+00
      1021 -1.005552E-17 -1.469254E-01  0.000000E+00
      1022 -1.676263E-18 -1.469254E-01  0.000000E+00

 forces (fx,fy,fz) for set NSET_IND_TOP and time  0.4707026E+00

        10 -4.894154E-12 -3.547104E-12 -4.289528E-12
        11 -4.144412E-14 -3.892604E-14  2.206748E-12
      1004  2.591765E-12 -2.887608E-12  1.138149E-11
      1005  7.349806E-13 -6.860343E-13 -2.929848E-12
      1006  2.637771E-12  2.772915E-12  4.971406E-12
      1007 -1.257048E-13  3.395698E-12  4.863394E-12
      1008  3.614235E-13 -3.247833E-12 -1.530364E-11
      1009  1.575688E-12 -3.167898E-12  5.199723E-12
      1010 -3.599215E-13 -9.103493E-13  3.355351E-12
      1011  6.150456E-13 -9.337339E-14 -6.319238E-12
      1012 -3.943298E-14 -2.002823E-13  1.009313E-12
      1013 -1.279497E-12 -9.133512E-12 -1.725930E-11
      1014 -5.630869E-13 -2.095566E-12 -5.529127E-12
      1015 -2.258255E-13 -1.121069E-11 -8.557431E-12
      1016 -2.736044E-12 -4.740722E-12 -2.121025E-11
      1017 -3.810948E-13 -1.539420E-11 -7.855923E-12
      1018 -8.933430E-13 -2.398630E-12 -3.127626E-12
      1019  1.082437E-13 -8.833126E-13  5.799484E-12
      1020  2.499799E-13 -3.205492E-12  7.198946E-12
      1021 -2.315999E-13 -7.369792E-13  1.521533E-11
      1022 -1.099472E-13  5.428823E-13  1.720376E-12

 total force (fx,fy,fz) for set NSET_IND_TOP and time  0.4707026E+00

       -3.006200E-12 -5.786701E-11 -2.946036E-11

                                INCREMENT   370


 displacements (vx,vy,vz) for set NSET_IND_TOP and time  0.4727026E+00

        10 -7.378640E-18 -1.396534E-01  0.000000E+00
        11  0.000000E+00 -1.396534E-01  0.000000E+00
      1004 -7.446815E-18 -1.396534E-01  0.000000E+00
      1005 -7.147515E-18 -1.396534E-01  0.000000E+00
      1006  2.357633E-18 -1.396534E-01  0.000000E+00
      1007 -5.383441E-18 -1.396534E-01  0.000000E+00
      1008  5.473035E-18 -1.396534E-01  0.000000E+00
      1009  5.800294E-18 -1.396534E-01  0.000000E+00
      1010  5.505961E-18 -1.396534E-01  0.000000E+00
      1011 -8.031524E-19 -1.396534E-01  0.000000E+00
      1012 -1.466619E-18 -1.396534E-01  0.000000E+00
      1013 -5.705141E-18 -1.396534E-01  0.000000E+00
      1014 -8.143234E-18 -1.396534E-01  0.000000E+00
      1015 -3.505961E-18 -1.396534E-01  0.000000E+00
      1016 -1.270990E-18 -1.396534E-01  0.000000E+00
      1017 -3.708528E-18 -1.396534E-01  0.000000E+00
      1018  3.905425E-18 -1.396534E-01  0.000000E+00
      1019  7.310542E-18 -1.396534E-01  0.000000E+00
      1020 -2.093824E-18 -1.396534E-01  0.000000E+00
      1021 -1.788010E-18 -1.396534E-01  0.000000E+00
      1022 -3.128700E-18 -1.396534E-01  0.000000E+00

 forces (fx,fy,fz) for set NSET_IND_TOP and time  0.4727026E+00

        10 -1.130953E-12 -2.407782E-12 -4.520779E-12
        11 -2.169150E-14  1.483577E-13  7.176506E-12
      1004  4.548843E-12 -2.859423E-12  3.157926E-12
      1005  4.104670E-12  9.865426E-12  3.791657E-12
      1006 -1.954782E-12  6.833733E-12  4.578009E-12
      1007  4.428938E-13  7.170636E-12 -1.010264E-11
      1008  3.495355E-13 -3.464954E-12 -1.021706E-11
      1009  1.189748E-13 -1.027518E-12 -2.378398E-12
      1010 -4.738909E-13  4.220201E-12 -5.133189E-13
      1011  1.093232E-13 -3.652895E-13 -9.423484E-12
      1012 -1.928952E-13 -1.208743E-13 -2.022130E-12
      1013 -1.608127E-12 -7.643823E-12  4.350090E-12
      1014 -5.380606E-12  1.386700E-12 -7.535252E-12
      1015 -5.198852E-13 -8.273794E-13 -6.552052E-12
      1016  1.040226E-12 -1.608594E-11 -3.546421E-12
      1017 -3.958578E-13 -1.210598E-11 -6.720042E-12
      1018 -1.380479E-12 -2.354219E-12  6.494574E-13
      1019  8.831002E-13 -4.049817E-12 -8.079681E-12
      1020  5.484433E-14 -1.057414E-12  1.004240E-11
      1021 -1.876490E-14 -1.067319E-12  5.184559E-12
      1022  5.232040E-14  2.710732E-14  7.565485E-12

 total force (fx,fy,fz) for set NSET_IND_TOP and time  0.4727026E+00

       -1.373200E-12 -2.578557E-11 -2.511517E-11

                                INCREMENT   380


 displacements (vx,vy,vz) for set NSET_IND_TOP and time  0.4747026E+00

        10 -7.815421E-18 -1.323814E-01  0.000000E+00
        11  0.000000E+00 -1.323814E-01  0.000000E+00
      1004 -1.555928E-17 -1.323814E-01  0.000000E+00
      1005 -1.067934E-17 -1.323814E-01  0.000000E+00
      1006  3.381179E-19 -1.323814E-01  0.000000E+00
      1007 -5.741715E-18 -1.323814E-01  0.000000E+00
      1008  4.076006E-18 -1.323814E-01  0.000000E+00
      1009  2.604390E-18 -1.323814E-01  0.000000E+00
      1010  1.218022E-17 -1.323814E-01  0.000000E+00
      1011  2.137397E-18 -1.323814E-01  0.000000E+00
      1012  1.716149E-18 -1.323814E-01  0.000000E+00
      1013 -9.933771E-18 -1.323814E-01  0.000000E+00
      1014 -1.531449E-17 -1.323814E-01  0.000000E+00
      1015 -9.190097E-18 -1.323814E-01  0.000000E+00
      1016 -7.896618E-19 -1.323814E-01  0.000000E+00
      1017 -4.219339E-18 -1.323814E-01  0.000000E+00
      1018 -1.902069E-18 -1.323814E-01  0.000000E+00
      1019  9.133236E-18 -1.323814E-01  0.000000E+00
      1020  5.336958E-18 -1.323814E-01  0.000000E+00
      1021  5.260302E-19 -1.323814E-01  0.000000E+00
      1022 -4.584328E-19 -1.323814E-01  0.000000E+00

 forces (fx,fy,fz) for set NSET_IND_TOP and time  0.4747026E+00

        10 -1.599517E-12 -6.152762E-13 -8.319859E-12
        11  5.603919E-14  1.588121E-13  4.442234E-12
      1004 -2.404810E-12  2.126382E-12 -1.518761E-11
      1005 -1.100368E-12  1.072073E-11  2.737250E-12
      1006  2.426604E-12  8.667568E-12 -8.240443E-12
      1007  1.316441E-12  2.713285E-12 -6.064621E-12
      1008  3.056815E-13 -1.397557E-12 -2.452414E-12
      1009 -1.948219E-12  7.239573E-12 -1.403454E-13
      1010  4.767203E-13  1.634065E-12 -5.465899E-12
      1011 -1.227972E-14  9.505652E-13  1.318752E-12
      1012 -2.085755E-13 -1.007704E-12 -1.755241E-13
      1013 -1.183160E-12 -9.521761E-13 -4.083372E-12
      1014  4.327564E-12 -9.321787E-12 -6.201716E-12
      1015  3.324271E-13 -1.214562E-11  5.189953E-13
      1016 -2.694111E-12  2.626890E-12 -4.269983E-13
      1017 -8.580054E-13 -7.806933E-12 -9.572580E-12
      1018  1.690625E-12  2.611741E-12 -3.579222E-12
      1019  1.976663E-13 -5.489532E-12 -7.970360E-12
      1020  1.809375E-13 -1.233546E-12  2.347803E-12
      1021 -2.683716E-13 -1.284518E-12 -8.647499E-12
      1022  3.307087E-13 -9.410099E-13  3.484110E-12

 total force (fx,fy,fz) for set NSET_IND_TOP and time  0.4747026E+00

       -6.360020E-13 -2.746045E-12 -7.167932E-11

                                INCREMENT   390


 displacements (vx,vy,vz) for set NSET_IND_TOP and time  0.4767026E+00

        10 -1.006398E-17 -1.251094E-01  0.000000E+00
        11  0.000000E+00 -1.251094E-01  0.000000E+00
      1004 -3.046006E-18 -1.251094E-01  0.000000E+00
      1005 -1.456740E-17 -1.251094E-01  0.000000E+00
      1006  3.089428E-18 -1.251094E-01  0.000000E+00
      1007 -4.466169E-18 -1.251094E-01  0.000000E+00
      1008  3.084413E-19 -1.251094E-01  0.000000E+00
      1009 -3.942253E-18 -1.251094E-01  0.000000E+00
      1010  4.883721E-19 -1.251094E-01  0.000000E+00
      1011 -6.296753E-18 -1.251094E-01  0.000000E+00
      1012 -3.079312E-18 -1.251094E-01  0.000000E+00
      1013 -7.369378E-18 -1.251094E-01  0.000000E+00
      1014 -7.317754E-18 -1.251094E-01  0.000000E+00
      1015 -9.797520E-18 -1.251094E-01  0.000000E+00
      1016  4.800330E-19 -1.251094E-01  0.000000E+00
      1017 -4.263381E-18 -1.251094E-01  0.000000E+00
      1018 -2.331222E-18 -1.251094E-01  0.000000E+00
      1019  2.455620E-19 -1.251094E-01  0.000000E+00
      1020 -5.842583E-18 -1.251094E-01  0.000000E+00
      1021 -9.228472E-18 -1.251094E-01  0.000000E+00
      1022 -3.894069E-19 -1.251094E-01  0.000000E+00

 forces (fx,fy,fz) for set NSET_IND_TOP and time  0.4767026E+00

        10  5.766077E-13 -4.074906E-13  7.589231E-12
        11  2.604010E-14  7.767681E-14  1.473470E-12
      1004 -1.323208E-12  2.185884E-11  2.926374E-12
      1005 -1.619851E-12 -1.249735E-12 -2.470221E-12
      1006 -3.145710E-13 -3.616847E-12  6.848920E-12
      1007  3.135586E-14  4.644904E-12  5.776012E-12
      1008  3.466564E-13 -6.059040E-12  1.546758E-11
      1009  1.070621E-12  1.904563E-12 -6.046838E-12
      1010 -7.725994E-13  1.634317E-12 -9.106138E-12
      1011 -7.670306E-14 -5.441420E-13 -5.896970E-13
      1012 -1.759138E-13 -8.766584E-13  5.975549E-12
      1013  3.485550E-12 -6.207383E-12  4.994400E-12
      1014 -2.443140E-12 -1.848392E-12  9.563291E-13
      1015 -5.871790E-13 -1.624689E-11  1.075378E-11
      1016  7.132350E-13 -6.370651E-12  4.639520E-12
      1017 -1.431882E-12 -6.195913E-12 -2.542743E-13
      1018 -2.382424E-14 -2.774340E-12 -9.683829E-13
      1019  2.103134E-13 -1.275008E-12 -1.166000E-11
      1020  6.038033E-14 -3.051191E-12 -3.338484E-12
      1021 -2.248470E-13 -9.130975E-14  2.262698E-12
      1022  1.885655E-13 -1.100528E-13  7.684530E-12

 total force (fx,fy,fz) for set NSET_IND_TOP and time  0.4767026E+00

       -2.284393E-12 -2.680475E-11  4.291435E-11

                                INCREMENT   400


 displacements (vx,vy,vz) for set NSET_IND_TOP and time  0.4787026E+00

        10 -1.313072E-18 -1.178374E-01  0.000000E+00
        11  0.000000E+00 -1.178374E-01  0.000000E+00
      1004 -5.968467E-18 -1.178374E-01  0.000000E+00
      1005  4.275104E-19 -1.178374E-01  0.000000E+00
      1006  3.716576E-18 -1.178374E-01  0.000000E+00
      1007 -1.929659E-18 -1.178374E-01  0.000000E+00
      1008  3.488858E-18 -1.178374E-01  0.000000E+00
      1009  3.416097E-18 -1.178374E-01  0.000000E+00
      1010  1.498027E-19 -1.178374E-01  0.000000E+00
      1011 -1.270404E-18 -1.178374E-01  0.000000E+00
      1012  4.214894E-19 -1.178374E-01  0.000000E+00
      1013 -3.879434E-19 -1.178374E-01  0.000000E+00
      1014  3.440974E-21 -1.178374E-01  0.000000E+00
      1015 -3.946566E-18 -1.178374E-01  0.000000E+00
      1016  3.883234E-18 -1.178374E-01  0.000000E+00
      1017 -1.491191E-18 -1.178374E-01  0.000000E+00
      1018  1.324613E-18 -1.178374E-01  0.000000E+00
      1019  8.112656E-19 -1.178374E-01  0.000000E+00
      1020  8.458512E-21 -1.178374E-01  0.000000E+00
      1021 -3.838865E-18 -1.178374E-01  0.000000E+00
      1022  6.406728E-18 -1.178374E-01  0.000000E+00

 forces (fx,fy,fz) for set NSET_IND_TOP and time  0.4787026E+00

        10  2.670980E-13 -4.328075E-12  2.569168E-12
        11 -5.499137E-14  8.691037E-14 -4.439431E-12
      1004 -1.979020E-12  4.674454E-12 -4.713565E-12
      1005  2.223829E-12  5.373616E-12 -1.801097E-12
      1006  8.609972E-13  6.109737E-12 -7.099483E-12
      1007  3.588795E-13  8.132657E-12  3.816012E-12
      1008 -4.203386E-13  2.838526E-12 -9.006693E-12
      1009  6.508456E-13  1.494858E-12 -5.305735E-12
      1010 -2.948636E-13 -3.865071E-13 -7.622600E-13
      1011 -1.943121E-13  1.002006E-12 -5.793046E-12
      1012  3.629936E-14  8.333505E-13 -1.415713E-11
      1013  1.838889E-14  1.690440E-12  1.177032E-12
      1014 -3.736411E-13 -7.002713E-12  5.486882E-12
      1015 -7.256262E-13 -9.534043E-12  3.653268E-12
      1016 -2.289791E-13 -7.316304E-12 -1.891809E-11
      1017 -7.348033E-13 -2.826043E-12 -1.397174E-12
      1018 -2.229553E-13 -2.630447E-12 -4.417480E-12
      1019  5.535604E-14 -1.122783E-12  3.379793E-12
      1020  4.933460E-13 -1.483559E-13 -1.823165E-11
      1021  3.653092E-13 -8.087190E-13 -5.106111E-12
      1022  1.319725E-13  6.803908E-13  2.266772E-12

 total force (fx,fy,fz) for set NSET_IND_TOP and time  0.4787026E+00

        2.327904E-13 -3.187045E-12 -7.880002E-11

                                INCREMENT   410


 displacements (vx,vy,vz) for set NSET_IND_TOP and time  0.4807026E+00

        10 -4.655618E-18 -1.105654E-01  0.000000E+00
        11  0.000000E+00 -1.105654E-01  0.000000E+00
      1004 -7.121410E-18 -1.105654E-01  0.000000E+00
      1005 -4.275126E-18 -1.105654E-01  0.000000E+00
      1006  3.520381E-18 -1.105654E-01  0.000000E+00
      1007 -5.624679E-18 -1.105654E-01  0.000000E+00
      1008  5.712701E-18 -1.105654E-01  0.000000E+00
      1009  5.682440E-20 -1.105654E-01  0.000000E+00
      1010  6.843343E-18 -1.105654E-01  0.000000E+00
      1011  2.836617E-18 -1.105654E-01  0.000000E+00
      1012  9.601062E-18 -1.105654E-01  0.000000E+00
      1013 -4.482942E-18 -1.105654E-01  0.000000E+00
      1014 -6.733523E-18 -1.105654E-01  0.000000E+00
      1015 -1.170644E-18 -1.105654E-01  0.000000E+00
      1016 -1.821443E-18 -1.105654E-01  0.000000E+00
      1017 -3.463634E-18 -1.105654E-01  0.000000E+00
      1018  2.557155E-19 -1.105654E-01  0.000000E+00
      1019  5.890604E-18 -1.105654E-01  0.000000E+00
      1020  8.772156E-19 -1.105654E-01  0.000000E+00
      1021  5.690375E-18 -1.105654E-01  0.000000E+00
      1022  6.395972E-18 -1.105654E-01  0.000000E+00

 forces (fx,fy,fz) for set NSET_IND_TOP and time  0.4807026E+00

        10  1.426670E-12 -2.132222E-12  1.722319E-12
        11 -9.432045E-14  1.570733E-13  4.458099E-12
      1004  7.965415E-13  9.552684E-12  1.024207E-11
      1005  5.320823E-13  1.074523E-11 -3.743805E-12
      1006 -1.200680E-12  8.383832E-12  1.210195E-11
      1007 -7.294826E-13  5.023804E-12 -4.686677E-12
      1008  1.289333E-12 -2.291709E-12 -2.053877E-12
      1009  3.629651E-13  1.779545E-12 -1.178540E-12
      1010  1.012366E-12  3.508609E-12 -1.161402E-12
      1011  8.738522E-14  2.586404E-12  5.553248E-13
      1012 -3.430003E-13  5.486459E-13 -2.854589E-12
      1013 -3.326284E-13 -5.265660E-13  1.137910E-12
      1014 -7.804149E-13  4.948348E-12 -1.117698E-11
      1015  4.106388E-16 -2.424699E-12 -5.413660E-12
      1016  2.026173E-13 -6.095420E-13 -3.805644E-12
      1017 -5.128116E-14 -8.035034E-12  7.280578E-12
      1018 -6.109859E-13  1.505850E-12  8.251344E-13
      1019 -6.291268E-14 -3.160583E-12  7.821498E-12
      1020  2.642012E-14  1.138469E-12  6.498491E-12
      1021  6.817191E-14  8.250064E-13  9.249403E-14
      1022  8.995756E-14 -9.205685E-14  2.771449E-12

 total force (fx,fy,fz) for set NSET_IND_TOP and time  0.4807026E+00

        1.689216E-12  3.143108E-11  1.943214E-11

                                INCREMENT   420


 displacements (vx,vy,vz) for set NSET_IND_TOP and time  0.4827026E+00

        10 -1.004459E-17 -1.032934E-01  0.000000E+00
        11  0.000000E+00 -1.032934E-01  0.000000E+00
      1004 -1.079030E-17 -1.032934E-01  0.000000E+00
      1005 -8.582189E-18 -1.032934E-01  0.000000E+00
      1006  5.894020E-19 -1.032934E-01  0.000000E+00
      1007 -7.265129E-18 -1.032934E-01  0.000000E+00
      1008 -2.425733E-18 -1.032934E-01  0.000000E+00
      1009 -1.843302E-18 -1.032934E-01  0.000000E+00
      1010  2.625164E-18 -1.032934E-01  0.000000E+00
      1011  1.729879E-18 -1.032934E-01  0.000000E+00
      1012 -4.279099E-19 -1.032934E-01  0.000000E+00
      1013 -9.981111E-18 -1.032934E-01  0.000000E+00
      1014 -1.093954E-17 -1.032934E-01  0.000000E+00
      1015 -6.207811E-18 -1.032934E-01  0.000000E+00
      1016 -1.608184E-18 -1.032934E-01  0.000000E+00
      1017 -6.552522E-18 -1.032934E-01  0.000000E+00
      1018 -5.348780E-18 -1.032934E-01  0.000000E+00
      1019  2.267192E-18 -1.032934E-01  0.000000E+00
      1020 -1.732207E-18 -1.032934E-01  0.000000E+00
      1021  4.073444E-20 -1.032934E-01  0.000000E+00
      1022 -3.657236E-18 -1.032934E-01  0.000000E+00

 forces (fx,fy,fz) for set NSET_IND_TOP and time  0.4827026E+00

        10 -2.517886E-12 -1.620896E-12 -6.689712E-12
        11 -1.555876E-14 -4.757126E-14  6.114891E-12
      1004  5.391076E-13  9.091406E-12  5.906608E-12
      1005  1.987738E-12  5.552212E-12 -8.266100E-12
      1006 -7.569259E-13  4.966153E-12  7.133561E-12
      1007 -5.933628E-13  9.698794E-12 -3.900355E-12
      1008  8.190236E-13  2.471659E-12 -1.149330E-11
      1009  1.294117E-13  1.243246E-12  2.457754E-13
      1010 -2.655512E-13  1.046201E-12 -3.010366E-12
      1011 -3.929063E-13  1.674775E-12 -3.930809E-12
      1012 -3.705059E-13  8.273021E-13 -8.525496E-12
      1013  6.912598E-13 -1.110580E-11  1.512075E-12
      1014  4.356582E-14 -2.210464E-12 -5.390559E-12
      1015  6.586992E-14 -1.176289E-12 -7.692601E-12
      1016  1.319763E-12 -5.310314E-12  7.546195E-12
      1017  7.288565E-13 -6.709477E-12 -9.851852E-12
      1018 -1.261770E-12  2.863922E-13 -7.610894E-12
      1019  1.333447E-14 -2.529902E-12  2.388534E-12
      1020  5.863128E-13  5.494658E-13 -7.711611E-13
      1021  2.861415E-13 -8.475600E-13  9.009823E-12
      1022 -1.649086E-13  3.216325E-14 -4.175617E-13

 total force (fx,fy,fz) for set NSET_IND_TOP and time  0.4827026E+00

        8.710090E-13  5.881493E-12 -3.769331E-11

                                INCREMENT   430


 displacements (vx,vy,vz) for set NSET_IND_TOP and time  0.4847026E+00

        10 -7.493895E-18 -9.602143E-02  0.000000E+00
        11  0.000000E+00 -9.602143E-02  0.000000E+00
      1004 -1.604362E-18 -9.602143E-02  0.000000E+00
      1005 -5.830069E-18 -9.602143E-02  0.000000E+00
      1006 -1.204598E-18 -9.602143E-02  0.000000E+00
      1007 -3.330872E-18 -9.602143E-02  0.000000E+00
      1008 -2.726993E-18 -9.602143E-02  0.000000E+00
      1009  3.179282E-18 -9.602143E-02  0.000000E+00
      1010 -2.076762E-18 -9.602143E-02  0.000000E+00
      1011  5.031501E-18 -9.602143E-02  0.000000E+00
      1012  7.642179E-19 -9.602143E-02  0.000000E+00
      1013 -3.200425E-18 -9.602143E-02  0.000000E+00
      1014 -8.034733E-19 -9.602143E-02  0.000000E+00
      1015 -6.436102E-18 -9.602143E-02  0.000000E+00
      1016 -5.274433E-19 -9.602143E-02  0.000000E+00
      1017 -5.755064E-18 -9.602143E-02  0.000000E+00
      1018 -1.958242E-18 -9.602143E-02  0.000000E+00
      1019  6.980756E-19 -9.602143E-02  0.000000E+00
      1020  5.724079E-19 -9.602143E-02  0.000000E+00
      1021  2.727096E-19 -9.602143E-02  0.000000E+00
      1022 -1.111624E-18 -9.602143E-02  0.000000E+00

 forces (fx,fy,fz) for set NSET_IND_TOP and time  0.4847026E+00

        10 -2.857071E-13  2.650303E-12 -5.037572E-12
        11 -3.059880E-14  5.815561E-14 -1.411792E-12
      1004 -7.723030E-13  4.191987E-12  4.656858E-12
      1005 -1.018794E-12  4.852286E-12 -5.335250E-12
      1006 -7.865245E-13  2.470710E-12 -1.116505E-12
      1007  6.789464E-13  3.866726E-12  1.067707E-11
      1008  1.375560E-12  1.849036E-12  5.314942E-12
      1009  9.097721E-13  3.924641E-12 -4.129892E-13
      1010 -1.245223E-13 -2.723668E-13 -1.305360E-12
      1011  1.463637E-13  2.375953E-13  1.500521E-12
      1012  1.562201E-13  2.869099E-13  8.915960E-12
      1013  3.912132E-13 -3.029826E-12 -1.171941E-12
      1014  6.588105E-13 -9.043127E-12  2.112659E-12
      1015 -1.141216E-12 -5.764497E-12 -5.276739E-12
      1016  4.819691E-14 -7.184123E-12 -9.398937E-12
      1017 -6.828788E-13 -8.215399E-12  2.160601E-12
      1018  1.384680E-13  1.419009E-12  2.826810E-12
      1019 -6.894105E-13  1.659969E-13  2.196916E-12
      1020  2.594557E-13  1.115819E-12  8.127358E-13
      1021  5.728253E-14 -8.604352E-14  4.230903E-12
      1022 -1.041873E-13  1.940005E-14  1.516264E-11

 total force (fx,fy,fz) for set NSET_IND_TOP and time  0.4847026E+00

       -8.158531E-13 -6.486809E-12  3.010152E-11

                                INCREMENT   440


 displacements (vx,vy,vz) for set NSET_IND_TOP and time  0.4867026E+00

        10 -8.028717E-18 -8.874943E-02  0.000000E+00
        11  0.000000E+00 -8.874943E-02  0.000000E+00
      1004 -3.760588E-18 -8.874943E-02  0.000000E+00
      1005 -3.289039E-18 -8.874943E-02  0.000000E+00
      1006  5.486089E-19 -8.874943E-02  0.000000E+00
      1007 -2.880255E-18 -8.874943E-02  0.000000E+00
      1008  6.105288E-18 -8.874943E-02  0.000000E+00
      1009  4.045793E-18 -8.874943E-02  0.000000E+00
      1010  4.640905E-18 -8.874943E-02  0.000000E+00
      1011 -3.272165E-18 -8.874943E-02  0.000000E+00
      1012  6.594134E-19 -8.874943E-02  0.000000E+00
      1013 -4.905813E-18 -8.874943E-02  0.000000E+00
      1014 -4.637620E-18 -8.874943E-02  0.000000E+00
      1015 -2.741524E-19 -8.874943E-02  0.000000E+00
      1016 -2.221256E-18 -8.874943E-02  0.000000E+00
      1017  9.320406E-19 -8.874943E-02  0.000000E+00
      1018  2.929369E-18 -8.874943E-02  0.000000E+00
      1019  6.737903E-18 -8.874943E-02  0.000000E+00
      1020 -3.282751E-19 -8.874943E-02  0.000000E+00
      1021 -4.523313E-18 -8.874943E-02  0.000000E+00
      1022 -1.282673E-18 -8.874943E-02  0.000000E+00

 forces (fx,fy,fz) for set NSET_IND_TOP and time  0.4867026E+00

        10 -1.486547E-12 -2.670117E-14 -1.365416E-12
        11 -2.284295E-14  5.560969E-14  2.653809E-12
      1004  9.882979E-13  2.091363E-12 -2.218104E-12
      1005  3.877947E-13  2.574425E-12 -3.350149E-12
      1006 -1.066384E-12 -1.685841E-12  1.425540E-11
      1007 -2.335989E-13  4.967067E-12 -7.551851E-13
      1008  6.471918E-14  4.596542E-13  8.336116E-12
      1009  9.964963E-14 -5.292167E-13 -4.211412E-12
      1010 -3.276264E-13  2.779813E-12 -3.557085E-12
      1011 -2.135041E-13 -1.503418E-13  3.202405E-12
      1012  1.463636E-13 -9.283522E-13  4.995429E-12
      1013 -1.132860E-13 -1.008003E-11  5.190188E-12
      1014  1.231926E-13 -3.599300E-12  9.641255E-13
      1015 -5.371205E-13 -5.764580E-12  4.191774E-13
      1016  1.374546E-12 -2.274099E-12  3.983542E-12
      1017 -3.079433E-14 -6.164051E-12  5.796963E-13
      1018  2.582972E-13 -1.592285E-12 -1.849579E-12
      1019  3.706443E-13 -1.912559E-12  3.694964E-12
      1020  2.473904E-13 -6.207669E-13  1.483034E-12
      1021  1.282322E-14 -1.240273E-12  4.163187E-12
      1022  1.810149E-13 -3.025472E-13 -4.425188E-12

 total force (fx,fy,fz) for set NSET_IND_TOP and time  0.4867026E+00

        2.230295E-13 -2.394301E-11  3.218896E-11

                                INCREMENT   450


 displacements (vx,vy,vz) for set NSET_IND_TOP and time  0.4887026E+00

        10 -1.009488E-17 -8.147743E-02  0.000000E+00
        11  0.000000E+00 -8.147743E-02  0.000000E+00
      1004 -7.195668E-18 -8.147743E-02  0.000000E+00
      1005 -1.234992E-18 -8.147743E-02  0.000000E+00
      1006  2.574823E-18 -8.147743E-02  0.000000E+00
      1007  9.695747E-19 -8.147743E-02  0.000000E+00
      1008  5.750577E-18 -8.147743E-02  0.000000E+00
      1009  5.220727E-18 -8.147743E-02  0.000000E+00
      1010  5.328679E-18 -8.147743E-02  0.000000E+00
      1011  9.215547E-19 -8.147743E-02  0.000000E+00
      1012  1.792334E-18 -8.147743E-02  0.000000E+00
      1013 -1.122919E-17 -8.147743E-02  0.000000E+00
      1014 -4.912072E-18 -8.147743E-02  0.000000E+00
      1015  7.313748E-20 -8.147743E-02  0.000000E+00
      1016  3.339146E-18 -8.147743E-02  0.000000E+00
      1017  2.928830E-18 -8.147743E-02  0.000000E+00
      1018  4.656989E-18 -8.147743E-02  0.000000E+00
      1019  6.115488E-18 -8.147743E-02  0.000000E+00
      1020  1.714819E-18 -8.147743E-02  0.000000E+00
      1021 -2.711805E-19 -8.147743E-02  0.000000E+00
      1022 -2.358851E-18 -8.147743E-02  0.000000E+00

 forces (fx,fy,fz) for set NSET_IND_TOP and time  0.4887026E+00

        10  1.833464E-13  1.383338E-12  1.458873E-13
        11 -3.591090E-14  5.240486E-14  4.190338E-13
      1004 -1.684106E-12  5.196985E-12  4.024447E-13
      1005  7.046825E-13 -1.475219E-12 -5.431052E-12
      1006  1.052520E-12  3.773296E-12  8.151035E-12
      1007  1.084916E-12  3.373945E-12  1.696891E-12
      1008  6.446916E-13 -9.084903E-13 -9.284721E-13
      1009  3.154165E-13  7.095069E-13  2.292334E-12
      1010 -5.034693E-13  9.405830E-13  7.001813E-13
      1011  1.966064E-13 -2.828977E-13  4.063356E-12
      1012  7.459966E-14 -2.160446E-13  5.721717E-12
      1013  6.083527E-13 -5.108751E-12  2.008749E-12
      1014  8.515474E-13 -9.424377E-12  3.572670E-12
      1015  1.660849E-13 -8.321999E-12 -2.066361E-12
      1016 -9.264742E-13 -1.664930E-13 -2.846357E-12
      1017 -3.592267E-13 -4.553055E-12 -7.697940E-12
      1018 -1.215043E-12  1.826441E-12 -1.584317E-12
      1019  3.493987E-13  6.513713E-13  4.977947E-12
      1020  3.703969E-13 -1.034927E-12  6.834252E-12
      1021  9.115748E-14  2.273859E-13  3.555355E-12
      1022  8.242660E-14 -2.047965E-15  7.484346E-12

 total force (fx,fy,fz) for set NSET_IND_TOP and time  0.4887026E+00

        2.051913E-12 -1.335904E-11  3.147170E-11

                                INCREMENT   460


 displacements (vx,vy,vz) for set NSET_IND_TOP and time  0.4907026E+00

        10 -6.936328E-18 -7.420543E-02  0.000000E+00
        11  0.000000E+00 -7.420543E-02  0.000000E+00
      1004 -2.652701E-18 -7.420543E-02  0.000000E+00
      1005 -3.674833E-18 -7.420543E-02  0.000000E+00
      1006  1.508995E-18 -7.420543E-02  0.000000E+00
      1007  4.093646E-18 -7.420543E-02  0.000000E+00
      1008  8.571658E-18 -7.420543E-02  0.000000E+00
      1009  5.575470E-18 -7.420543E-02  0.000000E+00
      1010  4.784606E-18 -7.420543E-02  0.000000E+00
      1011  1.183535E-18 -7.420543E-02  0.000000E+00
      1012  2.692623E-18 -7.420543E-02  0.000000E+00
      1013 -4.827347E-18 -7.420543E-02  0.000000E+00
      1014 -2.649698E-18 -7.420543E-02  0.000000E+00
      1015 -2.335936E-18 -7.420543E-02  0.000000E+00
      1016  3.103348E-18 -7.420543E-02  0.000000E+00
      1017  4.600772E-18 -7.420543E-02  0.000000E+00
      1018  5.391090E-18 -7.420543E-02  0.000000E+00
      1019  4.881527E-18 -7.420543E-02  0.000000E+00
      1020  2.382993E-18 -7.420543E-02  0.000000E+00
      1021  9.452896E-19 -7.420543E-02  0.000000E+00
      1022  3.725142E-18 -7.420543E-02  0.000000E+00

 forces (fx,fy,fz) for set NSET_IND_TOP and time  0.4907026E+00

        10 -1.024777E-12 -5.272887E-12 -4.331760E-12
        11 -1.148211E-13  1.406860E-13  5.371823E-14
      1004 -1.367876E-12  2.585259E-12 -5.892652E-13
      1005 -1.998762E-12  6.393797E-12 -6.407698E-13
      1006  1.664748E-12 -1.355349E-13 -5.408953E-12
      1007  1.382103E-12  2.112214E-12  1.045977E-12
      1008 -8.193774E-13  1.417751E-12 -1.807402E-12
      1009  2.741566E-14  7.783007E-13  5.669401E-12
      1010 -4.109750E-13  9.116817E-13 -7.544806E-12
      1011  2.409873E-13  4.310988E-13 -4.355928E-12
      1012 -1.574484E-13 -1.231742E-13  4.204120E-12
      1013  1.386034E-12 -1.118456E-12  5.403316E-12
      1014  1.859316E-12 -3.409084E-12  1.630748E-13
      1015 -2.905683E-13 -8.204365E-12 -1.938935E-13
      1016 -1.310788E-12 -2.109158E-12 -6.740801E-12
      1017  2.709955E-13 -1.218829E-12  3.457913E-12
      1018  2.155705E-13 -2.150516E-13 -4.937059E-14
      1019  1.091426E-13 -2.954359E-13 -2.681623E-12
      1020  2.914996E-13  4.823191E-15  2.295547E-13
      1021 -2.701498E-14 -6.103464E-13  4.817240E-12
      1022  7.414685E-14 -2.235744E-13  2.565037E-12

 total force (fx,fy,fz) for set NSET_IND_TOP and time  0.4907026E+00

       -4.494960E-16 -8.160284E-12 -6.735221E-12

                                INCREMENT   470


 displacements (vx,vy,vz) for set NSET_IND_TOP and time  0.4927026E+00

        10 -8.890140E-18 -6.693343E-02  0.000000E+00
        11  0.000000E+00 -6.693343E-02  0.000000E+00
      1004 -7.560822E-18 -6.693343E-02  0.000000E+00
      1005 -8.137037E-18 -6.693343E-02  0.000000E+00
      1006 -5.002810E-18 -6.693343E-02  0.000000E+00
      1007 -7.638557E-18 -6.693343E-02  0.000000E+00
      1008 -2.648111E-19 -6.693343E-02  0.000000E+00
      1009 -1.855201E-18 -6.693343E-02  0.000000E+00
      1010  3.942639E-18 -6.693343E-02  0.000000E+00
      1011 -1.767333E-18 -6.693343E-02  0.000000E+00
      1012 -3.563416E-19 -6.693343E-02  0.000000E+00
      1013 -8.189559E-18 -6.693343E-02  0.000000E+00
      1014 -7.466994E-18 -6.693343E-02  0.000000E+00
      1015 -7.647248E-18 -6.693343E-02  0.000000E+00
      1016 -5.687529E-18 -6.693343E-02  0.000000E+00
      1017 -4.445809E-18 -6.693343E-02  0.000000E+00
      1018 -2.348157E-18 -6.693343E-02  0.000000E+00
      1019  3.933536E-19 -6.693343E-02  0.000000E+00
      1020  6.397785E-19 -6.693343E-02  0.000000E+00
      1021 -3.703513E-18 -6.693343E-02  0.000000E+00
      1022 -2.439594E-18 -6.693343E-02  0.000000E+00

 forces (fx,fy,fz) for set NSET_IND_TOP and time  0.4927026E+00

        10 -6.780246E-13  1.135619E-12 -1.164752E-12
        11 -2.557698E-14  3.377910E-14 -1.488005E-12
      1004 -2.417672E-13  6.951540E-13 -8.350360E-13
      1005 -6.566988E-15  2.832977E-12  1.399476E-12
      1006  6.865548E-14 -2.000952E-12  5.546764E-12
      1007  3.552181E-13  1.612482E-12 -2.026513E-13
      1008 -3.163735E-13 -2.552594E-13  3.927280E-13
      1009  7.730087E-14 -2.721987E-13 -5.510366E-12
      1010  1.639863E-13  1.203750E-12  3.375984E-12
      1011 -7.893756E-14 -5.078041E-14  2.972635E-12
      1012 -1.455085E-13 -3.930074E-13 -2.919056E-12
      1013  6.036250E-13 -7.536691E-12  5.935152E-12
      1014 -4.288536E-13 -5.756863E-12 -1.797102E-12
      1015 -7.175625E-14 -4.503428E-12  1.619943E-12
      1016  1.486375E-13 -3.564676E-12  4.745759E-13
      1017 -2.194277E-13 -7.155015E-12 -2.891177E-12
      1018 -2.632253E-13 -3.182023E-12 -7.752541E-12
      1019  2.096732E-13 -3.241145E-12  3.344553E-13
      1020 -8.859533E-14 -3.455466E-13  4.617007E-12
      1021 -2.010896E-13 -7.724960E-13  6.543837E-12
      1022  1.193051E-13 -2.989275E-13 -2.153712E-12

 total force (fx,fy,fz) for set NSET_IND_TOP and time  0.4927026E+00

       -1.019302E-12 -3.181525E-11  6.498160E-12

                                INCREMENT   480


 displacements (vx,vy,vz) for set NSET_IND_TOP and time  0.4947026E+00

        10 -1.004145E-17 -5.966143E-02  0.000000E+00
        11  0.000000E+00 -5.966143E-02  0.000000E+00
      1004 -4.087399E-18 -5.966143E-02  0.000000E+00
      1005 -4.211877E-18 -5.966143E-02  0.000000E+00
      1006  1.447887E-18 -5.966143E-02  0.000000E+00
      1007 -1.372807E-18 -5.966143E-02  0.000000E+00
      1008 -6.261801E-19 -5.966143E-02  0.000000E+00
      1009  4.676333E-18 -5.966143E-02  0.000000E+00
      1010 -1.448071E-18 -5.966143E-02  0.000000E+00
      1011  4.917388E-19 -5.966143E-02  0.000000E+00
      1012 -1.496079E-18 -5.966143E-02  0.000000E+00
      1013 -6.996823E-18 -5.966143E-02  0.000000E+00
      1014 -3.732140E-18 -5.966143E-02  0.000000E+00
      1015 -2.823512E-18 -5.966143E-02  0.000000E+00
      1016  1.769237E-18 -5.966143E-02  0.000000E+00
      1017 -2.030689E-18 -5.966143E-02  0.000000E+00
      1018  1.078647E-18 -5.966143E-02  0.000000E+00
      1019  1.816993E-18 -5.966143E-02  0.000000E+00
      1020 -5.853840E-19 -5.966143E-02  0.000000E+00
      1021 -2.926606E-18 -5.966143E-02  0.000000E+00
      1022 -2.704498E-18 -5.966143E-02  0.000000E+00

 forces (fx,fy,fz) for set NSET_IND_TOP and time  0.4947026E+00

        10 -2.183897E-12 -2.147844E-12 -2.136770E-12
        11  3.119959E-14  2.991636E-14 -4.497981E-12
      1004  9.555288E-14  3.055884E-12  3.254748E-12
      1005 -2.292962E-13  3.027282E-12  2.401479E-12
      1006 -4.881784E-13 -7.622596E-14  4.748661E-12
      1007  8.149216E-13  1.041764E-12  9.760986E-13
      1008  2.191896E-13 -3.369071E-13  5.925158E-13
      1009 -1.791761E-13  5.482973E-13  4.124912E-12
      1010 -2.998824E-13  4.553507E-13 -2.748341E-12
      1011  7.002403E-14  6.538936E-13 -4.162452E-12
      1012 -6.307883E-14  3.479134E-13  5.208018E-13
      1013  6.527567E-13 -1.925777E-12 -9.479040E-13
      1014 -3.535737E-13  2.374624E-12  1.868938E-12
      1015 -1.457214E-13 -2.200963E-12  2.587288E-12
      1016 -2.575910E-13 -2.318606E-12 -3.908282E-12
      1017 -1.088042E-13 -2.716938E-12  3.887982E-12
      1018  5.316393E-14 -2.003211E-14  2.997981E-12
      1019  2.838536E-13 -1.238044E-12  6.992245E-12
      1020  2.176415E-13 -2.071638E-13 -6.931950E-13
      1021  2.164366E-14 -5.850388E-13 -5.544806E-12
      1022 -5.038020E-15 -1.248840E-13 -1.854742E-12

 total force (fx,fy,fz) for set NSET_IND_TOP and time  0.4947026E+00

       -1.854290E-12 -2.363499E-12  8.459177E-12

                                INCREMENT   490


 displacements (vx,vy,vz) for set NSET_IND_TOP and time  0.4967026E+00

        10 -4.924076E-18 -5.238943E-02  0.000000E+00
        11  0.000000E+00 -5.238943E-02  0.000000E+00
      1004 -1.232218E-18 -5.238943E-02  0.000000E+00
      1005 -2.120274E-18 -5.238943E-02  0.000000E+00
      1006  3.605572E-18 -5.238943E-02  0.000000E+00
      1007 -1.855470E-21 -5.238943E-02  0.000000E+00
      1008 -4.195066E-19 -5.238943E-02  0.000000E+00
      1009  4.001712E-18 -5.238943E-02  0.000000E+00
      1010  5.419529E-18 -5.238943E-02  0.000000E+00
      1011  8.740861E-19 -5.238943E-02  0.000000E+00
      1012  1.279290E-18 -5.238943E-02  0.000000E+00
      1013 -2.462572E-18 -5.238943E-02  0.000000E+00
      1014 -2.491230E-18 -5.238943E-02  0.000000E+00
      1015 -1.055592E-18 -5.238943E-02  0.000000E+00
      1016  3.169256E-18 -5.238943E-02  0.000000E+00
      1017 -9.567757E-19 -5.238943E-02  0.000000E+00
      1018  4.893282E-19 -5.238943E-02  0.000000E+00
      1019  5.095652E-18 -5.238943E-02  0.000000E+00
      1020  2.109148E-18 -5.238943E-02  0.000000E+00
      1021 -6.961488E-19 -5.238943E-02  0.000000E+00
      1022  1.467830E-18 -5.238943E-02  0.000000E+00

 forces (fx,fy,fz) for set NSET_IND_TOP and time  0.4967026E+00

        10 -1.658301E-13 -1.482053E-12 -2.706790E-12
        11  1.153596E-14  1.590971E-14  7.283512E-13
      1004  4.999004E-13  3.568222E-12 -3.805104E-12
      1005  5.149955E-13  2.845311E-12  1.209086E-12
      1006 -1.443158E-13  1.419846E-12  1.744602E-12
      1007  2.394121E-13  3.746003E-12 -1.944798E-13
      1008  9.963245E-14  1.140617E-13  6.184564E-12
      1009 -3.932231E-13  6.549185E-13 -3.097873E-12
      1010 -4.135595E-14  1.877992E-12 -1.587774E-12
      1011  5.153126E-14  7.884302E-13  2.034540E-12
      1012 -3.836628E-14  4.543100E-13 -2.329129E-13
      1013  4.819454E-13 -3.477107E-12 -2.209585E-12
      1014 -2.435788E-13 -1.518275E-12 -1.653735E-12
      1015  2.263458E-13 -5.353297E-12 -1.975672E-12
      1016  2.936743E-13 -1.290079E-13  3.379930E-12
      1017 -2.737815E-13 -3.594729E-12  1.261847E-12
      1018 -6.702198E-14 -2.523595E-13 -1.119016E-12
      1019  3.555752E-13 -7.008014E-13 -6.134434E-13
      1020  4.901426E-14  6.718176E-13 -2.158751E-13
      1021  2.239967E-14  1.088599E-13 -2.624680E-12
      1022  2.317397E-14  8.583122E-14  5.994004E-12

 total force (fx,fy,fz) for set NSET_IND_TOP and time  0.4967026E+00

        1.501663E-12 -1.561178E-13  4.999855E-13

                                INCREMENT   500


 displacements (vx,vy,vz) for set NSET_IND_TOP and time  0.4987026E+00

        10 -6.734703E-19 -4.511743E-02  0.000000E+00
        11  0.000000E+00 -4.511743E-02  0.000000E+00
      1004  9.247265E-19 -4.511743E-02  0.000000E+00
      1005 -1.148024E-18 -4.511743E-02  0.000000E+00
      1006  2.171756E-18 -4.511743E-02  0.000000E+00
      1007 -4.659345E-18 -4.511743E-02  0.000000E+00
      1008  3.752058E-19 -4.511743E-02  0.000000E+00
      1009 -1.402795E-19 -4.511743E-02  0.000000E+00
      1010  2.677269E-18 -4.511743E-02  0.000000E+00
      1011  1.308966E-18 -4.511743E-02  0.000000E+00
      1012  2.756334E-18 -4.511743E-02  0.000000E+00
      1013  9.930438E-19 -4.511743E-02  0.000000E+00
      1014 -5.902821E-19 -4.511743E-02  0.000000E+00
      1015 -5.726197E-19 -4.511743E-02  0.000000E+00
      1016 -1.285662E-18 -4.511743E-02  0.000000E+00
      1017 -2.463917E-18 -4.511743E-02  0.000000E+00
      1018 -7.978183E-19 -4.511743E-02  0.000000E+00
      1019  2.170572E-18 -4.511743E-02  0.000000E+00
      1020  2.057495E-18 -4.511743E-02  0.000000E+00
      1021  7.853460E-19 -4.511743E-02  0.000000E+00
      1022  9.129107E-19 -4.511743E-02  0.000000E+00

 forces (fx,fy,fz) for set NSET_IND_TOP and time  0.4987026E+00

        10  1.399437E-13  1.192963E-12 -2.897020E-12
        11 -4.333965E-14  4.370342E-14  6.943875E-13
      1004  1.243193E-12  3.793709E-13  2.870125E-12
      1005 -3.403519E-13  2.639047E-12 -1.018720E-13
      1006  4.879989E-13  7.889113E-13 -1.229732E-12
      1007 -1.642871E-13  1.814922E-12 -1.887301E-12
      1008  2.197650E-13  8.331473E-14 -6.358250E-13
      1009 -5.260695E-14  8.576239E-13 -9.928183E-13
      1010 -6.362131E-14  4.279560E-13 -2.443765E-12
      1011 -1.484264E-13  7.081432E-13 -2.528756E-12
      1012 -4.892248E-14  3.285625E-13  2.526512E-12
      1013 -9.014943E-15 -5.283364E-12  2.002587E-12
      1014  3.741890E-14 -2.853518E-12 -2.681303E-13
      1015  2.727228E-13 -3.648041E-12  4.121768E-12
      1016  3.642987E-13 -3.059835E-12 -1.286653E-12
      1017  5.356963E-14 -2.097839E-12 -1.347901E-13
      1018 -8.510800E-14 -3.651555E-13  2.077339E-12
      1019  9.320318E-14  2.256135E-13 -1.044134E-12
      1020  2.602508E-13  4.880567E-13 -1.444915E-12
      1021  1.203444E-13 -2.071250E-13 -1.343381E-13
      1022  4.098774E-14  2.400785E-14  4.720922E-12

 total force (fx,fy,fz) for set NSET_IND_TOP and time  0.4987026E+00

        2.378017E-12 -7.512681E-12  1.983589E-12

                                INCREMENT   507


 displacements (vx,vy,vz) for set NSET_IND_TOP and time  0.5000000E+00

        10 -4.732148E-18 -4.040000E-02  0.000000E+00
        11  0.000000E+00 -4.040000E-02  0.000000E+00
      1004 -3.247669E-18 -4.040000E-02  0.000000E+00
      1005 -5.782790E-19 -4.040000E-02  0.000000E+00
      1006  1.203469E-18 -4.040000E-02  0.000000E+00
      1007 -2.806050E-18 -4.040000E-02  0.000000E+00
      1008 -9.696025E-19 -4.040000E-02  0.000000E+00
      1009 -1.640274E-18 -4.040000E-02  0.000000E+00
      1010  1.855596E-18 -4.040000E-02  0.000000E+00
      1011  8.114601E-19 -4.040000E-02  0.000000E+00
      1012  1.956000E-18 -4.040000E-02  0.000000E+00
      1013 -3.075479E-18 -4.040000E-02  0.000000E+00
      1014 -2.684205E-18 -4.040000E-02  0.000000E+00
      1015 -4.131092E-19 -4.040000E-02  0.000000E+00
      1016 -8.585318E-19 -4.040000E-02  0.000000E+00
      1017 -2.049365E-18 -4.040000E-02  0.000000E+00
      1018 -1.864898E-18 -4.040000E-02  0.000000E+00
      1019 -3.286461E-19 -4.040000E-02  0.000000E+00
      1020  6.167569E-19 -4.040000E-02  0.000000E+00
      1021  3.579166E-19 -4.040000E-02  0.000000E+00
      1022  6.164804E-19 -4.040000E-02  0.000000E+00

 forces (fx,fy,fz) for set NSET_IND_TOP and time  0.5000000E+00

        10  9.977305E-13 -5.396087E-13 -2.410269E-12
        11  2.204420E-14  5.230842E-14 -5.547117E-13
      1004  1.705082E-13  5.178126E-12 -9.568787E-13
      1005 -6.564827E-13  1.913351E-12  2.435447E-12
      1006  3.390362E-13 -9.475852E-13  2.696990E-12
      1007 -8.581412E-13  1.558711E-12  4.209922E-12
      1008  5.032096E-13  1.649461E-14 -3.436660E-12
      1009  3.495136E-15 -4.614638E-13 -1.728433E-12
      1010 -1.634962E-13  6.066500E-13  2.828581E-14
      1011  1.118781E-13 -1.298664E-14  1.919716E-12
      1012  3.349877E-14 -2.351691E-13  2.948640E-12
      1013  1.706628E-13  1.322332E-12 -5.503423E-13
      1014 -5.425854E-13 -1.164199E-12  4.816033E-13
      1015  1.620676E-13 -3.952377E-12  5.394587E-14
      1016  8.687890E-13 -2.367177E-12 -3.288196E-14
      1017  3.619070E-14 -2.402693E-12 -6.630162E-13
      1018 -5.438180E-13  8.352698E-13 -5.671577E-12
      1019  1.924309E-13 -1.725478E-12 -1.318208E-12
      1020 -7.803207E-15 -8.703208E-14  3.327318E-12
      1021 -6.415666E-14 -1.189977E-13  3.674416E-12
      1022  4.626564E-14 -1.935401E-13  4.206892E-12

 total force (fx,fy,fz) for set NSET_IND_TOP and time  0.5000000E+00

        8.213241E-13 -2.725064E-12  8.660197E-12
