composition,cr_pct,time,h,P,phase
Fe16Cr0,0.0,0.01058493,0.0006907800000000002,2.593002e-14,loading
Fe16Cr0,0.0,0.01158493,0.001700779999999999,1.412017e-12,loading
Fe16Cr0,0.0,0.01258493,0.0027107799999999994,4.572859e-13,loading
Fe16Cr0,0.0,0.01358493,0.00372078,1.482643e-12,loading
Fe16Cr0,0.0,0.01458493,0.00473078,1.075241e-12,loading
Fe16Cr0,0.0,0.01558493,0.005740779999999999,3.700357e-12,loading
Fe16Cr0,0.0,0.01658493,0.00675078,5.575964e-12,loading
Fe16Cr0,0.0,0.01758493,0.00776078,3.017713e-12,loading
Fe16Cr0,0.0,0.01858493,0.00877078,1.304514e-12,loading
Fe16Cr0,0.0,0.01958493,0.009780780000000001,6.194404e-12,loading
Fe16Cr0,0.0,0.02058493,0.010790779999999998,2.535928e-12,loading
Fe16Cr0,0.0,0.02158493,0.011800779999999999,2.578673e-12,loading
Fe16Cr0,0.0,0.02258493,0.012810779999999999,4.045736e-12,loading
Fe16Cr0,0.0,0.02358493,0.01382078,1.513783e-12,loading
Fe16Cr0,0.0,0.02458493,0.01483078,2.525589e-12,loading
Fe16Cr0,0.0,0.02558493,0.01584078,2.012946e-12,loading
Fe16Cr0,0.0,0.02658493,0.016850780000000003,2.176981e-12,loading
Fe16Cr0,0.0,0.02758493,0.01786078,2.473348e-13,loading
Fe16Cr0,0.0,0.02858493,0.018870779999999997,7.574535e-14,loading
Fe16Cr0,0.0,0.02958493,0.01988078,3.088015e-12,loading
Fe16Cr0,0.0,0.03058493,0.020890779999999998,2.113659e-12,loading
Fe16Cr0,0.0,0.03158493,0.021900779999999995,8.210355e-12,loading
Fe16Cr0,0.0,0.03258493,0.02291078,1.250631e-11,loading
Fe16Cr0,0.0,0.03358493,0.023920779999999996,7.666832e-12,loading
Fe16Cr0,0.0,0.03458493,0.02493078,8.12275e-12,loading
Fe16Cr0,0.0,0.03558493,0.025940779999999997,4.784617e-12,loading
Fe16Cr0,0.0,0.03658493,0.02695078,1.765442e-06,loading
Fe16Cr0,0.0,0.03758493,0.027960779999999998,5.781731e-05,loading
Fe16Cr0,0.0,0.03858493,0.028970779999999995,0.0001342397,loading
Fe16Cr0,0.0,0.03958493,0.02998078,0.0002225446,loading
Fe16Cr0,0.0,0.04058493,0.030990779999999996,0.0002989906,loading
Fe16Cr0,0.0,0.04158493,0.03200078,0.0004451401,loading
Fe16Cr0,0.0,0.04258493,0.033010779999999997,0.0005522781,loading
Fe16Cr0,0.0,0.04358493,0.03402078,0.0006105527,loading
Fe16Cr0,0.0,0.04458493,0.03503078,0.0006701428,loading
Fe16Cr0,0.0,0.04558493,0.03604078,0.0008158767,loading
Fe16Cr0,0.0,0.04658493,0.03705078,0.0009534744,loading
Fe16Cr0,0.0,0.04758493,0.038060779999999995,0.001074002,loading
Fe16Cr0,0.0,0.04858493,0.03907078,0.001234943,loading
Fe16Cr0,0.0,0.04958493,0.040080779999999996,0.001411126,loading
Fe16Cr0,0.0,0.05058493,0.04109078,0.001473893,loading
Fe16Cr0,0.0,0.05158493,0.04210078,0.001605491,loading
Fe16Cr0,0.0,0.05258493,0.04311078,0.001697453,loading
Fe16Cr0,0.0,0.05358493,0.04412078,0.001860401,loading
Fe16Cr0,0.0,0.05458493,0.045130779999999995,0.002155814,loading
Fe16Cr0,0.0,0.05558493,0.04614078,0.002287477,loading
Fe16Cr0,0.0,0.05658493,0.047150779999999996,0.002414979,loading
Fe16Cr0,0.0,0.05758493,0.04816078,0.002595155,loading
Fe16Cr0,0.0,0.05858493,0.04917078,0.002843517,loading
Fe16Cr0,0.0,0.05958493,0.05018078,0.00305773,loading
Fe16Cr0,0.0,0.06058493,0.05119078,0.003227929,loading
Fe16Cr0,0.0,0.06158493,0.052200779999999995,0.003433397,loading
Fe16Cr0,0.0,0.06258493,0.05321077999999999,0.003696846,loading
Fe16Cr0,0.0,0.06358493,0.05422078,0.003932993,loading
Fe16Cr0,0.0,0.06458493,0.05523078,0.004180971,loading
Fe16Cr0,0.0,0.06558493,0.05624078,0.004449872,loading
Fe16Cr0,0.0,0.06658493,0.057250779999999994,0.004718767,loading
Fe16Cr0,0.0,0.06758493,0.05826077999999999,0.005013114,loading
Fe16Cr0,0.0,0.06858493,0.05927078,0.00529252,loading
Fe16Cr0,0.0,0.06958493,0.06028078,0.00570029,loading
Fe16Cr0,0.0,0.07058493,0.061290779999999996,0.006079649,loading
Fe16Cr0,0.0,0.07158493,0.06230077999999999,0.006363957,loading
Fe16Cr0,0.0,0.07258493,0.06331078000000001,0.006656057,loading
Fe16Cr0,0.0,0.07358493,0.06432078000000001,0.007077315,loading
Fe16Cr0,0.0,0.07458493,0.06533078,0.007577978,loading
Fe16Cr0,0.0,0.07558493,0.06634078,0.008078386,loading
Fe16Cr0,0.0,0.07658493,0.06735078,0.008609667,loading
Fe16Cr0,0.0,0.07758493,0.06836078000000001,0.009202357,loading
Fe16Cr0,0.0,0.07858493,0.06937078,0.009647594,loading
Fe16Cr0,0.0,0.07958493,0.07038078,0.01022967,loading
Fe16Cr0,0.0,0.08058493,0.07139078,0.01088542,loading
Fe16Cr0,0.0,0.08158493,0.07240078000000001,0.0117078,loading
Fe16Cr0,0.0,0.08258493,0.07341078000000001,0.01258304,loading
Fe16Cr0,0.0,0.08358493,0.07442078,0.01339219,loading
Fe16Cr0,0.0,0.08458493,0.07543078,0.014354,loading
Fe16Cr0,0.0,0.08558493,0.07644078,0.0155116,loading
Fe16Cr0,0.0,0.08658493,0.07745078000000001,0.01679022,loading
Fe16Cr0,0.0,0.08758493,0.07846078000000001,0.01815135,loading
Fe16Cr0,0.0,0.08858493,0.07947078,0.01978483,loading
Fe16Cr0,0.0,0.08958493,0.08048078,0.02170046,loading
Fe16Cr0,0.0,0.09058493,0.08149078,0.02394207,loading
Fe16Cr0,0.0,0.09158493,0.08250078000000001,0.0266109,loading
Fe16Cr0,0.0,0.09258493,0.08351078,0.02995256,loading
Fe16Cr0,0.0,0.09358493,0.08452078,0.03409008,loading
Fe16Cr0,0.0,0.09458493,0.08553078,0.03951117,loading
Fe16Cr0,0.0,0.09558493,0.08654078000000001,0.04688242,loading
Fe16Cr0,0.0,0.09658493,0.08755078000000001,0.05747463,loading
Fe16Cr0,0.0,0.09758493,0.08856078,0.07432173,loading
Fe16Cr0,0.0,0.09858493,0.08957078,0.1048615,loading
Fe16Cr0,0.0,0.09958493,0.0905808,0.1777904,loading
Fe16Cr0,0.0,0.1,0.09100000000000001,0.2501674,loading
Fe16Cr0,0.0,0.10001,0.09101010000000001,0.2500568,loading
Fe16Cr0,0.0,0.10002,0.09102020000000001,0.2501483,loading
Fe16Cr0,0.0,0.100035,0.0910353,0.2502898,loading
Fe16Cr0,0.0,0.1000575,0.0910581,0.2505023,loading
Fe16Cr0,0.0,0.1000913,0.0910922,0.2508208,loading
Fe16Cr0,0.0,0.1001419,0.09114330000000001,0.2512988,loading
Fe16Cr0,0.0,0.1002178,0.09122000000000001,0.2520159,loading
Fe16Cr0,0.0,0.1003317,0.091335,0.2530922,loading
Fe16Cr0,0.0,0.1005026,0.09150760000000001,0.2547095,loading
Fe16Cr0,0.0,0.1007589,0.0917665,0.2571554,loading
Fe16Cr0,0.0,0.1011433,0.0921547,0.2608349,loading
Fe16Cr0,0.0,0.10172,0.0927372,0.2664582,loading
Fe16Cr0,0.0,0.1025849,0.09361080000000001,0.2750892,loading
Fe16Cr0,0.0,0.1035849,0.0946208,0.2852061,loading
Fe16Cr0,0.0,0.1045849,0.0956308,0.2954075,loading
Fe16Cr0,0.0,0.1055849,0.0966408,0.3059694,loading
Fe16Cr0,0.0,0.1065849,0.09765080000000001,0.3165677,loading
Fe16Cr0,0.0,0.1075849,0.0986608,0.3272921,loading
Fe16Cr0,0.0,0.1085849,0.0996708,0.3382785,loading
Fe16Cr0,0.0,0.1095849,0.1006808,0.3496248,loading
Fe16Cr0,0.0,0.1105849,0.10169080000000001,0.3612052,loading
Fe16Cr0,0.0,0.1115849,0.10270080000000001,0.3729415,loading
Fe16Cr0,0.0,0.1125849,0.1037108,0.3849118,loading
Fe16Cr0,0.0,0.1135849,0.1047208,0.3971762,loading
Fe16Cr0,0.0,0.1145849,0.1057308,0.4096581,loading
Fe16Cr0,0.0,0.1155849,0.10674080000000001,0.4223506,loading
Fe16Cr0,0.0,0.1165849,0.10775080000000001,0.4353151,loading
Fe16Cr0,0.0,0.1175849,0.1087608,0.4485281,loading
Fe16Cr0,0.0,0.1185849,0.1097708,0.4619712,loading
Fe16Cr0,0.0,0.1195849,0.1107808,0.4756598,loading
Fe16Cr0,0.0,0.1205849,0.11179080000000001,0.4896369,loading
Fe16Cr0,0.0,0.1215849,0.1128008,0.5038098,loading
Fe16Cr0,0.0,0.1225849,0.1138108,0.518277,loading
Fe16Cr0,0.0,0.1235849,0.1148208,0.5330042,loading
Fe16Cr0,0.0,0.1245849,0.1158308,0.5479194,loading
Fe16Cr0,0.0,0.1255849,0.11684080000000001,0.563159,loading
Fe16Cr0,0.0,0.1265849,0.11785079999999999,0.5787946,loading
Fe16Cr0,0.0,0.1275849,0.1188608,0.5946373,loading
Fe16Cr0,0.0,0.1285849,0.11987080000000001,0.6105833,loading
Fe16Cr0,0.0,0.1295849,0.1208808,0.6267271,loading
Fe16Cr0,0.0,0.1305849,0.12189080000000001,0.6432038,loading
Fe16Cr0,0.0,0.1315849,0.12290080000000002,0.6601407,loading
Fe16Cr0,0.0,0.1325849,0.1239108,0.6772521,loading
Fe16Cr0,0.0,0.1335849,0.12492080000000001,0.6949086,loading
Fe16Cr0,0.0,0.1345849,0.12593079999999998,0.7125854,loading
Fe16Cr0,0.0,0.1355849,0.1269408,0.7303658,loading
Fe16Cr0,0.0,0.1365849,0.1279508,0.7485923,loading
Fe16Cr0,0.0,0.1375849,0.1289608,0.7672389,loading
Fe16Cr0,0.0,0.1385849,0.1299708,0.7861364,loading
Fe16Cr0,0.0,0.1395849,0.13098079999999998,0.8052548,loading
Fe16Cr0,0.0,0.1405849,0.1319908,0.824687,loading
Fe16Cr0,0.0,0.1415849,0.1330008,0.8444567,loading
Fe16Cr0,0.0,0.1425849,0.13401079999999999,0.8644651,loading
Fe16Cr0,0.0,0.1435849,0.1350208,0.8848007,loading
Fe16Cr0,0.0,0.1445849,0.13603079999999998,0.9054486,loading
Fe16Cr0,0.0,0.1455849,0.1370408,0.9263949,loading
Fe16Cr0,0.0,0.1465849,0.1380508,0.9475506,loading
Fe16Cr0,0.0,0.1475849,0.13906079999999998,0.9691399,loading
Fe16Cr0,0.0,0.1485849,0.1400708,0.9910396,loading
Fe16Cr0,0.0,0.1495849,0.14108079999999998,1.013159,loading
Fe16Cr0,0.0,0.1505849,0.1420908,1.035688,loading
Fe16Cr0,0.0,0.1515849,0.1431008,1.058494,loading
Fe16Cr0,0.0,0.1525849,0.14411079999999998,1.081608,loading
Fe16Cr0,0.0,0.1535849,0.1451208,1.105046,loading
Fe16Cr0,0.0,0.1545849,0.14613079999999998,1.128913,loading
Fe16Cr0,0.0,0.1555849,0.1471408,1.153157,loading
Fe16Cr0,0.0,0.1565849,0.1481508,1.177521,loading
Fe16Cr0,0.0,0.1575849,0.14916079999999998,1.202104,loading
Fe16Cr0,0.0,0.1585849,0.1501708,1.227005,loading
Fe16Cr0,0.0,0.1595849,0.1511808,1.252524,loading
Fe16Cr0,0.0,0.1605849,0.1521908,1.278253,loading
Fe16Cr0,0.0,0.1615849,0.1532008,1.304589,loading
Fe16Cr0,0.0,0.1625849,0.15421079999999998,1.331086,loading
Fe16Cr0,0.0,0.1635849,0.1552208,1.357631,loading
Fe16Cr0,0.0,0.1645849,0.1562308,1.384587,loading
Fe16Cr0,0.0,0.1655849,0.1572408,1.412162,loading
Fe16Cr0,0.0,0.1665849,0.1582508,1.439977,loading
Fe16Cr0,0.0,0.1675849,0.15926079999999998,1.468056,loading
Fe16Cr0,0.0,0.1685849,0.1602708,1.49659,loading
Fe16Cr0,0.0,0.1695849,0.1612808,1.525402,loading
Fe16Cr0,0.0,0.1705849,0.16229079999999999,1.554576,loading
Fe16Cr0,0.0,0.1715849,0.1633008,1.58414,loading
Fe16Cr0,0.0,0.1725849,0.16431079999999998,1.61407,loading
Fe16Cr0,0.0,0.1735849,0.1653208,1.644212,loading
Fe16Cr0,0.0,0.1745849,0.1663308,1.67481,loading
Fe16Cr0,0.0,0.1755849,0.16734079999999998,1.705888,loading
Fe16Cr0,0.0,0.1765849,0.1683508,1.737257,loading
Fe16Cr0,0.0,0.1775849,0.16936079999999998,1.768867,loading
Fe16Cr0,0.0,0.1785849,0.1703708,1.800969,loading
Fe16Cr0,0.0,0.1795849,0.1713808,1.833418,loading
Fe16Cr0,0.0,0.1805849,0.17239079999999998,1.86625,loading
Fe16Cr0,0.0,0.1815849,0.1734008,1.899342,loading
Fe16Cr0,0.0,0.1825849,0.1744108,1.932919,loading
Fe16Cr0,0.0,0.1835849,0.1754208,1.967103,loading
Fe16Cr0,0.0,0.1845849,0.1764308,2.001415,loading
Fe16Cr0,0.0,0.1855849,0.17744079999999998,2.035996,loading
Fe16Cr0,0.0,0.1865849,0.1784508,2.070842,loading
Fe16Cr0,0.0,0.1875849,0.1794608,2.10632,loading
Fe16Cr0,0.0,0.1885849,0.1804708,2.142259,loading
Fe16Cr0,0.0,0.1895849,0.1814808,2.178675,loading
Fe16Cr0,0.0,0.1905849,0.18249079999999998,2.215495,loading
Fe16Cr0,0.0,0.1915849,0.1835008,2.25232,loading
Fe16Cr0,0.0,0.1925849,0.1845108,2.289532,loading
Fe16Cr0,0.0,0.1935849,0.18552079999999999,2.327482,loading
Fe16Cr0,0.0,0.1945849,0.1865308,2.365706,loading
Fe16Cr0,0.0,0.1955849,0.18754079999999998,2.404327,loading
Fe16Cr0,0.0,0.1965849,0.1885508,2.44333,loading
Fe16Cr0,0.0,0.1975849,0.1895608,2.482714,loading
Fe16Cr0,0.0,0.1985849,0.19057079999999998,2.522574,loading
Fe16Cr0,0.0,0.1995849,0.1915808,2.562883,loading
Fe16Cr0,0.0,0.2,0.192,2.576996,loading
Fe16Cr0,0.0,0.20001,0.1920101,2.575506,loading
Fe16Cr0,0.0,0.20002,0.1920202,2.5759,loading
Fe16Cr0,0.0,0.200035,0.1920353,2.576532,loading
Fe16Cr0,0.0,0.2000575,0.19205809999999998,2.57748,loading
Fe16Cr0,0.0,0.2000912,0.1920922,2.578902,loading
Fe16Cr0,0.0,0.2001419,0.1921433,2.581036,loading
Fe16Cr0,0.0,0.2002178,0.19222,2.584237,loading
Fe16Cr0,0.0,0.2003317,0.19233499999999998,2.589038,loading
Fe16Cr0,0.0,0.2005026,0.1925076,2.59624,loading
Fe16Cr0,0.0,0.2007589,0.19276649999999998,2.607047,loading
Fe16Cr0,0.0,0.2011433,0.19315469999999998,2.623281,loading
Fe16Cr0,0.0,0.20172,0.1937372,2.647873,loading
Fe16Cr0,0.0,0.2025849,0.1946108,2.685218,loading
Fe16Cr0,0.0,0.2035849,0.19562079999999998,2.727919,loading
Fe16Cr0,0.0,0.2045849,0.1966308,2.770231,loading
Fe16Cr0,0.0,0.2055849,0.19764079999999998,2.812774,loading
Fe16Cr0,0.0,0.2065849,0.1986508,2.855938,loading
Fe16Cr0,0.0,0.2075849,0.1996608,2.899503,loading
Fe16Cr0,0.0,0.2085849,0.20067079999999998,2.943482,loading
Fe16Cr0,0.0,0.2095849,0.2016808,2.987847,loading
Fe16Cr0,0.0,0.2105849,0.2026908,3.032642,loading
Fe16Cr0,0.0,0.2115849,0.2037008,3.078055,loading
Fe16Cr0,0.0,0.2125849,0.2047108,3.123894,loading
Fe16Cr0,0.0,0.2135849,0.20572079999999998,3.169937,loading
Fe16Cr0,0.0,0.2145849,0.2067308,3.216233,loading
Fe16Cr0,0.0,0.2155849,0.2077408,3.263071,loading
Fe16Cr0,0.0,0.2165849,0.2087508,3.310698,loading
Fe16Cr0,0.0,0.2175849,0.2097608,3.3586,loading
Fe16Cr0,0.0,0.2185849,0.21077079999999998,3.407234,loading
Fe16Cr0,0.0,0.2195849,0.2117808,3.455922,loading
Fe16Cr0,0.0,0.2205849,0.2127908,3.504871,loading
Fe16Cr0,0.0,0.2215849,0.21380079999999999,3.554552,loading
Fe16Cr0,0.0,0.2225849,0.2148108,3.604697,loading
Fe16Cr0,0.0,0.2235849,0.21582079999999998,3.655246,loading
Fe16Cr0,0.0,0.2245849,0.2168308,3.706209,loading
Fe16Cr0,0.0,0.2255849,0.2178408,3.757684,loading
Fe16Cr0,0.0,0.2265849,0.21885079999999998,3.809781,loading
Fe16Cr0,0.0,0.2275849,0.2198608,3.862134,loading
Fe16Cr0,0.0,0.2285849,0.22087079999999998,3.914679,loading
Fe16Cr0,0.0,0.2295849,0.2218808,3.967844,loading
Fe16Cr0,0.0,0.2305849,0.2228908,4.021852,loading
Fe16Cr0,0.0,0.2315849,0.22390079999999998,4.076294,loading
Fe16Cr0,0.0,0.2325849,0.2249108,4.131073,loading
Fe16Cr0,0.0,0.2335849,0.2259208,4.186061,loading
Fe16Cr0,0.0,0.2345849,0.2269308,4.241521,loading
Fe16Cr0,0.0,0.2355849,0.2279408,4.297712,loading
Fe16Cr0,0.0,0.2365849,0.22895079999999998,4.354303,loading
Fe16Cr0,0.0,0.2375849,0.2299608,4.411235,loading
Fe16Cr0,0.0,0.2385849,0.2309708,4.468786,loading
Fe16Cr0,0.0,0.2395849,0.2319808,4.526816,loading
Fe16Cr0,0.0,0.2405849,0.2329908,4.585611,loading
Fe16Cr0,0.0,0.2415849,0.23400079999999998,4.644614,loading
Fe16Cr0,0.0,0.2425849,0.2350108,4.703902,loading
Fe16Cr0,0.0,0.2435849,0.2360208,4.76352,loading
Fe16Cr0,0.0,0.2445849,0.23703079999999999,4.824118,loading
Fe16Cr0,0.0,0.2455849,0.2380408,4.885241,loading
Fe16Cr0,0.0,0.2465849,0.23905079999999998,4.946746,loading
Fe16Cr0,0.0,0.2475849,0.24006080000000002,5.008695,loading
Fe16Cr0,0.0,0.2485849,0.24107079999999997,5.071062,loading
Fe16Cr0,0.0,0.2495849,0.24208079999999998,5.134239,loading
Fe16Cr0,0.0,0.2505849,0.2430908,5.197848,loading
Fe16Cr0,0.0,0.2515849,0.2441008,5.26198,loading
Fe16Cr0,0.0,0.2525849,0.24511080000000002,5.326486,loading
Fe16Cr0,0.0,0.2535849,0.24612079999999997,5.391794,loading
Fe16Cr0,0.0,0.2545849,0.24713079999999998,5.457735,loading
Fe16Cr0,0.0,0.2555849,0.2481408,5.52388,loading
Fe16Cr0,0.0,0.2565849,0.2491508,5.590228,loading
Fe16Cr0,0.0,0.2575849,0.2501608,5.657456,loading
Fe16Cr0,0.0,0.2585849,0.25117079999999997,5.72503,loading
Fe16Cr0,0.0,0.2595849,0.2521808,5.7937,loading
Fe16Cr0,0.0,0.2605849,0.2531908,5.862795,loading
Fe16Cr0,0.0,0.2615849,0.2542008,5.932211,loading
Fe16Cr0,0.0,0.2625849,0.2552108,6.001887,loading
Fe16Cr0,0.0,0.2635849,0.25622079999999997,6.072376,loading
Fe16Cr0,0.0,0.2645849,0.2572308,6.143597,loading
Fe16Cr0,0.0,0.2655849,0.2582408,6.215208,loading
Fe16Cr0,0.0,0.2665849,0.2592508,6.287461,loading
Fe16Cr0,0.0,0.2675849,0.2602608,6.360037,loading
Fe16Cr0,0.0,0.2685849,0.26127079999999997,6.43354,loading
Fe16Cr0,0.0,0.2695849,0.2622808,6.507479,loading
Fe16Cr0,0.0,0.2705849,0.2632908,6.58166,loading
Fe16Cr0,0.0,0.2715849,0.2643008,6.656371,loading
Fe16Cr0,0.0,0.2725849,0.2653108,6.731966,loading
Fe16Cr0,0.0,0.2735849,0.26632079999999997,6.808228,loading
Fe16Cr0,0.0,0.2745849,0.2673308,6.884817,loading
Fe16Cr0,0.0,0.2755849,0.2683408,6.961862,loading
Fe16Cr0,0.0,0.2765849,0.2693508,7.039633,loading
Fe16Cr0,0.0,0.2775849,0.2703608,7.117964,loading
Fe16Cr0,0.0,0.2785849,0.27137079999999997,7.196846,loading
Fe16Cr0,0.0,0.2795849,0.2723808,7.276358,loading
Fe16Cr0,0.0,0.2805849,0.2733908,7.356314,loading
Fe16Cr0,0.0,0.2815849,0.2744008,7.436877,loading
Fe16Cr0,0.0,0.2825849,0.2754108,7.518455,loading
Fe16Cr0,0.0,0.2835849,0.27642079999999997,7.600351,loading
Fe16Cr0,0.0,0.2845849,0.2774308,7.682302,loading
Fe16Cr0,0.0,0.2855849,0.2784408,7.765141,loading
Fe16Cr0,0.0,0.2865849,0.2794508,7.848344,loading
Fe16Cr0,0.0,0.2875849,0.2804608,7.932663,loading
Fe16Cr0,0.0,0.2885849,0.28147079999999997,8.017702,loading
Fe16Cr0,0.0,0.2895849,0.2824808,8.103119,loading
Fe16Cr0,0.0,0.2905849,0.2834908,8.188844,loading
Fe16Cr0,0.0,0.2915849,0.2845008,8.274987,loading
Fe16Cr0,0.0,0.2925849,0.2855108,8.362119,loading
Fe16Cr0,0.0,0.2935849,0.28652079999999996,8.449829,loading
Fe16Cr0,0.0,0.2945849,0.2875308,8.538083,loading
Fe16Cr0,0.0,0.2955849,0.2885408,8.6269,loading
Fe16Cr0,0.0,0.2965849,0.2895508,8.716471,loading
Fe16Cr0,0.0,0.2975849,0.2905608,8.806694,loading
Fe16Cr0,0.0,0.2985849,0.2915708,8.897219,loading
Fe16Cr0,0.0,0.2995849,0.2925808,8.988288,loading
Fe16Cr0,0.0,0.3,0.293,9.020076,loading
Fe16Cr0,0.0,0.30001,0.2930101,9.016539,loading
Fe16Cr0,0.0,0.30002,0.2930202,9.017413,loading
Fe16Cr0,0.0,0.300035,0.2930353,9.018847,loading
Fe16Cr0,0.0,0.3000575,0.2930581,9.020999,loading
Fe16Cr0,0.0,0.3000913,0.29309219999999997,9.024226,loading
Fe16Cr0,0.0,0.3001419,0.2931433,9.029068,loading
Fe16Cr0,0.0,0.3002178,0.29322,9.036331,loading
Fe16Cr0,0.0,0.3003317,0.293335,9.047231,loading
Fe16Cr0,0.0,0.3005026,0.2935076,9.063598,loading
Fe16Cr0,0.0,0.3007589,0.2937665,9.088249,loading
Fe16Cr0,0.0,0.3011433,0.2941547,9.125252,loading
Fe16Cr0,0.0,0.30172,0.2947372,9.1808,loading
Fe16Cr0,0.0,0.3025849,0.2956108,9.264428,loading
Fe16Cr0,0.0,0.3035849,0.2966208,9.359663,loading
Fe16Cr0,0.0,0.3045849,0.2976308,9.454028,loading
Fe16Cr0,0.0,0.3055849,0.2986408,9.54899,loading
Fe16Cr0,0.0,0.3065849,0.2996508,9.64456,loading
Fe16Cr0,0.0,0.3075849,0.3006608,9.740806,loading
Fe16Cr0,0.0,0.3085849,0.3016708,9.837624,loading
Fe16Cr0,0.0,0.3095849,0.30268079999999997,9.934824,loading
Fe16Cr0,0.0,0.3105849,0.3036908,10.0333,loading
Fe16Cr0,0.0,0.3115849,0.3047008,10.13236,loading
Fe16Cr0,0.0,0.3125849,0.3057108,10.2315,loading
Fe16Cr0,0.0,0.3135849,0.3067208,10.33107,loading
Fe16Cr0,0.0,0.3145849,0.30773079999999997,10.43163,loading
Fe16Cr0,0.0,0.3155849,0.3087408,10.53271,loading
Fe16Cr0,0.0,0.3165849,0.3097508,10.6349,loading
Fe16Cr0,0.0,0.3175849,0.3107608,10.73784,loading
Fe16Cr0,0.0,0.3185849,0.3117708,10.84105,loading
Fe16Cr0,0.0,0.3195849,0.31278079999999997,10.9446,loading
Fe16Cr0,0.0,0.3205849,0.3137908,11.04889,loading
Fe16Cr0,0.0,0.3215849,0.3148008,11.15403,loading
Fe16Cr0,0.0,0.3225849,0.3158108,11.25986,loading
Fe16Cr0,0.0,0.3235849,0.3168208,11.36627,loading
Fe16Cr0,0.0,0.3245849,0.31783079999999997,11.47334,loading
Fe16Cr0,0.0,0.3255849,0.3188408,11.58124,loading
Fe16Cr0,0.0,0.3265849,0.3198508,11.68955,loading
Fe16Cr0,0.0,0.3275849,0.3208608,11.79844,loading
Fe16Cr0,0.0,0.3285849,0.3218708,11.90835,loading
Fe16Cr0,0.0,0.3295849,0.32288079999999997,12.01872,loading
Fe16Cr0,0.0,0.3305849,0.3238908,12.12957,loading
Fe16Cr0,0.0,0.3315849,0.3249008,12.24135,loading
Fe16Cr0,0.0,0.3325849,0.3259108,12.35372,loading
Fe16Cr0,0.0,0.3335849,0.3269208,12.46681,loading
Fe16Cr0,0.0,0.3345849,0.32793079999999997,12.58047,loading
Fe16Cr0,0.0,0.3355849,0.3289408,12.69488,loading
Fe16Cr0,0.0,0.3365849,0.3299508,12.80985,loading
Fe16Cr0,0.0,0.3375849,0.3309608,12.92546,loading
Fe16Cr0,0.0,0.3385849,0.3319708,13.04198,loading
Fe16Cr0,0.0,0.3395849,0.33298079999999997,13.15953,loading
Fe16Cr0,0.0,0.3405849,0.3339908,13.27737,loading
Fe16Cr0,0.0,0.3415849,0.3350008,13.39528,loading
Fe16Cr0,0.0,0.3425849,0.3360108,13.51436,loading
Fe16Cr0,0.0,0.3435849,0.3370208,13.63389,loading
Fe16Cr0,0.0,0.3445849,0.33803079999999996,13.75451,loading
Fe16Cr0,0.0,0.3455849,0.3390408,13.87621,loading
Fe16Cr0,0.0,0.3465849,0.3400508,13.99841,loading
Fe16Cr0,0.0,0.3475849,0.3410608,14.12097,loading
Fe16Cr0,0.0,0.3485849,0.3420708,14.24381,loading
Fe16Cr0,0.0,0.3495849,0.34308079999999996,14.3677,loading
Fe16Cr0,0.0,0.3505849,0.3440908,14.49257,loading
Fe16Cr0,0.0,0.3515849,0.3451008,14.61794,loading
Fe16Cr0,0.0,0.3525849,0.3461108,14.74416,loading
Fe16Cr0,0.0,0.3535849,0.3471208,14.87099,loading
Fe16Cr0,0.0,0.3545849,0.3481308,14.99851,loading
Fe16Cr0,0.0,0.3555849,0.3491408,15.12663,loading
Fe16Cr0,0.0,0.3565849,0.3501508,15.2557,loading
Fe16Cr0,0.0,0.3575849,0.3511608,15.38529,loading
Fe16Cr0,0.0,0.3585849,0.3521708,15.5156,loading
Fe16Cr0,0.0,0.3595849,0.3531808,15.64674,loading
Fe16Cr0,0.0,0.3605849,0.3541908,15.77859,loading
Fe16Cr0,0.0,0.3615849,0.3552008,15.91132,loading
Fe16Cr0,0.0,0.3625849,0.3562108,16.04425,loading
Fe16Cr0,0.0,0.3635849,0.3572208,16.17823,loading
Fe16Cr0,0.0,0.3645849,0.3582308,16.31295,loading
Fe16Cr0,0.0,0.3655849,0.35924079999999997,16.44831,loading
Fe16Cr0,0.0,0.3665849,0.3602508,16.58419,loading
Fe16Cr0,0.0,0.3675849,0.3612608,16.72157,loading
Fe16Cr0,0.0,0.3685849,0.3622708,16.85947,loading
Fe16Cr0,0.0,0.3695849,0.3632808,16.99756,loading
Fe16Cr0,0.0,0.3705849,0.36429079999999997,17.13609,loading
Fe16Cr0,0.0,0.3715849,0.3653008,17.2759,loading
Fe16Cr0,0.0,0.3725849,0.3663108,17.4163,loading
Fe16Cr0,0.0,0.3735849,0.3673208,17.55782,loading
Fe16Cr0,0.0,0.3745849,0.3683308,17.70035,loading
Fe16Cr0,0.0,0.3755849,0.36934079999999997,17.84339,loading
Fe16Cr0,0.0,0.3765849,0.3703508,17.98684,loading
Fe16Cr0,0.0,0.3775849,0.3713608,18.13087,loading
Fe16Cr0,0.0,0.3785849,0.3723708,18.27612,loading
Fe16Cr0,0.0,0.3795849,0.3733808,18.42243,loading
Fe16Cr0,0.0,0.3805849,0.37439079999999997,18.5692,loading
Fe16Cr0,0.0,0.3815849,0.3754008,18.7167,loading
Fe16Cr0,0.0,0.3825849,0.3764108,18.86507,loading
Fe16Cr0,0.0,0.3835849,0.3774208,19.01406,loading
Fe16Cr0,0.0,0.3845849,0.3784308,19.16392,loading
Fe16Cr0,0.0,0.3855849,0.37944079999999997,19.31441,loading
Fe16Cr0,0.0,0.3865849,0.3804508,19.46567,loading
Fe16Cr0,0.0,0.3875849,0.3814608,19.6179,loading
Fe16Cr0,0.0,0.3885849,0.3824708,19.77087,loading
Fe16Cr0,0.0,0.3895849,0.3834808,19.92434,loading
Fe16Cr0,0.0,0.3905849,0.38449079999999997,20.07872,loading
Fe16Cr0,0.0,0.3915849,0.3855008,20.23411,loading
Fe16Cr0,0.0,0.3925849,0.3865108,20.39022,loading
Fe16Cr0,0.0,0.3935849,0.3875208,20.54688,loading
Fe16Cr0,0.0,0.3945849,0.3885308,20.70442,loading
Fe16Cr0,0.0,0.3955849,0.38954079999999996,20.86309,loading
Fe16Cr0,0.0,0.3965849,0.3905508,21.02265,loading
Fe16Cr0,0.0,0.3975849,0.3915608,21.18266,loading
Fe16Cr0,0.0,0.3985849,0.3925708,21.34283,loading
Fe16Cr0,0.0,0.3995849,0.3935808,21.50411,loading
Fe16Cr0,0.0,0.4,0.394,21.56037,loading
Fe16Cr0,0.0,0.40001,0.3940101,21.55429,loading
Fe16Cr0,0.0,0.40002,0.3940202,21.55581,loading
Fe16Cr0,0.0,0.400035,0.3940353,21.55833,loading
Fe16Cr0,0.0,0.4000575,0.39405809999999997,21.56211,loading
Fe16Cr0,0.0,0.4000913,0.3940922,21.5678,loading
Fe16Cr0,0.0,0.4001419,0.3941433,21.57634,loading
Fe16Cr0,0.0,0.4002178,0.39422,21.58914,loading
Fe16Cr0,0.0,0.4003317,0.394335,21.60833,loading
Fe16Cr0,0.0,0.4005026,0.3945076,21.63714,loading
Fe16Cr0,0.0,0.4007589,0.39476649999999996,21.68057,loading
Fe16Cr0,0.0,0.4011433,0.39515469999999997,21.74577,loading
Fe16Cr0,0.0,0.40172,0.3957372,21.84358,loading
Fe16Cr0,0.0,0.4025849,0.3966108,21.99112,loading
Fe16Cr0,0.0,0.4035849,0.3976208,22.15889,loading
Fe16Cr0,0.0,0.4045849,0.3986308,22.32454,loading
Fe16Cr0,0.0,0.4055849,0.3996408,22.49055,loading
Fe16Cr0,0.0,0.4065849,0.4006508,22.65731,loading
Fe16Cr0,0.0,0.4075849,0.4016608,22.82526,loading
Fe16Cr0,0.0,0.4085849,0.4026708,22.99419,loading
Fe16Cr0,0.0,0.4095849,0.4036808,23.16382,loading
Fe16Cr0,0.0,0.4105849,0.4046908,23.33421,loading
Fe16Cr0,0.0,0.4115849,0.4057008,23.50537,loading
Fe16Cr0,0.0,0.4125849,0.4067108,23.67731,loading
Fe16Cr0,0.0,0.4135849,0.4077208,23.85006,loading
Fe16Cr0,0.0,0.4145849,0.4087308,24.02371,loading
Fe16Cr0,0.0,0.4155849,0.4097408,24.19836,loading
Fe16Cr0,0.0,0.4165849,0.41075079999999997,24.37361,loading
Fe16Cr0,0.0,0.4175849,0.4117608,24.54933,loading
Fe16Cr0,0.0,0.4185849,0.4127708,24.72622,loading
Fe16Cr0,0.0,0.4195849,0.4137808,24.90399,loading
Fe16Cr0,0.0,0.4205849,0.4147908,25.08279,loading
Fe16Cr0,0.0,0.4215849,0.41580079999999997,25.26217,loading
Fe16Cr0,0.0,0.4225849,0.4168108,25.44197,loading
Fe16Cr0,0.0,0.4235849,0.4178208,25.62286,loading
Fe16Cr0,0.0,0.4245849,0.4188308,25.80544,loading
Fe16Cr0,0.0,0.4255849,0.4198408,25.98834,loading
Fe16Cr0,0.0,0.4265849,0.42085079999999997,26.17163,loading
Fe16Cr0,0.0,0.4275849,0.4218608,26.35507,loading
Fe16Cr0,0.0,0.4285849,0.4228708,26.54048,loading
Fe16Cr0,0.0,0.4295849,0.4238808,26.72679,loading
Fe16Cr0,0.0,0.4305849,0.4248908,26.91365,loading
Fe16Cr0,0.0,0.4315849,0.42590079999999997,27.10174,loading
Fe16Cr0,0.0,0.4325849,0.4269108,27.29067,loading
Fe16Cr0,0.0,0.4335849,0.4279208,27.48027,loading
Fe16Cr0,0.0,0.4345849,0.4289308,27.67016,loading
Fe16Cr0,0.0,0.4355849,0.4299408,27.86083,loading
Fe16Cr0,0.0,0.4365849,0.43095079999999997,28.0529,loading
Fe16Cr0,0.0,0.4375849,0.4319608,28.246,loading
Fe16Cr0,0.0,0.4385849,0.4329708,28.43964,loading
Fe16Cr0,0.0,0.4395849,0.4339808,28.63421,loading
Fe16Cr0,0.0,0.4405849,0.4349908,28.82966,loading
Fe16Cr0,0.0,0.4415849,0.43600079999999997,29.02587,loading
Fe16Cr0,0.0,0.4425849,0.4370108,29.22301,loading
Fe16Cr0,0.0,0.4435849,0.4380208,29.42137,loading
Fe16Cr0,0.0,0.4445849,0.4390308,29.62006,loading
Fe16Cr0,0.0,0.4455849,0.4400408,29.81948,loading
Fe16Cr0,0.0,0.4465849,0.44105079999999997,30.02002,loading
Fe16Cr0,0.0,0.4475849,0.4420608,30.22159,loading
Fe16Cr0,0.0,0.4485849,0.4430708,30.42432,loading
Fe16Cr0,0.0,0.4495849,0.4440808,30.6277,loading
Fe16Cr0,0.0,0.4505849,0.4450908,30.83128,loading
Fe16Cr0,0.0,0.4515849,0.44610079999999996,31.03599,loading
Fe16Cr0,0.0,0.4525849,0.4471108,31.24228,loading
Fe16Cr0,0.0,0.4535849,0.4481208,31.44947,loading
Fe16Cr0,0.0,0.4545849,0.4491308,31.65707,loading
Fe16Cr0,0.0,0.4555849,0.4501408,31.86508,loading
Fe16Cr0,0.0,0.4565849,0.4511508,32.07514,loading
Fe16Cr0,0.0,0.4575849,0.4521608,32.28481,loading
Fe16Cr0,0.0,0.4585849,0.4531708,32.4958,loading
Fe16Cr0,0.0,0.4595849,0.4541808,32.70745,loading
Fe16Cr0,0.0,0.4605849,0.4551908,32.92055,loading
Fe16Cr0,0.0,0.4615849,0.4562008,33.13502,loading
Fe16Cr0,0.0,0.4625849,0.4572108,33.35013,loading
Fe16Cr0,0.0,0.4635849,0.4582208,33.56563,loading
Fe16Cr0,0.0,0.4645849,0.4592308,33.7816,loading
Fe16Cr0,0.0,0.4655849,0.4602408,33.99889,loading
Fe16Cr0,0.0,0.4665849,0.4612508,34.21757,loading
Fe16Cr0,0.0,0.4675849,0.46226079999999997,34.43679,loading
Fe16Cr0,0.0,0.4685849,0.4632708,34.65653,loading
Fe16Cr0,0.0,0.4695849,0.4642808,34.87781,loading
Fe16Cr0,0.0,0.4705849,0.4652908,35.09977,loading
Fe16Cr0,0.0,0.4715849,0.4663008,35.32321,loading
Fe16Cr0,0.0,0.4725849,0.46731079999999997,35.54705,loading
Fe16Cr0,0.0,0.4735849,0.4683208,35.77149,loading
Fe16Cr0,0.0,0.4745849,0.4693308,35.99656,loading
Fe16Cr0,0.0,0.4755849,0.4703408,36.2229,loading
Fe16Cr0,0.0,0.4765849,0.4713508,36.45069,loading
Fe16Cr0,0.0,0.4775849,0.47236079999999997,36.67931,loading
Fe16Cr0,0.0,0.4785849,0.4733708,36.90918,loading
Fe16Cr0,0.0,0.4795849,0.4743808,37.1393,loading
Fe16Cr0,0.0,0.4805849,0.4753908,37.36956,loading
Fe16Cr0,0.0,0.4815849,0.4764008,37.6019,loading
Fe16Cr0,0.0,0.4825849,0.47741079999999997,37.83489,loading
Fe16Cr0,0.0,0.4835849,0.4784208,38.06849,loading
Fe16Cr0,0.0,0.4845849,0.4794308,38.30333,loading
Fe16Cr0,0.0,0.4855849,0.4804408,38.53973,loading
Fe16Cr0,0.0,0.4865849,0.4814508,38.77655,loading
Fe16Cr0,0.0,0.4875849,0.48246079999999997,39.01394,loading
Fe16Cr0,0.0,0.4885849,0.4834708,39.25214,loading
Fe16Cr0,0.0,0.4895849,0.4844808,39.49175,loading
Fe16Cr0,0.0,0.4905849,0.4854908,39.73255,loading
Fe16Cr0,0.0,0.4915849,0.4865008,39.97444,loading
Fe16Cr0,0.0,0.4925849,0.48751079999999997,40.21681,loading
Fe16Cr0,0.0,0.4935849,0.4885208,40.46005,loading
Fe16Cr0,0.0,0.4945849,0.4895308,40.70464,loading
Fe16Cr0,0.0,0.4955849,0.4905408,40.95017,loading
Fe16Cr0,0.0,0.4965849,0.49155079999999995,41.19655,loading
Fe16Cr0,0.0,0.4975849,0.4925608,41.44376,loading
Fe16Cr0,0.0,0.4985849,0.4935708,41.692,loading
Fe16Cr0,0.0,0.4995849,0.49458080000000004,41.94112,loading
Fe16Cr0,0.0,0.5,0.495,42.02826,loading
Fe16Cr0,0.0,0.50001,0.4950101,42.01895,loading
Fe16Cr0,0.0,0.50002,0.4950202,42.02124,loading
Fe16Cr0,0.0,0.500035,0.49503529999999996,42.02513,loading
Fe16Cr0,0.0,0.5000575,0.49505809999999995,42.03098,loading
Fe16Cr0,0.0,0.5000912,0.4950922,42.03974,loading
Fe16Cr0,0.0,0.5001419,0.49514329999999995,42.05293,loading
Fe16Cr0,0.0,0.5002178,0.49522,42.07263,loading
Fe16Cr0,0.0,0.5003317,0.49533499999999997,42.10234,loading
Fe16Cr0,0.0,0.5005026,0.49550759999999994,42.14692,loading
Fe16Cr0,0.0,0.5007589,0.4957665,42.21384,loading
Fe16Cr0,0.0,0.5011433,0.49615469999999995,42.31429,loading
Fe16Cr0,0.0,0.50172,0.4967372,42.46501,loading
Fe16Cr0,0.0,0.5025849,0.4976108,42.69149,loading
Fe16Cr0,0.0,0.5035849,0.4986208,42.94797,loading
Fe16Cr0,0.0,0.5045849,0.49963080000000004,43.20173,loading
Fe16Cr0,0.0,0.5055849,0.5006408,43.45685,loading
Fe16Cr0,0.0,0.5065849,0.5016508,43.71302,loading
Fe16Cr0,0.0,0.5075849,0.5026608,43.97022,loading
Fe16Cr0,0.0,0.5085849,0.5036708,44.22915,loading
Fe16Cr0,0.0,0.5095849,0.5046808,44.48852,loading
Fe16Cr0,0.0,0.5105849,0.5056908,44.74841,loading
Fe16Cr0,0.0,0.5115849,0.5067008,45.00886,loading
Fe16Cr0,0.0,0.5125849,0.5077108,45.27075,loading
Fe16Cr0,0.0,0.5135849,0.5087208,45.53408,loading
Fe16Cr0,0.0,0.5145849,0.5097308,45.79867,loading
Fe16Cr0,0.0,0.5155849,0.5107408,46.06352,loading
Fe16Cr0,0.0,0.5165849,0.5117508,46.32912,loading
Fe16Cr0,0.0,0.5175849,0.5127608,46.59614,loading
Fe16Cr0,0.0,0.5185849,0.5137708,46.86441,loading
Fe16Cr0,0.0,0.5195849,0.5147808,47.13367,loading
Fe16Cr0,0.0,0.5205849,0.5157908,47.40351,loading
Fe16Cr0,0.0,0.5215849,0.5168008,47.67448,loading
Fe16Cr0,0.0,0.5225849,0.5178108,47.94645,loading
Fe16Cr0,0.0,0.5235849,0.5188208,48.21967,loading
Fe16Cr0,0.0,0.5245849,0.5198308,48.4937,loading
Fe16Cr0,0.0,0.5255849,0.5208408,48.76872,loading
Fe16Cr0,0.0,0.5265849,0.5218508,49.0448,loading
Fe16Cr0,0.0,0.5275849,0.5228608,49.32172,loading
Fe16Cr0,0.0,0.5285849,0.5238708,49.59983,loading
Fe16Cr0,0.0,0.5295849,0.5248808,49.87936,loading
Fe16Cr0,0.0,0.5305849,0.5258908,50.15996,loading
Fe16Cr0,0.0,0.5315849,0.5269008,50.44113,loading
Fe16Cr0,0.0,0.5325849,0.5279108,50.72268,loading
Fe16Cr0,0.0,0.5335849,0.5289208,51.00531,loading
Fe16Cr0,0.0,0.5345849,0.5299308,51.28933,loading
Fe16Cr0,0.0,0.5355849,0.5309408,51.57468,loading
Fe16Cr0,0.0,0.5365849,0.5319508,51.86101,loading
Fe16Cr0,0.0,0.5375849,0.5329608,52.14922,loading
Fe16Cr0,0.0,0.5385849,0.5339708,52.43769,loading
Fe16Cr0,0.0,0.5395849,0.5349808,52.72654,loading
Fe16Cr0,0.0,0.5405849,0.5359908,53.01618,loading
Fe16Cr0,0.0,0.5415849,0.5370008,53.3077,loading
Fe16Cr0,0.0,0.5425849,0.5380108,53.60053,loading
Fe16Cr0,0.0,0.5435849,0.5390208,53.89426,loading
Fe16Cr0,0.0,0.5445849,0.5400308,54.18853,loading
Fe16Cr0,0.0,0.5455849,0.5410408,54.48396,loading
Fe16Cr0,0.0,0.5465849,0.5420507999999999,54.78071,loading
Fe16Cr0,0.0,0.5475849,0.5430608,55.07856,loading
Fe16Cr0,0.0,0.5485849,0.5440708,55.377,loading
Fe16Cr0,0.0,0.5495849,0.5450808,55.67673,loading
Fe16Cr0,0.0,0.5505849,0.5460908,55.97722,loading
Fe16Cr0,0.0,0.5515849,0.5471007999999999,56.27926,loading
Fe16Cr0,0.0,0.5525849,0.5481108,56.58193,loading
Fe16Cr0,0.0,0.5535849,0.5491208,56.88587,loading
Fe16Cr0,0.0,0.5545849,0.5501308,57.19094,loading
Fe16Cr0,0.0,0.5555849,0.5511408,57.49683,loading
Fe16Cr0,0.0,0.5565849,0.5521507999999999,57.80375,loading
Fe16Cr0,0.0,0.5575849,0.5531608,58.11153,loading
Fe16Cr0,0.0,0.5585849,0.5541708,58.42114,loading
Fe16Cr0,0.0,0.5595849,0.5551808,58.73208,loading
Fe16Cr0,0.0,0.5605849,0.5561908,59.04341,loading
Fe16Cr0,0.0,0.5615849,0.5572007999999999,59.35519,loading
Fe16Cr0,0.0,0.5625849,0.5582108,59.66801,loading
Fe16Cr0,0.0,0.5635849,0.5592208,59.98233,loading
Fe16Cr0,0.0,0.5645849,0.5602308,60.29816,loading
Fe16Cr0,0.0,0.5655849,0.5612408,60.61506,loading
Fe16Cr0,0.0,0.5665849,0.5622507999999999,60.93357,loading
Fe16Cr0,0.0,0.5675849,0.5632608,61.25196,loading
Fe16Cr0,0.0,0.5685849,0.5642708,61.57122,loading
Fe16Cr0,0.0,0.5695849,0.5652808,61.89176,loading
Fe16Cr0,0.0,0.5705849,0.5662908,62.214,loading
Fe16Cr0,0.0,0.5715849,0.5673007999999999,62.53744,loading
Fe16Cr0,0.0,0.5725849,0.5683108,62.86148,loading
Fe16Cr0,0.0,0.5735849,0.5693208,63.18632,loading
Fe16Cr0,0.0,0.5745849,0.5703308,63.51279,loading
Fe16Cr0,0.0,0.5755849,0.5713408,63.8405,loading
Fe16Cr0,0.0,0.5765849,0.5723507999999999,64.16885,loading
Fe16Cr0,0.0,0.5775849,0.5733608,64.49842,loading
Fe16Cr0,0.0,0.5785849,0.5743708,64.829,loading
Fe16Cr0,0.0,0.5795849,0.5753808,65.16089,loading
Fe16Cr0,0.0,0.5805849,0.5763908,65.49344,loading
Fe16Cr0,0.0,0.5815849,0.5774007999999999,65.82753,loading
Fe16Cr0,0.0,0.5825849,0.5784108,66.16246,loading
Fe16Cr0,0.0,0.5835849,0.5794208,66.4984,loading
Fe16Cr0,0.0,0.5845849,0.5804308,66.83538,loading
Fe16Cr0,0.0,0.5855849,0.5814408,67.17387,loading
Fe16Cr0,0.0,0.5865849,0.5824508,67.51354,loading
Fe16Cr0,0.0,0.5875849,0.5834608,67.85376,loading
Fe16Cr0,0.0,0.5885849,0.5844708,68.19593,loading
Fe16Cr0,0.0,0.5895849,0.5854808,68.53877,loading
Fe16Cr0,0.0,0.5905849,0.5864908,68.88199,loading
Fe16Cr0,0.0,0.5915849,0.5875008,69.22629,loading
Fe16Cr0,0.0,0.5925849,0.5885108,69.57214,loading
Fe16Cr0,0.0,0.5935849,0.5895208,69.91971,loading
Fe16Cr0,0.0,0.5945849,0.5905308,70.26802,loading
Fe16Cr0,0.0,0.5955849,0.5915408,70.61841,loading
Fe16Cr0,0.0,0.5965849,0.5925508,70.96877,loading
Fe16Cr0,0.0,0.5975849,0.5935608,71.31953,loading
Fe16Cr0,0.0,0.5985849,0.5945708,71.67178,loading
Fe16Cr0,0.0,0.5995849,0.5955808,72.02602,loading
Fe16Cr0,0.0,0.6,0.596,72.1502,loading
Fe16Cr0,0.0,0.60001,0.5960101,72.13746,loading
Fe16Cr0,0.0,0.60002,0.5960202,72.14067,loading
Fe16Cr0,0.0,0.600035,0.5960353,72.14619,loading
Fe16Cr0,0.0,0.6000575,0.5960581,72.15449,loading
Fe16Cr0,0.0,0.6000912,0.5960922,72.16692,loading
Fe16Cr0,0.0,0.6001419,0.5961433,72.18559,loading
Fe16Cr0,0.0,0.6002178,0.59622,72.21358,loading
Fe16Cr0,0.0,0.6003317,0.596335,72.25556,loading
Fe16Cr0,0.0,0.6005026,0.5965076,72.31855,loading
Fe16Cr0,0.0,0.6007589,0.5967665,72.41314,loading
Fe16Cr0,0.0,0.6011433,0.5971547,72.55503,loading
Fe16Cr0,0.0,0.60172,0.5977372,72.76823,loading
Fe16Cr0,0.0,0.6025849,0.5986108,73.08845,loading
Fe16Cr0,0.0,0.6035849,0.5996208,73.45268,loading
Fe16Cr0,0.0,0.6045849,0.6006308,73.81201,loading
Fe16Cr0,0.0,0.6055849,0.6016408,74.17262,loading
Fe16Cr0,0.0,0.6065849,0.6026508,74.53422,loading
Fe16Cr0,0.0,0.6075849,0.6036608,74.8974,loading
Fe16Cr0,0.0,0.6085849,0.6046708,75.26117,loading
Fe16Cr0,0.0,0.6095849,0.6056808,75.62627,loading
Fe16Cr0,0.0,0.6105849,0.6066908,75.99273,loading
Fe16Cr0,0.0,0.6115849,0.6077008,76.35988,loading
Fe16Cr0,0.0,0.6125849,0.6087108,76.72844,loading
Fe16Cr0,0.0,0.6135849,0.6097208,77.09808,loading
Fe16Cr0,0.0,0.6145849,0.6107308,77.46874,loading
Fe16Cr0,0.0,0.6155849,0.6117408,77.84016,loading
Fe16Cr0,0.0,0.6165849,0.6127508,78.21354,loading
Fe16Cr0,0.0,0.6175849,0.6137608,78.58912,loading
Fe16Cr0,0.0,0.6185849,0.6147708,78.96412,loading
Fe16Cr0,0.0,0.6195849,0.6157808,79.34019,loading
Fe16Cr0,0.0,0.6205849,0.6167908,79.71728,loading
Fe16Cr0,0.0,0.6215849,0.6178008,80.09521,loading
Fe16Cr0,0.0,0.6225849,0.6188108,80.47613,loading
Fe16Cr0,0.0,0.6235849,0.6198208,80.85738,loading
Fe16Cr0,0.0,0.6245849,0.6208308,81.24089,loading
Fe16Cr0,0.0,0.6255849,0.6218408,81.62459,loading
Fe16Cr0,0.0,0.6265849,0.6228508,82.00857,loading
Fe16Cr0,0.0,0.6275849,0.6238608,82.39451,loading
Fe16Cr0,0.0,0.6285849,0.6248708,82.78201,loading
Fe16Cr0,0.0,0.6295849,0.6258808,83.17033,loading
Fe16Cr0,0.0,0.6305849,0.6268908,83.55983,loading
Fe16Cr0,0.0,0.6315849,0.6279008,83.95071,loading
Fe16Cr0,0.0,0.6325849,0.6289108,84.34244,loading
Fe16Cr0,0.0,0.6335849,0.6299208,84.73573,loading
Fe16Cr0,0.0,0.6345849,0.6309308,85.1297,loading
Fe16Cr0,0.0,0.6355849,0.6319408,85.52535,loading
Fe16Cr0,0.0,0.6365849,0.6329508,85.92156,loading
Fe16Cr0,0.0,0.6375849,0.6339608,86.31918,loading
Fe16Cr0,0.0,0.6385849,0.6349708,86.71851,loading
Fe16Cr0,0.0,0.6395849,0.6359808,87.119,loading
Fe16Cr0,0.0,0.6405849,0.6369908,87.52007,loading
Fe16Cr0,0.0,0.6415849,0.6380008,87.92266,loading
Fe16Cr0,0.0,0.6425849,0.6390108,88.32655,loading
Fe16Cr0,0.0,0.6435849,0.6400208,88.73162,loading
Fe16Cr0,0.0,0.6445849,0.6410308,89.13739,loading
Fe16Cr0,0.0,0.6455849,0.6420408,89.54448,loading
Fe16Cr0,0.0,0.6465849,0.6430508,89.95405,loading
Fe16Cr0,0.0,0.6475849,0.6440608,90.36442,loading
Fe16Cr0,0.0,0.6485849,0.6450707999999999,90.77478,loading
Fe16Cr0,0.0,0.6495849,0.6460808,91.18609,loading
Fe16Cr0,0.0,0.6505849,0.6470908,91.59872,loading
Fe16Cr0,0.0,0.6515849,0.6481008,92.01378,loading
Fe16Cr0,0.0,0.6525849,0.6491108,92.42942,loading
Fe16Cr0,0.0,0.6535849,0.6501207999999999,92.84762,loading
Fe16Cr0,0.0,0.6545849,0.6511308,93.26594,loading
Fe16Cr0,0.0,0.6555849,0.6521408,93.6844,loading
Fe16Cr0,0.0,0.6565849,0.6531508,94.1048,loading
Fe16Cr0,0.0,0.6575849,0.6541608,94.52692,loading
Fe16Cr0,0.0,0.6585849,0.6551707999999999,94.95012,loading
Fe16Cr0,0.0,0.6595849,0.6561808,95.37423,loading
Fe16Cr0,0.0,0.6605849,0.6571908,95.7996,loading
Fe16Cr0,0.0,0.6615849,0.6582008,96.22644,loading
Fe16Cr0,0.0,0.6625849,0.6592108,96.65441,loading
Fe16Cr0,0.0,0.6635849,0.6602207999999999,97.08374,loading
Fe16Cr0,0.0,0.6645849,0.6612308,97.5137,loading
Fe16Cr0,0.0,0.6655849,0.6622408,97.9448,loading
Fe16Cr0,0.0,0.6665849,0.6632508,98.37751,loading
Fe16Cr0,0.0,0.6675849,0.6642608,98.81222,loading
Fe16Cr0,0.0,0.6685849,0.6652707999999999,99.24759,loading
Fe16Cr0,0.0,0.6695849,0.6662808,99.68356,loading
Fe16Cr0,0.0,0.6705849,0.6672908,100.1211,loading
Fe16Cr0,0.0,0.6715849,0.6683008,100.5602,loading
Fe16Cr0,0.0,0.6725849,0.6693108,101.0003,loading
Fe16Cr0,0.0,0.6735849,0.6703207999999999,101.4414,loading
Fe16Cr0,0.0,0.6745849,0.6713308,101.8839,loading
Fe16Cr0,0.0,0.6755849,0.6723408,102.3281,loading
Fe16Cr0,0.0,0.6765849,0.6733508,102.774,loading
Fe16Cr0,0.0,0.6775849,0.6743608,103.2199,loading
Fe16Cr0,0.0,0.6785849,0.6753707999999999,103.6671,loading
Fe16Cr0,0.0,0.6795849,0.6763808,104.115,loading
Fe16Cr0,0.0,0.6805849,0.6773908,104.5654,loading
Fe16Cr0,0.0,0.6815849,0.6784008,105.0169,loading
Fe16Cr0,0.0,0.6825849,0.6794108,105.4703,loading
Fe16Cr0,0.0,0.6835849,0.6804207999999999,105.9244,loading
Fe16Cr0,0.0,0.6845849,0.6814308,106.3786,loading
Fe16Cr0,0.0,0.6855849,0.6824408,106.8344,loading
Fe16Cr0,0.0,0.6865849,0.6834508,107.2925,loading
Fe16Cr0,0.0,0.6875849,0.6844608,107.7511,loading
Fe16Cr0,0.0,0.6885849,0.6854707999999999,108.211,loading
Fe16Cr0,0.0,0.6895849,0.6864808,108.6721,loading
Fe16Cr0,0.0,0.6905849,0.6874908,109.135,loading
Fe16Cr0,0.0,0.6915849,0.6885008,109.5993,loading
Fe16Cr0,0.0,0.6925849,0.6895108,110.0643,loading
Fe16Cr0,0.0,0.6935849,0.6905208,110.5296,loading
Fe16Cr0,0.0,0.6945849,0.6915308,110.997,loading
Fe16Cr0,0.0,0.6955849,0.6925408,111.4663,loading
Fe16Cr0,0.0,0.6965849,0.6935508,111.9373,loading
Fe16Cr0,0.0,0.6975849,0.6945608,112.4088,loading
Fe16Cr0,0.0,0.6985849,0.6955708,112.8809,loading
Fe16Cr0,0.0,0.6995849,0.6965808,113.3545,loading
Fe16Cr0,0.0,0.7,0.697,113.5216,loading
Fe16Cr0,0.0,0.70001,0.6970101,113.5049,loading
Fe16Cr0,0.0,0.70002,0.6970202,113.5091,loading
Fe16Cr0,0.0,0.700035,0.6970353,113.5165,loading
Fe16Cr0,0.0,0.7000575,0.6970581,113.5276,loading
Fe16Cr0,0.0,0.7000912,0.6970921999999999,113.5442,loading
Fe16Cr0,0.0,0.7001419,0.6971433,113.5692,loading
Fe16Cr0,0.0,0.7002178,0.69722,113.6066,loading
Fe16Cr0,0.0,0.7003317,0.697335,113.6628,loading
Fe16Cr0,0.0,0.7005026,0.6975076,113.747,loading
Fe16Cr0,0.0,0.7007589,0.6977665,113.8736,loading
Fe16Cr0,0.0,0.7011433,0.6981547,114.0634,loading
Fe16Cr0,0.0,0.70172,0.6987372,114.3481,loading
Fe16Cr0,0.0,0.7025849,0.6996108,114.7766,loading
Fe16Cr0,0.0,0.7035849,0.7006208,115.2628,loading
Fe16Cr0,0.0,0.7045849,0.7016308,115.743,loading
Fe16Cr0,0.0,0.7055849,0.7026408,116.2265,loading
Fe16Cr0,0.0,0.7065849,0.7036508,116.7088,loading
Fe16Cr0,0.0,0.7075849,0.7046608,117.1922,loading
Fe16Cr0,0.0,0.7085849,0.7056708,117.6767,loading
Fe16Cr0,0.0,0.7095849,0.7066808,118.1631,loading
Fe16Cr0,0.0,0.7105849,0.7076908,118.652,loading
Fe16Cr0,0.0,0.7115849,0.7087008,119.1417,loading
Fe16Cr0,0.0,0.7125849,0.7097108,119.6329,loading
Fe16Cr0,0.0,0.7135849,0.7107208,120.1242,loading
Fe16Cr0,0.0,0.7145849,0.7117308,120.6168,loading
Fe16Cr0,0.0,0.7155849,0.7127408,121.1116,loading
Fe16Cr0,0.0,0.7165849,0.7137508,121.6071,loading
Fe16Cr0,0.0,0.7175849,0.7147608,122.1041,loading
Fe16Cr0,0.0,0.7185849,0.7157708,122.6023,loading
Fe16Cr0,0.0,0.7195849,0.7167808,123.1027,loading
Fe16Cr0,0.0,0.7205849,0.7177908,123.604,loading
Fe16Cr0,0.0,0.7215849,0.7188008,124.1052,loading
Fe16Cr0,0.0,0.7225849,0.7198108,124.6085,loading
Fe16Cr0,0.0,0.7235849,0.7208208,125.1127,loading
Fe16Cr0,0.0,0.7245849,0.7218308,125.6192,loading
Fe16Cr0,0.0,0.7255849,0.7228408,126.1275,loading
Fe16Cr0,0.0,0.7265849,0.7238508,126.6367,loading
Fe16Cr0,0.0,0.7275849,0.7248608,127.1466,loading
Fe16Cr0,0.0,0.7285849,0.7258708,127.6572,loading
Fe16Cr0,0.0,0.7295849,0.7268808,128.1699,loading
Fe16Cr0,0.0,0.7305849,0.7278908,128.6839,loading
Fe16Cr0,0.0,0.7315849,0.7289008,129.1993,loading
Fe16Cr0,0.0,0.7325849,0.7299108,129.716,loading
Fe16Cr0,0.0,0.7335849,0.7309208,130.2339,loading
Fe16Cr0,0.0,0.7345849,0.7319308,130.7536,loading
Fe16Cr0,0.0,0.7355849,0.7329408,131.2743,loading
Fe16Cr0,0.0,0.7365849,0.7339508,131.7958,loading
Fe16Cr0,0.0,0.7375849,0.7349608,132.3182,loading
Fe16Cr0,0.0,0.7385849,0.7359708,132.8428,loading
Fe16Cr0,0.0,0.7395849,0.7369808,133.3695,loading
Fe16Cr0,0.0,0.7405849,0.7379908,133.8969,loading
Fe16Cr0,0.0,0.7415849,0.7390008,134.4252,loading
Fe16Cr0,0.0,0.7425849,0.7400108,134.9545,loading
Fe16Cr0,0.0,0.7435849,0.7410208,135.4865,loading
Fe16Cr0,0.0,0.7445849,0.7420308,136.019,loading
Fe16Cr0,0.0,0.7455849,0.7430408,136.5533,loading
Fe16Cr0,0.0,0.7465849,0.7440508,137.0887,loading
Fe16Cr0,0.0,0.7475849,0.7450608,137.6253,loading
Fe16Cr0,0.0,0.7485849,0.7460708,138.164,loading
Fe16Cr0,0.0,0.7495849,0.7470808,138.7041,loading
Fe16Cr0,0.0,0.7505849,0.7480908,139.2445,loading
Fe16Cr0,0.0,0.7515849,0.7491008,139.7856,loading
Fe16Cr0,0.0,0.7525849,0.7501108,140.3291,loading
Fe16Cr0,0.0,0.7535849,0.7511208,140.8736,loading
Fe16Cr0,0.0,0.7545849,0.7521308,141.4204,loading
Fe16Cr0,0.0,0.7555849,0.7531407999999999,141.969,loading
Fe16Cr0,0.0,0.7565849,0.7541508,142.5182,loading
Fe16Cr0,0.0,0.7575849,0.7551608,143.0674,loading
Fe16Cr0,0.0,0.7585849,0.7561708,143.6189,loading
Fe16Cr0,0.0,0.7595849,0.7571808,144.1728,loading
Fe16Cr0,0.0,0.7605849,0.7581907999999999,144.7273,loading
Fe16Cr0,0.0,0.7615849,0.7592008,145.2846,loading
Fe16Cr0,0.0,0.7625849,0.7602108,145.8403,loading
Fe16Cr0,0.0,0.7635849,0.7612208,146.3992,loading
Fe16Cr0,0.0,0.7645849,0.7622308,146.9596,loading
Fe16Cr0,0.0,0.7655849,0.7632407999999999,147.5204,loading
Fe16Cr0,0.0,0.7665849,0.7642508,148.0829,loading
Fe16Cr0,0.0,0.7675849,0.7652608,148.6475,loading
Fe16Cr0,0.0,0.7685849,0.7662708,149.2133,loading
Fe16Cr0,0.0,0.7695849,0.7672808,149.7803,loading
Fe16Cr0,0.0,0.7705849,0.7682907999999999,150.3477,loading
Fe16Cr0,0.0,0.7715849,0.7693008,150.918,loading
Fe16Cr0,0.0,0.7725849,0.7703108,151.489,loading
Fe16Cr0,0.0,0.7735849,0.7713208,152.0611,loading
Fe16Cr0,0.0,0.7745849,0.7723308,152.6352,loading
Fe16Cr0,0.0,0.7755849,0.7733407999999999,153.2145,loading
Fe16Cr0,0.0,0.7765849,0.7743508,153.7866,loading
Fe16Cr0,0.0,0.7775849,0.7753608,154.3645,loading
Fe16Cr0,0.0,0.7785849,0.7763708,154.9452,loading
Fe16Cr0,0.0,0.7795849,0.7773808,155.526,loading
Fe16Cr0,0.0,0.7805849,0.7783907999999999,156.107,loading
Fe16Cr0,0.0,0.7815849,0.7794008,156.6907,loading
Fe16Cr0,0.0,0.7825849,0.7804108,157.2747,loading
Fe16Cr0,0.0,0.7835849,0.7814208,157.8619,loading
Fe16Cr0,0.0,0.7845849,0.7824308,158.4506,loading
Fe16Cr0,0.0,0.7855849,0.7834407999999999,159.0396,loading
Fe16Cr0,0.0,0.7865849,0.7844508,159.6298,loading
Fe16Cr0,0.0,0.7875849,0.7854608,160.221,loading
Fe16Cr0,0.0,0.7885849,0.7864708,160.8147,loading
Fe16Cr0,0.0,0.7895849,0.7874808,161.4097,loading
Fe16Cr0,0.0,0.7905849,0.7884907999999999,162.0055,loading
Fe16Cr0,0.0,0.7915849,0.7895008,162.6031,loading
Fe16Cr0,0.0,0.7925849,0.7905108,163.2022,loading
Fe16Cr0,0.0,0.7935849,0.7915208,163.803,loading
Fe16Cr0,0.0,0.7945849,0.7925308,164.4046,loading
Fe16Cr0,0.0,0.7955849,0.7935408,165.0074,loading
Fe16Cr0,0.0,0.7965849,0.7945508,165.6125,loading
Fe16Cr0,0.0,0.7975849,0.7955608,166.2189,loading
Fe16Cr0,0.0,0.7985849,0.7965708,166.8261,loading
Fe16Cr0,0.0,0.7995849,0.7975808,167.4349,loading
Fe16Cr0,0.0,0.8,0.798,167.6506,loading
Fe16Cr0,0.0,0.80001,0.7980100999999999,167.6296,loading
Fe16Cr0,0.0,0.80002,0.7980202,167.635,loading
Fe16Cr0,0.0,0.800035,0.7980354,167.6444,loading
Fe16Cr0,0.0,0.8000575,0.7980581,167.6586,loading
Fe16Cr0,0.0,0.8000912,0.7980922,167.68,loading
Fe16Cr0,0.0,0.8001419,0.7981433,167.712,loading
Fe16Cr0,0.0,0.8002178,0.79822,167.76,loading
Fe16Cr0,0.0,0.8003317,0.798335,167.832,loading
Fe16Cr0,0.0,0.8005026,0.7985076,167.9401,loading
Fe16Cr0,0.0,0.8007589,0.7987665,168.1024,loading
Fe16Cr0,0.0,0.8011433,0.7991547,168.3456,loading
Fe16Cr0,0.0,0.80172,0.7997372,168.7114,loading
Fe16Cr0,0.0,0.8025849,0.8006108,169.263,loading
Fe16Cr0,0.0,0.8035849,0.8016208,169.8844,loading
Fe16Cr0,0.0,0.8045849,0.8026308,170.5003,loading
Fe16Cr0,0.0,0.8055849,0.8036408,171.1171,loading
Fe16Cr0,0.0,0.8065849,0.8046508,171.7361,loading
Fe16Cr0,0.0,0.8075849,0.8056608,172.3578,loading
Fe16Cr0,0.0,0.8085849,0.8066708,172.9797,loading
Fe16Cr0,0.0,0.8095849,0.8076808,173.6018,loading
Fe16Cr0,0.0,0.8105849,0.8086908,174.2259,loading
Fe16Cr0,0.0,0.8115849,0.8097008,174.8511,loading
Fe16Cr0,0.0,0.8125849,0.8107108,175.4788,loading
Fe16Cr0,0.0,0.8135849,0.8117208,176.1083,loading
Fe16Cr0,0.0,0.8145849,0.8127308,176.7395,loading
Fe16Cr0,0.0,0.8155849,0.8137408,177.3715,loading
Fe16Cr0,0.0,0.8165849,0.8147508,178.004,loading
Fe16Cr0,0.0,0.8175849,0.8157608,178.6379,loading
Fe16Cr0,0.0,0.8185849,0.8167708,179.274,loading
Fe16Cr0,0.0,0.8195849,0.8177808,179.9117,loading
Fe16Cr0,0.0,0.8205849,0.8187908,180.5506,loading
Fe16Cr0,0.0,0.8215849,0.8198008,181.1909,loading
Fe16Cr0,0.0,0.8225849,0.8208108,181.8327,loading
Fe16Cr0,0.0,0.8235849,0.8218208,182.4758,loading
Fe16Cr0,0.0,0.8245849,0.8228308,183.1203,loading
Fe16Cr0,0.0,0.8255849,0.8238408,183.7668,loading
Fe16Cr0,0.0,0.8265849,0.8248508,184.4141,loading
Fe16Cr0,0.0,0.8275849,0.8258608,185.0631,loading
Fe16Cr0,0.0,0.8285849,0.8268708,185.7138,loading
Fe16Cr0,0.0,0.8295849,0.8278808,186.3661,loading
Fe16Cr0,0.0,0.8305849,0.8288908,187.0192,loading
Fe16Cr0,0.0,0.8315849,0.8299008,187.6738,loading
Fe16Cr0,0.0,0.8325849,0.8309108,188.3304,loading
Fe16Cr0,0.0,0.8335849,0.8319208,188.9882,loading
Fe16Cr0,0.0,0.8345849,0.8329308,189.6475,loading
Fe16Cr0,0.0,0.8355849,0.8339408,190.3076,loading
Fe16Cr0,0.0,0.8365849,0.8349508,190.9709,loading
Fe16Cr0,0.0,0.8375849,0.8359608,191.635,loading
Fe16Cr0,0.0,0.8385849,0.8369708,192.2994,loading
Fe16Cr0,0.0,0.8395849,0.8379808,192.965,loading
Fe16Cr0,0.0,0.8405849,0.8389908,193.6324,loading
Fe16Cr0,0.0,0.8415849,0.8400008,194.3017,loading
Fe16Cr0,0.0,0.8425849,0.8410108,194.9733,loading
Fe16Cr0,0.0,0.8435849,0.8420208,195.6471,loading
Fe16Cr0,0.0,0.8445849,0.8430308,196.3215,loading
Fe16Cr0,0.0,0.8455849,0.8440408,196.9962,loading
Fe16Cr0,0.0,0.8465849,0.8450508,197.6721,loading
Fe16Cr0,0.0,0.8475849,0.8460608,198.3502,loading
Fe16Cr0,0.0,0.8485849,0.8470708,199.0308,loading
Fe16Cr0,0.0,0.8495849,0.8480808,199.712,loading
Fe16Cr0,0.0,0.8505849,0.8490908,200.3948,loading
Fe16Cr0,0.0,0.8515849,0.8501008,201.0794,loading
Fe16Cr0,0.0,0.8525849,0.8511108,201.765,loading
Fe16Cr0,0.0,0.8535849,0.8521208,202.4521,loading
Fe16Cr0,0.0,0.8545849,0.8531308,203.141,loading
Fe16Cr0,0.0,0.8555849,0.8541408,203.8312,loading
Fe16Cr0,0.0,0.8565849,0.8551508,204.5248,loading
Fe16Cr0,0.0,0.8575849,0.8561607999999999,205.2163,loading
Fe16Cr0,0.0,0.8585849,0.8571708,205.9104,loading
Fe16Cr0,0.0,0.8595849,0.8581808,206.6064,loading
Fe16Cr0,0.0,0.8605849,0.8591908,207.3038,loading
Fe16Cr0,0.0,0.8615849,0.8602008,208.0039,loading
Fe16Cr0,0.0,0.8625849,0.8612107999999999,208.7045,loading
Fe16Cr0,0.0,0.8635849,0.8622208,209.4065,loading
Fe16Cr0,0.0,0.8645849,0.8632308,210.1094,loading
Fe16Cr0,0.0,0.8655849,0.8642408,210.815,loading
Fe16Cr0,0.0,0.8665849,0.8652508,211.5226,loading
Fe16Cr0,0.0,0.8675849,0.8662607999999999,212.2305,loading
Fe16Cr0,0.0,0.8685849,0.8672708,212.9389,loading
Fe16Cr0,0.0,0.8695849,0.8682808,213.6504,loading
Fe16Cr0,0.0,0.8705849,0.8692908,214.3628,loading
Fe16Cr0,0.0,0.8715849,0.8703008,215.077,loading
Fe16Cr0,0.0,0.8725849,0.8713107999999999,215.7934,loading
Fe16Cr0,0.0,0.8735849,0.8723208,216.5113,loading
Fe16Cr0,0.0,0.8745849,0.8733308,217.2304,loading
Fe16Cr0,0.0,0.8755849,0.8743408,217.9499,loading
Fe16Cr0,0.0,0.8765849,0.8753508,218.67,loading
Fe16Cr0,0.0,0.8775849,0.8763607999999999,219.394,loading
Fe16Cr0,0.0,0.8785849,0.8773708,220.1192,loading
Fe16Cr0,0.0,0.8795849,0.8783808,220.846,loading
Fe16Cr0,0.0,0.8805849,0.8793908,221.5735,loading
Fe16Cr0,0.0,0.8815849,0.8804008,222.3035,loading
Fe16Cr0,0.0,0.8825849,0.8814107999999999,223.0347,loading
Fe16Cr0,0.0,0.8835849,0.8824208,223.7667,loading
Fe16Cr0,0.0,0.8845849,0.8834308,224.5011,loading
Fe16Cr0,0.0,0.8855849,0.8844408,225.2371,loading
Fe16Cr0,0.0,0.8865849,0.8854508,225.9748,loading
Fe16Cr0,0.0,0.8875849,0.8864607999999999,226.7134,loading
Fe16Cr0,0.0,0.8885849,0.8874708,227.4535,loading
Fe16Cr0,0.0,0.8895849,0.8884808,228.1953,loading
Fe16Cr0,0.0,0.8905849,0.8894908,228.9389,loading
Fe16Cr0,0.0,0.8915849,0.8905008,229.684,loading
Fe16Cr0,0.0,0.8925849,0.8915107999999999,230.4303,loading
Fe16Cr0,0.0,0.8935849,0.8925208,231.1773,loading
Fe16Cr0,0.0,0.8945849,0.8935308,231.9277,loading
Fe16Cr0,0.0,0.8955849,0.8945408,232.6796,loading
Fe16Cr0,0.0,0.8965849,0.8955508,233.4345,loading
Fe16Cr0,0.0,0.8975849,0.8965608,234.1861,loading
Fe16Cr0,0.0,0.8985849,0.8975708,234.9411,loading
Fe16Cr0,0.0,0.8995849,0.8985808,235.6983,loading
Fe16Cr0,0.0,0.9,0.899,235.9671,loading
Fe16Cr0,0.0,0.90001,0.8990101,235.9421,loading
Fe16Cr0,0.0,0.90002,0.8990201999999999,235.9487,loading
Fe16Cr0,0.0,0.900035,0.8990353,235.9605,loading
Fe16Cr0,0.0,0.9000575,0.8990581,235.9781,loading
Fe16Cr0,0.0,0.9000912,0.8990922,236.0046,loading
Fe16Cr0,0.0,0.9001419,0.8991433,236.0444,loading
Fe16Cr0,0.0,0.9002178,0.89922,236.104,loading
Fe16Cr0,0.0,0.9003317,0.899335,236.1936,loading
Fe16Cr0,0.0,0.9005026,0.8995076,236.3279,loading
Fe16Cr0,0.0,0.9007589,0.8997665,236.5293,loading
Fe16Cr0,0.0,0.9011433,0.9001547,236.8315,loading
Fe16Cr0,0.0,0.90172,0.9007372,237.286,loading
Fe16Cr0,0.0,0.9025849,0.9016108,237.9692,loading
Fe16Cr0,0.0,0.9035849,0.9026208,238.7446,loading
Fe16Cr0,0.0,0.9045849,0.9036308,239.51,loading
Fe16Cr0,0.0,0.9055849,0.9046408,240.2752,loading
Fe16Cr0,0.0,0.9065849,0.9056508,241.0434,loading
Fe16Cr0,0.0,0.9075849,0.9066608,241.8131,loading
Fe16Cr0,0.0,0.9085849,0.9076708,242.5846,loading
Fe16Cr0,0.0,0.9095849,0.9086808,243.3576,loading
Fe16Cr0,0.0,0.9105849,0.9096908,244.1313,loading
Fe16Cr0,0.0,0.9115849,0.9107008,244.9073,loading
Fe16Cr0,0.0,0.9125849,0.9117108,245.6843,loading
Fe16Cr0,0.0,0.9135849,0.9127208,246.4635,loading
Fe16Cr0,0.0,0.9145849,0.9137308,247.2447,loading
Fe16Cr0,0.0,0.9155849,0.9147408,248.0264,loading
Fe16Cr0,0.0,0.9165849,0.9157508,248.8093,loading
Fe16Cr0,0.0,0.9175849,0.9167608,249.5934,loading
Fe16Cr0,0.0,0.9185849,0.9177708,250.3798,loading
Fe16Cr0,0.0,0.9195849,0.9187808,251.167,loading
Fe16Cr0,0.0,0.9205849,0.9197908,251.9569,loading
Fe16Cr0,0.0,0.9215849,0.9208008,252.746,loading
Fe16Cr0,0.0,0.9225849,0.9218108,253.5362,loading
Fe16Cr0,0.0,0.9235849,0.9228208,254.3274,loading
Fe16Cr0,0.0,0.9245849,0.9238308,255.1216,loading
Fe16Cr0,0.0,0.9255849,0.9248408,255.9139,loading
Fe16Cr0,0.0,0.9265849,0.9258508,256.7069,loading
Fe16Cr0,0.0,0.9275849,0.9268608,257.4973,loading
Fe16Cr0,0.0,0.9285849,0.9278708,258.2891,loading
Fe16Cr0,0.0,0.9295849,0.9288808,259.082,loading
Fe16Cr0,0.0,0.9305849,0.9298908,259.8785,loading
Fe16Cr0,0.0,0.9315849,0.9309008,260.6758,loading
Fe16Cr0,0.0,0.9325849,0.9319108,261.4739,loading
Fe16Cr0,0.0,0.9335849,0.9329208,262.2792,loading
Fe16Cr0,0.0,0.9345849,0.9339308,263.0884,loading
Fe16Cr0,0.0,0.9355849,0.9349408,263.8984,loading
Fe16Cr0,0.0,0.9365849,0.9359508,264.7129,loading
Fe16Cr0,0.0,0.9375849,0.9369608,265.5261,loading
Fe16Cr0,0.0,0.9385849,0.9379708,266.3427,loading
Fe16Cr0,0.0,0.9395849,0.9389808,267.1607,loading
Fe16Cr0,0.0,0.9405849,0.9399908,267.9777,loading
Fe16Cr0,0.0,0.9415849,0.9410008,268.7954,loading
Fe16Cr0,0.0,0.9425849,0.9420108,269.6133,loading
Fe16Cr0,0.0,0.9435849,0.9430208,270.4325,loading
Fe16Cr0,0.0,0.9445849,0.9440308,271.2566,loading
Fe16Cr0,0.0,0.9455849,0.9450408,272.0837,loading
Fe16Cr0,0.0,0.9465849,0.9460508,272.9133,loading
Fe16Cr0,0.0,0.9475849,0.9470608,273.7448,loading
Fe16Cr0,0.0,0.9485849,0.9480708,274.5789,loading
Fe16Cr0,0.0,0.9495849,0.9490808,275.4139,loading
Fe16Cr0,0.0,0.9505849,0.9500908,276.2505,loading
Fe16Cr0,0.0,0.9515849,0.9511008,277.0869,loading
Fe16Cr0,0.0,0.9525849,0.9521108,277.9246,loading
Fe16Cr0,0.0,0.9535849,0.9531208,278.7653,loading
Fe16Cr0,0.0,0.9545849,0.9541308,279.6057,loading
Fe16Cr0,0.0,0.9555849,0.9551408,280.4476,loading
Fe16Cr0,0.0,0.9565849,0.9561508,281.2928,loading
Fe16Cr0,0.0,0.9575849,0.9571608,282.1398,loading
Fe16Cr0,0.0,0.9585849,0.9581708,282.9861,loading
Fe16Cr0,0.0,0.9595849,0.9591808,283.8336,loading
Fe16Cr0,0.0,0.9605849,0.9601908,284.6816,loading
Fe16Cr0,0.0,0.9615849,0.9612008,285.5313,loading
Fe16Cr0,0.0,0.9625849,0.9622108,286.3887,loading
Fe16Cr0,0.0,0.9635849,0.9632208,287.2466,loading
Fe16Cr0,0.0,0.9645849,0.9642307999999999,288.1067,loading
Fe16Cr0,0.0,0.9655849,0.9652408,288.965,loading
Fe16Cr0,0.0,0.9665849,0.9662508,289.8256,loading
Fe16Cr0,0.0,0.9675849,0.9672608,290.6895,loading
Fe16Cr0,0.0,0.9685849,0.9682708,291.5555,loading
Fe16Cr0,0.0,0.9695849,0.9692807999999999,292.4233,loading
Fe16Cr0,0.0,0.9705849,0.9702908,293.2932,loading
Fe16Cr0,0.0,0.9715849,0.9713008,294.1639,loading
Fe16Cr0,0.0,0.9725849,0.9723108,295.0374,loading
Fe16Cr0,0.0,0.9735849,0.9733208,295.9128,loading
Fe16Cr0,0.0,0.9745849,0.9743307999999999,296.788,loading
Fe16Cr0,0.0,0.9755849,0.9753408,297.6627,loading
Fe16Cr0,0.0,0.9765849,0.9763508,298.5401,loading
Fe16Cr0,0.0,0.9775849,0.9773608,299.4218,loading
Fe16Cr0,0.0,0.9785849,0.9783708,300.3041,loading
Fe16Cr0,0.0,0.9795849,0.9793807999999999,301.1883,loading
Fe16Cr0,0.0,0.9805849,0.9803908,302.0742,loading
Fe16Cr0,0.0,0.9815849,0.9814008,302.9617,loading
Fe16Cr0,0.0,0.9825849,0.9824108,303.8494,loading
Fe16Cr0,0.0,0.9835849,0.9834208,304.7387,loading
Fe16Cr0,0.0,0.9845849,0.9844307999999999,305.6281,loading
Fe16Cr0,0.0,0.9855849,0.9854408,306.5196,loading
Fe16Cr0,0.0,0.9865849,0.9864508,307.4151,loading
Fe16Cr0,0.0,0.9875849,0.9874608,308.3109,loading
Fe16Cr0,0.0,0.9885849,0.9884708,309.2069,loading
Fe16Cr0,0.0,0.9895849,0.9894807999999999,310.1031,loading
Fe16Cr0,0.0,0.9905849,0.990491,311.0032,loading
Fe16Cr0,0.0,0.9915849,0.991501,311.9067,loading
Fe16Cr0,0.0,0.9925849,0.9925109999999999,312.8124,loading
Fe16Cr0,0.0,0.9935849,0.9935210000000001,313.7196,loading
Fe16Cr0,0.0,0.9945849,0.994531,314.6254,loading
Fe16Cr0,0.0,0.9955849,0.995541,315.5319,loading
Fe16Cr0,0.0,0.9965849,0.996551,316.4418,loading
Fe16Cr0,0.0,0.9975849,0.9975609999999999,317.3525,loading
Fe16Cr0,0.0,0.9985849,0.9985710000000001,318.2649,loading
Fe16Cr0,0.0,0.9995849,0.999581,319.1783,loading
Fe16Cr0,0.0,1.0,1.0,319.5022,loading
Fe16Cr0,0.0,1.00001,0.9999149999999999,319.3719,unloading
Fe16Cr0,0.0,1.00002,0.99983,319.2876,unloading
Fe16Cr0,0.0,1.000035,0.9997020000000001,319.1609,unloading
Fe16Cr0,0.0,1.000057,0.999511,318.9737,unloading
Fe16Cr0,0.0,1.000091,0.9992239999999999,318.6959,unloading
Fe16Cr0,0.0,1.000142,0.998794,318.2824,unloading
Fe16Cr0,0.0,1.000218,0.998149,317.6661,unloading
Fe16Cr0,0.0,1.000332,0.99718,316.7465,unloading
Fe16Cr0,0.0,1.000503,0.995728,315.382,unloading
Fe16Cr0,0.0,1.000759,0.9935499999999999,313.3492,unloading
Fe16Cr0,0.0,1.001143,0.9902819999999999,310.3182,unloading
Fe16Cr0,0.0,1.00172,0.9853804,305.8074,unloading
Fe16Cr0,0.0,1.002585,0.9780281,299.1257,unloading
Fe16Cr0,0.0,1.003585,0.9695281,291.6646,unloading
Fe16Cr0,0.0,1.004585,0.9610280999999999,284.4227,unloading
Fe16Cr0,0.0,1.005585,0.9525281,277.3026,unloading
Fe16Cr0,0.0,1.006585,0.9440281,270.3077,unloading
Fe16Cr0,0.0,1.007585,0.9355281,263.422,unloading
Fe16Cr0,0.0,1.008585,0.9270281,256.6425,unloading
Fe16Cr0,0.0,1.009585,0.9185281,249.9743,unloading
Fe16Cr0,0.0,1.010585,0.9100281,243.422,unloading
Fe16Cr0,0.0,1.011585,0.9015280999999999,236.9796,unloading
Fe16Cr0,0.0,1.012585,0.8930281,230.6454,unloading
Fe16Cr0,0.0,1.013585,0.8845281,224.418,unloading
Fe16Cr0,0.0,1.014585,0.8760281,218.3006,unloading
Fe16Cr0,0.0,1.015585,0.8675281,212.2943,unloading
Fe16Cr0,0.0,1.016585,0.8590281,206.4005,unloading
Fe16Cr0,0.0,1.017585,0.8505281,200.602,unloading
Fe16Cr0,0.0,1.018585,0.8420281,194.9116,unloading
Fe16Cr0,0.0,1.019585,0.8335281,189.3271,unloading
Fe16Cr0,0.0,1.020585,0.8250281,183.8419,unloading
Fe16Cr0,0.0,1.021585,0.8165281,178.4571,unloading
Fe16Cr0,0.0,1.022585,0.8080281,173.1713,unloading
Fe16Cr0,0.0,1.023585,0.7995281,167.9832,unloading
Fe16Cr0,0.0,1.024585,0.7910281,162.8968,unloading
Fe16Cr0,0.0,1.025585,0.7825281,157.9039,unloading
Fe16Cr0,0.0,1.026585,0.7740281,153.0124,unloading
Fe16Cr0,0.0,1.027585,0.7655281,148.2178,unloading
Fe16Cr0,0.0,1.028585,0.7570281,143.5215,unloading
Fe16Cr0,0.0,1.029585,0.7485281,138.9215,unloading
Fe16Cr0,0.0,1.030585,0.7400281,134.416,unloading
Fe16Cr0,0.0,1.031585,0.7315281,130.0072,unloading
Fe16Cr0,0.0,1.032585,0.7230281,125.6924,unloading
Fe16Cr0,0.0,1.033585,0.7145281,121.4724,unloading
Fe16Cr0,0.0,1.034585,0.7060280999999999,117.343,unloading
Fe16Cr0,0.0,1.035585,0.6975281,113.3053,unloading
Fe16Cr0,0.0,1.036585,0.6890281,109.3576,unloading
Fe16Cr0,0.0,1.037585,0.6805281,105.4985,unloading
Fe16Cr0,0.0,1.038585,0.6720281,101.7269,unloading
Fe16Cr0,0.0,1.039585,0.6635281,98.04322,unloading
Fe16Cr0,0.0,1.040585,0.6550281,94.44733,unloading
Fe16Cr0,0.0,1.041585,0.6465280999999999,90.93624,unloading
Fe16Cr0,0.0,1.042585,0.6380281,87.51052,unloading
Fe16Cr0,0.0,1.043585,0.6295281,84.16928,unloading
Fe16Cr0,0.0,1.044585,0.6210281,80.91163,unloading
Fe16Cr0,0.0,1.045585,0.6125281,77.73567,unloading
Fe16Cr0,0.0,1.046585,0.6040281,74.64321,unloading
Fe16Cr0,0.0,1.047585,0.5955281,71.63085,unloading
Fe16Cr0,0.0,1.048585,0.5870280999999999,68.69848,unloading
Fe16Cr0,0.0,1.049585,0.5785281,65.84443,unloading
Fe16Cr0,0.0,1.050585,0.5700281,63.06723,unloading
Fe16Cr0,0.0,1.051585,0.5615281,60.36721,unloading
Fe16Cr0,0.0,1.052585,0.5530281,57.74243,unloading
Fe16Cr0,0.0,1.053585,0.5445281,55.19261,unloading
Fe16Cr0,0.0,1.054585,0.5360281,52.71677,unloading
Fe16Cr0,0.0,1.055585,0.5275280999999999,50.31363,unloading
Fe16Cr0,0.0,1.056585,0.5190281,47.98238,unloading
Fe16Cr0,0.0,1.057585,0.5105281,45.72245,unloading
Fe16Cr0,0.0,1.058585,0.5020281,43.53233,unloading
Fe16Cr0,0.0,1.059585,0.4935281,41.41191,unloading
Fe16Cr0,0.0,1.060585,0.4850281,39.36008,unloading
Fe16Cr0,0.0,1.061585,0.4765281,37.37676,unloading
Fe16Cr0,0.0,1.062585,0.4680281,35.46005,unloading
Fe16Cr0,0.0,1.063585,0.4595281,33.6081,unloading
Fe16Cr0,0.0,1.064585,0.4510281,31.8194,unloading
Fe16Cr0,0.0,1.065585,0.4425281,30.09341,unloading
Fe16Cr0,0.0,1.066585,0.4340281,28.42968,unloading
Fe16Cr0,0.0,1.067585,0.42552809999999996,26.82655,unloading
Fe16Cr0,0.0,1.068585,0.4170281,25.28269,unloading
Fe16Cr0,0.0,1.069585,0.4085281,23.79827,unloading
Fe16Cr0,0.0,1.070585,0.4000281,22.37148,unloading
Fe16Cr0,0.0,1.071585,0.3915281,21.00148,unloading
Fe16Cr0,0.0,1.072585,0.3830281,19.68661,unloading
Fe16Cr0,0.0,1.073585,0.3745281,18.42649,unloading
Fe16Cr0,0.0,1.074585,0.36602809999999997,17.22095,unloading
Fe16Cr0,0.0,1.075585,0.3575281,16.06851,unloading
Fe16Cr0,0.0,1.076585,0.3490281,14.96843,unloading
Fe16Cr0,0.0,1.077585,0.3405281,13.91878,unloading
Fe16Cr0,0.0,1.078585,0.3320281,12.91769,unloading
Fe16Cr0,0.0,1.079585,0.3235281,11.96542,unloading
Fe16Cr0,0.0,1.080585,0.3150281,11.05989,unloading
Fe16Cr0,0.0,1.081585,0.30652809999999997,10.20037,unloading
Fe16Cr0,0.0,1.082585,0.2980281,9.38518,unloading
Fe16Cr0,0.0,1.083585,0.2895281,8.613995,unloading
Fe16Cr0,0.0,1.084585,0.2810281,7.884962,unloading
Fe16Cr0,0.0,1.085585,0.2725281,7.198366,unloading
Fe16Cr0,0.0,1.086585,0.2640281,6.551818,unloading
Fe16Cr0,0.0,1.087585,0.2555281,5.944993,unloading
Fe16Cr0,0.0,1.088585,0.24702809999999997,5.375533,unloading
Fe16Cr0,0.0,1.089585,0.2385281,4.844173,unloading
Fe16Cr0,0.0,1.090585,0.23002809999999999,4.348465,unloading
Fe16Cr0,0.0,1.091585,0.22152809999999998,3.888253,unloading
Fe16Cr0,0.0,1.092585,0.2130281,3.460533,unloading
Fe16Cr0,0.0,1.093585,0.2045281,3.064297,unloading
Fe16Cr0,0.0,1.094585,0.19602809999999998,2.698633,unloading
Fe16Cr0,0.0,1.095585,0.1875281,2.362081,unloading
Fe16Cr0,0.0,1.096585,0.1790281,2.053568,unloading
Fe16Cr0,0.0,1.097585,0.1705281,1.772497,unloading
Fe16Cr0,0.0,1.098585,0.16202809999999998,1.517313,unloading
Fe16Cr0,0.0,1.099585,0.1535281,1.28695,unloading
Fe16Cr0,0.0,1.1,0.15,1.211008,unloading
Fe8Cr8,50.0,0.01058493,0.0006907800000000002,9.171127e-13,loading
Fe8Cr8,50.0,0.01158493,0.001700779999999999,1.158587e-12,loading
Fe8Cr8,50.0,0.01258493,0.0027107799999999994,1.85545e-12,loading
Fe8Cr8,50.0,0.01358493,0.00372078,1.481245e-12,loading
Fe8Cr8,50.0,0.01458493,0.00473078,2.700166e-13,loading
Fe8Cr8,50.0,0.01558493,0.005740779999999999,4.107722e-12,loading
Fe8Cr8,50.0,0.01658493,0.00675078,6.822825e-12,loading
Fe8Cr8,50.0,0.01758493,0.00776078,2.052118e-12,loading
Fe8Cr8,50.0,0.01858493,0.00877078,4.987846e-12,loading
Fe8Cr8,50.0,0.01958493,0.009780780000000001,5.424541e-12,loading
Fe8Cr8,50.0,0.02058493,0.010790779999999998,2.46259e-12,loading
Fe8Cr8,50.0,0.02158493,0.011800779999999999,1.255668e-12,loading
Fe8Cr8,50.0,0.02258493,0.012810779999999999,1.0251e-12,loading
Fe8Cr8,50.0,0.02358493,0.01382078,3.89075e-12,loading
Fe8Cr8,50.0,0.02458493,0.01483078,3.551714e-12,loading
Fe8Cr8,50.0,0.02558493,0.01584078,3.713971e-12,loading
Fe8Cr8,50.0,0.02658493,0.016850780000000003,3.082735e-13,loading
Fe8Cr8,50.0,0.02758493,0.01786078,3.345277e-12,loading
Fe8Cr8,50.0,0.02858493,0.018870779999999997,2.499164e-12,loading
Fe8Cr8,50.0,0.02958493,0.01988078,6.370286e-12,loading
Fe8Cr8,50.0,0.03058493,0.020890779999999998,1.831595e-12,loading
Fe8Cr8,50.0,0.03158493,0.021900779999999995,8.221022e-12,loading
Fe8Cr8,50.0,0.03258493,0.02291078,1.238769e-11,loading
Fe8Cr8,50.0,0.03358493,0.023920779999999996,5.106383e-12,loading
Fe8Cr8,50.0,0.03458493,0.02493078,8.086305e-12,loading
Fe8Cr8,50.0,0.03558493,0.025940779999999997,6.115245e-12,loading
Fe8Cr8,50.0,0.03658493,0.02695078,1.76544e-06,loading
Fe8Cr8,50.0,0.03758493,0.027960779999999998,5.781684e-05,loading
Fe8Cr8,50.0,0.03858493,0.028970779999999995,0.0001342377,loading
Fe8Cr8,50.0,0.03958493,0.02998078,0.000222543,loading
Fe8Cr8,50.0,0.04058493,0.030990779999999996,0.000298986,loading
Fe8Cr8,50.0,0.04158493,0.03200078,0.0004451307,loading
Fe8Cr8,50.0,0.04258493,0.033010779999999997,0.0005522724,loading
Fe8Cr8,50.0,0.04358493,0.03402078,0.0006105478,loading
Fe8Cr8,50.0,0.04458493,0.03503078,0.0006701358,loading
Fe8Cr8,50.0,0.04558493,0.03604078,0.0008158588,loading
Fe8Cr8,50.0,0.04658493,0.03705078,0.0009534653,loading
Fe8Cr8,50.0,0.04758493,0.038060779999999995,0.001073986,loading
Fe8Cr8,50.0,0.04858493,0.03907078,0.001234916,loading
Fe8Cr8,50.0,0.04958493,0.040080779999999996,0.001411111,loading
Fe8Cr8,50.0,0.05058493,0.04109078,0.001473883,loading
Fe8Cr8,50.0,0.05158493,0.04210078,0.001605469,loading
Fe8Cr8,50.0,0.05258493,0.04311078,0.001697434,loading
Fe8Cr8,50.0,0.05358493,0.04412078,0.001860358,loading
Fe8Cr8,50.0,0.05458493,0.045130779999999995,0.002155768,loading
Fe8Cr8,50.0,0.05558493,0.04614078,0.002287456,loading
Fe8Cr8,50.0,0.05658493,0.047150779999999996,0.00241495,loading
Fe8Cr8,50.0,0.05758493,0.04816078,0.002595115,loading
Fe8Cr8,50.0,0.05858493,0.04917078,0.002843463,loading
Fe8Cr8,50.0,0.05958493,0.05018078,0.003057679,loading
Fe8Cr8,50.0,0.06058493,0.05119078,0.003227888,loading
Fe8Cr8,50.0,0.06158493,0.052200779999999995,0.003433335,loading
Fe8Cr8,50.0,0.06258493,0.05321077999999999,0.003696783,loading
Fe8Cr8,50.0,0.06358493,0.05422078,0.003932919,loading
Fe8Cr8,50.0,0.06458493,0.05523078,0.004180895,loading
Fe8Cr8,50.0,0.06558493,0.05624078,0.004449789,loading
Fe8Cr8,50.0,0.06658493,0.057250779999999994,0.004718683,loading
Fe8Cr8,50.0,0.06758493,0.05826077999999999,0.00501303,loading
Fe8Cr8,50.0,0.06858493,0.05927078,0.005292407,loading
Fe8Cr8,50.0,0.06958493,0.06028078,0.005700133,loading
Fe8Cr8,50.0,0.07058493,0.061290779999999996,0.006079527,loading
Fe8Cr8,50.0,0.07158493,0.06230077999999999,0.006363849,loading
Fe8Cr8,50.0,0.07258493,0.06331078000000001,0.006655945,loading
Fe8Cr8,50.0,0.07358493,0.06432078000000001,0.007077124,loading
Fe8Cr8,50.0,0.07458493,0.06533078,0.007577793,loading
Fe8Cr8,50.0,0.07558493,0.06634078,0.008078189,loading
Fe8Cr8,50.0,0.07658493,0.06735078,0.008609407,loading
Fe8Cr8,50.0,0.07758493,0.06836078000000001,0.009202157,loading
Fe8Cr8,50.0,0.07858493,0.06937078,0.009647401,loading
Fe8Cr8,50.0,0.07958493,0.07038078,0.0102294,loading
Fe8Cr8,50.0,0.08058493,0.07139078,0.01088507,loading
Fe8Cr8,50.0,0.08158493,0.07240078000000001,0.01170736,loading
Fe8Cr8,50.0,0.08258493,0.07341078000000001,0.01258266,loading
Fe8Cr8,50.0,0.08358493,0.07442078,0.01339178,loading
Fe8Cr8,50.0,0.08458493,0.07543078,0.01435351,loading
Fe8Cr8,50.0,0.08558493,0.07644078,0.01551103,loading
Fe8Cr8,50.0,0.08658493,0.07745078000000001,0.01678957,loading
Fe8Cr8,50.0,0.08758493,0.07846078000000001,0.01815065,loading
Fe8Cr8,50.0,0.08858493,0.07947078,0.01978395,loading
Fe8Cr8,50.0,0.08958493,0.08048078,0.02169943,loading
Fe8Cr8,50.0,0.09058493,0.08149078,0.02394084,loading
Fe8Cr8,50.0,0.09158493,0.08250078000000001,0.0266094,loading
Fe8Cr8,50.0,0.09258493,0.08351078,0.02995068,loading
Fe8Cr8,50.0,0.09358493,0.08452078,0.03408767,loading
Fe8Cr8,50.0,0.09458493,0.08553078,0.03950806,loading
Fe8Cr8,50.0,0.09558493,0.08654078000000001,0.04687817,loading
Fe8Cr8,50.0,0.09658493,0.08755078000000001,0.05746827,loading
Fe8Cr8,50.0,0.09758493,0.08856078,0.07431141,loading
Fe8Cr8,50.0,0.09858493,0.08957078,0.1048431,loading
Fe8Cr8,50.0,0.09958493,0.0905808,0.1777466,loading
Fe8Cr8,50.0,0.1,0.09100000000000001,0.2500946,loading
Fe8Cr8,50.0,0.10001,0.09101010000000001,0.2499859,loading
Fe8Cr8,50.0,0.10002,0.09102020000000001,0.2500774,loading
Fe8Cr8,50.0,0.100035,0.0910353,0.250219,loading
Fe8Cr8,50.0,0.1000575,0.0910581,0.2504313,loading
Fe8Cr8,50.0,0.1000913,0.0910922,0.2507497,loading
Fe8Cr8,50.0,0.1001419,0.09114330000000001,0.2512276,loading
Fe8Cr8,50.0,0.1002178,0.09122000000000001,0.2519445,loading
Fe8Cr8,50.0,0.1003317,0.091335,0.2530205,loading
Fe8Cr8,50.0,0.1005026,0.09150760000000001,0.2546369,loading
Fe8Cr8,50.0,0.1007589,0.0917665,0.2570822,loading
Fe8Cr8,50.0,0.1011433,0.0921547,0.2607599,loading
Fe8Cr8,50.0,0.10172,0.0927372,0.266381,loading
Fe8Cr8,50.0,0.1025849,0.09361080000000001,0.2750083,loading
Fe8Cr8,50.0,0.1035849,0.0946208,0.2851209,loading
Fe8Cr8,50.0,0.1045849,0.0956308,0.2953167,loading
Fe8Cr8,50.0,0.1055849,0.0966408,0.3058756,loading
Fe8Cr8,50.0,0.1065849,0.09765080000000001,0.3164705,loading
Fe8Cr8,50.0,0.1075849,0.0986608,0.3271905,loading
Fe8Cr8,50.0,0.1085849,0.0996708,0.3381708,loading
Fe8Cr8,50.0,0.1095849,0.1006808,0.3495139,loading
Fe8Cr8,50.0,0.1105849,0.10169080000000001,0.361089,loading
Fe8Cr8,50.0,0.1115849,0.10270080000000001,0.3728209,loading
Fe8Cr8,50.0,0.1125849,0.1037108,0.3847852,loading
Fe8Cr8,50.0,0.1135849,0.1047208,0.3970437,loading
Fe8Cr8,50.0,0.1145849,0.1057308,0.4095211,loading
Fe8Cr8,50.0,0.1155849,0.10674080000000001,0.422208,loading
Fe8Cr8,50.0,0.1165849,0.10775080000000001,0.4351664,loading
Fe8Cr8,50.0,0.1175849,0.1087608,0.4483734,loading
Fe8Cr8,50.0,0.1185849,0.1097708,0.461811,loading
Fe8Cr8,50.0,0.1195849,0.1107808,0.4754924,loading
Fe8Cr8,50.0,0.1205849,0.11179080000000001,0.4894639,loading
Fe8Cr8,50.0,0.1215849,0.1128008,0.5036301,loading
Fe8Cr8,50.0,0.1225849,0.1138108,0.5180903,loading
Fe8Cr8,50.0,0.1235849,0.1148208,0.5328102,loading
Fe8Cr8,50.0,0.1245849,0.1158308,0.5477194,loading
Fe8Cr8,50.0,0.1255849,0.11684080000000001,0.5629512,loading
Fe8Cr8,50.0,0.1265849,0.11785079999999999,0.5785779,loading
Fe8Cr8,50.0,0.1275849,0.1188608,0.5944139,loading
Fe8Cr8,50.0,0.1285849,0.11987080000000001,0.6103529,loading
Fe8Cr8,50.0,0.1295849,0.1208808,0.6264888,loading
Fe8Cr8,50.0,0.1305849,0.12189080000000001,0.6429561,loading
Fe8Cr8,50.0,0.1315849,0.12290080000000002,0.6598841,loading
Fe8Cr8,50.0,0.1325849,0.1239108,0.6769834,loading
Fe8Cr8,50.0,0.1335849,0.12492080000000001,0.694633,loading
Fe8Cr8,50.0,0.1345849,0.12593079999999998,0.7123035,loading
Fe8Cr8,50.0,0.1355849,0.1269408,0.7300758,loading
Fe8Cr8,50.0,0.1365849,0.1279508,0.7482868,loading
Fe8Cr8,50.0,0.1375849,0.1289608,0.7669266,loading
Fe8Cr8,50.0,0.1385849,0.1299708,0.7858127,loading
Fe8Cr8,50.0,0.1395849,0.13098079999999998,0.8049209,loading
Fe8Cr8,50.0,0.1405849,0.1319908,0.8243427,loading
Fe8Cr8,50.0,0.1415849,0.1330008,0.844102,loading
Fe8Cr8,50.0,0.1425849,0.13401079999999999,0.8640989,loading
Fe8Cr8,50.0,0.1435849,0.1350208,0.8844236,loading
Fe8Cr8,50.0,0.1445849,0.13603079999999998,0.9050589,loading
Fe8Cr8,50.0,0.1455849,0.1370408,0.9259948,loading
Fe8Cr8,50.0,0.1465849,0.1380508,0.9471394,loading
Fe8Cr8,50.0,0.1475849,0.13906079999999998,0.9687134,loading
Fe8Cr8,50.0,0.1485849,0.1400708,0.9906023,loading
Fe8Cr8,50.0,0.1495849,0.14108079999999998,1.012709,loading
Fe8Cr8,50.0,0.1505849,0.1420908,1.035224,loading
Fe8Cr8,50.0,0.1515849,0.1431008,1.058016,loading
Fe8Cr8,50.0,0.1525849,0.14411079999999998,1.081117,loading
Fe8Cr8,50.0,0.1535849,0.1451208,1.104541,loading
Fe8Cr8,50.0,0.1545849,0.14613079999999998,1.12839,loading
Fe8Cr8,50.0,0.1555849,0.1471408,1.152622,loading
Fe8Cr8,50.0,0.1565849,0.1481508,1.176973,loading
Fe8Cr8,50.0,0.1575849,0.14916079999999998,1.201541,loading
Fe8Cr8,50.0,0.1585849,0.1501708,1.226429,loading
Fe8Cr8,50.0,0.1595849,0.1511808,1.251926,loading
Fe8Cr8,50.0,0.1605849,0.1521908,1.277642,loading
Fe8Cr8,50.0,0.1615849,0.1532008,1.303956,loading
Fe8Cr8,50.0,0.1625849,0.15421079999999998,1.330442,loading
Fe8Cr8,50.0,0.1635849,0.1552208,1.356974,loading
Fe8Cr8,50.0,0.1645849,0.1562308,1.383908,loading
Fe8Cr8,50.0,0.1655849,0.1572408,1.411466,loading
Fe8Cr8,50.0,0.1665849,0.1582508,1.439259,loading
Fe8Cr8,50.0,0.1675849,0.15926079999999998,1.467322,loading
Fe8Cr8,50.0,0.1685849,0.1602708,1.495837,loading
Fe8Cr8,50.0,0.1695849,0.1612808,1.52463,loading
Fe8Cr8,50.0,0.1705849,0.16229079999999999,1.553786,loading
Fe8Cr8,50.0,0.1715849,0.1633008,1.583327,loading
Fe8Cr8,50.0,0.1725849,0.16431079999999998,1.613238,loading
Fe8Cr8,50.0,0.1735849,0.1653208,1.643365,loading
Fe8Cr8,50.0,0.1745849,0.1663308,1.673935,loading
Fe8Cr8,50.0,0.1755849,0.16734079999999998,1.704991,loading
Fe8Cr8,50.0,0.1765849,0.1683508,1.736345,loading
Fe8Cr8,50.0,0.1775849,0.16936079999999998,1.767932,loading
Fe8Cr8,50.0,0.1785849,0.1703708,1.80001,loading
Fe8Cr8,50.0,0.1795849,0.1713808,1.832436,loading
Fe8Cr8,50.0,0.1805849,0.17239079999999998,1.865246,loading
Fe8Cr8,50.0,0.1815849,0.1734008,1.898312,loading
Fe8Cr8,50.0,0.1825849,0.1744108,1.931861,loading
Fe8Cr8,50.0,0.1835849,0.1754208,1.966025,loading
Fe8Cr8,50.0,0.1845849,0.1764308,2.000317,loading
Fe8Cr8,50.0,0.1855849,0.17744079999999998,2.034876,loading
Fe8Cr8,50.0,0.1865849,0.1784508,2.069698,loading
Fe8Cr8,50.0,0.1875849,0.1794608,2.105137,loading
Fe8Cr8,50.0,0.1885849,0.1804708,2.141058,loading
Fe8Cr8,50.0,0.1895849,0.1814808,2.177438,loading
Fe8Cr8,50.0,0.1905849,0.18249079999999998,2.214239,loading
Fe8Cr8,50.0,0.1915849,0.1835008,2.251045,loading
Fe8Cr8,50.0,0.1925849,0.1845108,2.288218,loading
Fe8Cr8,50.0,0.1935849,0.18552079999999999,2.326141,loading
Fe8Cr8,50.0,0.1945849,0.1865308,2.364339,loading
Fe8Cr8,50.0,0.1955849,0.18754079999999998,2.402927,loading
Fe8Cr8,50.0,0.1965849,0.1885508,2.441902,loading
Fe8Cr8,50.0,0.1975849,0.1895608,2.481257,loading
Fe8Cr8,50.0,0.1985849,0.19057079999999998,2.52108,loading
Fe8Cr8,50.0,0.1995849,0.1915808,2.561364,loading
Fe8Cr8,50.0,0.2,0.192,2.575467,loading
Fe8Cr8,50.0,0.20001,0.1920101,2.573979,loading
Fe8Cr8,50.0,0.20002,0.1920202,2.574372,loading
Fe8Cr8,50.0,0.200035,0.1920353,2.575004,loading
Fe8Cr8,50.0,0.2000575,0.19205809999999998,2.575952,loading
Fe8Cr8,50.0,0.2000912,0.1920922,2.577374,loading
Fe8Cr8,50.0,0.2001419,0.1921433,2.579506,loading
Fe8Cr8,50.0,0.2002178,0.19222,2.582705,loading
Fe8Cr8,50.0,0.2003317,0.19233499999999998,2.587504,loading
Fe8Cr8,50.0,0.2005026,0.1925076,2.594702,loading
Fe8Cr8,50.0,0.2007589,0.19276649999999998,2.605501,loading
Fe8Cr8,50.0,0.2011433,0.19315469999999998,2.621716,loading
Fe8Cr8,50.0,0.20172,0.1937372,2.646293,loading
Fe8Cr8,50.0,0.2025849,0.1946108,2.683598,loading
Fe8Cr8,50.0,0.2035849,0.19562079999999998,2.726264,loading
Fe8Cr8,50.0,0.2045849,0.1966308,2.768552,loading
Fe8Cr8,50.0,0.2055849,0.19764079999999998,2.811059,loading
Fe8Cr8,50.0,0.2065849,0.1986508,2.854181,loading
Fe8Cr8,50.0,0.2075849,0.1996608,2.897721,loading
Fe8Cr8,50.0,0.2085849,0.20067079999999998,2.941662,loading
Fe8Cr8,50.0,0.2095849,0.2016808,2.985993,loading
Fe8Cr8,50.0,0.2105849,0.2026908,3.03075,loading
Fe8Cr8,50.0,0.2115849,0.2037008,3.076116,loading
Fe8Cr8,50.0,0.2125849,0.2047108,3.121926,loading
Fe8Cr8,50.0,0.2135849,0.20572079999999998,3.167935,loading
Fe8Cr8,50.0,0.2145849,0.2067308,3.2142,loading
Fe8Cr8,50.0,0.2155849,0.2077408,3.260986,loading
Fe8Cr8,50.0,0.2165849,0.2087508,3.308573,loading
Fe8Cr8,50.0,0.2175849,0.2097608,3.356425,loading
Fe8Cr8,50.0,0.2185849,0.21077079999999998,3.405026,loading
Fe8Cr8,50.0,0.2195849,0.2117808,3.453685,loading
Fe8Cr8,50.0,0.2205849,0.2127908,3.50259,loading
Fe8Cr8,50.0,0.2215849,0.21380079999999999,3.552217,loading
Fe8Cr8,50.0,0.2225849,0.2148108,3.602322,loading
Fe8Cr8,50.0,0.2235849,0.21582079999999998,3.652833,loading
Fe8Cr8,50.0,0.2245849,0.2168308,3.703751,loading
Fe8Cr8,50.0,0.2255849,0.2178408,3.755178,loading
Fe8Cr8,50.0,0.2265849,0.21885079999999998,3.807232,loading
Fe8Cr8,50.0,0.2275849,0.2198608,3.859539,loading
Fe8Cr8,50.0,0.2285849,0.22087079999999998,3.912053,loading
Fe8Cr8,50.0,0.2295849,0.2218808,3.96515,loading
Fe8Cr8,50.0,0.2305849,0.2228908,4.01911,loading
Fe8Cr8,50.0,0.2315849,0.22390079999999998,4.0735,loading
Fe8Cr8,50.0,0.2325849,0.2249108,4.12824,loading
Fe8Cr8,50.0,0.2335849,0.2259208,4.183187,loading
Fe8Cr8,50.0,0.2345849,0.2269308,4.238589,loading
Fe8Cr8,50.0,0.2355849,0.2279408,4.29472,loading
Fe8Cr8,50.0,0.2365849,0.22895079999999998,4.351266,loading
Fe8Cr8,50.0,0.2375849,0.2299608,4.408159,loading
Fe8Cr8,50.0,0.2385849,0.2309708,4.465651,loading
Fe8Cr8,50.0,0.2395849,0.2319808,4.52361,loading
Fe8Cr8,50.0,0.2405849,0.2329908,4.582355,loading
Fe8Cr8,50.0,0.2415849,0.23400079999999998,4.641315,loading
Fe8Cr8,50.0,0.2425849,0.2350108,4.700554,loading
Fe8Cr8,50.0,0.2435849,0.2360208,4.760113,loading
Fe8Cr8,50.0,0.2445849,0.23703079999999999,4.82064,loading
Fe8Cr8,50.0,0.2455849,0.2380408,4.881701,loading
Fe8Cr8,50.0,0.2465849,0.23905079999999998,4.943166,loading
Fe8Cr8,50.0,0.2475849,0.24006080000000002,5.005045,loading
Fe8Cr8,50.0,0.2485849,0.24107079999999997,5.067353,loading
Fe8Cr8,50.0,0.2495849,0.24208079999999998,5.130456,loading
Fe8Cr8,50.0,0.2505849,0.2430908,5.194009,loading
Fe8Cr8,50.0,0.2515849,0.2441008,5.258076,loading
Fe8Cr8,50.0,0.2525849,0.24511080000000002,5.32253,loading
Fe8Cr8,50.0,0.2535849,0.24612079999999997,5.387753,loading
Fe8Cr8,50.0,0.2545849,0.24713079999999998,5.453631,loading
Fe8Cr8,50.0,0.2555849,0.2481408,5.519729,loading
Fe8Cr8,50.0,0.2565849,0.2491508,5.585991,loading
Fe8Cr8,50.0,0.2575849,0.2501608,5.65317,loading
Fe8Cr8,50.0,0.2585849,0.25117079999999997,5.720663,loading
Fe8Cr8,50.0,0.2595849,0.2521808,5.789248,loading
Fe8Cr8,50.0,0.2605849,0.2531908,5.858289,loading
Fe8Cr8,50.0,0.2615849,0.2542008,5.927511,loading
Fe8Cr8,50.0,0.2625849,0.2552108,5.997251,loading
Fe8Cr8,50.0,0.2635849,0.25622079999999997,6.067659,loading
Fe8Cr8,50.0,0.2645849,0.2572308,6.138796,loading
Fe8Cr8,50.0,0.2655849,0.2582408,6.21034,loading
Fe8Cr8,50.0,0.2665849,0.2592508,6.28251,loading
Fe8Cr8,50.0,0.2675849,0.2602608,6.355014,loading
Fe8Cr8,50.0,0.2685849,0.26127079999999997,6.428432,loading
Fe8Cr8,50.0,0.2695849,0.2622808,6.502304,loading
Fe8Cr8,50.0,0.2705849,0.2632908,6.576419,loading
Fe8Cr8,50.0,0.2715849,0.2643008,6.651052,loading
Fe8Cr8,50.0,0.2725849,0.2653108,6.726549,loading
Fe8Cr8,50.0,0.2735849,0.26632079999999997,6.802727,loading
Fe8Cr8,50.0,0.2745849,0.2673308,6.879232,loading
Fe8Cr8,50.0,0.2755849,0.2683408,6.956204,loading
Fe8Cr8,50.0,0.2765849,0.2693508,7.033868,loading
Fe8Cr8,50.0,0.2775849,0.2703608,7.112135,loading
Fe8Cr8,50.0,0.2785849,0.27137079999999997,7.190936,loading
Fe8Cr8,50.0,0.2795849,0.2723808,7.270305,loading
Fe8Cr8,50.0,0.2805849,0.2733908,7.350235,loading
Fe8Cr8,50.0,0.2815849,0.2744008,7.430683,loading
Fe8Cr8,50.0,0.2825849,0.2754108,7.512166,loading
Fe8Cr8,50.0,0.2835849,0.27642079999999997,7.593999,loading
Fe8Cr8,50.0,0.2845849,0.2774308,7.675885,loading
Fe8Cr8,50.0,0.2855849,0.2784408,7.758601,loading
Fe8Cr8,50.0,0.2865849,0.2794508,7.841738,loading
Fe8Cr8,50.0,0.2875849,0.2804608,7.925921,loading
Fe8Cr8,50.0,0.2885849,0.28147079999999997,8.010862,loading
Fe8Cr8,50.0,0.2895849,0.2824808,8.096189,loading
Fe8Cr8,50.0,0.2905849,0.2834908,8.181844,loading
Fe8Cr8,50.0,0.2915849,0.2845008,8.267919,loading
Fe8Cr8,50.0,0.2925849,0.2855108,8.354901,loading
Fe8Cr8,50.0,0.2935849,0.28652079999999996,8.442528,loading
Fe8Cr8,50.0,0.2945849,0.2875308,8.530669,loading
Fe8Cr8,50.0,0.2955849,0.2885408,8.619398,loading
Fe8Cr8,50.0,0.2965849,0.2895508,8.708832,loading
Fe8Cr8,50.0,0.2975849,0.2905608,8.798966,loading
Fe8Cr8,50.0,0.2985849,0.2915708,8.889404,loading
Fe8Cr8,50.0,0.2995849,0.2925808,8.980354,loading
Fe8Cr8,50.0,0.3,0.293,9.012098,loading
Fe8Cr8,50.0,0.30001,0.2930101,9.008571,loading
Fe8Cr8,50.0,0.30002,0.2930202,9.009443,loading
Fe8Cr8,50.0,0.300035,0.2930353,9.010875,loading
Fe8Cr8,50.0,0.3000575,0.2930581,9.013026,loading
Fe8Cr8,50.0,0.3000913,0.29309219999999997,9.016251,loading
Fe8Cr8,50.0,0.3001419,0.2931433,9.021088,loading
Fe8Cr8,50.0,0.3002178,0.29322,9.028345,loading
Fe8Cr8,50.0,0.3003317,0.293335,9.039232,loading
Fe8Cr8,50.0,0.3005026,0.2935076,9.055573,loading
Fe8Cr8,50.0,0.3007589,0.2937665,9.08019,loading
Fe8Cr8,50.0,0.3011433,0.2941547,9.117157,loading
Fe8Cr8,50.0,0.30172,0.2947372,9.172641,loading
Fe8Cr8,50.0,0.3025849,0.2956108,9.256175,loading
Fe8Cr8,50.0,0.3035849,0.2966208,9.351283,loading
Fe8Cr8,50.0,0.3045849,0.2976308,9.445542,loading
Fe8Cr8,50.0,0.3055849,0.2986408,9.540462,loading
Fe8Cr8,50.0,0.3065849,0.2996508,9.635844,loading
Fe8Cr8,50.0,0.3075849,0.3006608,9.731992,loading
Fe8Cr8,50.0,0.3085849,0.3016708,9.828688,loading
Fe8Cr8,50.0,0.3095849,0.30268079999999997,9.925771,loading
Fe8Cr8,50.0,0.3105849,0.3036908,10.02409,loading
Fe8Cr8,50.0,0.3115849,0.3047008,10.12306,loading
Fe8Cr8,50.0,0.3125849,0.3057108,10.22211,loading
Fe8Cr8,50.0,0.3135849,0.3067208,10.32152,loading
Fe8Cr8,50.0,0.3145849,0.30773079999999997,10.42199,loading
Fe8Cr8,50.0,0.3155849,0.3087408,10.5229,loading
Fe8Cr8,50.0,0.3165849,0.3097508,10.62504,loading
Fe8Cr8,50.0,0.3175849,0.3107608,10.72778,loading
Fe8Cr8,50.0,0.3185849,0.3117708,10.83089,loading
Fe8Cr8,50.0,0.3195849,0.31278079999999997,10.93433,loading
Fe8Cr8,50.0,0.3205849,0.3137908,11.03848,loading
Fe8Cr8,50.0,0.3215849,0.3148008,11.14348,loading
Fe8Cr8,50.0,0.3225849,0.3158108,11.24918,loading
Fe8Cr8,50.0,0.3235849,0.3168208,11.35544,loading
Fe8Cr8,50.0,0.3245849,0.31783079999999997,11.4624,loading
Fe8Cr8,50.0,0.3255849,0.3188408,11.57014,loading
Fe8Cr8,50.0,0.3265849,0.3198508,11.67834,loading
Fe8Cr8,50.0,0.3275849,0.3208608,11.78707,loading
Fe8Cr8,50.0,0.3285849,0.3218708,11.89683,loading
Fe8Cr8,50.0,0.3295849,0.32288079999999997,12.00708,loading
Fe8Cr8,50.0,0.3305849,0.3238908,12.11787,loading
Fe8Cr8,50.0,0.3315849,0.3249008,12.22942,loading
Fe8Cr8,50.0,0.3325849,0.3259108,12.34166,loading
Fe8Cr8,50.0,0.3335849,0.3269208,12.4546,loading
Fe8Cr8,50.0,0.3345849,0.32793079999999997,12.5681,loading
Fe8Cr8,50.0,0.3355849,0.3289408,12.68238,loading
Fe8Cr8,50.0,0.3365849,0.3299508,12.79721,loading
Fe8Cr8,50.0,0.3375849,0.3309608,12.91268,loading
Fe8Cr8,50.0,0.3385849,0.3319708,13.029,loading
Fe8Cr8,50.0,0.3395849,0.33298079999999997,13.14639,loading
Fe8Cr8,50.0,0.3405849,0.3339908,13.26412,loading
Fe8Cr8,50.0,0.3415849,0.3350008,13.38191,loading
Fe8Cr8,50.0,0.3425849,0.3360108,13.50078,loading
Fe8Cr8,50.0,0.3435849,0.3370208,13.62015,loading
Fe8Cr8,50.0,0.3445849,0.33803079999999996,13.74058,loading
Fe8Cr8,50.0,0.3455849,0.3390408,13.86211,loading
Fe8Cr8,50.0,0.3465849,0.3400508,13.98415,loading
Fe8Cr8,50.0,0.3475849,0.3410608,14.1066,loading
Fe8Cr8,50.0,0.3485849,0.3420708,14.22931,loading
Fe8Cr8,50.0,0.3495849,0.34308079999999996,14.353,loading
Fe8Cr8,50.0,0.3505849,0.3440908,14.47767,loading
Fe8Cr8,50.0,0.3515849,0.3451008,14.60287,loading
Fe8Cr8,50.0,0.3525849,0.3461108,14.72893,loading
Fe8Cr8,50.0,0.3535849,0.3471208,14.85557,loading
Fe8Cr8,50.0,0.3545849,0.3481308,14.98294,loading
Fe8Cr8,50.0,0.3555849,0.3491408,15.11086,loading
Fe8Cr8,50.0,0.3565849,0.3501508,15.23976,loading
Fe8Cr8,50.0,0.3575849,0.3511608,15.36919,loading
Fe8Cr8,50.0,0.3585849,0.3521708,15.4993,loading
Fe8Cr8,50.0,0.3595849,0.3531808,15.63023,loading
Fe8Cr8,50.0,0.3605849,0.3541908,15.76193,loading
Fe8Cr8,50.0,0.3615849,0.3552008,15.8942,loading
Fe8Cr8,50.0,0.3625849,0.3562108,16.02722,loading
Fe8Cr8,50.0,0.3635849,0.3572208,16.16101,loading
Fe8Cr8,50.0,0.3645849,0.3582308,16.29556,loading
Fe8Cr8,50.0,0.3655849,0.35924079999999997,16.43072,loading
Fe8Cr8,50.0,0.3665849,0.3602508,16.56637,loading
Fe8Cr8,50.0,0.3675849,0.3612608,16.70354,loading
Fe8Cr8,50.0,0.3685849,0.3622708,16.84129,loading
Fe8Cr8,50.0,0.3695849,0.3632808,16.97924,loading
Fe8Cr8,50.0,0.3705849,0.36429079999999997,17.1175,loading
Fe8Cr8,50.0,0.3715849,0.3653008,17.25715,loading
Fe8Cr8,50.0,0.3725849,0.3663108,17.39733,loading
Fe8Cr8,50.0,0.3735849,0.3673208,17.5386,loading
Fe8Cr8,50.0,0.3745849,0.3683308,17.68092,loading
Fe8Cr8,50.0,0.3755849,0.36934079999999997,17.82372,loading
Fe8Cr8,50.0,0.3765849,0.3703508,17.96706,loading
Fe8Cr8,50.0,0.3775849,0.3713608,18.11075,loading
Fe8Cr8,50.0,0.3785849,0.3723708,18.25589,loading
Fe8Cr8,50.0,0.3795849,0.3733808,18.40194,loading
Fe8Cr8,50.0,0.3805849,0.37439079999999997,18.54851,loading
Fe8Cr8,50.0,0.3815849,0.3754008,18.69581,loading
Fe8Cr8,50.0,0.3825849,0.3764108,18.84396,loading
Fe8Cr8,50.0,0.3835849,0.3774208,18.9927,loading
Fe8Cr8,50.0,0.3845849,0.3784308,19.14236,loading
Fe8Cr8,50.0,0.3855849,0.37944079999999997,19.29271,loading
Fe8Cr8,50.0,0.3865849,0.3804508,19.44367,loading
Fe8Cr8,50.0,0.3875849,0.3814608,19.59562,loading
Fe8Cr8,50.0,0.3885849,0.3824708,19.7484,loading
Fe8Cr8,50.0,0.3895849,0.3834808,19.90168,loading
Fe8Cr8,50.0,0.3905849,0.38449079999999997,20.05579,loading
Fe8Cr8,50.0,0.3915849,0.3855008,20.21092,loading
Fe8Cr8,50.0,0.3925849,0.3865108,20.36682,loading
Fe8Cr8,50.0,0.3935849,0.3875208,20.52328,loading
Fe8Cr8,50.0,0.3945849,0.3885308,20.68058,loading
Fe8Cr8,50.0,0.3955849,0.38954079999999996,20.83892,loading
Fe8Cr8,50.0,0.3965849,0.3905508,20.99825,loading
Fe8Cr8,50.0,0.3975849,0.3915608,21.15808,loading
Fe8Cr8,50.0,0.3985849,0.3925708,21.31807,loading
Fe8Cr8,50.0,0.3995849,0.3935808,21.47899,loading
Fe8Cr8,50.0,0.4,0.394,21.53533,loading
Fe8Cr8,50.0,0.40001,0.3940101,21.52916,loading
Fe8Cr8,50.0,0.40002,0.3940202,21.53067,loading
Fe8Cr8,50.0,0.400035,0.3940353,21.53318,loading
Fe8Cr8,50.0,0.4000575,0.39405809999999997,21.53697,loading
Fe8Cr8,50.0,0.4000913,0.3940922,21.54264,loading
Fe8Cr8,50.0,0.4001419,0.3941433,21.55115,loading
Fe8Cr8,50.0,0.4002178,0.39422,21.56394,loading
Fe8Cr8,50.0,0.4003317,0.394335,21.58311,loading
Fe8Cr8,50.0,0.4005026,0.3945076,21.61188,loading
Fe8Cr8,50.0,0.4007589,0.39476649999999996,21.65517,loading
Fe8Cr8,50.0,0.4011433,0.39515469999999997,21.72029,loading
Fe8Cr8,50.0,0.40172,0.3957372,21.81799,loading
Fe8Cr8,50.0,0.4025849,0.3966108,21.9653,loading
Fe8Cr8,50.0,0.4035849,0.3976208,22.13277,loading
Fe8Cr8,50.0,0.4045849,0.3986308,22.2981,loading
Fe8Cr8,50.0,0.4055849,0.3996408,22.46399,loading
Fe8Cr8,50.0,0.4065849,0.4006508,22.63041,loading
Fe8Cr8,50.0,0.4075849,0.4016608,22.79811,loading
Fe8Cr8,50.0,0.4085849,0.4026708,22.96678,loading
Fe8Cr8,50.0,0.4095849,0.4036808,23.13613,loading
Fe8Cr8,50.0,0.4105849,0.4046908,23.30625,loading
Fe8Cr8,50.0,0.4115849,0.4057008,23.47713,loading
Fe8Cr8,50.0,0.4125849,0.4067108,23.64889,loading
Fe8Cr8,50.0,0.4135849,0.4077208,23.82134,loading
Fe8Cr8,50.0,0.4145849,0.4087308,23.99465,loading
Fe8Cr8,50.0,0.4155849,0.4097408,24.16902,loading
Fe8Cr8,50.0,0.4165849,0.41075079999999997,24.34405,loading
Fe8Cr8,50.0,0.4175849,0.4117608,24.51948,loading
Fe8Cr8,50.0,0.4185849,0.4127708,24.69604,loading
Fe8Cr8,50.0,0.4195849,0.4137808,24.87351,loading
Fe8Cr8,50.0,0.4205849,0.4147908,25.05204,loading
Fe8Cr8,50.0,0.4215849,0.41580079999999997,25.23118,loading
Fe8Cr8,50.0,0.4225849,0.4168108,25.4107,loading
Fe8Cr8,50.0,0.4235849,0.4178208,25.59124,loading
Fe8Cr8,50.0,0.4245849,0.4188308,25.77338,loading
Fe8Cr8,50.0,0.4255849,0.4198408,25.95612,loading
Fe8Cr8,50.0,0.4265849,0.42085079999999997,26.13917,loading
Fe8Cr8,50.0,0.4275849,0.4218608,26.3224,loading
Fe8Cr8,50.0,0.4285849,0.4228708,26.50739,loading
Fe8Cr8,50.0,0.4295849,0.4238808,26.69379,loading
Fe8Cr8,50.0,0.4305849,0.4248908,26.87998,loading
Fe8Cr8,50.0,0.4315849,0.42590079999999997,27.06763,loading
Fe8Cr8,50.0,0.4325849,0.4269108,27.25631,loading
Fe8Cr8,50.0,0.4335849,0.4279208,27.44563,loading
Fe8Cr8,50.0,0.4345849,0.4289308,27.63527,loading
Fe8Cr8,50.0,0.4355849,0.4299408,27.8255,loading
Fe8Cr8,50.0,0.4365849,0.43095079999999997,28.01728,loading
Fe8Cr8,50.0,0.4375849,0.4319608,28.21005,loading
Fe8Cr8,50.0,0.4385849,0.4329708,28.40341,loading
Fe8Cr8,50.0,0.4395849,0.4339808,28.59752,loading
Fe8Cr8,50.0,0.4405849,0.4349908,28.79276,loading
Fe8Cr8,50.0,0.4415849,0.43600079999999997,28.98846,loading
Fe8Cr8,50.0,0.4425849,0.4370108,29.18543,loading
Fe8Cr8,50.0,0.4435849,0.4380208,29.38345,loading
Fe8Cr8,50.0,0.4445849,0.4390308,29.58189,loading
Fe8Cr8,50.0,0.4455849,0.4400408,29.78092,loading
Fe8Cr8,50.0,0.4465849,0.44105079999999997,29.98109,loading
Fe8Cr8,50.0,0.4475849,0.4420608,30.18228,loading
Fe8Cr8,50.0,0.4485849,0.4430708,30.38468,loading
Fe8Cr8,50.0,0.4495849,0.4440808,30.58774,loading
Fe8Cr8,50.0,0.4505849,0.4450908,30.79103,loading
Fe8Cr8,50.0,0.4515849,0.44610079999999996,30.99534,loading
Fe8Cr8,50.0,0.4525849,0.4471108,31.20114,loading
Fe8Cr8,50.0,0.4535849,0.4481208,31.40812,loading
Fe8Cr8,50.0,0.4545849,0.4491308,31.61521,loading
Fe8Cr8,50.0,0.4555849,0.4501408,31.82308,loading
Fe8Cr8,50.0,0.4565849,0.4511508,32.03272,loading
Fe8Cr8,50.0,0.4575849,0.4521608,32.24212,loading
Fe8Cr8,50.0,0.4585849,0.4531708,32.45262,loading
Fe8Cr8,50.0,0.4595849,0.4541808,32.664,loading
Fe8Cr8,50.0,0.4605849,0.4551908,32.87655,loading
Fe8Cr8,50.0,0.4615849,0.4562008,33.09066,loading
Fe8Cr8,50.0,0.4625849,0.4572108,33.30544,loading
Fe8Cr8,50.0,0.4635849,0.4582208,33.52063,loading
Fe8Cr8,50.0,0.4645849,0.4592308,33.73626,loading
Fe8Cr8,50.0,0.4655849,0.4602408,33.95303,loading
Fe8Cr8,50.0,0.4665849,0.4612508,34.17133,loading
Fe8Cr8,50.0,0.4675849,0.46226079999999997,34.3902,loading
Fe8Cr8,50.0,0.4685849,0.4632708,34.6097,loading
Fe8Cr8,50.0,0.4695849,0.4642808,34.83039,loading
Fe8Cr8,50.0,0.4705849,0.4652908,35.05197,loading
Fe8Cr8,50.0,0.4715849,0.4663008,35.27499,loading
Fe8Cr8,50.0,0.4725849,0.46731079999999997,35.49851,loading
Fe8Cr8,50.0,0.4735849,0.4683208,35.72258,loading
Fe8Cr8,50.0,0.4745849,0.4693308,35.94726,loading
Fe8Cr8,50.0,0.4755849,0.4703408,36.17301,loading
Fe8Cr8,50.0,0.4765849,0.4713508,36.40049,loading
Fe8Cr8,50.0,0.4775849,0.47236079999999997,36.62858,loading
Fe8Cr8,50.0,0.4785849,0.4733708,36.85811,loading
Fe8Cr8,50.0,0.4795849,0.4743808,37.08792,loading
Fe8Cr8,50.0,0.4805849,0.4753908,37.31781,loading
Fe8Cr8,50.0,0.4815849,0.4764008,37.54954,loading
Fe8Cr8,50.0,0.4825849,0.47741079999999997,37.78225,loading
Fe8Cr8,50.0,0.4835849,0.4784208,38.01555,loading
Fe8Cr8,50.0,0.4845849,0.4794308,38.24965,loading
Fe8Cr8,50.0,0.4855849,0.4804408,38.48565,loading
Fe8Cr8,50.0,0.4865849,0.4814508,38.72221,loading
Fe8Cr8,50.0,0.4875849,0.48246079999999997,38.9591,loading
Fe8Cr8,50.0,0.4885849,0.4834708,39.19682,loading
Fe8Cr8,50.0,0.4895849,0.4844808,39.43594,loading
Fe8Cr8,50.0,0.4905849,0.4854908,39.67631,loading
Fe8Cr8,50.0,0.4915849,0.4865008,39.9177,loading
Fe8Cr8,50.0,0.4925849,0.48751079999999997,40.15971,loading
Fe8Cr8,50.0,0.4935849,0.4885208,40.40243,loading
Fe8Cr8,50.0,0.4945849,0.4895308,40.6465,loading
Fe8Cr8,50.0,0.4955849,0.4905408,40.89161,loading
Fe8Cr8,50.0,0.4965849,0.49155079999999995,41.13757,loading
Fe8Cr8,50.0,0.4975849,0.4925608,41.38428,loading
Fe8Cr8,50.0,0.4985849,0.4935708,41.63216,loading
Fe8Cr8,50.0,0.4995849,0.49458080000000004,41.88072,loading
Fe8Cr8,50.0,0.5,0.495,41.96773,loading
Fe8Cr8,50.0,0.50001,0.4950101,41.95845,loading
Fe8Cr8,50.0,0.50002,0.4950202,41.96074,loading
Fe8Cr8,50.0,0.500035,0.49503529999999996,41.96462,loading
Fe8Cr8,50.0,0.5000575,0.49505809999999995,41.97045,loading
Fe8Cr8,50.0,0.5000912,0.4950922,41.97921,loading
Fe8Cr8,50.0,0.5001419,0.49514329999999995,41.99233,loading
Fe8Cr8,50.0,0.5002178,0.49522,42.01202,loading
Fe8Cr8,50.0,0.5003317,0.49533499999999997,42.04166,loading
Fe8Cr8,50.0,0.5005026,0.49550759999999994,42.08616,loading
Fe8Cr8,50.0,0.5007589,0.4957665,42.15282,loading
Fe8Cr8,50.0,0.5011433,0.49615469999999995,42.25312,loading
Fe8Cr8,50.0,0.50172,0.4967372,42.40361,loading
Fe8Cr8,50.0,0.5025849,0.4976108,42.62969,loading
Fe8Cr8,50.0,0.5035849,0.4986208,42.88573,loading
Fe8Cr8,50.0,0.5045849,0.49963080000000004,43.139,loading
Fe8Cr8,50.0,0.5055849,0.5006408,43.39361,loading
Fe8Cr8,50.0,0.5065849,0.5016508,43.64917,loading
Fe8Cr8,50.0,0.5075849,0.5026608,43.90571,loading
Fe8Cr8,50.0,0.5085849,0.5036708,44.16438,loading
Fe8Cr8,50.0,0.5095849,0.5046808,44.4232,loading
Fe8Cr8,50.0,0.5105849,0.5056908,44.68259,loading
Fe8Cr8,50.0,0.5115849,0.5067008,44.94275,loading
Fe8Cr8,50.0,0.5125849,0.5077108,45.204,loading
Fe8Cr8,50.0,0.5135849,0.5087208,45.46667,loading
Fe8Cr8,50.0,0.5145849,0.5097308,45.73067,loading
Fe8Cr8,50.0,0.5155849,0.5107408,45.99515,loading
Fe8Cr8,50.0,0.5165849,0.5117508,46.26031,loading
Fe8Cr8,50.0,0.5175849,0.5127608,46.52666,loading
Fe8Cr8,50.0,0.5185849,0.5137708,46.79442,loading
Fe8Cr8,50.0,0.5195849,0.5147808,47.06315,loading
Fe8Cr8,50.0,0.5205849,0.5157908,47.33254,loading
Fe8Cr8,50.0,0.5215849,0.5168008,47.6029,loading
Fe8Cr8,50.0,0.5225849,0.5178108,47.87439,loading
Fe8Cr8,50.0,0.5235849,0.5188208,48.14701,loading
Fe8Cr8,50.0,0.5245849,0.5198308,48.4204,loading
Fe8Cr8,50.0,0.5255849,0.5208408,48.69493,loading
Fe8Cr8,50.0,0.5265849,0.5218508,48.97052,loading
Fe8Cr8,50.0,0.5275849,0.5228608,49.24702,loading
Fe8Cr8,50.0,0.5285849,0.5238708,49.52443,loading
Fe8Cr8,50.0,0.5295849,0.5248808,49.80328,loading
Fe8Cr8,50.0,0.5305849,0.5258908,50.08343,loading
Fe8Cr8,50.0,0.5315849,0.5269008,50.36412,loading
Fe8Cr8,50.0,0.5325849,0.5279108,50.64518,loading
Fe8Cr8,50.0,0.5335849,0.5289208,50.92723,loading
Fe8Cr8,50.0,0.5345849,0.5299308,51.21058,loading
Fe8Cr8,50.0,0.5355849,0.5309408,51.49546,loading
Fe8Cr8,50.0,0.5365849,0.5319508,51.78097,loading
Fe8Cr8,50.0,0.5375849,0.5329608,52.06874,loading
Fe8Cr8,50.0,0.5385849,0.5339708,52.35667,loading
Fe8Cr8,50.0,0.5395849,0.5349808,52.64496,loading
Fe8Cr8,50.0,0.5405849,0.5359908,52.93417,loading
Fe8Cr8,50.0,0.5415849,0.5370008,53.22492,loading
Fe8Cr8,50.0,0.5425849,0.5380108,53.51699,loading
Fe8Cr8,50.0,0.5435849,0.5390208,53.81009,loading
Fe8Cr8,50.0,0.5445849,0.5400308,54.10395,loading
Fe8Cr8,50.0,0.5455849,0.5410408,54.39867,loading
Fe8Cr8,50.0,0.5465849,0.5420507999999999,54.69478,loading
Fe8Cr8,50.0,0.5475849,0.5430608,54.99206,loading
Fe8Cr8,50.0,0.5485849,0.5440708,55.28996,loading
Fe8Cr8,50.0,0.5495849,0.5450808,55.58901,loading
Fe8Cr8,50.0,0.5505849,0.5460908,55.88897,loading
Fe8Cr8,50.0,0.5515849,0.5471007999999999,56.19021,loading
Fe8Cr8,50.0,0.5525849,0.5481108,56.49224,loading
Fe8Cr8,50.0,0.5535849,0.5491208,56.79569,loading
Fe8Cr8,50.0,0.5545849,0.5501308,57.10008,loading
Fe8Cr8,50.0,0.5555849,0.5511408,57.40534,loading
Fe8Cr8,50.0,0.5565849,0.5521507999999999,57.71175,loading
Fe8Cr8,50.0,0.5575849,0.5531608,58.0188,loading
Fe8Cr8,50.0,0.5585849,0.5541708,58.32755,loading
Fe8Cr8,50.0,0.5595849,0.5551808,58.63773,loading
Fe8Cr8,50.0,0.5605849,0.5561908,58.94871,loading
Fe8Cr8,50.0,0.5615849,0.5572007999999999,59.25993,loading
Fe8Cr8,50.0,0.5625849,0.5582108,59.57204,loading
Fe8Cr8,50.0,0.5635849,0.5592208,59.88564,loading
Fe8Cr8,50.0,0.5645849,0.5602308,60.20069,loading
Fe8Cr8,50.0,0.5655849,0.5612408,60.51669,loading
Fe8Cr8,50.0,0.5665849,0.5622507999999999,60.83477,loading
Fe8Cr8,50.0,0.5675849,0.5632608,61.15261,loading
Fe8Cr8,50.0,0.5685849,0.5642708,61.47133,loading
Fe8Cr8,50.0,0.5695849,0.5652808,61.79087,loading
Fe8Cr8,50.0,0.5705849,0.5662908,62.11269,loading
Fe8Cr8,50.0,0.5715849,0.5673007999999999,62.43522,loading
Fe8Cr8,50.0,0.5725849,0.5683108,62.75869,loading
Fe8Cr8,50.0,0.5735849,0.5693208,63.08287,loading
Fe8Cr8,50.0,0.5745849,0.5703308,63.40853,loading
Fe8Cr8,50.0,0.5755849,0.5713408,63.73536,loading
Fe8Cr8,50.0,0.5765849,0.5723507999999999,64.06318,loading
Fe8Cr8,50.0,0.5775849,0.5733608,64.39202,loading
Fe8Cr8,50.0,0.5785849,0.5743708,64.72188,loading
Fe8Cr8,50.0,0.5795849,0.5753808,65.05306,loading
Fe8Cr8,50.0,0.5805849,0.5763908,65.38501,loading
Fe8Cr8,50.0,0.5815849,0.5774007999999999,65.71807,loading
Fe8Cr8,50.0,0.5825849,0.5784108,66.05252,loading
Fe8Cr8,50.0,0.5835849,0.5794208,66.38761,loading
Fe8Cr8,50.0,0.5845849,0.5804308,66.72415,loading
Fe8Cr8,50.0,0.5855849,0.5814408,67.0617,loading
Fe8Cr8,50.0,0.5865849,0.5824508,67.40013,loading
Fe8Cr8,50.0,0.5875849,0.5834608,67.73989,loading
Fe8Cr8,50.0,0.5885849,0.5844708,68.08145,loading
Fe8Cr8,50.0,0.5895849,0.5854808,68.4235,loading
Fe8Cr8,50.0,0.5905849,0.5864908,68.76622,loading
Fe8Cr8,50.0,0.5915849,0.5875008,69.10959,loading
Fe8Cr8,50.0,0.5925849,0.5885108,69.45464,loading
Fe8Cr8,50.0,0.5935849,0.5895208,69.80148,loading
Fe8Cr8,50.0,0.5945849,0.5905308,70.14877,loading
Fe8Cr8,50.0,0.5955849,0.5915408,70.49852,loading
Fe8Cr8,50.0,0.5965849,0.5925508,70.84832,loading
Fe8Cr8,50.0,0.5975849,0.5935608,71.1984,loading
Fe8Cr8,50.0,0.5985849,0.5945708,71.5498,loading
Fe8Cr8,50.0,0.5995849,0.5955808,71.90307,loading
Fe8Cr8,50.0,0.6,0.596,72.02713,loading
Fe8Cr8,50.0,0.60001,0.5960101,72.01423,loading
Fe8Cr8,50.0,0.60002,0.5960202,72.01743,loading
Fe8Cr8,50.0,0.600035,0.5960353,72.02292,loading
Fe8Cr8,50.0,0.6000575,0.5960581,72.03118,loading
Fe8Cr8,50.0,0.6000912,0.5960922,72.04358,loading
Fe8Cr8,50.0,0.6001419,0.5961433,72.06219,loading
Fe8Cr8,50.0,0.6002178,0.59622,72.09014,loading
Fe8Cr8,50.0,0.6003317,0.596335,72.13205,loading
Fe8Cr8,50.0,0.6005026,0.5965076,72.19495,loading
Fe8Cr8,50.0,0.6007589,0.5967665,72.2893,loading
Fe8Cr8,50.0,0.6011433,0.5971547,72.43097,loading
Fe8Cr8,50.0,0.60172,0.5977372,72.64357,loading
Fe8Cr8,50.0,0.6025849,0.5986108,72.96353,loading
Fe8Cr8,50.0,0.6035849,0.5996208,73.32663,loading
Fe8Cr8,50.0,0.6045849,0.6006308,73.68522,loading
Fe8Cr8,50.0,0.6055849,0.6016408,74.04464,loading
Fe8Cr8,50.0,0.6065849,0.6026508,74.40573,loading
Fe8Cr8,50.0,0.6075849,0.6036608,74.76806,loading
Fe8Cr8,50.0,0.6085849,0.6046708,75.13097,loading
Fe8Cr8,50.0,0.6095849,0.6056808,75.49517,loading
Fe8Cr8,50.0,0.6105849,0.6066908,75.86085,loading
Fe8Cr8,50.0,0.6115849,0.6077008,76.22728,loading
Fe8Cr8,50.0,0.6125849,0.6087108,76.59485,loading
Fe8Cr8,50.0,0.6135849,0.6097208,76.96366,loading
Fe8Cr8,50.0,0.6145849,0.6107308,77.33341,loading
Fe8Cr8,50.0,0.6155849,0.6117408,77.70437,loading
Fe8Cr8,50.0,0.6165849,0.6127508,78.07655,loading
Fe8Cr8,50.0,0.6175849,0.6137608,78.4507,loading
Fe8Cr8,50.0,0.6185849,0.6147708,78.82564,loading
Fe8Cr8,50.0,0.6195849,0.6157808,79.20089,loading
Fe8Cr8,50.0,0.6205849,0.6167908,79.57682,loading
Fe8Cr8,50.0,0.6215849,0.6178008,79.95418,loading
Fe8Cr8,50.0,0.6225849,0.6188108,80.33367,loading
Fe8Cr8,50.0,0.6235849,0.6198208,80.71411,loading
Fe8Cr8,50.0,0.6245849,0.6208308,81.09675,loading
Fe8Cr8,50.0,0.6255849,0.6218408,81.47978,loading
Fe8Cr8,50.0,0.6265849,0.6228508,81.86305,loading
Fe8Cr8,50.0,0.6275849,0.6238608,82.24768,loading
Fe8Cr8,50.0,0.6285849,0.6248708,82.63444,loading
Fe8Cr8,50.0,0.6295849,0.6258808,83.022,loading
Fe8Cr8,50.0,0.6305849,0.6268908,83.41042,loading
Fe8Cr8,50.0,0.6315849,0.6279008,83.80021,loading
Fe8Cr8,50.0,0.6325849,0.6289108,84.19132,loading
Fe8Cr8,50.0,0.6335849,0.6299208,84.58359,loading
Fe8Cr8,50.0,0.6345849,0.6309308,84.9767,loading
Fe8Cr8,50.0,0.6355849,0.6319408,85.3711,loading
Fe8Cr8,50.0,0.6365849,0.6329508,85.76673,loading
Fe8Cr8,50.0,0.6375849,0.6339608,86.16308,loading
Fe8Cr8,50.0,0.6385849,0.6349708,86.5616,loading
Fe8Cr8,50.0,0.6395849,0.6359808,86.96115,loading
Fe8Cr8,50.0,0.6405849,0.6369908,87.36141,loading
Fe8Cr8,50.0,0.6415849,0.6380008,87.76282,loading
Fe8Cr8,50.0,0.6425849,0.6390108,88.16573,loading
Fe8Cr8,50.0,0.6435849,0.6400208,88.56986,loading
Fe8Cr8,50.0,0.6445849,0.6410308,88.97501,loading
Fe8Cr8,50.0,0.6455849,0.6420408,89.38119,loading
Fe8Cr8,50.0,0.6465849,0.6430508,89.78904,loading
Fe8Cr8,50.0,0.6475849,0.6440608,90.19863,loading
Fe8Cr8,50.0,0.6485849,0.6450707999999999,90.60837,loading
Fe8Cr8,50.0,0.6495849,0.6460808,91.01889,loading
Fe8Cr8,50.0,0.6505849,0.6470908,91.43024,loading
Fe8Cr8,50.0,0.6515849,0.6481008,91.84422,loading
Fe8Cr8,50.0,0.6525849,0.6491108,92.25885,loading
Fe8Cr8,50.0,0.6535849,0.6501207999999999,92.67582,loading
Fe8Cr8,50.0,0.6545849,0.6511308,93.09344,loading
Fe8Cr8,50.0,0.6555849,0.6521408,93.51108,loading
Fe8Cr8,50.0,0.6565849,0.6531508,93.93009,loading
Fe8Cr8,50.0,0.6575849,0.6541608,94.3513,loading
Fe8Cr8,50.0,0.6585849,0.6551707999999999,94.7733,loading
Fe8Cr8,50.0,0.6595849,0.6561808,95.19634,loading
Fe8Cr8,50.0,0.6605849,0.6571908,95.62097,loading
Fe8Cr8,50.0,0.6615849,0.6582008,96.04658,loading
Fe8Cr8,50.0,0.6625849,0.6592108,96.4734,loading
Fe8Cr8,50.0,0.6635849,0.6602207999999999,96.90193,loading
Fe8Cr8,50.0,0.6645849,0.6612308,97.33103,loading
Fe8Cr8,50.0,0.6655849,0.6622408,97.76063,loading
Fe8Cr8,50.0,0.6665849,0.6632508,98.19239,loading
Fe8Cr8,50.0,0.6675849,0.6642608,98.62591,loading
Fe8Cr8,50.0,0.6685849,0.6652707999999999,99.06045,loading
Fe8Cr8,50.0,0.6695849,0.6662808,99.49546,loading
Fe8Cr8,50.0,0.6705849,0.6672908,99.93156,loading
Fe8Cr8,50.0,0.6715849,0.6683008,100.3698,loading
Fe8Cr8,50.0,0.6725849,0.6693108,100.8088,loading
Fe8Cr8,50.0,0.6735849,0.6703207999999999,101.2492,loading
Fe8Cr8,50.0,0.6745849,0.6713308,101.6901,loading
Fe8Cr8,50.0,0.6755849,0.6723408,102.1326,loading
Fe8Cr8,50.0,0.6765849,0.6733508,102.5778,loading
Fe8Cr8,50.0,0.6775849,0.6743608,103.0243,loading
Fe8Cr8,50.0,0.6785849,0.6753707999999999,103.4692,loading
Fe8Cr8,50.0,0.6795849,0.6763808,103.9159,loading
Fe8Cr8,50.0,0.6805849,0.6773908,104.3649,loading
Fe8Cr8,50.0,0.6815849,0.6784008,104.8152,loading
Fe8Cr8,50.0,0.6825849,0.6794108,105.2673,loading
Fe8Cr8,50.0,0.6835849,0.6804207999999999,105.7206,loading
Fe8Cr8,50.0,0.6845849,0.6814308,106.174,loading
Fe8Cr8,50.0,0.6855849,0.6824408,106.6284,loading
Fe8Cr8,50.0,0.6865849,0.6834508,107.0851,loading
Fe8Cr8,50.0,0.6875849,0.6844608,107.5428,loading
Fe8Cr8,50.0,0.6885849,0.6854707999999999,108.0012,loading
Fe8Cr8,50.0,0.6895849,0.6864808,108.4616,loading
Fe8Cr8,50.0,0.6905849,0.6874908,108.9228,loading
Fe8Cr8,50.0,0.6915849,0.6885008,109.3862,loading
Fe8Cr8,50.0,0.6925849,0.6895108,109.85,loading
Fe8Cr8,50.0,0.6935849,0.6905208,110.3147,loading
Fe8Cr8,50.0,0.6945849,0.6915308,110.7802,loading
Fe8Cr8,50.0,0.6955849,0.6925408,111.2484,loading
Fe8Cr8,50.0,0.6965849,0.6935508,111.718,loading
Fe8Cr8,50.0,0.6975849,0.6945608,112.1886,loading
Fe8Cr8,50.0,0.6985849,0.6955708,112.6596,loading
Fe8Cr8,50.0,0.6995849,0.6965808,113.1318,loading
Fe8Cr8,50.0,0.7,0.697,113.2986,loading
Fe8Cr8,50.0,0.70001,0.6970101,113.2819,loading
Fe8Cr8,50.0,0.70002,0.6970202,113.2861,loading
Fe8Cr8,50.0,0.700035,0.6970353,113.2935,loading
Fe8Cr8,50.0,0.7000575,0.6970581,113.3045,loading
Fe8Cr8,50.0,0.7000912,0.6970921999999999,113.3211,loading
Fe8Cr8,50.0,0.7001419,0.6971433,113.346,loading
Fe8Cr8,50.0,0.7002178,0.69722,113.3832,loading
Fe8Cr8,50.0,0.7003317,0.697335,113.4393,loading
Fe8Cr8,50.0,0.7005026,0.6975076,113.5234,loading
Fe8Cr8,50.0,0.7007589,0.6977665,113.6495,loading
Fe8Cr8,50.0,0.7011433,0.6981547,113.8389,loading
Fe8Cr8,50.0,0.70172,0.6987372,114.1231,loading
Fe8Cr8,50.0,0.7025849,0.6996108,114.5501,loading
Fe8Cr8,50.0,0.7035849,0.7006208,115.0351,loading
Fe8Cr8,50.0,0.7045849,0.7016308,115.5142,loading
Fe8Cr8,50.0,0.7055849,0.7026408,115.9952,loading
Fe8Cr8,50.0,0.7065849,0.7036508,116.4772,loading
Fe8Cr8,50.0,0.7075849,0.7046608,116.9599,loading
Fe8Cr8,50.0,0.7085849,0.7056708,117.443,loading
Fe8Cr8,50.0,0.7095849,0.7066808,117.9281,loading
Fe8Cr8,50.0,0.7105849,0.7076908,118.4156,loading
Fe8Cr8,50.0,0.7115849,0.7087008,118.9038,loading
Fe8Cr8,50.0,0.7125849,0.7097108,119.3939,loading
Fe8Cr8,50.0,0.7135849,0.7107208,119.8842,loading
Fe8Cr8,50.0,0.7145849,0.7117308,120.3754,loading
Fe8Cr8,50.0,0.7155849,0.7127408,120.8687,loading
Fe8Cr8,50.0,0.7165849,0.7137508,121.3632,loading
Fe8Cr8,50.0,0.7175849,0.7147608,121.8587,loading
Fe8Cr8,50.0,0.7185849,0.7157708,122.3551,loading
Fe8Cr8,50.0,0.7195849,0.7167808,122.8545,loading
Fe8Cr8,50.0,0.7205849,0.7177908,123.3567,loading
Fe8Cr8,50.0,0.7215849,0.7188008,123.8553,loading
Fe8Cr8,50.0,0.7225849,0.7198108,124.3561,loading
Fe8Cr8,50.0,0.7235849,0.7208208,124.8597,loading
Fe8Cr8,50.0,0.7245849,0.7218308,125.364,loading
Fe8Cr8,50.0,0.7255849,0.7228408,125.8713,loading
Fe8Cr8,50.0,0.7265849,0.7238508,126.3791,loading
Fe8Cr8,50.0,0.7275849,0.7248608,126.8881,loading
Fe8Cr8,50.0,0.7285849,0.7258708,127.3973,loading
Fe8Cr8,50.0,0.7295849,0.7268808,127.9084,loading
Fe8Cr8,50.0,0.7305849,0.7278908,128.4213,loading
Fe8Cr8,50.0,0.7315849,0.7289008,128.9351,loading
Fe8Cr8,50.0,0.7325849,0.7299108,129.4502,loading
Fe8Cr8,50.0,0.7335849,0.7309208,129.9667,loading
Fe8Cr8,50.0,0.7345849,0.7319308,130.4873,loading
Fe8Cr8,50.0,0.7355849,0.7329408,131.0048,loading
Fe8Cr8,50.0,0.7365849,0.7339508,131.5247,loading
Fe8Cr8,50.0,0.7375849,0.7349608,132.0461,loading
Fe8Cr8,50.0,0.7385849,0.7359708,132.5685,loading
Fe8Cr8,50.0,0.7395849,0.7369808,133.0937,loading
Fe8Cr8,50.0,0.7405849,0.7379908,133.6201,loading
Fe8Cr8,50.0,0.7415849,0.7390008,134.1469,loading
Fe8Cr8,50.0,0.7425849,0.7400108,134.675,loading
Fe8Cr8,50.0,0.7435849,0.7410208,135.2049,loading
Fe8Cr8,50.0,0.7445849,0.7420308,135.7366,loading
Fe8Cr8,50.0,0.7455849,0.7430408,136.269,loading
Fe8Cr8,50.0,0.7465849,0.7440508,136.8029,loading
Fe8Cr8,50.0,0.7475849,0.7450608,137.3383,loading
Fe8Cr8,50.0,0.7485849,0.7460708,137.8781,loading
Fe8Cr8,50.0,0.7495849,0.7470808,138.4141,loading
Fe8Cr8,50.0,0.7505849,0.7480908,138.9532,loading
Fe8Cr8,50.0,0.7515849,0.7491008,139.4927,loading
Fe8Cr8,50.0,0.7525849,0.7501108,140.0345,loading
Fe8Cr8,50.0,0.7535849,0.7511208,140.5775,loading
Fe8Cr8,50.0,0.7545849,0.7521308,141.1229,loading
Fe8Cr8,50.0,0.7555849,0.7531407999999999,141.6696,loading
Fe8Cr8,50.0,0.7565849,0.7541508,142.2177,loading
Fe8Cr8,50.0,0.7575849,0.7551608,142.7661,loading
Fe8Cr8,50.0,0.7585849,0.7561708,143.3157,loading
Fe8Cr8,50.0,0.7595849,0.7571808,143.8671,loading
Fe8Cr8,50.0,0.7605849,0.7581907999999999,144.4204,loading
Fe8Cr8,50.0,0.7615849,0.7592008,144.975,loading
Fe8Cr8,50.0,0.7625849,0.7602108,145.5308,loading
Fe8Cr8,50.0,0.7635849,0.7612208,146.0876,loading
Fe8Cr8,50.0,0.7645849,0.7622308,146.6465,loading
Fe8Cr8,50.0,0.7655849,0.7632407999999999,147.2063,loading
Fe8Cr8,50.0,0.7665849,0.7642508,147.7671,loading
Fe8Cr8,50.0,0.7675849,0.7652608,148.3296,loading
Fe8Cr8,50.0,0.7685849,0.7662708,148.8943,loading
Fe8Cr8,50.0,0.7695849,0.7672808,149.4595,loading
Fe8Cr8,50.0,0.7705849,0.7682907999999999,150.0259,loading
Fe8Cr8,50.0,0.7715849,0.7693008,150.5937,loading
Fe8Cr8,50.0,0.7725849,0.7703108,151.1631,loading
Fe8Cr8,50.0,0.7735849,0.7713208,151.734,loading
Fe8Cr8,50.0,0.7745849,0.7723308,152.3063,loading
Fe8Cr8,50.0,0.7755849,0.7733407999999999,152.8799,loading
Fe8Cr8,50.0,0.7765849,0.7743508,153.4551,loading
Fe8Cr8,50.0,0.7775849,0.7753608,154.0307,loading
Fe8Cr8,50.0,0.7785849,0.7763708,154.6092,loading
Fe8Cr8,50.0,0.7795849,0.7773808,155.189,loading
Fe8Cr8,50.0,0.7805849,0.7783907999999999,155.7687,loading
Fe8Cr8,50.0,0.7815849,0.7794008,156.3505,loading
Fe8Cr8,50.0,0.7825849,0.7804108,156.9332,loading
Fe8Cr8,50.0,0.7835849,0.7814208,157.518,loading
Fe8Cr8,50.0,0.7845849,0.7824308,158.105,loading
Fe8Cr8,50.0,0.7855849,0.7834407999999999,158.6932,loading
Fe8Cr8,50.0,0.7865849,0.7844508,159.2814,loading
Fe8Cr8,50.0,0.7875849,0.7854608,159.8708,loading
Fe8Cr8,50.0,0.7885849,0.7864708,160.4624,loading
Fe8Cr8,50.0,0.7895849,0.7874808,161.0559,loading
Fe8Cr8,50.0,0.7905849,0.7884907999999999,161.6505,loading
Fe8Cr8,50.0,0.7915849,0.7895008,162.2459,loading
Fe8Cr8,50.0,0.7925849,0.7905108,162.8434,loading
Fe8Cr8,50.0,0.7935849,0.7915208,163.4422,loading
Fe8Cr8,50.0,0.7945849,0.7925308,164.0423,loading
Fe8Cr8,50.0,0.7955849,0.7935408,164.6434,loading
Fe8Cr8,50.0,0.7965849,0.7945508,165.2465,loading
Fe8Cr8,50.0,0.7975849,0.7955608,165.8513,loading
Fe8Cr8,50.0,0.7985849,0.7965708,166.4569,loading
Fe8Cr8,50.0,0.7995849,0.7975808,167.064,loading
Fe8Cr8,50.0,0.8,0.798,167.2789,loading
Fe8Cr8,50.0,0.80001,0.7980100999999999,167.2583,loading
Fe8Cr8,50.0,0.80002,0.7980202,167.2636,loading
Fe8Cr8,50.0,0.800035,0.7980354,167.273,loading
Fe8Cr8,50.0,0.8000575,0.7980581,167.2872,loading
Fe8Cr8,50.0,0.8000912,0.7980922,167.3085,loading
Fe8Cr8,50.0,0.8001419,0.7981433,167.3404,loading
Fe8Cr8,50.0,0.8002178,0.79822,167.3883,loading
Fe8Cr8,50.0,0.8003317,0.798335,167.4601,loading
Fe8Cr8,50.0,0.8005026,0.7985076,167.5678,loading
Fe8Cr8,50.0,0.8007589,0.7987665,167.7292,loading
Fe8Cr8,50.0,0.8011433,0.7991547,167.9721,loading
Fe8Cr8,50.0,0.80172,0.7997372,168.3368,loading
Fe8Cr8,50.0,0.8025849,0.8006108,168.884,loading
Fe8Cr8,50.0,0.8035849,0.8016208,169.5099,loading
Fe8Cr8,50.0,0.8045849,0.8026308,170.1204,loading
Fe8Cr8,50.0,0.8055849,0.8036408,170.7359,loading
Fe8Cr8,50.0,0.8065849,0.8046508,171.352,loading
Fe8Cr8,50.0,0.8075849,0.8056608,171.9718,loading
Fe8Cr8,50.0,0.8085849,0.8066708,172.5925,loading
Fe8Cr8,50.0,0.8095849,0.8076808,173.2133,loading
Fe8Cr8,50.0,0.8105849,0.8086908,173.835,loading
Fe8Cr8,50.0,0.8115849,0.8097008,174.459,loading
Fe8Cr8,50.0,0.8125849,0.8107108,175.0838,loading
Fe8Cr8,50.0,0.8135849,0.8117208,175.7115,loading
Fe8Cr8,50.0,0.8145849,0.8127308,176.3409,loading
Fe8Cr8,50.0,0.8155849,0.8137408,176.9714,loading
Fe8Cr8,50.0,0.8165849,0.8147508,177.6024,loading
Fe8Cr8,50.0,0.8175849,0.8157608,178.2344,loading
Fe8Cr8,50.0,0.8185849,0.8167708,178.8682,loading
Fe8Cr8,50.0,0.8195849,0.8177808,179.5044,loading
Fe8Cr8,50.0,0.8205849,0.8187908,180.1411,loading
Fe8Cr8,50.0,0.8215849,0.8198008,180.7794,loading
Fe8Cr8,50.0,0.8225849,0.8208108,181.4197,loading
Fe8Cr8,50.0,0.8235849,0.8218208,182.0607,loading
Fe8Cr8,50.0,0.8245849,0.8228308,182.7032,loading
Fe8Cr8,50.0,0.8255849,0.8238408,183.3477,loading
Fe8Cr8,50.0,0.8265849,0.8248508,183.9935,loading
Fe8Cr8,50.0,0.8275849,0.8258608,184.6404,loading
Fe8Cr8,50.0,0.8285849,0.8268708,185.2885,loading
Fe8Cr8,50.0,0.8295849,0.8278808,185.9392,loading
Fe8Cr8,50.0,0.8305849,0.8288908,186.594,loading
Fe8Cr8,50.0,0.8315849,0.8299008,187.2434,loading
Fe8Cr8,50.0,0.8325849,0.8309108,187.8974,loading
Fe8Cr8,50.0,0.8335849,0.8319208,188.5535,loading
Fe8Cr8,50.0,0.8345849,0.8329308,189.2107,loading
Fe8Cr8,50.0,0.8355849,0.8339408,189.8692,loading
Fe8Cr8,50.0,0.8365849,0.8349508,190.5299,loading
Fe8Cr8,50.0,0.8375849,0.8359608,191.1924,loading
Fe8Cr8,50.0,0.8385849,0.8369708,191.8554,loading
Fe8Cr8,50.0,0.8395849,0.8379808,192.5185,loading
Fe8Cr8,50.0,0.8405849,0.8389908,193.1844,loading
Fe8Cr8,50.0,0.8415849,0.8400008,193.8511,loading
Fe8Cr8,50.0,0.8425849,0.8410108,194.5205,loading
Fe8Cr8,50.0,0.8435849,0.8420208,195.1918,loading
Fe8Cr8,50.0,0.8445849,0.8430308,195.8647,loading
Fe8Cr8,50.0,0.8455849,0.8440408,196.538,loading
Fe8Cr8,50.0,0.8465849,0.8450508,197.2119,loading
Fe8Cr8,50.0,0.8475849,0.8460608,197.8878,loading
Fe8Cr8,50.0,0.8485849,0.8470708,198.5654,loading
Fe8Cr8,50.0,0.8495849,0.8480808,199.2452,loading
Fe8Cr8,50.0,0.8505849,0.8490908,199.9257,loading
Fe8Cr8,50.0,0.8515849,0.8501008,200.608,loading
Fe8Cr8,50.0,0.8525849,0.8511108,201.2919,loading
Fe8Cr8,50.0,0.8535849,0.8521208,201.9769,loading
Fe8Cr8,50.0,0.8545849,0.8531308,202.6635,loading
Fe8Cr8,50.0,0.8555849,0.8541408,203.3515,loading
Fe8Cr8,50.0,0.8565849,0.8551508,204.0412,loading
Fe8Cr8,50.0,0.8575849,0.8561607999999999,204.7321,loading
Fe8Cr8,50.0,0.8585849,0.8571708,205.4251,loading
Fe8Cr8,50.0,0.8595849,0.8581808,206.1186,loading
Fe8Cr8,50.0,0.8605849,0.8591908,206.8138,loading
Fe8Cr8,50.0,0.8615849,0.8602008,207.5109,loading
Fe8Cr8,50.0,0.8625849,0.8612107999999999,208.2101,loading
Fe8Cr8,50.0,0.8635849,0.8622208,208.9105,loading
Fe8Cr8,50.0,0.8645849,0.8632308,209.6111,loading
Fe8Cr8,50.0,0.8655849,0.8642408,210.3143,loading
Fe8Cr8,50.0,0.8665849,0.8652508,211.019,loading
Fe8Cr8,50.0,0.8675849,0.8662607999999999,211.7255,loading
Fe8Cr8,50.0,0.8685849,0.8672708,212.4319,loading
Fe8Cr8,50.0,0.8695849,0.8682808,213.1404,loading
Fe8Cr8,50.0,0.8705849,0.8692908,213.8523,loading
Fe8Cr8,50.0,0.8715849,0.8703008,214.5628,loading
Fe8Cr8,50.0,0.8725849,0.8713107999999999,215.2766,loading
Fe8Cr8,50.0,0.8735849,0.8723208,215.9924,loading
Fe8Cr8,50.0,0.8745849,0.8733308,216.7092,loading
Fe8Cr8,50.0,0.8755849,0.8743408,217.4271,loading
Fe8Cr8,50.0,0.8765849,0.8753508,218.1455,loading
Fe8Cr8,50.0,0.8775849,0.8763607999999999,218.8655,loading
Fe8Cr8,50.0,0.8785849,0.8773708,219.589,loading
Fe8Cr8,50.0,0.8795849,0.8783808,220.3134,loading
Fe8Cr8,50.0,0.8805849,0.8793908,221.0391,loading
Fe8Cr8,50.0,0.8815849,0.8804008,221.7662,loading
Fe8Cr8,50.0,0.8825849,0.8814107999999999,222.4951,loading
Fe8Cr8,50.0,0.8835849,0.8824208,223.2257,loading
Fe8Cr8,50.0,0.8845849,0.8834308,223.9572,loading
Fe8Cr8,50.0,0.8855849,0.8844408,224.6906,loading
Fe8Cr8,50.0,0.8865849,0.8854508,225.4255,loading
Fe8Cr8,50.0,0.8875849,0.8864607999999999,226.1625,loading
Fe8Cr8,50.0,0.8885849,0.8874708,226.9001,loading
Fe8Cr8,50.0,0.8895849,0.8884808,227.6396,loading
Fe8Cr8,50.0,0.8905849,0.8894908,228.3808,loading
Fe8Cr8,50.0,0.8915849,0.8905008,229.1236,loading
Fe8Cr8,50.0,0.8925849,0.8915107999999999,229.8675,loading
Fe8Cr8,50.0,0.8935849,0.8925208,230.6129,loading
Fe8Cr8,50.0,0.8945849,0.8935308,231.3599,loading
Fe8Cr8,50.0,0.8955849,0.8945408,232.1091,loading
Fe8Cr8,50.0,0.8965849,0.8955508,232.8601,loading
Fe8Cr8,50.0,0.8975849,0.8965608,233.6116,loading
Fe8Cr8,50.0,0.8985849,0.8975708,234.3649,loading
Fe8Cr8,50.0,0.8995849,0.8985808,235.1187,loading
Fe8Cr8,50.0,0.9,0.899,235.3869,loading
Fe8Cr8,50.0,0.90001,0.8990101,235.3615,loading
Fe8Cr8,50.0,0.90002,0.8990201999999999,235.368,loading
Fe8Cr8,50.0,0.900035,0.8990353,235.3797,loading
Fe8Cr8,50.0,0.9000575,0.8990581,235.3972,loading
Fe8Cr8,50.0,0.9000912,0.8990922,235.4236,loading
Fe8Cr8,50.0,0.9001419,0.8991433,235.4631,loading
Fe8Cr8,50.0,0.9002178,0.89922,235.5226,loading
Fe8Cr8,50.0,0.9003317,0.899335,235.6119,loading
Fe8Cr8,50.0,0.9005026,0.8995076,235.7458,loading
Fe8Cr8,50.0,0.9007589,0.8997665,235.9468,loading
Fe8Cr8,50.0,0.9011433,0.9001547,236.2482,loading
Fe8Cr8,50.0,0.90172,0.9007372,236.7011,loading
Fe8Cr8,50.0,0.9025849,0.9016108,237.3815,loading
Fe8Cr8,50.0,0.9035849,0.9026208,238.1544,loading
Fe8Cr8,50.0,0.9045849,0.9036308,238.918,loading
Fe8Cr8,50.0,0.9055849,0.9046408,239.6815,loading
Fe8Cr8,50.0,0.9065849,0.9056508,240.446,loading
Fe8Cr8,50.0,0.9075849,0.9066608,241.2135,loading
Fe8Cr8,50.0,0.9085849,0.9076708,241.9825,loading
Fe8Cr8,50.0,0.9095849,0.9086808,242.7528,loading
Fe8Cr8,50.0,0.9105849,0.9096908,243.5262,loading
Fe8Cr8,50.0,0.9115849,0.9107008,244.2979,loading
Fe8Cr8,50.0,0.9125849,0.9117108,245.0722,loading
Fe8Cr8,50.0,0.9135849,0.9127208,245.848,loading
Fe8Cr8,50.0,0.9145849,0.9137308,246.6259,loading
Fe8Cr8,50.0,0.9155849,0.9147408,247.4061,loading
Fe8Cr8,50.0,0.9165849,0.9157508,248.1863,loading
Fe8Cr8,50.0,0.9175849,0.9167608,248.9674,loading
Fe8Cr8,50.0,0.9185849,0.9177708,249.7501,loading
Fe8Cr8,50.0,0.9195849,0.9187808,250.5347,loading
Fe8Cr8,50.0,0.9205849,0.9197908,251.3202,loading
Fe8Cr8,50.0,0.9215849,0.9208008,252.1068,loading
Fe8Cr8,50.0,0.9225849,0.9218108,252.8927,loading
Fe8Cr8,50.0,0.9235849,0.9228208,253.6795,loading
Fe8Cr8,50.0,0.9245849,0.9238308,254.4679,loading
Fe8Cr8,50.0,0.9255849,0.9248408,255.256,loading
Fe8Cr8,50.0,0.9265849,0.9258508,256.0417,loading
Fe8Cr8,50.0,0.9275849,0.9268608,256.8268,loading
Fe8Cr8,50.0,0.9285849,0.9278708,257.6139,loading
Fe8Cr8,50.0,0.9295849,0.9288808,258.4046,loading
Fe8Cr8,50.0,0.9305849,0.9298908,259.201,loading
Fe8Cr8,50.0,0.9315849,0.9309008,260.0019,loading
Fe8Cr8,50.0,0.9325849,0.9319108,260.8038,loading
Fe8Cr8,50.0,0.9335849,0.9329208,261.6077,loading
Fe8Cr8,50.0,0.9345849,0.9339308,262.4128,loading
Fe8Cr8,50.0,0.9355849,0.9349408,263.2197,loading
Fe8Cr8,50.0,0.9365849,0.9359508,264.0297,loading
Fe8Cr8,50.0,0.9375849,0.9369608,264.8409,loading
Fe8Cr8,50.0,0.9385849,0.9379708,265.6545,loading
Fe8Cr8,50.0,0.9395849,0.9389808,266.4672,loading
Fe8Cr8,50.0,0.9405849,0.9399908,267.2791,loading
Fe8Cr8,50.0,0.9415849,0.9410008,268.0911,loading
Fe8Cr8,50.0,0.9425849,0.9420108,268.9095,loading
Fe8Cr8,50.0,0.9435849,0.9430208,269.7321,loading
Fe8Cr8,50.0,0.9445849,0.9440308,270.5559,loading
Fe8Cr8,50.0,0.9455849,0.9450408,271.3802,loading
Fe8Cr8,50.0,0.9465849,0.9460508,272.2065,loading
Fe8Cr8,50.0,0.9475849,0.9470608,273.0348,loading
Fe8Cr8,50.0,0.9485849,0.9480708,273.8649,loading
Fe8Cr8,50.0,0.9495849,0.9490808,274.6974,loading
Fe8Cr8,50.0,0.9505849,0.9500908,275.5317,loading
Fe8Cr8,50.0,0.9515849,0.9511008,276.3654,loading
Fe8Cr8,50.0,0.9525849,0.9521108,277.1989,loading
Fe8Cr8,50.0,0.9535849,0.9531208,278.035,loading
Fe8Cr8,50.0,0.9545849,0.9541308,278.8728,loading
Fe8Cr8,50.0,0.9555849,0.9551408,279.7104,loading
Fe8Cr8,50.0,0.9565849,0.9561508,280.5501,loading
Fe8Cr8,50.0,0.9575849,0.9571608,281.392,loading
Fe8Cr8,50.0,0.9585849,0.9581708,282.2377,loading
Fe8Cr8,50.0,0.9595849,0.9591808,283.0836,loading
Fe8Cr8,50.0,0.9605849,0.9601908,283.9316,loading
Fe8Cr8,50.0,0.9615849,0.9612008,284.7818,loading
Fe8Cr8,50.0,0.9625849,0.9622108,285.6359,loading
Fe8Cr8,50.0,0.9635849,0.9632208,286.4926,loading
Fe8Cr8,50.0,0.9645849,0.9642307999999999,287.3499,loading
Fe8Cr8,50.0,0.9655849,0.9652408,288.2077,loading
Fe8Cr8,50.0,0.9665849,0.9662508,289.0649,loading
Fe8Cr8,50.0,0.9675849,0.9672608,289.9246,loading
Fe8Cr8,50.0,0.9685849,0.9682708,290.7876,loading
Fe8Cr8,50.0,0.9695849,0.9692807999999999,291.6516,loading
Fe8Cr8,50.0,0.9705849,0.9702908,292.5189,loading
Fe8Cr8,50.0,0.9715849,0.9713008,293.3869,loading
Fe8Cr8,50.0,0.9725849,0.9723108,294.2568,loading
Fe8Cr8,50.0,0.9735849,0.9733208,295.1294,loading
Fe8Cr8,50.0,0.9745849,0.9743307999999999,296.0022,loading
Fe8Cr8,50.0,0.9755849,0.9753408,296.8756,loading
Fe8Cr8,50.0,0.9765849,0.9763508,297.7491,loading
Fe8Cr8,50.0,0.9775849,0.9773608,298.6261,loading
Fe8Cr8,50.0,0.9785849,0.9783708,299.5054,loading
Fe8Cr8,50.0,0.9795849,0.9793807999999999,300.3866,loading
Fe8Cr8,50.0,0.9805849,0.9803908,301.2716,loading
Fe8Cr8,50.0,0.9815849,0.9814008,302.1545,loading
Fe8Cr8,50.0,0.9825849,0.9824108,303.039,loading
Fe8Cr8,50.0,0.9835849,0.9834208,303.9236,loading
Fe8Cr8,50.0,0.9845849,0.9844307999999999,304.8109,loading
Fe8Cr8,50.0,0.9855849,0.9854408,305.7008,loading
Fe8Cr8,50.0,0.9865849,0.9864508,306.5925,loading
Fe8Cr8,50.0,0.9875849,0.9874608,307.4866,loading
Fe8Cr8,50.0,0.9885849,0.9884708,308.3819,loading
Fe8Cr8,50.0,0.9895849,0.9894807999999999,309.2766,loading
Fe8Cr8,50.0,0.9905849,0.990491,310.1719,loading
Fe8Cr8,50.0,0.9915849,0.991501,311.0693,loading
Fe8Cr8,50.0,0.9925849,0.9925109999999999,311.9693,loading
Fe8Cr8,50.0,0.9935849,0.9935210000000001,312.8731,loading
Fe8Cr8,50.0,0.9945849,0.994531,313.776,loading
Fe8Cr8,50.0,0.9955849,0.995541,314.679,loading
Fe8Cr8,50.0,0.9965849,0.996551,315.5854,loading
Fe8Cr8,50.0,0.9975849,0.9975609999999999,316.4918,loading
Fe8Cr8,50.0,0.9985849,0.9985710000000001,317.3996,loading
Fe8Cr8,50.0,0.9995849,0.999581,318.3097,loading
Fe8Cr8,50.0,1.0,1.0,318.6293,loading
Fe8Cr8,50.0,1.00001,0.9999149999999999,318.4978,unloading
Fe8Cr8,50.0,1.00002,0.99983,318.411,unloading
Fe8Cr8,50.0,1.000035,0.9997020000000001,318.2825,unloading
Fe8Cr8,50.0,1.000057,0.999511,318.0941,unloading
Fe8Cr8,50.0,1.000091,0.9992239999999999,317.8122,unloading
Fe8Cr8,50.0,1.000142,0.998794,317.3957,unloading
Fe8Cr8,50.0,1.000218,0.998149,316.7863,unloading
Fe8Cr8,50.0,1.000332,0.99718,315.877,unloading
Fe8Cr8,50.0,1.000503,0.995728,314.5192,unloading
Fe8Cr8,50.0,1.000759,0.9935499999999999,312.4954,unloading
Fe8Cr8,50.0,1.001143,0.9902819999999999,309.4746,unloading
Fe8Cr8,50.0,1.00172,0.9853804,304.9819,unloading
Fe8Cr8,50.0,1.002585,0.9780281,298.3228,unloading
Fe8Cr8,50.0,1.003585,0.9695281,290.8887,unloading
Fe8Cr8,50.0,1.004585,0.9610280999999999,283.6743,unloading
Fe8Cr8,50.0,1.005585,0.9525281,276.5815,unloading
Fe8Cr8,50.0,1.006585,0.9440281,269.6107,unloading
Fe8Cr8,50.0,1.007585,0.9355281,262.7462,unloading
Fe8Cr8,50.0,1.008585,0.9270281,255.9889,unloading
Fe8Cr8,50.0,1.009585,0.9185281,249.3455,unloading
Fe8Cr8,50.0,1.010585,0.9100281,242.8141,unloading
Fe8Cr8,50.0,1.011585,0.9015280999999999,236.3945,unloading
Fe8Cr8,50.0,1.012585,0.8930281,230.0793,unloading
Fe8Cr8,50.0,1.013585,0.8845281,223.8725,unloading
Fe8Cr8,50.0,1.014585,0.8760281,217.7744,unloading
Fe8Cr8,50.0,1.015585,0.8675281,211.7852,unloading
Fe8Cr8,50.0,1.016585,0.8590281,205.9013,unloading
Fe8Cr8,50.0,1.017585,0.8505281,200.1221,unloading
Fe8Cr8,50.0,1.018585,0.8420281,194.45,unloading
Fe8Cr8,50.0,1.019585,0.8335281,188.8827,unloading
Fe8Cr8,50.0,1.020585,0.8250281,183.4176,unloading
Fe8Cr8,50.0,1.021585,0.8165281,178.0508,unloading
Fe8Cr8,50.0,1.022585,0.8080281,172.783,unloading
Fe8Cr8,50.0,1.023585,0.7995281,167.6108,unloading
Fe8Cr8,50.0,1.024585,0.7910281,162.5373,unloading
Fe8Cr8,50.0,1.025585,0.7825281,157.5609,unloading
Fe8Cr8,50.0,1.026585,0.7740281,152.6844,unloading
Fe8Cr8,50.0,1.027585,0.7655281,147.9031,unloading
Fe8Cr8,50.0,1.028585,0.7570281,143.2198,unloading
Fe8Cr8,50.0,1.029585,0.7485281,138.6323,unloading
Fe8Cr8,50.0,1.030585,0.7400281,134.1392,unloading
Fe8Cr8,50.0,1.031585,0.7315281,129.7423,unloading
Fe8Cr8,50.0,1.032585,0.7230281,125.4386,unloading
Fe8Cr8,50.0,1.033585,0.7145281,121.2298,unloading
Fe8Cr8,50.0,1.034585,0.7060280999999999,117.1113,unloading
Fe8Cr8,50.0,1.035585,0.6975281,113.0836,unloading
Fe8Cr8,50.0,1.036585,0.6890281,109.1463,unloading
Fe8Cr8,50.0,1.037585,0.6805281,105.2971,unloading
Fe8Cr8,50.0,1.038585,0.6720281,101.5349,unloading
Fe8Cr8,50.0,1.039585,0.6635281,97.85979,unloading
Fe8Cr8,50.0,1.040585,0.6550281,94.27298,unloading
Fe8Cr8,50.0,1.041585,0.6465280999999999,90.77041,unloading
Fe8Cr8,50.0,1.042585,0.6380281,87.353,unloading
Fe8Cr8,50.0,1.043585,0.6295281,84.01928,unloading
Fe8Cr8,50.0,1.044585,0.6210281,80.76928,unloading
Fe8Cr8,50.0,1.045585,0.6125281,77.60079,unloading
Fe8Cr8,50.0,1.046585,0.6040281,74.51534,unloading
Fe8Cr8,50.0,1.047585,0.5955281,71.50956,unloading
Fe8Cr8,50.0,1.048585,0.5870280999999999,68.58372,unloading
Fe8Cr8,50.0,1.049585,0.5785281,65.73592,unloading
Fe8Cr8,50.0,1.050585,0.5700281,62.96475,unloading
Fe8Cr8,50.0,1.051585,0.5615281,60.27026,unloading
Fe8Cr8,50.0,1.052585,0.5530281,57.65138,unloading
Fe8Cr8,50.0,1.053585,0.5445281,55.10665,unloading
Fe8Cr8,50.0,1.054585,0.5360281,52.63597,unloading
Fe8Cr8,50.0,1.055585,0.5275280999999999,50.23805,unloading
Fe8Cr8,50.0,1.056585,0.5190281,47.91084,unloading
Fe8Cr8,50.0,1.057585,0.5105281,45.65532,unloading
Fe8Cr8,50.0,1.058585,0.5020281,43.46946,unloading
Fe8Cr8,50.0,1.059585,0.4935281,41.353,unloading
Fe8Cr8,50.0,1.060585,0.4850281,39.30491,unloading
Fe8Cr8,50.0,1.061585,0.4765281,37.32525,unloading
Fe8Cr8,50.0,1.062585,0.4680281,35.41209,unloading
Fe8Cr8,50.0,1.063585,0.4595281,33.56342,unloading
Fe8Cr8,50.0,1.064585,0.4510281,31.77772,unloading
Fe8Cr8,50.0,1.065585,0.4425281,30.05469,unloading
Fe8Cr8,50.0,1.066585,0.4340281,28.39382,unloading
Fe8Cr8,50.0,1.067585,0.42552809999999996,26.79336,unloading
Fe8Cr8,50.0,1.068585,0.4170281,25.25201,unloading
Fe8Cr8,50.0,1.069585,0.4085281,23.76994,unloading
Fe8Cr8,50.0,1.070585,0.4000281,22.34527,unloading
Fe8Cr8,50.0,1.071585,0.3915281,20.97739,unloading
Fe8Cr8,50.0,1.072585,0.3830281,19.66454,unloading
Fe8Cr8,50.0,1.073585,0.3745281,18.40631,unloading
Fe8Cr8,50.0,1.074585,0.36602809999999997,17.20248,unloading
Fe8Cr8,50.0,1.075585,0.3575281,16.05171,unloading
Fe8Cr8,50.0,1.076585,0.3490281,14.95311,unloading
Fe8Cr8,50.0,1.077585,0.3405281,13.90483,unloading
Fe8Cr8,50.0,1.078585,0.3320281,12.90509,unloading
Fe8Cr8,50.0,1.079585,0.3235281,11.95403,unloading
Fe8Cr8,50.0,1.080585,0.3150281,11.04963,unloading
Fe8Cr8,50.0,1.081585,0.30652809999999997,10.19116,unloading
Fe8Cr8,50.0,1.082585,0.2980281,9.376894,unloading
Fe8Cr8,50.0,1.083585,0.2895281,8.606548,unloading
Fe8Cr8,50.0,1.084585,0.2810281,7.878394,unloading
Fe8Cr8,50.0,1.085585,0.2725281,7.192604,unloading
Fe8Cr8,50.0,1.086585,0.2640281,6.546697,unloading
Fe8Cr8,50.0,1.087585,0.2555281,5.94048,unloading
Fe8Cr8,50.0,1.088585,0.24702809999999997,5.371586,unloading
Fe8Cr8,50.0,1.089585,0.2385281,4.840733,unloading
Fe8Cr8,50.0,1.090585,0.23002809999999999,4.345499,unloading
Fe8Cr8,50.0,1.091585,0.22152809999999998,3.885695,unloading
Fe8Cr8,50.0,1.092585,0.2130281,3.458336,unloading
Fe8Cr8,50.0,1.093585,0.2045281,3.062422,unloading
Fe8Cr8,50.0,1.094585,0.19602809999999998,2.69704,unloading
Fe8Cr8,50.0,1.095585,0.1875281,2.360753,unloading
Fe8Cr8,50.0,1.096585,0.1790281,2.052471,unloading
Fe8Cr8,50.0,1.097585,0.1705281,1.771587,unloading
Fe8Cr8,50.0,1.098585,0.16202809999999998,1.51657,unloading
Fe8Cr8,50.0,1.099585,0.1535281,1.286347,unloading
Fe8Cr8,50.0,1.1,0.15,1.21045,unloading
Fe4Cr12,75.0,0.01058493,0.0006907800000000002,2.402646e-12,loading
Fe4Cr12,75.0,0.01158493,0.001700779999999999,1.709345e-12,loading
Fe4Cr12,75.0,0.01258493,0.0027107799999999994,1.86206e-12,loading
Fe4Cr12,75.0,0.01358493,0.00372078,2.050116e-12,loading
Fe4Cr12,75.0,0.01458493,0.00473078,6.176307e-13,loading
Fe4Cr12,75.0,0.01558493,0.005740779999999999,2.724898e-12,loading
Fe4Cr12,75.0,0.01658493,0.00675078,6.968378e-12,loading
Fe4Cr12,75.0,0.01758493,0.00776078,2.502858e-12,loading
Fe4Cr12,75.0,0.01858493,0.00877078,2.277231e-12,loading
Fe4Cr12,75.0,0.01958493,0.009780780000000001,2.907569e-12,loading
Fe4Cr12,75.0,0.02058493,0.010790779999999998,2.110239e-12,loading
Fe4Cr12,75.0,0.02158493,0.011800779999999999,5.175858e-13,loading
Fe4Cr12,75.0,0.02258493,0.012810779999999999,4.054712e-12,loading
Fe4Cr12,75.0,0.02358493,0.01382078,7.884469e-13,loading
Fe4Cr12,75.0,0.02458493,0.01483078,2.64165e-12,loading
Fe4Cr12,75.0,0.02558493,0.01584078,6.758263e-12,loading
Fe4Cr12,75.0,0.02658493,0.016850780000000003,4.021999e-12,loading
Fe4Cr12,75.0,0.02758493,0.01786078,4.724378e-12,loading
Fe4Cr12,75.0,0.02858493,0.018870779999999997,1.543883e-12,loading
Fe4Cr12,75.0,0.02958493,0.01988078,8.676699e-12,loading
Fe4Cr12,75.0,0.03058493,0.020890779999999998,5.035496e-12,loading
Fe4Cr12,75.0,0.03158493,0.021900779999999995,8.21319e-12,loading
Fe4Cr12,75.0,0.03258493,0.02291078,9.965515e-12,loading
Fe4Cr12,75.0,0.03358493,0.023920779999999996,1.371529e-11,loading
Fe4Cr12,75.0,0.03458493,0.02493078,7.455241e-12,loading
Fe4Cr12,75.0,0.03558493,0.025940779999999997,1.210243e-11,loading
Fe4Cr12,75.0,0.03658493,0.02695078,1.765461e-06,loading
Fe4Cr12,75.0,0.03758493,0.027960779999999998,5.782138e-05,loading
Fe4Cr12,75.0,0.03858493,0.028970779999999995,0.0001342568,loading
Fe4Cr12,75.0,0.03958493,0.02998078,0.0002225602,loading
Fe4Cr12,75.0,0.04058493,0.030990779999999996,0.0002990288,loading
Fe4Cr12,75.0,0.04158493,0.03200078,0.0004452205,loading
Fe4Cr12,75.0,0.04258493,0.033010779999999997,0.0005523283,loading
Fe4Cr12,75.0,0.04358493,0.03402078,0.0006105937,loading
Fe4Cr12,75.0,0.04458493,0.03503078,0.0006702025,loading
Fe4Cr12,75.0,0.04558493,0.03604078,0.0008160208,loading
Fe4Cr12,75.0,0.04658493,0.03705078,0.0009535562,loading
Fe4Cr12,75.0,0.04758493,0.038060779999999995,0.001074131,loading
Fe4Cr12,75.0,0.04858493,0.03907078,0.001235161,loading
Fe4Cr12,75.0,0.04958493,0.040080779999999996,0.001411267,loading
Fe4Cr12,75.0,0.05058493,0.04109078,0.001473983,loading
Fe4Cr12,75.0,0.05158493,0.04210078,0.001605673,loading
Fe4Cr12,75.0,0.05258493,0.04311078,0.001697628,loading
Fe4Cr12,75.0,0.05358493,0.04412078,0.001860778,loading
Fe4Cr12,75.0,0.05458493,0.045130779999999995,0.00215621,loading
Fe4Cr12,75.0,0.05558493,0.04614078,0.002287653,loading
Fe4Cr12,75.0,0.05658493,0.047150779999999996,0.002415227,loading
Fe4Cr12,75.0,0.05758493,0.04816078,0.002595507,loading
Fe4Cr12,75.0,0.05858493,0.04917078,0.002843987,loading
Fe4Cr12,75.0,0.05958493,0.05018078,0.003058172,loading
Fe4Cr12,75.0,0.06058493,0.05119078,0.003228262,loading
Fe4Cr12,75.0,0.06158493,0.052200779999999995,0.003433934,loading
Fe4Cr12,75.0,0.06258493,0.05321077999999999,0.003697386,loading
Fe4Cr12,75.0,0.06358493,0.05422078,0.003933602,loading
Fe4Cr12,75.0,0.06458493,0.05523078,0.004181608,loading
Fe4Cr12,75.0,0.06558493,0.05624078,0.004450553,loading
Fe4Cr12,75.0,0.06658493,0.057250779999999994,0.004719482,loading
Fe4Cr12,75.0,0.06758493,0.05826077999999999,0.005013834,loading
Fe4Cr12,75.0,0.06858493,0.05927078,0.005293459,loading
Fe4Cr12,75.0,0.06958493,0.06028078,0.005701583,loading
Fe4Cr12,75.0,0.07058493,0.061290779999999996,0.006080682,loading
Fe4Cr12,75.0,0.07158493,0.06230077999999999,0.00636485,loading
Fe4Cr12,75.0,0.07258493,0.06331078000000001,0.006656992,loading
Fe4Cr12,75.0,0.07358493,0.06432078000000001,0.007078908,loading
Fe4Cr12,75.0,0.07458493,0.06533078,0.007579532,loading
Fe4Cr12,75.0,0.07558493,0.06634078,0.008080033,loading
Fe4Cr12,75.0,0.07658493,0.06735078,0.008611845,loading
Fe4Cr12,75.0,0.07758493,0.06836078000000001,0.009204043,loading
Fe4Cr12,75.0,0.07858493,0.06937078,0.009649238,loading
Fe4Cr12,75.0,0.07958493,0.07038078,0.01023189,loading
Fe4Cr12,75.0,0.08058493,0.07139078,0.01088837,loading
Fe4Cr12,75.0,0.08158493,0.07240078000000001,0.01171148,loading
Fe4Cr12,75.0,0.08258493,0.07341078000000001,0.01258623,loading
Fe4Cr12,75.0,0.08358493,0.07442078,0.01339555,loading
Fe4Cr12,75.0,0.08458493,0.07543078,0.0143581,loading
Fe4Cr12,75.0,0.08558493,0.07644078,0.01551641,loading
Fe4Cr12,75.0,0.08658493,0.07745078000000001,0.01679575,loading
Fe4Cr12,75.0,0.08758493,0.07846078000000001,0.01815725,loading
Fe4Cr12,75.0,0.08858493,0.07947078,0.01979235,loading
Fe4Cr12,75.0,0.08958493,0.08048078,0.0217092,loading
Fe4Cr12,75.0,0.09058493,0.08149078,0.02395246,loading
Fe4Cr12,75.0,0.09158493,0.08250078000000001,0.02662355,loading
Fe4Cr12,75.0,0.09258493,0.08351078,0.02996847,loading
Fe4Cr12,75.0,0.09358493,0.08452078,0.03411021,loading
Fe4Cr12,75.0,0.09458493,0.08553078,0.03953738,loading
Fe4Cr12,75.0,0.09558493,0.08654078000000001,0.04691834,loading
Fe4Cr12,75.0,0.09658493,0.08755078000000001,0.05752828,loading
Fe4Cr12,75.0,0.09758493,0.08856078,0.07440866,loading
Fe4Cr12,75.0,0.09858493,0.08957078,0.1050163,loading
Fe4Cr12,75.0,0.09958493,0.0905808,0.1781595,loading
Fe4Cr12,75.0,0.1,0.09100000000000001,0.2507819,loading
Fe4Cr12,75.0,0.10001,0.09101010000000001,0.2506542,loading
Fe4Cr12,75.0,0.10002,0.09102020000000001,0.250746,loading
Fe4Cr12,75.0,0.100035,0.0910353,0.250888,loading
Fe4Cr12,75.0,0.1000575,0.0910581,0.2511009,loading
Fe4Cr12,75.0,0.1000913,0.0910922,0.2514203,loading
Fe4Cr12,75.0,0.1001419,0.09114330000000001,0.2518994,loading
Fe4Cr12,75.0,0.1002178,0.09122000000000001,0.2526185,loading
Fe4Cr12,75.0,0.1003317,0.091335,0.2536974,loading
Fe4Cr12,75.0,0.1005026,0.09150760000000001,0.2553217,loading
Fe4Cr12,75.0,0.1007589,0.0917665,0.257774,loading
Fe4Cr12,75.0,0.1011433,0.0921547,0.2614678,loading
Fe4Cr12,75.0,0.10172,0.0927372,0.2671094,loading
Fe4Cr12,75.0,0.1025849,0.09361080000000001,0.2757719,loading
Fe4Cr12,75.0,0.1035849,0.0946208,0.2859239,loading
Fe4Cr12,75.0,0.1045849,0.0956308,0.2961719,loading
Fe4Cr12,75.0,0.1055849,0.0966408,0.3067603,loading
Fe4Cr12,75.0,0.1065849,0.09765080000000001,0.3173877,loading
Fe4Cr12,75.0,0.1075849,0.0986608,0.3281494,loading
Fe4Cr12,75.0,0.1085849,0.0996708,0.3391859,loading
Fe4Cr12,75.0,0.1095849,0.1006808,0.3505643,loading
Fe4Cr12,75.0,0.1105849,0.10169080000000001,0.3621851,loading
Fe4Cr12,75.0,0.1115849,0.10270080000000001,0.3739588,loading
Fe4Cr12,75.0,0.1125849,0.1037108,0.3859783,loading
Fe4Cr12,75.0,0.1135849,0.1047208,0.3982918,loading
Fe4Cr12,75.0,0.1145849,0.1057308,0.4108125,loading
Fe4Cr12,75.0,0.1155849,0.10674080000000001,0.4235534,loading
Fe4Cr12,75.0,0.1165849,0.10775080000000001,0.4365683,loading
Fe4Cr12,75.0,0.1175849,0.1087608,0.4498324,loading
Fe4Cr12,75.0,0.1185849,0.1097708,0.4633216,loading
Fe4Cr12,75.0,0.1195849,0.1107808,0.4770703,loading
Fe4Cr12,75.0,0.1205849,0.11179080000000001,0.4910964,loading
Fe4Cr12,75.0,0.1215849,0.1128008,0.5053253,loading
Fe4Cr12,75.0,0.1225849,0.1138108,0.5198538,loading
Fe4Cr12,75.0,0.1235849,0.1148208,0.5346413,loading
Fe4Cr12,75.0,0.1245849,0.1158308,0.5496063,loading
Fe4Cr12,75.0,0.1255849,0.11684080000000001,0.5649106,loading
Fe4Cr12,75.0,0.1265849,0.11785079999999999,0.5806251,loading
Fe4Cr12,75.0,0.1275849,0.1188608,0.5965202,loading
Fe4Cr12,75.0,0.1285849,0.11987080000000001,0.6125251,loading
Fe4Cr12,75.0,0.1295849,0.1208808,0.6287356,loading
Fe4Cr12,75.0,0.1305849,0.12189080000000001,0.6452916,loading
Fe4Cr12,75.0,0.1315849,0.12290080000000002,0.6623047,loading
Fe4Cr12,75.0,0.1325849,0.1239108,0.6795172,loading
Fe4Cr12,75.0,0.1335849,0.12492080000000001,0.6972307,loading
Fe4Cr12,75.0,0.1345849,0.12593079999999998,0.7149634,loading
Fe4Cr12,75.0,0.1355849,0.1269408,0.7328277,loading
Fe4Cr12,75.0,0.1365849,0.1279508,0.751167,loading
Fe4Cr12,75.0,0.1375849,0.1289608,0.7698721,loading
Fe4Cr12,75.0,0.1385849,0.1299708,0.7888642,loading
Fe4Cr12,75.0,0.1395849,0.13098079999999998,0.8080683,loading
Fe4Cr12,75.0,0.1405849,0.1319908,0.8275971,loading
Fe4Cr12,75.0,0.1415849,0.1330008,0.8474476,loading
Fe4Cr12,75.0,0.1425849,0.13401079999999999,0.8675545,loading
Fe4Cr12,75.0,0.1435849,0.1350208,0.8879808,loading
Fe4Cr12,75.0,0.1445849,0.13603079999999998,0.9087358,loading
Fe4Cr12,75.0,0.1455849,0.1370408,0.9297696,loading
Fe4Cr12,75.0,0.1465849,0.1380508,0.9510226,loading
Fe4Cr12,75.0,0.1475849,0.13906079999999998,0.9727427,loading
Fe4Cr12,75.0,0.1485849,0.1400708,0.9947293,loading
Fe4Cr12,75.0,0.1495849,0.14108079999999998,1.016964,loading
Fe4Cr12,75.0,0.1505849,0.1420908,1.039597,loading
Fe4Cr12,75.0,0.1515849,0.1431008,1.062523,loading
Fe4Cr12,75.0,0.1525849,0.14411079999999998,1.085751,loading
Fe4Cr12,75.0,0.1535849,0.1451208,1.109312,loading
Fe4Cr12,75.0,0.1545849,0.14613079999999998,1.133321,loading
Fe4Cr12,75.0,0.1555849,0.1471408,1.157671,loading
Fe4Cr12,75.0,0.1565849,0.1481508,1.182145,loading
Fe4Cr12,75.0,0.1575849,0.14916079999999998,1.206855,loading
Fe4Cr12,75.0,0.1585849,0.1501708,1.231868,loading
Fe4Cr12,75.0,0.1595849,0.1511808,1.257563,loading
Fe4Cr12,75.0,0.1605849,0.1521908,1.28341,loading
Fe4Cr12,75.0,0.1615849,0.1532008,1.309924,loading
Fe4Cr12,75.0,0.1625849,0.15421079999999998,1.336518,loading
Fe4Cr12,75.0,0.1635849,0.1552208,1.363176,loading
Fe4Cr12,75.0,0.1645849,0.1562308,1.390344,loading
Fe4Cr12,75.0,0.1655849,0.1572408,1.418038,loading
Fe4Cr12,75.0,0.1665849,0.1582508,1.44601,loading
Fe4Cr12,75.0,0.1675849,0.15926079999999998,1.474251,loading
Fe4Cr12,75.0,0.1685849,0.1602708,1.502938,loading
Fe4Cr12,75.0,0.1695849,0.1612808,1.531915,loading
Fe4Cr12,75.0,0.1705849,0.16229079999999999,1.561228,loading
Fe4Cr12,75.0,0.1715849,0.1633008,1.591,loading
Fe4Cr12,75.0,0.1725849,0.16431079999999998,1.621082,loading
Fe4Cr12,75.0,0.1735849,0.1653208,1.651389,loading
Fe4Cr12,75.0,0.1745849,0.1663308,1.682191,loading
Fe4Cr12,75.0,0.1755849,0.16734079999999998,1.713454,loading
Fe4Cr12,75.0,0.1765849,0.1683508,1.744969,loading
Fe4Cr12,75.0,0.1775849,0.16936079999999998,1.77675,loading
Fe4Cr12,75.0,0.1785849,0.1703708,1.809086,loading
Fe4Cr12,75.0,0.1795849,0.1713808,1.841703,loading
Fe4Cr12,75.0,0.1805849,0.17239079999999998,1.874725,loading
Fe4Cr12,75.0,0.1815849,0.1734008,1.90803,loading
Fe4Cr12,75.0,0.1825849,0.1744108,1.941843,loading
Fe4Cr12,75.0,0.1835849,0.1754208,1.976198,loading
Fe4Cr12,75.0,0.1845849,0.1764308,2.010687,loading
Fe4Cr12,75.0,0.1855849,0.17744079999999998,2.045456,loading
Fe4Cr12,75.0,0.1865849,0.1784508,2.080515,loading
Fe4Cr12,75.0,0.1875849,0.1794608,2.116288,loading
Fe4Cr12,75.0,0.1885849,0.1804708,2.152377,loading
Fe4Cr12,75.0,0.1895849,0.1814808,2.189117,loading
Fe4Cr12,75.0,0.1905849,0.18249079999999998,2.226096,loading
Fe4Cr12,75.0,0.1915849,0.1835008,2.263086,loading
Fe4Cr12,75.0,0.1925849,0.1845108,2.300608,loading
Fe4Cr12,75.0,0.1935849,0.18552079999999999,2.338798,loading
Fe4Cr12,75.0,0.1945849,0.1865308,2.377258,loading
Fe4Cr12,75.0,0.1955849,0.18754079999999998,2.41614,loading
Fe4Cr12,75.0,0.1965849,0.1885508,2.45538,loading
Fe4Cr12,75.0,0.1975849,0.1895608,2.494997,loading
Fe4Cr12,75.0,0.1985849,0.19057079999999998,2.535184,loading
Fe4Cr12,75.0,0.1995849,0.1915808,2.575705,loading
Fe4Cr12,75.0,0.2,0.192,2.589898,loading
Fe4Cr12,75.0,0.20001,0.1920101,2.588387,loading
Fe4Cr12,75.0,0.20002,0.1920202,2.588784,loading
Fe4Cr12,75.0,0.200035,0.1920353,2.589419,loading
Fe4Cr12,75.0,0.2000575,0.19205809999999998,2.590372,loading
Fe4Cr12,75.0,0.2000912,0.1920922,2.591801,loading
Fe4Cr12,75.0,0.2001419,0.1921433,2.593945,loading
Fe4Cr12,75.0,0.2002178,0.19222,2.597162,loading
Fe4Cr12,75.0,0.2003317,0.19233499999999998,2.601985,loading
Fe4Cr12,75.0,0.2005026,0.1925076,2.609224,loading
Fe4Cr12,75.0,0.2007589,0.19276649999999998,2.620086,loading
Fe4Cr12,75.0,0.2011433,0.19315469999999998,2.636488,loading
Fe4Cr12,75.0,0.20172,0.1937372,2.661198,loading
Fe4Cr12,75.0,0.2025849,0.1946108,2.698891,loading
Fe4Cr12,75.0,0.2035849,0.19562079999999998,2.741879,loading
Fe4Cr12,75.0,0.2045849,0.1966308,2.784415,loading
Fe4Cr12,75.0,0.2055849,0.19764079999999998,2.827269,loading
Fe4Cr12,75.0,0.2065849,0.1986508,2.870758,loading
Fe4Cr12,75.0,0.2075849,0.1996608,2.914575,loading
Fe4Cr12,75.0,0.2085849,0.20067079999999998,2.958879,loading
Fe4Cr12,75.0,0.2095849,0.2016808,3.0035,loading
Fe4Cr12,75.0,0.2105849,0.2026908,3.048628,loading
Fe4Cr12,75.0,0.2115849,0.2037008,3.094416,loading
Fe4Cr12,75.0,0.2125849,0.2047108,3.140512,loading
Fe4Cr12,75.0,0.2135849,0.20572079999999998,3.186844,loading
Fe4Cr12,75.0,0.2145849,0.2067308,3.233456,loading
Fe4Cr12,75.0,0.2155849,0.2077408,3.2807,loading
Fe4Cr12,75.0,0.2165849,0.2087508,3.328639,loading
Fe4Cr12,75.0,0.2175849,0.2097608,3.37698,loading
Fe4Cr12,75.0,0.2185849,0.21077079999999998,3.425866,loading
Fe4Cr12,75.0,0.2195849,0.2117808,3.474808,loading
Fe4Cr12,75.0,0.2205849,0.2127908,3.524128,loading
Fe4Cr12,75.0,0.2215849,0.21380079999999999,3.574264,loading
Fe4Cr12,75.0,0.2225849,0.2148108,3.624749,loading
Fe4Cr12,75.0,0.2235849,0.21582079999999998,3.675661,loading
Fe4Cr12,75.0,0.2245849,0.2168308,3.72694,loading
Fe4Cr12,75.0,0.2255849,0.2178408,3.778915,loading
Fe4Cr12,75.0,0.2265849,0.21885079999999998,3.83132,loading
Fe4Cr12,75.0,0.2275849,0.2198608,3.884033,loading
Fe4Cr12,75.0,0.2285849,0.22087079999999998,3.93698,loading
Fe4Cr12,75.0,0.2295849,0.2218808,3.990641,loading
Fe4Cr12,75.0,0.2305849,0.2228908,4.044967,loading
Fe4Cr12,75.0,0.2315849,0.22390079999999998,4.099877,loading
Fe4Cr12,75.0,0.2325849,0.2249108,4.15499,loading
Fe4Cr12,75.0,0.2335849,0.2259208,4.210339,loading
Fe4Cr12,75.0,0.2345849,0.2269308,4.266291,loading
Fe4Cr12,75.0,0.2355849,0.2279408,4.322962,loading
Fe4Cr12,75.0,0.2365849,0.22895079999999998,4.379966,loading
Fe4Cr12,75.0,0.2375849,0.2299608,4.437289,loading
Fe4Cr12,75.0,0.2385849,0.2309708,4.495343,loading
Fe4Cr12,75.0,0.2395849,0.2319808,4.553905,loading
Fe4Cr12,75.0,0.2405849,0.2329908,4.613092,loading
Fe4Cr12,75.0,0.2415849,0.23400079999999998,4.67247,loading
Fe4Cr12,75.0,0.2425849,0.2350108,4.732181,loading
Fe4Cr12,75.0,0.2435849,0.2360208,4.79242,loading
Fe4Cr12,75.0,0.2445849,0.23703079999999999,4.853416,loading
Fe4Cr12,75.0,0.2455849,0.2380408,4.915127,loading
Fe4Cr12,75.0,0.2465849,0.23905079999999998,4.977064,loading
Fe4Cr12,75.0,0.2475849,0.24006080000000002,5.039512,loading
Fe4Cr12,75.0,0.2485849,0.24107079999999997,5.102437,loading
Fe4Cr12,75.0,0.2495849,0.24208079999999998,5.166176,loading
Fe4Cr12,75.0,0.2505849,0.2430908,5.230316,loading
Fe4Cr12,75.0,0.2515849,0.2441008,5.294946,loading
Fe4Cr12,75.0,0.2525849,0.24511080000000002,5.359963,loading
Fe4Cr12,75.0,0.2535849,0.24612079999999997,5.425915,loading
Fe4Cr12,75.0,0.2545849,0.24713079999999998,5.492387,loading
Fe4Cr12,75.0,0.2555849,0.2481408,5.558937,loading
Fe4Cr12,75.0,0.2565849,0.2491508,5.626004,loading
Fe4Cr12,75.0,0.2575849,0.2501608,5.69362,loading
Fe4Cr12,75.0,0.2585849,0.25117079999999997,5.762038,loading
Fe4Cr12,75.0,0.2595849,0.2521808,5.831302,loading
Fe4Cr12,75.0,0.2605849,0.2531908,5.900916,loading
Fe4Cr12,75.0,0.2615849,0.2542008,5.970846,loading
Fe4Cr12,75.0,0.2625849,0.2552108,6.041176,loading
Fe4Cr12,75.0,0.2635849,0.25622079999999997,6.112353,loading
Fe4Cr12,75.0,0.2645849,0.2572308,6.184143,loading
Fe4Cr12,75.0,0.2655849,0.2582408,6.256389,loading
Fe4Cr12,75.0,0.2665849,0.2592508,6.329226,loading
Fe4Cr12,75.0,0.2675849,0.2602608,6.402498,loading
Fe4Cr12,75.0,0.2685849,0.26127079999999997,6.476707,loading
Fe4Cr12,75.0,0.2695849,0.2622808,6.551191,loading
Fe4Cr12,75.0,0.2705849,0.2632908,6.626023,loading
Fe4Cr12,75.0,0.2715849,0.2643008,6.701448,loading
Fe4Cr12,75.0,0.2725849,0.2653108,6.777799,loading
Fe4Cr12,75.0,0.2735849,0.26632079999999997,6.85464,loading
Fe4Cr12,75.0,0.2745849,0.2673308,6.931968,loading
Fe4Cr12,75.0,0.2755849,0.2683408,7.009644,loading
Fe4Cr12,75.0,0.2765849,0.2693508,7.088231,loading
Fe4Cr12,75.0,0.2775849,0.2703608,7.167281,loading
Fe4Cr12,75.0,0.2785849,0.27137079999999997,7.246889,loading
Fe4Cr12,75.0,0.2795849,0.2723808,7.327087,loading
Fe4Cr12,75.0,0.2805849,0.2733908,7.407759,loading
Fe4Cr12,75.0,0.2815849,0.2744008,7.489196,loading
Fe4Cr12,75.0,0.2825849,0.2754108,7.571582,loading
Fe4Cr12,75.0,0.2835849,0.27642079999999997,7.654026,loading
Fe4Cr12,75.0,0.2845849,0.2774308,7.736693,loading
Fe4Cr12,75.0,0.2855849,0.2784408,7.820396,loading
Fe4Cr12,75.0,0.2865849,0.2794508,7.904457,loading
Fe4Cr12,75.0,0.2875849,0.2804608,7.989699,loading
Fe4Cr12,75.0,0.2885849,0.28147079999999997,8.075475,loading
Fe4Cr12,75.0,0.2895849,0.2824808,8.161667,loading
Fe4Cr12,75.0,0.2905849,0.2834908,8.248052,loading
Fe4Cr12,75.0,0.2915849,0.2845008,8.335182,loading
Fe4Cr12,75.0,0.2925849,0.2855108,8.42316,loading
Fe4Cr12,75.0,0.2935849,0.28652079999999996,8.511713,loading
Fe4Cr12,75.0,0.2945849,0.2875308,8.600894,loading
Fe4Cr12,75.0,0.2955849,0.2885408,8.690519,loading
Fe4Cr12,75.0,0.2965849,0.2895508,8.781026,loading
Fe4Cr12,75.0,0.2975849,0.2905608,8.871998,loading
Fe4Cr12,75.0,0.2985849,0.2915708,8.963377,loading
Fe4Cr12,75.0,0.2995849,0.2925808,9.055516,loading
Fe4Cr12,75.0,0.3,0.293,9.087505,loading
Fe4Cr12,75.0,0.30001,0.2930101,9.083812,loading
Fe4Cr12,75.0,0.30002,0.2930202,9.084698,loading
Fe4Cr12,75.0,0.300035,0.2930353,9.086148,loading
Fe4Cr12,75.0,0.3000575,0.2930581,9.088329,loading
Fe4Cr12,75.0,0.3000913,0.29309219999999997,9.091598,loading
Fe4Cr12,75.0,0.3001419,0.2931433,9.096505,loading
Fe4Cr12,75.0,0.3002178,0.29322,9.103863,loading
Fe4Cr12,75.0,0.3003317,0.293335,9.114902,loading
Fe4Cr12,75.0,0.3005026,0.2935076,9.131467,loading
Fe4Cr12,75.0,0.3007589,0.2937665,9.156319,loading
Fe4Cr12,75.0,0.3011433,0.2941547,9.193607,loading
Fe4Cr12,75.0,0.30172,0.2947372,9.249752,loading
Fe4Cr12,75.0,0.3025849,0.2956108,9.334185,loading
Fe4Cr12,75.0,0.3035849,0.2966208,9.430507,loading
Fe4Cr12,75.0,0.3045849,0.2976308,9.525785,loading
Fe4Cr12,75.0,0.3055849,0.2986408,9.621728,loading
Fe4Cr12,75.0,0.3065849,0.2996508,9.718218,loading
Fe4Cr12,75.0,0.3075849,0.3006608,9.815422,loading
Fe4Cr12,75.0,0.3085849,0.3016708,9.913228,loading
Fe4Cr12,75.0,0.3095849,0.30268079999999997,10.0115,loading
Fe4Cr12,75.0,0.3105849,0.3036908,10.11115,loading
Fe4Cr12,75.0,0.3115849,0.3047008,10.21098,loading
Fe4Cr12,75.0,0.3125849,0.3057108,10.31086,loading
Fe4Cr12,75.0,0.3135849,0.3067208,10.4118,loading
Fe4Cr12,75.0,0.3145849,0.30773079999999997,10.51312,loading
Fe4Cr12,75.0,0.3155849,0.3087408,10.61559,loading
Fe4Cr12,75.0,0.3165849,0.3097508,10.71892,loading
Fe4Cr12,75.0,0.3175849,0.3107608,10.82284,loading
Fe4Cr12,75.0,0.3185849,0.3117708,10.92695,loading
Fe4Cr12,75.0,0.3195849,0.31278079999999997,11.03146,loading
Fe4Cr12,75.0,0.3205849,0.3137908,11.13696,loading
Fe4Cr12,75.0,0.3215849,0.3148008,11.2434,loading
Fe4Cr12,75.0,0.3225849,0.3158108,11.35031,loading
Fe4Cr12,75.0,0.3235849,0.3168208,11.45783,loading
Fe4Cr12,75.0,0.3245849,0.31783079999999997,11.56611,loading
Fe4Cr12,75.0,0.3255849,0.3188408,11.67505,loading
Fe4Cr12,75.0,0.3265849,0.3198508,11.78443,loading
Fe4Cr12,75.0,0.3275849,0.3208608,11.89469,loading
Fe4Cr12,75.0,0.3285849,0.3218708,12.00567,loading
Fe4Cr12,75.0,0.3295849,0.32288079999999997,12.1171,loading
Fe4Cr12,75.0,0.3305849,0.3238908,12.22932,loading
Fe4Cr12,75.0,0.3315849,0.3249008,12.3423,loading
Fe4Cr12,75.0,0.3325849,0.3259108,12.45588,loading
Fe4Cr12,75.0,0.3335849,0.3269208,12.57009,loading
Fe4Cr12,75.0,0.3345849,0.32793079999999997,12.68502,loading
Fe4Cr12,75.0,0.3355849,0.3289408,12.80074,loading
Fe4Cr12,75.0,0.3365849,0.3299508,12.91708,loading
Fe4Cr12,75.0,0.3375849,0.3309608,13.03383,loading
Fe4Cr12,75.0,0.3385849,0.3319708,13.15202,loading
Fe4Cr12,75.0,0.3395849,0.33298079999999997,13.27069,loading
Fe4Cr12,75.0,0.3405849,0.3339908,13.38948,loading
Fe4Cr12,75.0,0.3415849,0.3350008,13.50885,loading
Fe4Cr12,75.0,0.3425849,0.3360108,13.62924,loading
Fe4Cr12,75.0,0.3435849,0.3370208,13.75021,loading
Fe4Cr12,75.0,0.3445849,0.33803079999999996,13.87246,loading
Fe4Cr12,75.0,0.3455849,0.3390408,13.99552,loading
Fe4Cr12,75.0,0.3465849,0.3400508,14.11892,loading
Fe4Cr12,75.0,0.3475849,0.3410608,14.24256,loading
Fe4Cr12,75.0,0.3485849,0.3420708,14.36702,loading
Fe4Cr12,75.0,0.3495849,0.34308079999999996,14.49243,loading
Fe4Cr12,75.0,0.3505849,0.3440908,14.61875,loading
Fe4Cr12,75.0,0.3515849,0.3451008,14.74556,loading
Fe4Cr12,75.0,0.3525849,0.3461108,14.8731,loading
Fe4Cr12,75.0,0.3535849,0.3471208,15.00149,loading
Fe4Cr12,75.0,0.3545849,0.3481308,15.13033,loading
Fe4Cr12,75.0,0.3555849,0.3491408,15.26016,loading
Fe4Cr12,75.0,0.3565849,0.3501508,15.39051,loading
Fe4Cr12,75.0,0.3575849,0.3511608,15.5217,loading
Fe4Cr12,75.0,0.3585849,0.3521708,15.65351,loading
Fe4Cr12,75.0,0.3595849,0.3531808,15.78631,loading
Fe4Cr12,75.0,0.3605849,0.3541908,15.91963,loading
Fe4Cr12,75.0,0.3615849,0.3552008,16.05352,loading
Fe4Cr12,75.0,0.3625849,0.3562108,16.18841,loading
Fe4Cr12,75.0,0.3635849,0.3572208,16.32402,loading
Fe4Cr12,75.0,0.3645849,0.3582308,16.46024,loading
Fe4Cr12,75.0,0.3655849,0.35924079999999997,16.59709,loading
Fe4Cr12,75.0,0.3665849,0.3602508,16.73512,loading
Fe4Cr12,75.0,0.3675849,0.3612608,16.87408,loading
Fe4Cr12,75.0,0.3685849,0.3622708,17.01329,loading
Fe4Cr12,75.0,0.3695849,0.3632808,17.15259,loading
Fe4Cr12,75.0,0.3705849,0.36429079999999997,17.29333,loading
Fe4Cr12,75.0,0.3715849,0.3653008,17.43463,loading
Fe4Cr12,75.0,0.3725849,0.3663108,17.57709,loading
Fe4Cr12,75.0,0.3735849,0.3673208,17.72048,loading
Fe4Cr12,75.0,0.3745849,0.3683308,17.86467,loading
Fe4Cr12,75.0,0.3755849,0.36934079999999997,18.0093,loading
Fe4Cr12,75.0,0.3765849,0.3703508,18.15442,loading
Fe4Cr12,75.0,0.3775849,0.3713608,18.3007,loading
Fe4Cr12,75.0,0.3785849,0.3723708,18.44785,loading
Fe4Cr12,75.0,0.3795849,0.3733808,18.59573,loading
Fe4Cr12,75.0,0.3805849,0.37439079999999997,18.74436,loading
Fe4Cr12,75.0,0.3815849,0.3754008,18.89377,loading
Fe4Cr12,75.0,0.3825849,0.3764108,19.04381,loading
Fe4Cr12,75.0,0.3835849,0.3774208,19.19481,loading
Fe4Cr12,75.0,0.3845849,0.3784308,19.34644,loading
Fe4Cr12,75.0,0.3855849,0.37944079999999997,19.49879,loading
Fe4Cr12,75.0,0.3865849,0.3804508,19.65216,loading
Fe4Cr12,75.0,0.3875849,0.3814608,19.80631,loading
Fe4Cr12,75.0,0.3885849,0.3824708,19.96092,loading
Fe4Cr12,75.0,0.3895849,0.3834808,20.1165,loading
Fe4Cr12,75.0,0.3905849,0.38449079999999997,20.27298,loading
Fe4Cr12,75.0,0.3915849,0.3855008,20.43049,loading
Fe4Cr12,75.0,0.3925849,0.3865108,20.58846,loading
Fe4Cr12,75.0,0.3935849,0.3875208,20.74713,loading
Fe4Cr12,75.0,0.3945849,0.3885308,20.90684,loading
Fe4Cr12,75.0,0.3955849,0.38954079999999996,21.06769,loading
Fe4Cr12,75.0,0.3965849,0.3905508,21.22911,loading
Fe4Cr12,75.0,0.3975849,0.3915608,21.39066,loading
Fe4Cr12,75.0,0.3985849,0.3925708,21.55308,loading
Fe4Cr12,75.0,0.3995849,0.3935808,21.71664,loading
Fe4Cr12,75.0,0.4,0.394,21.77352,loading
Fe4Cr12,75.0,0.40001,0.3940101,21.76737,loading
Fe4Cr12,75.0,0.40002,0.3940202,21.76892,loading
Fe4Cr12,75.0,0.400035,0.3940353,21.77148,loading
Fe4Cr12,75.0,0.4000575,0.39405809999999997,21.77533,loading
Fe4Cr12,75.0,0.4000913,0.3940922,21.78111,loading
Fe4Cr12,75.0,0.4001419,0.3941433,21.78978,loading
Fe4Cr12,75.0,0.4002178,0.39422,21.80278,loading
Fe4Cr12,75.0,0.4003317,0.394335,21.82228,loading
Fe4Cr12,75.0,0.4005026,0.3945076,21.85153,loading
Fe4Cr12,75.0,0.4007589,0.39476649999999996,21.89541,loading
Fe4Cr12,75.0,0.4011433,0.39515469999999997,21.96137,loading
Fe4Cr12,75.0,0.40172,0.3957372,22.06072,loading
Fe4Cr12,75.0,0.4025849,0.3966108,22.21036,loading
Fe4Cr12,75.0,0.4035849,0.3976208,22.38018,loading
Fe4Cr12,75.0,0.4045849,0.3986308,22.54778,loading
Fe4Cr12,75.0,0.4055849,0.3996408,22.71575,loading
Fe4Cr12,75.0,0.4065849,0.4006508,22.8851,loading
Fe4Cr12,75.0,0.4075849,0.4016608,23.05552,loading
Fe4Cr12,75.0,0.4085849,0.4026708,23.22654,loading
Fe4Cr12,75.0,0.4095849,0.4036808,23.39837,loading
Fe4Cr12,75.0,0.4105849,0.4046908,23.57099,loading
Fe4Cr12,75.0,0.4115849,0.4057008,23.74447,loading
Fe4Cr12,75.0,0.4125849,0.4067108,23.9187,loading
Fe4Cr12,75.0,0.4135849,0.4077208,24.09385,loading
Fe4Cr12,75.0,0.4145849,0.4087308,24.26996,loading
Fe4Cr12,75.0,0.4155849,0.4097408,24.44675,loading
Fe4Cr12,75.0,0.4165849,0.41075079999999997,24.62407,loading
Fe4Cr12,75.0,0.4175849,0.4117608,24.80249,loading
Fe4Cr12,75.0,0.4185849,0.4127708,24.98184,loading
Fe4Cr12,75.0,0.4195849,0.4137808,25.16229,loading
Fe4Cr12,75.0,0.4205849,0.4147908,25.34329,loading
Fe4Cr12,75.0,0.4215849,0.41580079999999997,25.52465,loading
Fe4Cr12,75.0,0.4225849,0.4168108,25.70724,loading
Fe4Cr12,75.0,0.4235849,0.4178208,25.89142,loading
Fe4Cr12,75.0,0.4245849,0.4188308,26.07597,loading
Fe4Cr12,75.0,0.4255849,0.4198408,26.26102,loading
Fe4Cr12,75.0,0.4265849,0.42085079999999997,26.44631,loading
Fe4Cr12,75.0,0.4275849,0.4218608,26.63328,loading
Fe4Cr12,75.0,0.4285849,0.4228708,26.82123,loading
Fe4Cr12,75.0,0.4295849,0.4238808,27.00994,loading
Fe4Cr12,75.0,0.4305849,0.4248908,27.1997,loading
Fe4Cr12,75.0,0.4315849,0.42590079999999997,27.3905,loading
Fe4Cr12,75.0,0.4325849,0.4269108,27.58187,loading
Fe4Cr12,75.0,0.4335849,0.4279208,27.77359,loading
Fe4Cr12,75.0,0.4345849,0.4289308,27.96613,loading
Fe4Cr12,75.0,0.4355849,0.4299408,28.15996,loading
Fe4Cr12,75.0,0.4365849,0.43095079999999997,28.35483,loading
Fe4Cr12,75.0,0.4375849,0.4319608,28.55048,loading
Fe4Cr12,75.0,0.4385849,0.4329708,28.74694,loading
Fe4Cr12,75.0,0.4395849,0.4339808,28.94428,loading
Fe4Cr12,75.0,0.4405849,0.4349908,29.14244,loading
Fe4Cr12,75.0,0.4415849,0.43600079999999997,29.34149,loading
Fe4Cr12,75.0,0.4425849,0.4370108,29.54179,loading
Fe4Cr12,75.0,0.4435849,0.4380208,29.74249,loading
Fe4Cr12,75.0,0.4445849,0.4390308,29.9439,loading
Fe4Cr12,75.0,0.4455849,0.4400408,30.14642,loading
Fe4Cr12,75.0,0.4465849,0.44105079999999997,30.35003,loading
Fe4Cr12,75.0,0.4475849,0.4420608,30.55466,loading
Fe4Cr12,75.0,0.4485849,0.4430708,30.76023,loading
Fe4Cr12,75.0,0.4495849,0.4440808,30.966,loading
Fe4Cr12,75.0,0.4505849,0.4450908,31.17266,loading
Fe4Cr12,75.0,0.4515849,0.44610079999999996,31.38109,loading
Fe4Cr12,75.0,0.4525849,0.4471108,31.59049,loading
Fe4Cr12,75.0,0.4535849,0.4481208,31.80018,loading
Fe4Cr12,75.0,0.4545849,0.4491308,32.01087,loading
Fe4Cr12,75.0,0.4555849,0.4501408,32.22257,loading
Fe4Cr12,75.0,0.4565849,0.4511508,32.43445,loading
Fe4Cr12,75.0,0.4575849,0.4521608,32.64763,loading
Fe4Cr12,75.0,0.4585849,0.4531708,32.86154,loading
Fe4Cr12,75.0,0.4595849,0.4541808,33.07689,loading
Fe4Cr12,75.0,0.4605849,0.4551908,33.29364,loading
Fe4Cr12,75.0,0.4615849,0.4562008,33.51104,loading
Fe4Cr12,75.0,0.4625849,0.4572108,33.72875,loading
Fe4Cr12,75.0,0.4635849,0.4582208,33.9471,loading
Fe4Cr12,75.0,0.4645849,0.4592308,34.16683,loading
Fe4Cr12,75.0,0.4655849,0.4602408,34.38769,loading
Fe4Cr12,75.0,0.4665849,0.4612508,34.6094,loading
Fe4Cr12,75.0,0.4675849,0.46226079999999997,34.83161,loading
Fe4Cr12,75.0,0.4685849,0.4632708,35.05521,loading
Fe4Cr12,75.0,0.4695849,0.4642808,35.27964,loading
Fe4Cr12,75.0,0.4705849,0.4652908,35.50554,loading
Fe4Cr12,75.0,0.4715849,0.4663008,35.73181,loading
Fe4Cr12,75.0,0.4725849,0.46731079999999997,35.95872,loading
Fe4Cr12,75.0,0.4735849,0.4683208,36.18628,loading
Fe4Cr12,75.0,0.4745849,0.4693308,36.41515,loading
Fe4Cr12,75.0,0.4755849,0.4703408,36.64561,loading
Fe4Cr12,75.0,0.4765849,0.4713508,36.87665,loading
Fe4Cr12,75.0,0.4775849,0.47236079999999997,37.10921,loading
Fe4Cr12,75.0,0.4785849,0.4733708,37.34185,loading
Fe4Cr12,75.0,0.4795849,0.4743808,37.57467,loading
Fe4Cr12,75.0,0.4805849,0.4753908,37.8098,loading
Fe4Cr12,75.0,0.4815849,0.4764008,38.04551,loading
Fe4Cr12,75.0,0.4825849,0.47741079999999997,38.28183,loading
Fe4Cr12,75.0,0.4835849,0.4784208,38.51936,loading
Fe4Cr12,75.0,0.4845849,0.4794308,38.75839,loading
Fe4Cr12,75.0,0.4855849,0.4804408,38.9979,loading
Fe4Cr12,75.0,0.4865849,0.4814508,39.23804,loading
Fe4Cr12,75.0,0.4875849,0.48246079999999997,39.47903,loading
Fe4Cr12,75.0,0.4885849,0.4834708,39.72161,loading
Fe4Cr12,75.0,0.4895849,0.4844808,39.96544,loading
Fe4Cr12,75.0,0.4905849,0.4854908,40.20997,loading
Fe4Cr12,75.0,0.4915849,0.4865008,40.45529,loading
Fe4Cr12,75.0,0.4925849,0.48751079999999997,40.70162,loading
Fe4Cr12,75.0,0.4935849,0.4885208,40.94904,loading
Fe4Cr12,75.0,0.4945849,0.4895308,41.19748,loading
Fe4Cr12,75.0,0.4955849,0.4905408,41.44683,loading
Fe4Cr12,75.0,0.4965849,0.49155079999999995,41.6972,loading
Fe4Cr12,75.0,0.4975849,0.4925608,41.9482,loading
Fe4Cr12,75.0,0.4985849,0.4935708,42.2003,loading
Fe4Cr12,75.0,0.4995849,0.49458080000000004,42.45423,loading
Fe4Cr12,75.0,0.5,0.495,42.54259,loading
Fe4Cr12,75.0,0.50001,0.4950101,42.53299,loading
Fe4Cr12,75.0,0.50002,0.4950202,42.53536,loading
Fe4Cr12,75.0,0.500035,0.49503529999999996,42.53932,loading
Fe4Cr12,75.0,0.5000575,0.49505809999999995,42.54528,loading
Fe4Cr12,75.0,0.5000912,0.4950922,42.55421,loading
Fe4Cr12,75.0,0.5001419,0.49514329999999995,42.5676,loading
Fe4Cr12,75.0,0.5002178,0.49522,42.58769,loading
Fe4Cr12,75.0,0.5003317,0.49533499999999997,42.61783,loading
Fe4Cr12,75.0,0.5005026,0.49550759999999994,42.66304,loading
Fe4Cr12,75.0,0.5007589,0.4957665,42.73088,loading
Fe4Cr12,75.0,0.5011433,0.49615469999999995,42.83277,loading
Fe4Cr12,75.0,0.50172,0.4967372,42.98571,loading
Fe4Cr12,75.0,0.5025849,0.4976108,43.21536,loading
Fe4Cr12,75.0,0.5035849,0.4986208,43.4765,loading
Fe4Cr12,75.0,0.5045849,0.49963080000000004,43.73482,loading
Fe4Cr12,75.0,0.5055849,0.5006408,43.99428,loading
Fe4Cr12,75.0,0.5065849,0.5016508,44.25495,loading
Fe4Cr12,75.0,0.5075849,0.5026608,44.51699,loading
Fe4Cr12,75.0,0.5085849,0.5036708,44.77943,loading
Fe4Cr12,75.0,0.5095849,0.5046808,45.04262,loading
Fe4Cr12,75.0,0.5105849,0.5056908,45.30618,loading
Fe4Cr12,75.0,0.5115849,0.5067008,45.57134,loading
Fe4Cr12,75.0,0.5125849,0.5077108,45.83844,loading
Fe4Cr12,75.0,0.5135849,0.5087208,46.10616,loading
Fe4Cr12,75.0,0.5145849,0.5097308,46.37423,loading
Fe4Cr12,75.0,0.5155849,0.5107408,46.64337,loading
Fe4Cr12,75.0,0.5165849,0.5117508,46.91396,loading
Fe4Cr12,75.0,0.5175849,0.5127608,47.18576,loading
Fe4Cr12,75.0,0.5185849,0.5137708,47.45814,loading
Fe4Cr12,75.0,0.5195849,0.5147808,47.73157,loading
Fe4Cr12,75.0,0.5205849,0.5157908,48.00627,loading
Fe4Cr12,75.0,0.5215849,0.5168008,48.28175,loading
Fe4Cr12,75.0,0.5225849,0.5178108,48.55848,loading
Fe4Cr12,75.0,0.5235849,0.5188208,48.83611,loading
Fe4Cr12,75.0,0.5245849,0.5198308,49.11474,loading
Fe4Cr12,75.0,0.5255849,0.5208408,49.39466,loading
Fe4Cr12,75.0,0.5265849,0.5218508,49.67509,loading
Fe4Cr12,75.0,0.5275849,0.5228608,49.95684,loading
Fe4Cr12,75.0,0.5285849,0.5238708,50.24029,loading
Fe4Cr12,75.0,0.5295849,0.5248808,50.52448,loading
Fe4Cr12,75.0,0.5305849,0.5258908,50.80898,loading
Fe4Cr12,75.0,0.5315849,0.5269008,51.09431,loading
Fe4Cr12,75.0,0.5325849,0.5279108,51.38071,loading
Fe4Cr12,75.0,0.5335849,0.5289208,51.66903,loading
Fe4Cr12,75.0,0.5345849,0.5299308,51.95823,loading
Fe4Cr12,75.0,0.5355849,0.5309408,52.24889,loading
Fe4Cr12,75.0,0.5365849,0.5319508,52.54064,loading
Fe4Cr12,75.0,0.5375849,0.5329608,52.83251,loading
Fe4Cr12,75.0,0.5385849,0.5339708,53.1255,loading
Fe4Cr12,75.0,0.5395849,0.5349808,53.41936,loading
Fe4Cr12,75.0,0.5405849,0.5359908,53.71502,loading
Fe4Cr12,75.0,0.5415849,0.5370008,54.01193,loading
Fe4Cr12,75.0,0.5425849,0.5380108,54.30935,loading
Fe4Cr12,75.0,0.5435849,0.5390208,54.60765,loading
Fe4Cr12,75.0,0.5445849,0.5400308,54.90737,loading
Fe4Cr12,75.0,0.5455849,0.5410408,55.20831,loading
Fe4Cr12,75.0,0.5465849,0.5420507999999999,55.50994,loading
Fe4Cr12,75.0,0.5475849,0.5430608,55.81265,loading
Fe4Cr12,75.0,0.5485849,0.5440708,56.11647,loading
Fe4Cr12,75.0,0.5495849,0.5450808,56.42146,loading
Fe4Cr12,75.0,0.5505849,0.5460908,56.72758,loading
Fe4Cr12,75.0,0.5515849,0.5471007999999999,57.03479,loading
Fe4Cr12,75.0,0.5525849,0.5481108,57.34287,loading
Fe4Cr12,75.0,0.5535849,0.5491208,57.652,loading
Fe4Cr12,75.0,0.5545849,0.5501308,57.96251,loading
Fe4Cr12,75.0,0.5555849,0.5511408,58.27353,loading
Fe4Cr12,75.0,0.5565849,0.5521507999999999,58.58624,loading
Fe4Cr12,75.0,0.5575849,0.5531608,58.90051,loading
Fe4Cr12,75.0,0.5585849,0.5541708,59.21554,loading
Fe4Cr12,75.0,0.5595849,0.5551808,59.53099,loading
Fe4Cr12,75.0,0.5605849,0.5561908,59.84711,loading
Fe4Cr12,75.0,0.5615849,0.5572007999999999,60.16473,loading
Fe4Cr12,75.0,0.5625849,0.5582108,60.48396,loading
Fe4Cr12,75.0,0.5635849,0.5592208,60.80398,loading
Fe4Cr12,75.0,0.5645849,0.5602308,61.12596,loading
Fe4Cr12,75.0,0.5655849,0.5612408,61.44879,loading
Fe4Cr12,75.0,0.5665849,0.5622507999999999,61.77178,loading
Fe4Cr12,75.0,0.5675849,0.5632608,62.0957,loading
Fe4Cr12,75.0,0.5685849,0.5642708,62.42137,loading
Fe4Cr12,75.0,0.5695849,0.5652808,62.74821,loading
Fe4Cr12,75.0,0.5705849,0.5662908,63.07615,loading
Fe4Cr12,75.0,0.5715849,0.5673007999999999,63.40501,loading
Fe4Cr12,75.0,0.5725849,0.5683108,63.73509,loading
Fe4Cr12,75.0,0.5735849,0.5693208,64.06633,loading
Fe4Cr12,75.0,0.5745849,0.5703308,64.39867,loading
Fe4Cr12,75.0,0.5755849,0.5713408,64.73202,loading
Fe4Cr12,75.0,0.5765849,0.5723507999999999,65.06641,loading
Fe4Cr12,75.0,0.5775849,0.5733608,65.40215,loading
Fe4Cr12,75.0,0.5785849,0.5743708,65.73855,loading
Fe4Cr12,75.0,0.5795849,0.5753808,66.07648,loading
Fe4Cr12,75.0,0.5805849,0.5763908,66.41546,loading
Fe4Cr12,75.0,0.5815849,0.5774007999999999,66.75553,loading
Fe4Cr12,75.0,0.5825849,0.5784108,67.09671,loading
Fe4Cr12,75.0,0.5835849,0.5794208,67.43913,loading
Fe4Cr12,75.0,0.5845849,0.5804308,67.78209,loading
Fe4Cr12,75.0,0.5855849,0.5814408,68.1268,loading
Fe4Cr12,75.0,0.5865849,0.5824508,68.47305,loading
Fe4Cr12,75.0,0.5875849,0.5834608,68.82046,loading
Fe4Cr12,75.0,0.5885849,0.5844708,69.16818,loading
Fe4Cr12,75.0,0.5895849,0.5854808,69.51654,loading
Fe4Cr12,75.0,0.5905849,0.5864908,69.86611,loading
Fe4Cr12,75.0,0.5915849,0.5875008,70.21807,loading
Fe4Cr12,75.0,0.5925849,0.5885108,70.57054,loading
Fe4Cr12,75.0,0.5935849,0.5895208,70.92496,loading
Fe4Cr12,75.0,0.5945849,0.5905308,71.28013,loading
Fe4Cr12,75.0,0.5955849,0.5915408,71.63536,loading
Fe4Cr12,75.0,0.5965849,0.5925508,71.99203,loading
Fe4Cr12,75.0,0.5975849,0.5935608,72.35077,loading
Fe4Cr12,75.0,0.5985849,0.5945708,72.7102,loading
Fe4Cr12,75.0,0.5995849,0.5955808,73.07054,loading
Fe4Cr12,75.0,0.6,0.596,73.1965,loading
Fe4Cr12,75.0,0.60001,0.5960101,73.18313,loading
Fe4Cr12,75.0,0.60002,0.5960202,73.18645,loading
Fe4Cr12,75.0,0.600035,0.5960353,73.19208,loading
Fe4Cr12,75.0,0.6000575,0.5960581,73.20052,loading
Fe4Cr12,75.0,0.6000912,0.5960922,73.21319,loading
Fe4Cr12,75.0,0.6001419,0.5961433,73.23219,loading
Fe4Cr12,75.0,0.6002178,0.59622,73.2607,loading
Fe4Cr12,75.0,0.6003317,0.596335,73.30345,loading
Fe4Cr12,75.0,0.6005026,0.5965076,73.36762,loading
Fe4Cr12,75.0,0.6007589,0.5967665,73.46398,loading
Fe4Cr12,75.0,0.6011433,0.5971547,73.60906,loading
Fe4Cr12,75.0,0.60172,0.5977372,73.82663,loading
Fe4Cr12,75.0,0.6025849,0.5986108,74.15348,loading
Fe4Cr12,75.0,0.6035849,0.5996208,74.52432,loading
Fe4Cr12,75.0,0.6045849,0.6006308,74.89072,loading
Fe4Cr12,75.0,0.6055849,0.6016408,75.25838,loading
Fe4Cr12,75.0,0.6065849,0.6026508,75.62687,loading
Fe4Cr12,75.0,0.6075849,0.6036608,75.99654,loading
Fe4Cr12,75.0,0.6085849,0.6046708,76.36782,loading
Fe4Cr12,75.0,0.6095849,0.6056808,76.7397,loading
Fe4Cr12,75.0,0.6105849,0.6066908,77.11282,loading
Fe4Cr12,75.0,0.6115849,0.6077008,77.48754,loading
Fe4Cr12,75.0,0.6125849,0.6087108,77.86331,loading
Fe4Cr12,75.0,0.6135849,0.6097208,78.23982,loading
Fe4Cr12,75.0,0.6145849,0.6107308,78.61754,loading
Fe4Cr12,75.0,0.6155849,0.6117408,78.99752,loading
Fe4Cr12,75.0,0.6165849,0.6127508,79.37805,loading
Fe4Cr12,75.0,0.6175849,0.6137608,79.7594,loading
Fe4Cr12,75.0,0.6185849,0.6147708,80.14152,loading
Fe4Cr12,75.0,0.6195849,0.6157808,80.52476,loading
Fe4Cr12,75.0,0.6205849,0.6167908,80.91063,loading
Fe4Cr12,75.0,0.6215849,0.6178008,81.29706,loading
Fe4Cr12,75.0,0.6225849,0.6188108,81.68594,loading
Fe4Cr12,75.0,0.6235849,0.6198208,82.07477,loading
Fe4Cr12,75.0,0.6245849,0.6208308,82.46422,loading
Fe4Cr12,75.0,0.6255849,0.6218408,82.85505,loading
Fe4Cr12,75.0,0.6265849,0.6228508,83.24821,loading
Fe4Cr12,75.0,0.6275849,0.6238608,83.64196,loading
Fe4Cr12,75.0,0.6285849,0.6248708,84.03669,loading
Fe4Cr12,75.0,0.6295849,0.6258808,84.43265,loading
Fe4Cr12,75.0,0.6305849,0.6268908,84.82992,loading
Fe4Cr12,75.0,0.6315849,0.6279008,85.22854,loading
Fe4Cr12,75.0,0.6325849,0.6289108,85.62825,loading
Fe4Cr12,75.0,0.6335849,0.6299208,86.02942,loading
Fe4Cr12,75.0,0.6345849,0.6309308,86.43142,loading
Fe4Cr12,75.0,0.6355849,0.6319408,86.83445,loading
Fe4Cr12,75.0,0.6365849,0.6329508,87.23948,loading
Fe4Cr12,75.0,0.6375849,0.6339608,87.64564,loading
Fe4Cr12,75.0,0.6385849,0.6349708,88.05229,loading
Fe4Cr12,75.0,0.6395849,0.6359808,88.46076,loading
Fe4Cr12,75.0,0.6405849,0.6369908,88.87031,loading
Fe4Cr12,75.0,0.6415849,0.6380008,89.28116,loading
Fe4Cr12,75.0,0.6425849,0.6390108,89.69307,loading
Fe4Cr12,75.0,0.6435849,0.6400208,90.10595,loading
Fe4Cr12,75.0,0.6445849,0.6410308,90.521,loading
Fe4Cr12,75.0,0.6455849,0.6420408,90.93682,loading
Fe4Cr12,75.0,0.6465849,0.6430508,91.3537,loading
Fe4Cr12,75.0,0.6475849,0.6440608,91.77107,loading
Fe4Cr12,75.0,0.6485849,0.6450707999999999,92.18957,loading
Fe4Cr12,75.0,0.6495849,0.6460808,92.61088,loading
Fe4Cr12,75.0,0.6505849,0.6470908,93.03253,loading
Fe4Cr12,75.0,0.6515849,0.6481008,93.45684,loading
Fe4Cr12,75.0,0.6525849,0.6491108,93.88095,loading
Fe4Cr12,75.0,0.6535849,0.6501207999999999,94.30565,loading
Fe4Cr12,75.0,0.6545849,0.6511308,94.73239,loading
Fe4Cr12,75.0,0.6555849,0.6521408,95.16111,loading
Fe4Cr12,75.0,0.6565849,0.6531508,95.59028,loading
Fe4Cr12,75.0,0.6575849,0.6541608,96.02086,loading
Fe4Cr12,75.0,0.6585849,0.6551707999999999,96.45238,loading
Fe4Cr12,75.0,0.6595849,0.6561808,96.88544,loading
Fe4Cr12,75.0,0.6605849,0.6571908,97.32007,loading
Fe4Cr12,75.0,0.6615849,0.6582008,97.7558,loading
Fe4Cr12,75.0,0.6625849,0.6592108,98.19239,loading
Fe4Cr12,75.0,0.6635849,0.6602207999999999,98.62991,loading
Fe4Cr12,75.0,0.6645849,0.6612308,99.06948,loading
Fe4Cr12,75.0,0.6655849,0.6622408,99.51045,loading
Fe4Cr12,75.0,0.6665849,0.6632508,99.95241,loading
Fe4Cr12,75.0,0.6675849,0.6642608,100.3948,loading
Fe4Cr12,75.0,0.6685849,0.6652707999999999,100.8391,loading
Fe4Cr12,75.0,0.6695849,0.6662808,101.285,loading
Fe4Cr12,75.0,0.6705849,0.6672908,101.7344,loading
Fe4Cr12,75.0,0.6715849,0.6683008,102.1802,loading
Fe4Cr12,75.0,0.6725849,0.6693108,102.6292,loading
Fe4Cr12,75.0,0.6735849,0.6703207999999999,103.0804,loading
Fe4Cr12,75.0,0.6745849,0.6713308,103.5327,loading
Fe4Cr12,75.0,0.6755849,0.6723408,103.9861,loading
Fe4Cr12,75.0,0.6765849,0.6733508,104.44,loading
Fe4Cr12,75.0,0.6775849,0.6743608,104.8951,loading
Fe4Cr12,75.0,0.6785849,0.6753707999999999,105.3527,loading
Fe4Cr12,75.0,0.6795849,0.6763808,105.811,loading
Fe4Cr12,75.0,0.6805849,0.6773908,106.2717,loading
Fe4Cr12,75.0,0.6815849,0.6784008,106.7325,loading
Fe4Cr12,75.0,0.6825849,0.6794108,107.194,loading
Fe4Cr12,75.0,0.6835849,0.6804207999999999,107.6572,loading
Fe4Cr12,75.0,0.6845849,0.6814308,108.1227,loading
Fe4Cr12,75.0,0.6855849,0.6824408,108.5887,loading
Fe4Cr12,75.0,0.6865849,0.6834508,109.0556,loading
Fe4Cr12,75.0,0.6875849,0.6844608,109.5242,loading
Fe4Cr12,75.0,0.6885849,0.6854707999999999,109.9945,loading
Fe4Cr12,75.0,0.6895849,0.6864808,110.4663,loading
Fe4Cr12,75.0,0.6905849,0.6874908,110.9386,loading
Fe4Cr12,75.0,0.6915849,0.6885008,111.4118,loading
Fe4Cr12,75.0,0.6925849,0.6895108,111.8869,loading
Fe4Cr12,75.0,0.6935849,0.6905208,112.3638,loading
Fe4Cr12,75.0,0.6945849,0.6915308,112.8423,loading
Fe4Cr12,75.0,0.6955849,0.6925408,113.3209,loading
Fe4Cr12,75.0,0.6965849,0.6935508,113.8009,loading
Fe4Cr12,75.0,0.6975849,0.6945608,114.2823,loading
Fe4Cr12,75.0,0.6985849,0.6955708,114.7657,loading
Fe4Cr12,75.0,0.6995849,0.6965808,115.2501,loading
Fe4Cr12,75.0,0.7,0.697,115.4197,loading
Fe4Cr12,75.0,0.70001,0.6970101,115.4019,loading
Fe4Cr12,75.0,0.70002,0.6970202,115.4063,loading
Fe4Cr12,75.0,0.700035,0.6970353,115.4139,loading
Fe4Cr12,75.0,0.7000575,0.6970581,115.4252,loading
Fe4Cr12,75.0,0.7000912,0.6970921999999999,115.4422,loading
Fe4Cr12,75.0,0.7001419,0.6971433,115.4677,loading
Fe4Cr12,75.0,0.7002178,0.69722,115.5057,loading
Fe4Cr12,75.0,0.7003317,0.697335,115.5633,loading
Fe4Cr12,75.0,0.7005026,0.6975076,115.6498,loading
Fe4Cr12,75.0,0.7007589,0.6977665,115.779,loading
Fe4Cr12,75.0,0.7011433,0.6981547,115.9729,loading
Fe4Cr12,75.0,0.70172,0.6987372,116.2643,loading
Fe4Cr12,75.0,0.7025849,0.6996108,116.7024,loading
Fe4Cr12,75.0,0.7035849,0.7006208,117.2008,loading
Fe4Cr12,75.0,0.7045849,0.7016308,117.6917,loading
Fe4Cr12,75.0,0.7055849,0.7026408,118.1834,loading
Fe4Cr12,75.0,0.7065849,0.7036508,118.6761,loading
Fe4Cr12,75.0,0.7075849,0.7046608,119.1713,loading
Fe4Cr12,75.0,0.7085849,0.7056708,119.6675,loading
Fe4Cr12,75.0,0.7095849,0.7066808,120.1655,loading
Fe4Cr12,75.0,0.7105849,0.7076908,120.6646,loading
Fe4Cr12,75.0,0.7115849,0.7087008,121.1641,loading
Fe4Cr12,75.0,0.7125849,0.7097108,121.6656,loading
Fe4Cr12,75.0,0.7135849,0.7107208,122.1687,loading
Fe4Cr12,75.0,0.7145849,0.7117308,122.6726,loading
Fe4Cr12,75.0,0.7155849,0.7127408,123.1777,loading
Fe4Cr12,75.0,0.7165849,0.7137508,123.6847,loading
Fe4Cr12,75.0,0.7175849,0.7147608,124.1938,loading
Fe4Cr12,75.0,0.7185849,0.7157708,124.7032,loading
Fe4Cr12,75.0,0.7195849,0.7167808,125.213,loading
Fe4Cr12,75.0,0.7205849,0.7177908,125.7252,loading
Fe4Cr12,75.0,0.7215849,0.7188008,126.2382,loading
Fe4Cr12,75.0,0.7225849,0.7198108,126.7537,loading
Fe4Cr12,75.0,0.7235849,0.7208208,127.2705,loading
Fe4Cr12,75.0,0.7245849,0.7218308,127.7885,loading
Fe4Cr12,75.0,0.7255849,0.7228408,128.3068,loading
Fe4Cr12,75.0,0.7265849,0.7238508,128.828,loading
Fe4Cr12,75.0,0.7275849,0.7248608,129.3485,loading
Fe4Cr12,75.0,0.7285849,0.7258708,129.8713,loading
Fe4Cr12,75.0,0.7295849,0.7268808,130.3956,loading
Fe4Cr12,75.0,0.7305849,0.7278908,130.921,loading
Fe4Cr12,75.0,0.7315849,0.7289008,131.4482,loading
Fe4Cr12,75.0,0.7325849,0.7299108,131.9772,loading
Fe4Cr12,75.0,0.7335849,0.7309208,132.5069,loading
Fe4Cr12,75.0,0.7345849,0.7319308,133.0374,loading
Fe4Cr12,75.0,0.7355849,0.7329408,133.5693,loading
Fe4Cr12,75.0,0.7365849,0.7339508,134.1039,loading
Fe4Cr12,75.0,0.7375849,0.7349608,134.6396,loading
Fe4Cr12,75.0,0.7385849,0.7359708,135.1763,loading
Fe4Cr12,75.0,0.7395849,0.7369808,135.7144,loading
Fe4Cr12,75.0,0.7405849,0.7379908,136.2581,loading
Fe4Cr12,75.0,0.7415849,0.7390008,136.7952,loading
Fe4Cr12,75.0,0.7425849,0.7400108,137.3372,loading
Fe4Cr12,75.0,0.7435849,0.7410208,137.8811,loading
Fe4Cr12,75.0,0.7445849,0.7420308,138.426,loading
Fe4Cr12,75.0,0.7455849,0.7430408,138.9726,loading
Fe4Cr12,75.0,0.7465849,0.7440508,139.5209,loading
Fe4Cr12,75.0,0.7475849,0.7450608,140.0706,loading
Fe4Cr12,75.0,0.7485849,0.7460708,140.6201,loading
Fe4Cr12,75.0,0.7495849,0.7470808,141.1723,loading
Fe4Cr12,75.0,0.7505849,0.7480908,141.7249,loading
Fe4Cr12,75.0,0.7515849,0.7491008,142.2802,loading
Fe4Cr12,75.0,0.7525849,0.7501108,142.8378,loading
Fe4Cr12,75.0,0.7535849,0.7511208,143.3962,loading
Fe4Cr12,75.0,0.7545849,0.7521308,143.955,loading
Fe4Cr12,75.0,0.7555849,0.7531407999999999,144.5148,loading
Fe4Cr12,75.0,0.7565849,0.7541508,145.0768,loading
Fe4Cr12,75.0,0.7575849,0.7551608,145.6404,loading
Fe4Cr12,75.0,0.7585849,0.7561708,146.2054,loading
Fe4Cr12,75.0,0.7595849,0.7571808,146.7716,loading
Fe4Cr12,75.0,0.7605849,0.7581907999999999,147.3392,loading
Fe4Cr12,75.0,0.7615849,0.7592008,147.909,loading
Fe4Cr12,75.0,0.7625849,0.7602108,148.4788,loading
Fe4Cr12,75.0,0.7635849,0.7612208,149.0506,loading
Fe4Cr12,75.0,0.7645849,0.7622308,149.6235,loading
Fe4Cr12,75.0,0.7655849,0.7632407999999999,150.1991,loading
Fe4Cr12,75.0,0.7665849,0.7642508,150.7749,loading
Fe4Cr12,75.0,0.7675849,0.7652608,151.3526,loading
Fe4Cr12,75.0,0.7685849,0.7662708,151.932,loading
Fe4Cr12,75.0,0.7695849,0.7672808,152.5123,loading
Fe4Cr12,75.0,0.7705849,0.7682907999999999,153.0941,loading
Fe4Cr12,75.0,0.7715849,0.7693008,153.6771,loading
Fe4Cr12,75.0,0.7725849,0.7703108,154.2623,loading
Fe4Cr12,75.0,0.7735849,0.7713208,154.8482,loading
Fe4Cr12,75.0,0.7745849,0.7723308,155.4359,loading
Fe4Cr12,75.0,0.7755849,0.7733407999999999,156.0262,loading
Fe4Cr12,75.0,0.7765849,0.7743508,156.6168,loading
Fe4Cr12,75.0,0.7775849,0.7753608,157.2072,loading
Fe4Cr12,75.0,0.7785849,0.7763708,157.8007,loading
Fe4Cr12,75.0,0.7795849,0.7773808,158.3944,loading
Fe4Cr12,75.0,0.7805849,0.7783907999999999,158.9915,loading
Fe4Cr12,75.0,0.7815849,0.7794008,159.5898,loading
Fe4Cr12,75.0,0.7825849,0.7804108,160.1899,loading
Fe4Cr12,75.0,0.7835849,0.7814208,160.7899,loading
Fe4Cr12,75.0,0.7845849,0.7824308,161.391,loading
Fe4Cr12,75.0,0.7855849,0.7834407999999999,161.9947,loading
Fe4Cr12,75.0,0.7865849,0.7844508,162.5999,loading
Fe4Cr12,75.0,0.7875849,0.7854608,163.2061,loading
Fe4Cr12,75.0,0.7885849,0.7864708,163.8142,loading
Fe4Cr12,75.0,0.7895849,0.7874808,164.4233,loading
Fe4Cr12,75.0,0.7905849,0.7884907999999999,165.0347,loading
Fe4Cr12,75.0,0.7915849,0.7895008,165.6464,loading
Fe4Cr12,75.0,0.7925849,0.7905108,166.2596,loading
Fe4Cr12,75.0,0.7935849,0.7915208,166.8755,loading
Fe4Cr12,75.0,0.7945849,0.7925308,167.4925,loading
Fe4Cr12,75.0,0.7955849,0.7935408,168.1102,loading
Fe4Cr12,75.0,0.7965849,0.7945508,168.729,loading
Fe4Cr12,75.0,0.7975849,0.7955608,169.3504,loading
Fe4Cr12,75.0,0.7985849,0.7965708,169.9725,loading
Fe4Cr12,75.0,0.7995849,0.7975808,170.5967,loading
Fe4Cr12,75.0,0.8,0.798,170.816,loading
Fe4Cr12,75.0,0.80001,0.7980100999999999,170.7944,loading
Fe4Cr12,75.0,0.80002,0.7980202,170.8001,loading
Fe4Cr12,75.0,0.800035,0.7980354,170.8097,loading
Fe4Cr12,75.0,0.8000575,0.7980581,170.8243,loading
Fe4Cr12,75.0,0.8000912,0.7980922,170.8462,loading
Fe4Cr12,75.0,0.8001419,0.7981433,170.879,loading
Fe4Cr12,75.0,0.8002178,0.79822,170.9282,loading
Fe4Cr12,75.0,0.8003317,0.798335,171.0021,loading
Fe4Cr12,75.0,0.8005026,0.7985076,171.113,loading
Fe4Cr12,75.0,0.8007589,0.7987665,171.2794,loading
Fe4Cr12,75.0,0.8011433,0.7991547,171.5291,loading
Fe4Cr12,75.0,0.80172,0.7997372,171.9038,loading
Fe4Cr12,75.0,0.8025849,0.8006108,172.4672,loading
Fe4Cr12,75.0,0.8035849,0.8016208,173.1065,loading
Fe4Cr12,75.0,0.8045849,0.8026308,173.7388,loading
Fe4Cr12,75.0,0.8055849,0.8036408,174.3719,loading
Fe4Cr12,75.0,0.8065849,0.8046508,175.0048,loading
Fe4Cr12,75.0,0.8075849,0.8056608,175.6404,loading
Fe4Cr12,75.0,0.8085849,0.8066708,176.2773,loading
Fe4Cr12,75.0,0.8095849,0.8076808,176.9164,loading
Fe4Cr12,75.0,0.8105849,0.8086908,177.557,loading
Fe4Cr12,75.0,0.8115849,0.8097008,178.1991,loading
Fe4Cr12,75.0,0.8125849,0.8107108,178.8427,loading
Fe4Cr12,75.0,0.8135849,0.8117208,179.4864,loading
Fe4Cr12,75.0,0.8145849,0.8127308,180.1317,loading
Fe4Cr12,75.0,0.8155849,0.8137408,180.7796,loading
Fe4Cr12,75.0,0.8165849,0.8147508,181.4286,loading
Fe4Cr12,75.0,0.8175849,0.8157608,182.0795,loading
Fe4Cr12,75.0,0.8185849,0.8167708,182.7313,loading
Fe4Cr12,75.0,0.8195849,0.8177808,183.3852,loading
Fe4Cr12,75.0,0.8205849,0.8187908,184.04,loading
Fe4Cr12,75.0,0.8215849,0.8198008,184.6968,loading
Fe4Cr12,75.0,0.8225849,0.8208108,185.3547,loading
Fe4Cr12,75.0,0.8235849,0.8218208,186.014,loading
Fe4Cr12,75.0,0.8245849,0.8228308,186.6754,loading
Fe4Cr12,75.0,0.8255849,0.8238408,187.3377,loading
Fe4Cr12,75.0,0.8265849,0.8248508,188.0022,loading
Fe4Cr12,75.0,0.8275849,0.8258608,188.6674,loading
Fe4Cr12,75.0,0.8285849,0.8268708,189.3345,loading
Fe4Cr12,75.0,0.8295849,0.8278808,190.0033,loading
Fe4Cr12,75.0,0.8305849,0.8288908,190.6731,loading
Fe4Cr12,75.0,0.8315849,0.8299008,191.3444,loading
Fe4Cr12,75.0,0.8325849,0.8309108,192.0171,loading
Fe4Cr12,75.0,0.8335849,0.8319208,192.6929,loading
Fe4Cr12,75.0,0.8345849,0.8329308,193.3695,loading
Fe4Cr12,75.0,0.8355849,0.8339408,194.0465,loading
Fe4Cr12,75.0,0.8365849,0.8349508,194.7249,loading
Fe4Cr12,75.0,0.8375849,0.8359608,195.405,loading
Fe4Cr12,75.0,0.8385849,0.8369708,196.087,loading
Fe4Cr12,75.0,0.8395849,0.8379808,196.7713,loading
Fe4Cr12,75.0,0.8405849,0.8389908,197.4573,loading
Fe4Cr12,75.0,0.8415849,0.8400008,198.1449,loading
Fe4Cr12,75.0,0.8425849,0.8410108,198.8326,loading
Fe4Cr12,75.0,0.8435849,0.8420208,199.5216,loading
Fe4Cr12,75.0,0.8445849,0.8430308,200.213,loading
Fe4Cr12,75.0,0.8455849,0.8440408,200.9062,loading
Fe4Cr12,75.0,0.8465849,0.8450508,201.6007,loading
Fe4Cr12,75.0,0.8475849,0.8460608,202.2966,loading
Fe4Cr12,75.0,0.8485849,0.8470708,202.9971,loading
Fe4Cr12,75.0,0.8495849,0.8480808,203.6929,loading
Fe4Cr12,75.0,0.8505849,0.8490908,204.3936,loading
Fe4Cr12,75.0,0.8515849,0.8501008,205.0952,loading
Fe4Cr12,75.0,0.8525849,0.8511108,205.7995,loading
Fe4Cr12,75.0,0.8535849,0.8521208,206.5048,loading
Fe4Cr12,75.0,0.8545849,0.8531308,207.2116,loading
Fe4Cr12,75.0,0.8555849,0.8541408,207.9195,loading
Fe4Cr12,75.0,0.8565849,0.8551508,208.6287,loading
Fe4Cr12,75.0,0.8575849,0.8561607999999999,209.3404,loading
Fe4Cr12,75.0,0.8585849,0.8571708,210.0538,loading
Fe4Cr12,75.0,0.8595849,0.8581808,210.7681,loading
Fe4Cr12,75.0,0.8605849,0.8591908,211.4837,loading
Fe4Cr12,75.0,0.8615849,0.8602008,212.2016,loading
Fe4Cr12,75.0,0.8625849,0.8612107999999999,212.9215,loading
Fe4Cr12,75.0,0.8635849,0.8622208,213.6425,loading
Fe4Cr12,75.0,0.8645849,0.8632308,214.364,loading
Fe4Cr12,75.0,0.8655849,0.8642408,215.0866,loading
Fe4Cr12,75.0,0.8665849,0.8652508,215.8116,loading
Fe4Cr12,75.0,0.8675849,0.8662607999999999,216.5391,loading
Fe4Cr12,75.0,0.8685849,0.8672708,217.2677,loading
Fe4Cr12,75.0,0.8695849,0.8682808,217.9982,loading
Fe4Cr12,75.0,0.8705849,0.8692908,218.731,loading
Fe4Cr12,75.0,0.8715849,0.8703008,219.4642,loading
Fe4Cr12,75.0,0.8725849,0.8713107999999999,220.1977,loading
Fe4Cr12,75.0,0.8735849,0.8723208,220.9343,loading
Fe4Cr12,75.0,0.8745849,0.8733308,221.6726,loading
Fe4Cr12,75.0,0.8755849,0.8743408,222.4129,loading
Fe4Cr12,75.0,0.8765849,0.8753508,223.1542,loading
Fe4Cr12,75.0,0.8775849,0.8763607999999999,223.8972,loading
Fe4Cr12,75.0,0.8785849,0.8773708,224.6416,loading
Fe4Cr12,75.0,0.8795849,0.8783808,225.3878,loading
Fe4Cr12,75.0,0.8805849,0.8793908,226.135,loading
Fe4Cr12,75.0,0.8815849,0.8804008,226.8847,loading
Fe4Cr12,75.0,0.8825849,0.8814107999999999,227.6356,loading
Fe4Cr12,75.0,0.8835849,0.8824208,228.3874,loading
Fe4Cr12,75.0,0.8845849,0.8834308,229.1409,loading
Fe4Cr12,75.0,0.8855849,0.8844408,229.897,loading
Fe4Cr12,75.0,0.8865849,0.8854508,230.6549,loading
Fe4Cr12,75.0,0.8875849,0.8864607999999999,231.4138,loading
Fe4Cr12,75.0,0.8885849,0.8874708,232.1767,loading
Fe4Cr12,75.0,0.8895849,0.8884808,232.935,loading
Fe4Cr12,75.0,0.8905849,0.8894908,233.6991,loading
Fe4Cr12,75.0,0.8915849,0.8905008,234.4652,loading
Fe4Cr12,75.0,0.8925849,0.8915107999999999,235.2331,loading
Fe4Cr12,75.0,0.8935849,0.8925208,236.0011,loading
Fe4Cr12,75.0,0.8945849,0.8935308,236.7694,loading
Fe4Cr12,75.0,0.8955849,0.8945408,237.5415,loading
Fe4Cr12,75.0,0.8965849,0.8955508,238.3153,loading
Fe4Cr12,75.0,0.8975849,0.8965608,239.0898,loading
Fe4Cr12,75.0,0.8985849,0.8975708,239.8672,loading
Fe4Cr12,75.0,0.8995849,0.8985808,240.6455,loading
Fe4Cr12,75.0,0.9,0.899,240.9207,loading
Fe4Cr12,75.0,0.90001,0.8990101,240.8933,loading
Fe4Cr12,75.0,0.90002,0.8990201999999999,240.9003,loading
Fe4Cr12,75.0,0.900035,0.8990353,240.9123,loading
Fe4Cr12,75.0,0.9000575,0.8990581,240.9305,loading
Fe4Cr12,75.0,0.9000912,0.8990922,240.9578,loading
Fe4Cr12,75.0,0.9001419,0.8991433,240.9985,loading
Fe4Cr12,75.0,0.9002178,0.89922,241.0601,loading
Fe4Cr12,75.0,0.9003317,0.899335,241.152,loading
Fe4Cr12,75.0,0.9005026,0.8995076,241.2903,loading
Fe4Cr12,75.0,0.9007589,0.8997665,241.4983,loading
Fe4Cr12,75.0,0.9011433,0.9001547,241.8105,loading
Fe4Cr12,75.0,0.90172,0.9007372,242.2754,loading
Fe4Cr12,75.0,0.9025849,0.9016108,242.9762,loading
Fe4Cr12,75.0,0.9035849,0.9026208,243.7731,loading
Fe4Cr12,75.0,0.9045849,0.9036308,244.56,loading
Fe4Cr12,75.0,0.9055849,0.9046408,245.3473,loading
Fe4Cr12,75.0,0.9065849,0.9056508,246.1374,loading
Fe4Cr12,75.0,0.9075849,0.9066608,246.9283,loading
Fe4Cr12,75.0,0.9085849,0.9076708,247.7209,loading
Fe4Cr12,75.0,0.9095849,0.9086808,248.5159,loading
Fe4Cr12,75.0,0.9105849,0.9096908,249.3123,loading
Fe4Cr12,75.0,0.9115849,0.9107008,250.1097,loading
Fe4Cr12,75.0,0.9125849,0.9117108,250.9086,loading
Fe4Cr12,75.0,0.9135849,0.9127208,251.7092,loading
Fe4Cr12,75.0,0.9145849,0.9137308,252.5118,loading
Fe4Cr12,75.0,0.9155849,0.9147408,253.3159,loading
Fe4Cr12,75.0,0.9165849,0.9157508,254.1219,loading
Fe4Cr12,75.0,0.9175849,0.9167608,254.9293,loading
Fe4Cr12,75.0,0.9185849,0.9177708,255.7377,loading
Fe4Cr12,75.0,0.9195849,0.9187808,256.5485,loading
Fe4Cr12,75.0,0.9205849,0.9197908,257.3622,loading
Fe4Cr12,75.0,0.9215849,0.9208008,258.1759,loading
Fe4Cr12,75.0,0.9225849,0.9218108,258.9909,loading
Fe4Cr12,75.0,0.9235849,0.9228208,259.8069,loading
Fe4Cr12,75.0,0.9245849,0.9238308,260.6264,loading
Fe4Cr12,75.0,0.9255849,0.9248408,261.4471,loading
Fe4Cr12,75.0,0.9265849,0.9258508,262.2699,loading
Fe4Cr12,75.0,0.9275849,0.9268608,263.094,loading
Fe4Cr12,75.0,0.9285849,0.9278708,263.9193,loading
Fe4Cr12,75.0,0.9295849,0.9288808,264.7474,loading
Fe4Cr12,75.0,0.9305849,0.9298908,265.5764,loading
Fe4Cr12,75.0,0.9315849,0.9309008,266.4058,loading
Fe4Cr12,75.0,0.9325849,0.9319108,267.2375,loading
Fe4Cr12,75.0,0.9335849,0.9329208,268.0714,loading
Fe4Cr12,75.0,0.9345849,0.9339308,268.9071,loading
Fe4Cr12,75.0,0.9355849,0.9349408,269.7438,loading
Fe4Cr12,75.0,0.9365849,0.9359508,270.5824,loading
Fe4Cr12,75.0,0.9375849,0.9369608,271.4228,loading
Fe4Cr12,75.0,0.9385849,0.9379708,272.2656,loading
Fe4Cr12,75.0,0.9395849,0.9389808,273.1091,loading
Fe4Cr12,75.0,0.9405849,0.9399908,273.9547,loading
Fe4Cr12,75.0,0.9415849,0.9410008,274.8016,loading
Fe4Cr12,75.0,0.9425849,0.9420108,275.6496,loading
Fe4Cr12,75.0,0.9435849,0.9430208,276.5003,loading
Fe4Cr12,75.0,0.9445849,0.9440308,277.3526,loading
Fe4Cr12,75.0,0.9455849,0.9450408,278.2073,loading
Fe4Cr12,75.0,0.9465849,0.9460508,279.0637,loading
Fe4Cr12,75.0,0.9475849,0.9470608,279.9199,loading
Fe4Cr12,75.0,0.9485849,0.9480708,280.7772,loading
Fe4Cr12,75.0,0.9495849,0.9490808,281.6389,loading
Fe4Cr12,75.0,0.9505849,0.9500908,282.501,loading
Fe4Cr12,75.0,0.9515849,0.9511008,283.3644,loading
Fe4Cr12,75.0,0.9525849,0.9521108,284.2311,loading
Fe4Cr12,75.0,0.9535849,0.9531208,285.0979,loading
Fe4Cr12,75.0,0.9545849,0.9541308,285.966,loading
Fe4Cr12,75.0,0.9555849,0.9551408,286.8371,loading
Fe4Cr12,75.0,0.9565849,0.9561508,287.7082,loading
Fe4Cr12,75.0,0.9575849,0.9571608,288.5823,loading
Fe4Cr12,75.0,0.9585849,0.9581708,289.4583,loading
Fe4Cr12,75.0,0.9595849,0.9591808,290.3367,loading
Fe4Cr12,75.0,0.9605849,0.9601908,291.2158,loading
Fe4Cr12,75.0,0.9615849,0.9612008,292.0958,loading
Fe4Cr12,75.0,0.9625849,0.9622108,292.9779,loading
Fe4Cr12,75.0,0.9635849,0.9632208,293.862,loading
Fe4Cr12,75.0,0.9645849,0.9642307999999999,294.7482,loading
Fe4Cr12,75.0,0.9655849,0.9652408,295.6353,loading
Fe4Cr12,75.0,0.9665849,0.9662508,296.5247,loading
Fe4Cr12,75.0,0.9675849,0.9672608,297.4149,loading
Fe4Cr12,75.0,0.9685849,0.9682708,298.3078,loading
Fe4Cr12,75.0,0.9695849,0.9692807999999999,299.2028,loading
Fe4Cr12,75.0,0.9705849,0.9702908,300.0992,loading
Fe4Cr12,75.0,0.9715849,0.9713008,300.9954,loading
Fe4Cr12,75.0,0.9725849,0.9723108,301.894,loading
Fe4Cr12,75.0,0.9735849,0.9733208,302.7948,loading
Fe4Cr12,75.0,0.9745849,0.9743307999999999,303.697,loading
Fe4Cr12,75.0,0.9755849,0.9753408,304.6009,loading
Fe4Cr12,75.0,0.9765849,0.9763508,305.5077,loading
Fe4Cr12,75.0,0.9775849,0.9773608,306.4152,loading
Fe4Cr12,75.0,0.9785849,0.9783708,307.324,loading
Fe4Cr12,75.0,0.9795849,0.9793807999999999,308.2335,loading
Fe4Cr12,75.0,0.9805849,0.9803908,309.1434,loading
Fe4Cr12,75.0,0.9815849,0.9814008,310.0557,loading
Fe4Cr12,75.0,0.9825849,0.9824108,310.971,loading
Fe4Cr12,75.0,0.9835849,0.9834208,311.8858,loading
Fe4Cr12,75.0,0.9845849,0.9844307999999999,312.8008,loading
Fe4Cr12,75.0,0.9855849,0.9854408,313.7153,loading
Fe4Cr12,75.0,0.9865849,0.9864508,314.6313,loading
Fe4Cr12,75.0,0.9875849,0.9874608,315.5472,loading
Fe4Cr12,75.0,0.9885849,0.9884708,316.4636,loading
Fe4Cr12,75.0,0.9895849,0.9894807999999999,317.3797,loading
Fe4Cr12,75.0,0.9905849,0.990491,318.3008,loading
Fe4Cr12,75.0,0.9915849,0.991501,319.2282,loading
Fe4Cr12,75.0,0.9925849,0.9925109999999999,320.1559,loading
Fe4Cr12,75.0,0.9935849,0.9935210000000001,321.087,loading
Fe4Cr12,75.0,0.9945849,0.994531,322.02,loading
Fe4Cr12,75.0,0.9955849,0.995541,322.9535,loading
Fe4Cr12,75.0,0.9965849,0.996551,323.8847,loading
Fe4Cr12,75.0,0.9975849,0.9975609999999999,324.8199,loading
Fe4Cr12,75.0,0.9985849,0.9985710000000001,325.7606,loading
Fe4Cr12,75.0,0.9995849,0.999581,326.7036,loading
Fe4Cr12,75.0,1.0,1.0,327.0351,loading
Fe4Cr12,75.0,1.00001,0.9999149999999999,326.9019,unloading
Fe4Cr12,75.0,1.00002,0.99983,326.8189,unloading
Fe4Cr12,75.0,1.000035,0.9997020000000001,326.6931,unloading
Fe4Cr12,75.0,1.000057,0.999511,326.5051,unloading
Fe4Cr12,75.0,1.000091,0.9992239999999999,326.2238,unloading
Fe4Cr12,75.0,1.000142,0.998794,325.8039,unloading
Fe4Cr12,75.0,1.000218,0.998149,325.1747,unloading
Fe4Cr12,75.0,1.000332,0.99718,324.2352,unloading
Fe4Cr12,75.0,1.000503,0.995728,322.8311,unloading
Fe4Cr12,75.0,1.000759,0.9935499999999999,320.7347,unloading
Fe4Cr12,75.0,1.001143,0.9902819999999999,317.6065,unloading
Fe4Cr12,75.0,1.00172,0.9853804,312.9522,unloading
Fe4Cr12,75.0,1.002585,0.9780281,306.0566,unloading
Fe4Cr12,75.0,1.003585,0.9695281,298.3632,unloading
Fe4Cr12,75.0,1.004585,0.9610280999999999,290.9047,unloading
Fe4Cr12,75.0,1.005585,0.9525281,283.5695,unloading
Fe4Cr12,75.0,1.006585,0.9440281,276.3547,unloading
Fe4Cr12,75.0,1.007585,0.9355281,269.258,unloading
Fe4Cr12,75.0,1.008585,0.9270281,262.2772,unloading
Fe4Cr12,75.0,1.009585,0.9185281,255.4184,unloading
Fe4Cr12,75.0,1.010585,0.9100281,248.6773,unloading
Fe4Cr12,75.0,1.011585,0.9015280999999999,242.0518,unloading
Fe4Cr12,75.0,1.012585,0.8930281,235.5418,unloading
Fe4Cr12,75.0,1.013585,0.8845281,229.1432,unloading
Fe4Cr12,75.0,1.014585,0.8760281,222.8571,unloading
Fe4Cr12,75.0,1.015585,0.8675281,216.6798,unloading
Fe4Cr12,75.0,1.016585,0.8590281,210.6125,unloading
Fe4Cr12,75.0,1.017585,0.8505281,204.6551,unloading
Fe4Cr12,75.0,1.018585,0.8420281,198.8058,unloading
Fe4Cr12,75.0,1.019585,0.8335281,193.0626,unloading
Fe4Cr12,75.0,1.020585,0.8250281,187.4256,unloading
Fe4Cr12,75.0,1.021585,0.8165281,181.8947,unloading
Fe4Cr12,75.0,1.022585,0.8080281,176.4686,unloading
Fe4Cr12,75.0,1.023585,0.7995281,171.1492,unloading
Fe4Cr12,75.0,1.024585,0.7910281,165.9325,unloading
Fe4Cr12,75.0,1.025585,0.7825281,160.8206,unloading
Fe4Cr12,75.0,1.026585,0.7740281,155.8091,unloading
Fe4Cr12,75.0,1.027585,0.7655281,150.8989,unloading
Fe4Cr12,75.0,1.028585,0.7570281,146.0906,unloading
Fe4Cr12,75.0,1.029585,0.7485281,141.3815,unloading
Fe4Cr12,75.0,1.030585,0.7400281,136.7725,unloading
Fe4Cr12,75.0,1.031585,0.7315281,132.2629,unloading
Fe4Cr12,75.0,1.032585,0.7230281,127.85,unloading
Fe4Cr12,75.0,1.033585,0.7145281,123.5342,unloading
Fe4Cr12,75.0,1.034585,0.7060280999999999,119.314,unloading
Fe4Cr12,75.0,1.035585,0.6975281,115.1871,unloading
Fe4Cr12,75.0,1.036585,0.6890281,111.1533,unloading
Fe4Cr12,75.0,1.037585,0.6805281,107.2115,unloading
Fe4Cr12,75.0,1.038585,0.6720281,103.3617,unloading
Fe4Cr12,75.0,1.039585,0.6635281,99.60127,unloading
Fe4Cr12,75.0,1.040585,0.6550281,95.92938,unloading
Fe4Cr12,75.0,1.041585,0.6465280999999999,92.34612,unloading
Fe4Cr12,75.0,1.042585,0.6380281,88.85146,unloading
Fe4Cr12,75.0,1.043585,0.6295281,85.44349,unloading
Fe4Cr12,75.0,1.044585,0.6210281,82.12056,unloading
Fe4Cr12,75.0,1.045585,0.6125281,78.88279,unloading
Fe4Cr12,75.0,1.046585,0.6040281,75.72881,unloading
Fe4Cr12,75.0,1.047585,0.5955281,72.66024,unloading
Fe4Cr12,75.0,1.048585,0.5870280999999999,69.67163,unloading
Fe4Cr12,75.0,1.049585,0.5785281,66.76563,unloading
Fe4Cr12,75.0,1.050585,0.5700281,63.93806,unloading
Fe4Cr12,75.0,1.051585,0.5615281,61.18962,unloading
Fe4Cr12,75.0,1.052585,0.5530281,58.51734,unloading
Fe4Cr12,75.0,1.053585,0.5445281,55.92318,unloading
Fe4Cr12,75.0,1.054585,0.5360281,53.40374,unloading
Fe4Cr12,75.0,1.055585,0.5275280999999999,50.95971,unloading
Fe4Cr12,75.0,1.056585,0.5190281,48.58961,unloading
Fe4Cr12,75.0,1.057585,0.5105281,46.29224,unloading
Fe4Cr12,75.0,1.058585,0.5020281,44.06609,unloading
Fe4Cr12,75.0,1.059585,0.4935281,41.91171,unloading
Fe4Cr12,75.0,1.060585,0.4850281,39.82742,unloading
Fe4Cr12,75.0,1.061585,0.4765281,37.81319,unloading
Fe4Cr12,75.0,1.062585,0.4680281,35.86642,unloading
Fe4Cr12,75.0,1.063585,0.4595281,33.98646,unloading
Fe4Cr12,75.0,1.064585,0.4510281,32.17239,unloading
Fe4Cr12,75.0,1.065585,0.4425281,30.42121,unloading
Fe4Cr12,75.0,1.066585,0.4340281,28.73347,unloading
Fe4Cr12,75.0,1.067585,0.42552809999999996,27.10803,unloading
Fe4Cr12,75.0,1.068585,0.4170281,25.543,unloading
Fe4Cr12,75.0,1.069585,0.4085281,24.03863,unloading
Fe4Cr12,75.0,1.070585,0.4000281,22.59313,unloading
Fe4Cr12,75.0,1.071585,0.3915281,21.2052,unloading
Fe4Cr12,75.0,1.072585,0.3830281,19.87347,unloading
Fe4Cr12,75.0,1.073585,0.3745281,18.59808,unloading
Fe4Cr12,75.0,1.074585,0.36602809999999997,17.3776,unloading
Fe4Cr12,75.0,1.075585,0.3575281,16.21127,unloading
Fe4Cr12,75.0,1.076585,0.3490281,15.09824,unloading
Fe4Cr12,75.0,1.077585,0.3405281,14.03667,unloading
Fe4Cr12,75.0,1.078585,0.3320281,13.02472,unloading
Fe4Cr12,75.0,1.079585,0.3235281,12.06195,unloading
Fe4Cr12,75.0,1.080585,0.3150281,11.14666,unloading
Fe4Cr12,75.0,1.081585,0.30652809999999997,10.27832,unloading
Fe4Cr12,75.0,1.082585,0.2980281,9.455201,unloading
Fe4Cr12,75.0,1.083585,0.2895281,8.676319,unloading
Fe4Cr12,75.0,1.084585,0.2810281,7.94045,unloading
Fe4Cr12,75.0,1.085585,0.2725281,7.247648,unloading
Fe4Cr12,75.0,1.086585,0.2640281,6.595217,unloading
Fe4Cr12,75.0,1.087585,0.2555281,5.983064,unloading
Fe4Cr12,75.0,1.088585,0.24702809999999997,5.408945,unloading
Fe4Cr12,75.0,1.089585,0.2385281,4.873204,unloading
Fe4Cr12,75.0,1.090585,0.23002809999999999,4.373539,unloading
Fe4Cr12,75.0,1.091585,0.22152809999999998,3.909843,unloading
Fe4Cr12,75.0,1.092585,0.2130281,3.479065,unloading
Fe4Cr12,75.0,1.093585,0.2045281,3.080134,unloading
Fe4Cr12,75.0,1.094585,0.19602809999999998,2.712068,unloading
Fe4Cr12,75.0,1.095585,0.1875281,2.373308,unloading
Fe4Cr12,75.0,1.096585,0.1790281,2.06283,unloading
Fe4Cr12,75.0,1.097585,0.1705281,1.780196,unloading
Fe4Cr12,75.0,1.098585,0.16202809999999998,1.523577,unloading
Fe4Cr12,75.0,1.099585,0.1535281,1.292033,unloading
Fe4Cr12,75.0,1.1,0.15,1.215722,unloading
Fe0Cr16,100.0,0.01058493,0.0006907800000000002,1.623889e-12,loading
Fe0Cr16,100.0,0.01158493,0.001700779999999999,6.61804e-13,loading
Fe0Cr16,100.0,0.01258493,0.0027107799999999994,2.334126e-12,loading
Fe0Cr16,100.0,0.01358493,0.00372078,1.859286e-12,loading
Fe0Cr16,100.0,0.01458493,0.00473078,7.053195e-13,loading
Fe0Cr16,100.0,0.01558493,0.005740779999999999,8.585955e-12,loading
Fe0Cr16,100.0,0.01658493,0.00675078,7.078521e-12,loading
Fe0Cr16,100.0,0.01758493,0.00776078,2.066222e-12,loading
Fe0Cr16,100.0,0.01858493,0.00877078,1.409127e-12,loading
Fe0Cr16,100.0,0.01958493,0.009780780000000001,4.233547e-12,loading
Fe0Cr16,100.0,0.02058493,0.010790779999999998,4.215296e-15,loading
Fe0Cr16,100.0,0.02158493,0.011800779999999999,1.593633e-12,loading
Fe0Cr16,100.0,0.02258493,0.012810779999999999,7.159143e-14,loading
Fe0Cr16,100.0,0.02358493,0.01382078,7.053212e-12,loading
Fe0Cr16,100.0,0.02458493,0.01483078,2.517607e-12,loading
Fe0Cr16,100.0,0.02558493,0.01584078,7.907563e-12,loading
Fe0Cr16,100.0,0.02658493,0.016850780000000003,3.135917e-12,loading
Fe0Cr16,100.0,0.02758493,0.01786078,7.977091e-13,loading
Fe0Cr16,100.0,0.02858493,0.018870779999999997,1.934427e-12,loading
Fe0Cr16,100.0,0.02958493,0.01988078,5.033269e-12,loading
Fe0Cr16,100.0,0.03058493,0.020890779999999998,2.673214e-12,loading
Fe0Cr16,100.0,0.03158493,0.021900779999999995,8.241655e-12,loading
Fe0Cr16,100.0,0.03258493,0.02291078,9.635915e-12,loading
Fe0Cr16,100.0,0.03358493,0.023920779999999996,1.36469e-11,loading
Fe0Cr16,100.0,0.03458493,0.02493078,7.513118e-12,loading
Fe0Cr16,100.0,0.03558493,0.025940779999999997,1.209148e-11,loading
Fe0Cr16,100.0,0.03658493,0.02695078,1.76547e-06,loading
Fe0Cr16,100.0,0.03758493,0.027960779999999998,5.782288e-05,loading
Fe0Cr16,100.0,0.03858493,0.028970779999999995,0.0001342633,loading
Fe0Cr16,100.0,0.03958493,0.02998078,0.0002225656,loading
Fe0Cr16,100.0,0.04058493,0.030990779999999996,0.000299043,loading
Fe0Cr16,100.0,0.04158493,0.03200078,0.0004452509,loading
Fe0Cr16,100.0,0.04258493,0.033010779999999997,0.0005523463,loading
Fe0Cr16,100.0,0.04358493,0.03402078,0.0006106079,loading
Fe0Cr16,100.0,0.04458493,0.03503078,0.0006702239,loading
Fe0Cr16,100.0,0.04558493,0.03604078,0.0008160741,loading
Fe0Cr16,100.0,0.04658493,0.03705078,0.0009535839,loading
Fe0Cr16,100.0,0.04758493,0.038060779999999995,0.001074177,loading
Fe0Cr16,100.0,0.04858493,0.03907078,0.001235238,loading
Fe0Cr16,100.0,0.04958493,0.040080779999999996,0.001411314,loading
Fe0Cr16,100.0,0.05058493,0.04109078,0.001474013,loading
Fe0Cr16,100.0,0.05158493,0.04210078,0.001605736,loading
Fe0Cr16,100.0,0.05258493,0.04311078,0.001697688,loading
Fe0Cr16,100.0,0.05358493,0.04412078,0.001860911,loading
Fe0Cr16,100.0,0.05458493,0.045130779999999995,0.002156344,loading
Fe0Cr16,100.0,0.05558493,0.04614078,0.002287711,loading
Fe0Cr16,100.0,0.05658493,0.047150779999999996,0.002415309,loading
Fe0Cr16,100.0,0.05758493,0.04816078,0.002595625,loading
Fe0Cr16,100.0,0.05858493,0.04917078,0.002844146,loading
Fe0Cr16,100.0,0.05958493,0.05018078,0.003058323,loading
Fe0Cr16,100.0,0.06058493,0.05119078,0.003228372,loading
Fe0Cr16,100.0,0.06158493,0.052200779999999995,0.003434114,loading
Fe0Cr16,100.0,0.06258493,0.05321077999999999,0.003697567,loading
Fe0Cr16,100.0,0.06358493,0.05422078,0.00393381,loading
Fe0Cr16,100.0,0.06458493,0.05523078,0.004181826,loading
Fe0Cr16,100.0,0.06558493,0.05624078,0.004450785,loading
Fe0Cr16,100.0,0.06658493,0.057250779999999994,0.004719728,loading
Fe0Cr16,100.0,0.06758493,0.05826077999999999,0.005014079,loading
Fe0Cr16,100.0,0.06858493,0.05927078,0.005293794,loading
Fe0Cr16,100.0,0.06958493,0.06028078,0.005702053,loading
Fe0Cr16,100.0,0.07058493,0.061290779999999996,0.006081037,loading
Fe0Cr16,100.0,0.07158493,0.06230077999999999,0.006365153,loading
Fe0Cr16,100.0,0.07258493,0.06331078000000001,0.006657305,loading
Fe0Cr16,100.0,0.07358493,0.06432078000000001,0.007079484,loading
Fe0Cr16,100.0,0.07458493,0.06533078,0.007580075,loading
Fe0Cr16,100.0,0.07558493,0.06634078,0.008080606,loading
Fe0Cr16,100.0,0.07658493,0.06735078,0.008612621,loading
Fe0Cr16,100.0,0.07758493,0.06836078000000001,0.009204604,loading
Fe0Cr16,100.0,0.07858493,0.06937078,0.009649792,loading
Fe0Cr16,100.0,0.07958493,0.07038078,0.01023265,loading
Fe0Cr16,100.0,0.08058493,0.07139078,0.0108894,loading
Fe0Cr16,100.0,0.08158493,0.07240078000000001,0.01171278,loading
Fe0Cr16,100.0,0.08258493,0.07341078000000001,0.01258733,loading
Fe0Cr16,100.0,0.08358493,0.07442078,0.0133967,loading
Fe0Cr16,100.0,0.08458493,0.07543078,0.01435951,loading
Fe0Cr16,100.0,0.08558493,0.07644078,0.01551806,loading
Fe0Cr16,100.0,0.08658493,0.07745078000000001,0.01679765,loading
Fe0Cr16,100.0,0.08758493,0.07846078000000001,0.01815927,loading
Fe0Cr16,100.0,0.08858493,0.07947078,0.01979493,loading
Fe0Cr16,100.0,0.08958493,0.08048078,0.0217122,loading
Fe0Cr16,100.0,0.09058493,0.08149078,0.02395604,loading
Fe0Cr16,100.0,0.09158493,0.08250078000000001,0.02662791,loading
Fe0Cr16,100.0,0.09258493,0.08351078,0.02997395,loading
Fe0Cr16,100.0,0.09358493,0.08452078,0.03411717,loading
Fe0Cr16,100.0,0.09458493,0.08553078,0.03954639,loading
Fe0Cr16,100.0,0.09558493,0.08654078000000001,0.0469307,loading
Fe0Cr16,100.0,0.09658493,0.08755078000000001,0.05754685,loading
Fe0Cr16,100.0,0.09758493,0.08856078,0.07443883,loading
Fe0Cr16,100.0,0.09858493,0.08957078,0.1050697,loading
Fe0Cr16,100.0,0.09958493,0.0905808,0.1782869,loading
Fe0Cr16,100.0,0.1,0.09100000000000001,0.2509942,loading
Fe0Cr16,100.0,0.10001,0.09101010000000001,0.2508605,loading
Fe0Cr16,100.0,0.10002,0.09102020000000001,0.2509524,loading
Fe0Cr16,100.0,0.100035,0.0910353,0.2510945,loading
Fe0Cr16,100.0,0.1000575,0.0910581,0.2513076,loading
Fe0Cr16,100.0,0.1000913,0.0910922,0.2516272,loading
Fe0Cr16,100.0,0.1001419,0.09114330000000001,0.2521068,loading
Fe0Cr16,100.0,0.1002178,0.09122000000000001,0.2528264,loading
Fe0Cr16,100.0,0.1003317,0.091335,0.2539062,loading
Fe0Cr16,100.0,0.1005026,0.09150760000000001,0.2555331,loading
Fe0Cr16,100.0,0.1007589,0.0917665,0.2579874,loading
Fe0Cr16,100.0,0.1011433,0.0921547,0.2616864,loading
Fe0Cr16,100.0,0.10172,0.0927372,0.2673342,loading
Fe0Cr16,100.0,0.1025849,0.09361080000000001,0.2760079,loading
Fe0Cr16,100.0,0.1035849,0.0946208,0.2861722,loading
Fe0Cr16,100.0,0.1045849,0.0956308,0.2964375,loading
Fe0Cr16,100.0,0.1055849,0.0966408,0.3070343,loading
Fe0Cr16,100.0,0.1065849,0.09765080000000001,0.3176715,loading
Fe0Cr16,100.0,0.1075849,0.0986608,0.3284464,loading
Fe0Cr16,100.0,0.1085849,0.0996708,0.3395009,loading
Fe0Cr16,100.0,0.1095849,0.1006808,0.3508905,loading
Fe0Cr16,100.0,0.1105849,0.10169080000000001,0.362525,loading
Fe0Cr16,100.0,0.1115849,0.10270080000000001,0.374312,loading
Fe0Cr16,100.0,0.1125849,0.1037108,0.3863483,loading
Fe0Cr16,100.0,0.1135849,0.1047208,0.3986791,loading
Fe0Cr16,100.0,0.1145849,0.1057308,0.4112129,loading
Fe0Cr16,100.0,0.1155849,0.10674080000000001,0.4239723,loading
Fe0Cr16,100.0,0.1165849,0.10775080000000001,0.4370031,loading
Fe0Cr16,100.0,0.1175849,0.1087608,0.4502853,loading
Fe0Cr16,100.0,0.1185849,0.1097708,0.4637902,loading
Fe0Cr16,100.0,0.1195849,0.1107808,0.4775599,loading
Fe0Cr16,100.0,0.1205849,0.11179080000000001,0.4916028,loading
Fe0Cr16,100.0,0.1215849,0.1128008,0.5058517,loading
Fe0Cr16,100.0,0.1225849,0.1138108,0.5204014,loading
Fe0Cr16,100.0,0.1235849,0.1148208,0.5352094,loading
Fe0Cr16,100.0,0.1245849,0.1158308,0.5501932,loading
Fe0Cr16,100.0,0.1255849,0.11684080000000001,0.5655179,loading
Fe0Cr16,100.0,0.1265849,0.11785079999999999,0.5812613,loading
Fe0Cr16,100.0,0.1275849,0.1188608,0.5971734,loading
Fe0Cr16,100.0,0.1285849,0.11987080000000001,0.6131981,loading
Fe0Cr16,100.0,0.1295849,0.1208808,0.6294317,loading
Fe0Cr16,100.0,0.1305849,0.12189080000000001,0.6460163,loading
Fe0Cr16,100.0,0.1315849,0.12290080000000002,0.6630561,loading
Fe0Cr16,100.0,0.1325849,0.1239108,0.6803064,loading
Fe0Cr16,100.0,0.1335849,0.12492080000000001,0.698038,loading
Fe0Cr16,100.0,0.1345849,0.12593079999999998,0.7157884,loading
Fe0Cr16,100.0,0.1355849,0.1269408,0.7336856,loading
Fe0Cr16,100.0,0.1365849,0.1279508,0.7520629,loading
Fe0Cr16,100.0,0.1375849,0.1289608,0.7707867,loading
Fe0Cr16,100.0,0.1385849,0.1299708,0.7898124,loading
Fe0Cr16,100.0,0.1395849,0.13098079999999998,0.8090461,loading
Fe0Cr16,100.0,0.1405849,0.1319908,0.8286112,loading
Fe0Cr16,100.0,0.1415849,0.1330008,0.848488,loading
Fe0Cr16,100.0,0.1425849,0.13401079999999999,0.86863,loading
Fe0Cr16,100.0,0.1435849,0.1350208,0.8890865,loading
Fe0Cr16,100.0,0.1445849,0.13603079999999998,0.9098792,loading
Fe0Cr16,100.0,0.1455849,0.1370408,0.9309438,loading
Fe0Cr16,100.0,0.1465849,0.1380508,0.952233,loading
Fe0Cr16,100.0,0.1475849,0.13906079999999998,0.973997,loading
Fe0Cr16,100.0,0.1485849,0.1400708,0.9960135,loading
Fe0Cr16,100.0,0.1495849,0.14108079999999998,1.018287,loading
Fe0Cr16,100.0,0.1505849,0.1420908,1.040957,loading
Fe0Cr16,100.0,0.1515849,0.1431008,1.063928,loading
Fe0Cr16,100.0,0.1525849,0.14411079999999998,1.087191,loading
Fe0Cr16,100.0,0.1535849,0.1451208,1.110795,loading
Fe0Cr16,100.0,0.1545849,0.14613079999999998,1.13486,loading
Fe0Cr16,100.0,0.1555849,0.1471408,1.159241,loading
Fe0Cr16,100.0,0.1565849,0.1481508,1.183753,loading
Fe0Cr16,100.0,0.1575849,0.14916079999999998,1.208506,loading
Fe0Cr16,100.0,0.1585849,0.1501708,1.233563,loading
Fe0Cr16,100.0,0.1595849,0.1511808,1.259317,loading
Fe0Cr16,100.0,0.1605849,0.1521908,1.285204,loading
Fe0Cr16,100.0,0.1615849,0.1532008,1.311781,loading
Fe0Cr16,100.0,0.1625849,0.15421079999999998,1.338406,loading
Fe0Cr16,100.0,0.1635849,0.1552208,1.365102,loading
Fe0Cr16,100.0,0.1645849,0.1562308,1.392354,loading
Fe0Cr16,100.0,0.1655849,0.1572408,1.420087,loading
Fe0Cr16,100.0,0.1665849,0.1582508,1.448109,loading
Fe0Cr16,100.0,0.1675849,0.15926079999999998,1.476409,loading
Fe0Cr16,100.0,0.1685849,0.1602708,1.505148,loading
Fe0Cr16,100.0,0.1695849,0.1612808,1.534182,loading
Fe0Cr16,100.0,0.1705849,0.16229079999999999,1.563549,loading
Fe0Cr16,100.0,0.1715849,0.1633008,1.593388,loading
Fe0Cr16,100.0,0.1725849,0.16431079999999998,1.623524,loading
Fe0Cr16,100.0,0.1735849,0.1653208,1.653891,loading
Fe0Cr16,100.0,0.1745849,0.1663308,1.684766,loading
Fe0Cr16,100.0,0.1755849,0.16734079999999998,1.716088,loading
Fe0Cr16,100.0,0.1765849,0.1683508,1.747656,loading
Fe0Cr16,100.0,0.1775849,0.16936079999999998,1.779504,loading
Fe0Cr16,100.0,0.1785849,0.1703708,1.811907,loading
Fe0Cr16,100.0,0.1795849,0.1713808,1.84459,loading
Fe0Cr16,100.0,0.1805849,0.17239079999999998,1.877677,loading
Fe0Cr16,100.0,0.1815849,0.1734008,1.911058,loading
Fe0Cr16,100.0,0.1825849,0.1744108,1.944957,loading
Fe0Cr16,100.0,0.1835849,0.1754208,1.979368,loading
Fe0Cr16,100.0,0.1845849,0.1764308,2.013925,loading
Fe0Cr16,100.0,0.1855849,0.17744079999999998,2.04875,loading
Fe0Cr16,100.0,0.1865849,0.1784508,2.083888,loading
Fe0Cr16,100.0,0.1875849,0.1794608,2.119766,loading
Fe0Cr16,100.0,0.1885849,0.1804708,2.155909,loading
Fe0Cr16,100.0,0.1895849,0.1814808,2.19276,loading
Fe0Cr16,100.0,0.1905849,0.18249079999999998,2.229792,loading
Fe0Cr16,100.0,0.1915849,0.1835008,2.266843,loading
Fe0Cr16,100.0,0.1925849,0.1845108,2.304489,loading
Fe0Cr16,100.0,0.1935849,0.18552079999999999,2.342751,loading
Fe0Cr16,100.0,0.1945849,0.1865308,2.381291,loading
Fe0Cr16,100.0,0.1955849,0.18754079999999998,2.420261,loading
Fe0Cr16,100.0,0.1965849,0.1885508,2.459592,loading
Fe0Cr16,100.0,0.1975849,0.1895608,2.499292,loading
Fe0Cr16,100.0,0.1985849,0.19057079999999998,2.539589,loading
Fe0Cr16,100.0,0.1995849,0.1915808,2.580195,loading
Fe0Cr16,100.0,0.2,0.192,2.594401,loading
Fe0Cr16,100.0,0.20001,0.1920101,2.592882,loading
Fe0Cr16,100.0,0.20002,0.1920202,2.59328,loading
Fe0Cr16,100.0,0.200035,0.1920353,2.593916,loading
Fe0Cr16,100.0,0.2000575,0.19205809999999998,2.594871,loading
Fe0Cr16,100.0,0.2000912,0.1920922,2.596302,loading
Fe0Cr16,100.0,0.2001419,0.1921433,2.59845,loading
Fe0Cr16,100.0,0.2002178,0.19222,2.601671,loading
Fe0Cr16,100.0,0.2003317,0.19233499999999998,2.606504,loading
Fe0Cr16,100.0,0.2005026,0.1925076,2.613754,loading
Fe0Cr16,100.0,0.2007589,0.19276649999999998,2.624635,loading
Fe0Cr16,100.0,0.2011433,0.19315469999999998,2.641098,loading
Fe0Cr16,100.0,0.20172,0.1937372,2.665873,loading
Fe0Cr16,100.0,0.2025849,0.1946108,2.703664,loading
Fe0Cr16,100.0,0.2035849,0.19562079999999998,2.746755,loading
Fe0Cr16,100.0,0.2045849,0.1966308,2.789373,loading
Fe0Cr16,100.0,0.2055849,0.19764079999999998,2.832323,loading
Fe0Cr16,100.0,0.2065849,0.1986508,2.875936,loading
Fe0Cr16,100.0,0.2075849,0.1996608,2.919848,loading
Fe0Cr16,100.0,0.2085849,0.20067079999999998,2.964263,loading
Fe0Cr16,100.0,0.2095849,0.2016808,3.008978,loading
Fe0Cr16,100.0,0.2105849,0.2026908,3.05422,loading
Fe0Cr16,100.0,0.2115849,0.2037008,3.100138,loading
Fe0Cr16,100.0,0.2125849,0.2047108,3.146319,loading
Fe0Cr16,100.0,0.2135849,0.20572079999999998,3.19275,loading
Fe0Cr16,100.0,0.2145849,0.2067308,3.239471,loading
Fe0Cr16,100.0,0.2155849,0.2077408,3.286887,loading
Fe0Cr16,100.0,0.2165849,0.2087508,3.334907,loading
Fe0Cr16,100.0,0.2175849,0.2097608,3.383413,loading
Fe0Cr16,100.0,0.2185849,0.21077079999999998,3.432381,loading
Fe0Cr16,100.0,0.2195849,0.2117808,3.481403,loading
Fe0Cr16,100.0,0.2205849,0.2127908,3.530853,loading
Fe0Cr16,100.0,0.2215849,0.21380079999999999,3.581159,loading
Fe0Cr16,100.0,0.2225849,0.2148108,3.631765,loading
Fe0Cr16,100.0,0.2235849,0.21582079999999998,3.682812,loading
Fe0Cr16,100.0,0.2245849,0.2168308,3.734209,loading
Fe0Cr16,100.0,0.2255849,0.2178408,3.786351,loading
Fe0Cr16,100.0,0.2265849,0.21885079999999998,3.838855,loading
Fe0Cr16,100.0,0.2275849,0.2198608,3.89169,loading
Fe0Cr16,100.0,0.2285849,0.22087079999999998,3.944793,loading
Fe0Cr16,100.0,0.2295849,0.2218808,3.998634,loading
Fe0Cr16,100.0,0.2305849,0.2228908,4.053103,loading
Fe0Cr16,100.0,0.2315849,0.22390079999999998,4.108135,loading
Fe0Cr16,100.0,0.2325849,0.2249108,4.163357,loading
Fe0Cr16,100.0,0.2335849,0.2259208,4.218843,loading
Fe0Cr16,100.0,0.2345849,0.2269308,4.274986,loading
Fe0Cr16,100.0,0.2355849,0.2279408,4.331801,loading
Fe0Cr16,100.0,0.2365849,0.22895079999999998,4.388949,loading
Fe0Cr16,100.0,0.2375849,0.2299608,4.446565,loading
Fe0Cr16,100.0,0.2385849,0.2309708,4.504649,loading
Fe0Cr16,100.0,0.2395849,0.2319808,4.563398,loading
Fe0Cr16,100.0,0.2405849,0.2329908,4.622718,loading
Fe0Cr16,100.0,0.2415849,0.23400079999999998,4.682237,loading
Fe0Cr16,100.0,0.2425849,0.2350108,4.742076,loading
Fe0Cr16,100.0,0.2435849,0.2360208,4.80254,loading
Fe0Cr16,100.0,0.2445849,0.23703079999999999,4.863697,loading
Fe0Cr16,100.0,0.2455849,0.2380408,4.925596,loading
Fe0Cr16,100.0,0.2465849,0.23905079999999998,4.987704,loading
Fe0Cr16,100.0,0.2475849,0.24006080000000002,5.050318,loading
Fe0Cr16,100.0,0.2485849,0.24107079999999997,5.11348,loading
Fe0Cr16,100.0,0.2495849,0.24208079999999998,5.177363,loading
Fe0Cr16,100.0,0.2505849,0.2430908,5.241693,loading
Fe0Cr16,100.0,0.2515849,0.2441008,5.306495,loading
Fe0Cr16,100.0,0.2525849,0.24511080000000002,5.371778,loading
Fe0Cr16,100.0,0.2535849,0.24612079999999997,5.437896,loading
Fe0Cr16,100.0,0.2545849,0.24713079999999998,5.504533,loading
Fe0Cr16,100.0,0.2555849,0.2481408,5.571217,loading
Fe0Cr16,100.0,0.2565849,0.2491508,5.63855,loading
Fe0Cr16,100.0,0.2575849,0.2501608,5.706337,loading
Fe0Cr16,100.0,0.2585849,0.25117079999999997,5.774991,loading
Fe0Cr16,100.0,0.2595849,0.2521808,5.844501,loading
Fe0Cr16,100.0,0.2605849,0.2531908,5.914214,loading
Fe0Cr16,100.0,0.2615849,0.2542008,5.984396,loading
Fe0Cr16,100.0,0.2625849,0.2552108,6.054998,loading
Fe0Cr16,100.0,0.2635849,0.25622079999999997,6.126401,loading
Fe0Cr16,100.0,0.2645849,0.2572308,6.198359,loading
Fe0Cr16,100.0,0.2655849,0.2582408,6.270848,loading
Fe0Cr16,100.0,0.2665849,0.2592508,6.343877,loading
Fe0Cr16,100.0,0.2675849,0.2602608,6.417474,loading
Fe0Cr16,100.0,0.2685849,0.26127079999999997,6.491882,loading
Fe0Cr16,100.0,0.2695849,0.2622808,6.566528,loading
Fe0Cr16,100.0,0.2705849,0.2632908,6.641608,loading
Fe0Cr16,100.0,0.2715849,0.2643008,6.717337,loading
Fe0Cr16,100.0,0.2725849,0.2653108,6.793946,loading
Fe0Cr16,100.0,0.2735849,0.26632079999999997,6.870972,loading
Fe0Cr16,100.0,0.2745849,0.2673308,6.948518,loading
Fe0Cr16,100.0,0.2755849,0.2683408,7.026505,loading
Fe0Cr16,100.0,0.2765849,0.2693508,7.105297,loading
Fe0Cr16,100.0,0.2775849,0.2703608,7.184606,loading
Fe0Cr16,100.0,0.2785849,0.27137079999999997,7.264486,loading
Fe0Cr16,100.0,0.2795849,0.2723808,7.344923,loading
Fe0Cr16,100.0,0.2805849,0.2733908,7.425809,loading
Fe0Cr16,100.0,0.2815849,0.2744008,7.507655,loading
Fe0Cr16,100.0,0.2825849,0.2754108,7.590247,loading
Fe0Cr16,100.0,0.2835849,0.27642079999999997,7.672872,loading
Fe0Cr16,100.0,0.2845849,0.2774308,7.755913,loading
Fe0Cr16,100.0,0.2855849,0.2784408,7.839803,loading
Fe0Cr16,100.0,0.2865849,0.2794508,7.92419,loading
Fe0Cr16,100.0,0.2875849,0.2804608,8.009807,loading
Fe0Cr16,100.0,0.2885849,0.28147079999999997,8.09584,loading
Fe0Cr16,100.0,0.2895849,0.2824808,8.18223,loading
Fe0Cr16,100.0,0.2905849,0.2834908,8.268847,loading
Fe0Cr16,100.0,0.2915849,0.2845008,8.356338,loading
Fe0Cr16,100.0,0.2925849,0.2855108,8.444716,loading
Fe0Cr16,100.0,0.2935849,0.28652079999999996,8.53349,loading
Fe0Cr16,100.0,0.2945849,0.2875308,8.622992,loading
Fe0Cr16,100.0,0.2955849,0.2885408,8.712895,loading
Fe0Cr16,100.0,0.2965849,0.2895508,8.803743,loading
Fe0Cr16,100.0,0.2975849,0.2905608,8.89497,loading
Fe0Cr16,100.0,0.2985849,0.2915708,8.986654,loading
Fe0Cr16,100.0,0.2995849,0.2925808,9.079178,loading
Fe0Cr16,100.0,0.3,0.293,9.111291,loading
Fe0Cr16,100.0,0.30001,0.2930101,9.10758,loading
Fe0Cr16,100.0,0.30002,0.2930202,9.108475,loading
Fe0Cr16,100.0,0.300035,0.2930353,9.109932,loading
Fe0Cr16,100.0,0.3000575,0.2930581,9.112117,loading
Fe0Cr16,100.0,0.3000913,0.29309219999999997,9.115396,loading
Fe0Cr16,100.0,0.3001419,0.2931433,9.120314,loading
Fe0Cr16,100.0,0.3002178,0.29322,9.127691,loading
Fe0Cr16,100.0,0.3003317,0.293335,9.138763,loading
Fe0Cr16,100.0,0.3005026,0.2935076,9.155371,loading
Fe0Cr16,100.0,0.3007589,0.2937665,9.180285,loading
Fe0Cr16,100.0,0.3011433,0.2941547,9.217712,loading
Fe0Cr16,100.0,0.30172,0.2947372,9.274027,loading
Fe0Cr16,100.0,0.3025849,0.2956108,9.358799,loading
Fe0Cr16,100.0,0.3035849,0.2966208,9.455453,loading
Fe0Cr16,100.0,0.3045849,0.2976308,9.551133,loading
Fe0Cr16,100.0,0.3055849,0.2986408,9.647301,loading
Fe0Cr16,100.0,0.3065849,0.2996508,9.74418,loading
Fe0Cr16,100.0,0.3075849,0.3006608,9.84171,loading
Fe0Cr16,100.0,0.3085849,0.3016708,9.9398,loading
Fe0Cr16,100.0,0.3095849,0.30268079999999997,10.03865,loading
Fe0Cr16,100.0,0.3105849,0.3036908,10.13858,loading
Fe0Cr16,100.0,0.3115849,0.3047008,10.23864,loading
Fe0Cr16,100.0,0.3125849,0.3057108,10.33876,loading
Fe0Cr16,100.0,0.3135849,0.3067208,10.44022,loading
Fe0Cr16,100.0,0.3145849,0.30773079999999997,10.54186,loading
Fe0Cr16,100.0,0.3155849,0.3087408,10.64484,loading
Fe0Cr16,100.0,0.3165849,0.3097508,10.74856,loading
Fe0Cr16,100.0,0.3175849,0.3107608,10.85279,loading
Fe0Cr16,100.0,0.3185849,0.3117708,10.9572,loading
Fe0Cr16,100.0,0.3195849,0.31278079999999997,11.06217,loading
Fe0Cr16,100.0,0.3205849,0.3137908,11.16808,loading
Fe0Cr16,100.0,0.3215849,0.3148008,11.27487,loading
Fe0Cr16,100.0,0.3225849,0.3158108,11.38218,loading
Fe0Cr16,100.0,0.3235849,0.3168208,11.49008,loading
Fe0Cr16,100.0,0.3245849,0.31783079999999997,11.59883,loading
Fe0Cr16,100.0,0.3255849,0.3188408,11.70812,loading
Fe0Cr16,100.0,0.3265849,0.3198508,11.81788,loading
Fe0Cr16,100.0,0.3275849,0.3208608,11.92866,loading
Fe0Cr16,100.0,0.3285849,0.3218708,12.04002,loading
Fe0Cr16,100.0,0.3295849,0.32288079999999997,12.15185,loading
Fe0Cr16,100.0,0.3305849,0.3238908,12.26452,loading
Fe0Cr16,100.0,0.3315849,0.3249008,12.37797,loading
Fe0Cr16,100.0,0.3325849,0.3259108,12.49201,loading
Fe0Cr16,100.0,0.3335849,0.3269208,12.60658,loading
Fe0Cr16,100.0,0.3345849,0.32793079999999997,12.72209,loading
Fe0Cr16,100.0,0.3355849,0.3289408,12.83809,loading
Fe0Cr16,100.0,0.3365849,0.3299508,12.95488,loading
Fe0Cr16,100.0,0.3375849,0.3309608,13.07217,loading
Fe0Cr16,100.0,0.3385849,0.3319708,13.19087,loading
Fe0Cr16,100.0,0.3395849,0.33298079999999997,13.30989,loading
Fe0Cr16,100.0,0.3405849,0.3339908,13.42899,loading
Fe0Cr16,100.0,0.3415849,0.3350008,13.54904,loading
Fe0Cr16,100.0,0.3425849,0.3360108,13.66975,loading
Fe0Cr16,100.0,0.3435849,0.3370208,13.79143,loading
Fe0Cr16,100.0,0.3445849,0.33803079999999996,13.9142,loading
Fe0Cr16,100.0,0.3455849,0.3390408,14.03767,loading
Fe0Cr16,100.0,0.3465849,0.3400508,14.16144,loading
Fe0Cr16,100.0,0.3475849,0.3410608,14.28547,loading
Fe0Cr16,100.0,0.3485849,0.3420708,14.41057,loading
Fe0Cr16,100.0,0.3495849,0.34308079999999996,14.53654,loading
Fe0Cr16,100.0,0.3505849,0.3440908,14.66329,loading
Fe0Cr16,100.0,0.3515849,0.3451008,14.79068,loading
Fe0Cr16,100.0,0.3525849,0.3461108,14.91875,loading
Fe0Cr16,100.0,0.3535849,0.3471208,15.04758,loading
Fe0Cr16,100.0,0.3545849,0.3481308,15.17696,loading
Fe0Cr16,100.0,0.3555849,0.3491408,15.30736,loading
Fe0Cr16,100.0,0.3565849,0.3501508,15.4382,loading
Fe0Cr16,100.0,0.3575849,0.3511608,15.56995,loading
Fe0Cr16,100.0,0.3585849,0.3521708,15.70237,loading
Fe0Cr16,100.0,0.3595849,0.3531808,15.83567,loading
Fe0Cr16,100.0,0.3605849,0.3541908,15.96945,loading
Fe0Cr16,100.0,0.3615849,0.3552008,16.10399,loading
Fe0Cr16,100.0,0.3625849,0.3562108,16.23949,loading
Fe0Cr16,100.0,0.3635849,0.3572208,16.37568,loading
Fe0Cr16,100.0,0.3645849,0.3582308,16.51241,loading
Fe0Cr16,100.0,0.3655849,0.35924079999999997,16.64972,loading
Fe0Cr16,100.0,0.3665849,0.3602508,16.78858,loading
Fe0Cr16,100.0,0.3675849,0.3612608,16.92801,loading
Fe0Cr16,100.0,0.3685849,0.3622708,17.06764,loading
Fe0Cr16,100.0,0.3695849,0.3632808,17.20764,loading
Fe0Cr16,100.0,0.3705849,0.36429079999999997,17.34895,loading
Fe0Cr16,100.0,0.3715849,0.3653008,17.49091,loading
Fe0Cr16,100.0,0.3725849,0.3663108,17.6341,loading
Fe0Cr16,100.0,0.3735849,0.3673208,17.77821,loading
Fe0Cr16,100.0,0.3745849,0.3683308,17.92295,loading
Fe0Cr16,100.0,0.3755849,0.36934079999999997,18.06815,loading
Fe0Cr16,100.0,0.3765849,0.3703508,18.21377,loading
Fe0Cr16,100.0,0.3775849,0.3713608,18.36079,loading
Fe0Cr16,100.0,0.3785849,0.3723708,18.5087,loading
Fe0Cr16,100.0,0.3795849,0.3733808,18.65717,loading
Fe0Cr16,100.0,0.3805849,0.37439079999999997,18.80639,loading
Fe0Cr16,100.0,0.3815849,0.3754008,18.95648,loading
Fe0Cr16,100.0,0.3825849,0.3764108,19.10722,loading
Fe0Cr16,100.0,0.3835849,0.3774208,19.25885,loading
Fe0Cr16,100.0,0.3845849,0.3784308,19.41115,loading
Fe0Cr16,100.0,0.3855849,0.37944079999999997,19.56416,loading
Fe0Cr16,100.0,0.3865849,0.3804508,19.71824,loading
Fe0Cr16,100.0,0.3875849,0.3814608,19.87307,loading
Fe0Cr16,100.0,0.3885849,0.3824708,20.02829,loading
Fe0Cr16,100.0,0.3895849,0.3834808,20.18473,loading
Fe0Cr16,100.0,0.3905849,0.38449079999999997,20.34196,loading
Fe0Cr16,100.0,0.3915849,0.3855008,20.50006,loading
Fe0Cr16,100.0,0.3925849,0.3865108,20.65867,loading
Fe0Cr16,100.0,0.3935849,0.3875208,20.81805,loading
Fe0Cr16,100.0,0.3945849,0.3885308,20.97878,loading
Fe0Cr16,100.0,0.3955849,0.38954079999999996,21.14033,loading
Fe0Cr16,100.0,0.3965849,0.3905508,21.30228,loading
Fe0Cr16,100.0,0.3975849,0.3915608,21.46432,loading
Fe0Cr16,100.0,0.3985849,0.3925708,21.62783,loading
Fe0Cr16,100.0,0.3995849,0.3935808,21.79216,loading
Fe0Cr16,100.0,0.4,0.394,21.84937,loading
Fe0Cr16,100.0,0.40001,0.3940101,21.84306,loading
Fe0Cr16,100.0,0.40002,0.3940202,21.84462,loading
Fe0Cr16,100.0,0.400035,0.3940353,21.8472,loading
Fe0Cr16,100.0,0.4000575,0.39405809999999997,21.85106,loading
Fe0Cr16,100.0,0.4000913,0.3940922,21.85686,loading
Fe0Cr16,100.0,0.4001419,0.3941433,21.86555,loading
Fe0Cr16,100.0,0.4002178,0.39422,21.8786,loading
Fe0Cr16,100.0,0.4003317,0.394335,21.89816,loading
Fe0Cr16,100.0,0.4005026,0.3945076,21.92751,loading
Fe0Cr16,100.0,0.4007589,0.39476649999999996,21.97161,loading
Fe0Cr16,100.0,0.4011433,0.39515469999999997,22.03796,loading
Fe0Cr16,100.0,0.40172,0.3957372,22.13779,loading
Fe0Cr16,100.0,0.4025849,0.3966108,22.28823,loading
Fe0Cr16,100.0,0.4035849,0.3976208,22.4587,loading
Fe0Cr16,100.0,0.4045849,0.3986308,22.62691,loading
Fe0Cr16,100.0,0.4055849,0.3996408,22.79588,loading
Fe0Cr16,100.0,0.4065849,0.4006508,22.96609,loading
Fe0Cr16,100.0,0.4075849,0.4016608,23.13727,loading
Fe0Cr16,100.0,0.4085849,0.4026708,23.30904,loading
Fe0Cr16,100.0,0.4095849,0.4036808,23.48171,loading
Fe0Cr16,100.0,0.4105849,0.4046908,23.65514,loading
Fe0Cr16,100.0,0.4115849,0.4057008,23.8294,loading
Fe0Cr16,100.0,0.4125849,0.4067108,24.00435,loading
Fe0Cr16,100.0,0.4135849,0.4077208,24.18045,loading
Fe0Cr16,100.0,0.4145849,0.4087308,24.35744,loading
Fe0Cr16,100.0,0.4155849,0.4097408,24.53493,loading
Fe0Cr16,100.0,0.4165849,0.41075079999999997,24.71317,loading
Fe0Cr16,100.0,0.4175849,0.4117608,24.89241,loading
Fe0Cr16,100.0,0.4185849,0.4127708,25.07284,loading
Fe0Cr16,100.0,0.4195849,0.4137808,25.25401,loading
Fe0Cr16,100.0,0.4205849,0.4147908,25.43569,loading
Fe0Cr16,100.0,0.4215849,0.41580079999999997,25.61815,loading
Fe0Cr16,100.0,0.4225849,0.4168108,25.80184,loading
Fe0Cr16,100.0,0.4235849,0.4178208,25.98675,loading
Fe0Cr16,100.0,0.4245849,0.4188308,26.17214,loading
Fe0Cr16,100.0,0.4255849,0.4198408,26.35783,loading
Fe0Cr16,100.0,0.4265849,0.42085079999999997,26.54423,loading
Fe0Cr16,100.0,0.4275849,0.4218608,26.73207,loading
Fe0Cr16,100.0,0.4285849,0.4228708,26.92114,loading
Fe0Cr16,100.0,0.4295849,0.4238808,27.11074,loading
Fe0Cr16,100.0,0.4305849,0.4248908,27.30147,loading
Fe0Cr16,100.0,0.4315849,0.42590079999999997,27.49318,loading
Fe0Cr16,100.0,0.4325849,0.4269108,27.68528,loading
Fe0Cr16,100.0,0.4335849,0.4279208,27.87787,loading
Fe0Cr16,100.0,0.4345849,0.4289308,28.07166,loading
Fe0Cr16,100.0,0.4355849,0.4299408,28.26645,loading
Fe0Cr16,100.0,0.4365849,0.43095079999999997,28.46236,loading
Fe0Cr16,100.0,0.4375849,0.4319608,28.65886,loading
Fe0Cr16,100.0,0.4385849,0.4329708,28.85634,loading
Fe0Cr16,100.0,0.4395849,0.4339808,29.05452,loading
Fe0Cr16,100.0,0.4405849,0.4349908,29.25375,loading
Fe0Cr16,100.0,0.4415849,0.43600079999999997,29.45404,loading
Fe0Cr16,100.0,0.4425849,0.4370108,29.65518,loading
Fe0Cr16,100.0,0.4435849,0.4380208,29.85678,loading
Fe0Cr16,100.0,0.4445849,0.4390308,30.05931,loading
Fe0Cr16,100.0,0.4455849,0.4400408,30.26298,loading
Fe0Cr16,100.0,0.4465849,0.44105079999999997,30.46775,loading
Fe0Cr16,100.0,0.4475849,0.4420608,30.67331,loading
Fe0Cr16,100.0,0.4485849,0.4430708,30.87979,loading
Fe0Cr16,100.0,0.4495849,0.4440808,31.08647,loading
Fe0Cr16,100.0,0.4505849,0.4450908,31.29437,loading
Fe0Cr16,100.0,0.4515849,0.44610079999999996,31.50424,loading
Fe0Cr16,100.0,0.4525849,0.4471108,31.71431,loading
Fe0Cr16,100.0,0.4535849,0.4481208,31.92501,loading
Fe0Cr16,100.0,0.4545849,0.4491308,32.13711,loading
Fe0Cr16,100.0,0.4555849,0.4501408,32.34957,loading
Fe0Cr16,100.0,0.4565849,0.4511508,32.56245,loading
Fe0Cr16,100.0,0.4575849,0.4521608,32.77695,loading
Fe0Cr16,100.0,0.4585849,0.4531708,32.9919,loading
Fe0Cr16,100.0,0.4595849,0.4541808,33.20882,loading
Fe0Cr16,100.0,0.4605849,0.4551908,33.42664,loading
Fe0Cr16,100.0,0.4615849,0.4562008,33.64482,loading
Fe0Cr16,100.0,0.4625849,0.4572108,33.86368,loading
Fe0Cr16,100.0,0.4635849,0.4582208,34.08336,loading
Fe0Cr16,100.0,0.4645849,0.4592308,34.30431,loading
Fe0Cr16,100.0,0.4655849,0.4602408,34.52635,loading
Fe0Cr16,100.0,0.4665849,0.4612508,34.7491,loading
Fe0Cr16,100.0,0.4675849,0.46226079999999997,34.97276,loading
Fe0Cr16,100.0,0.4685849,0.4632708,35.19736,loading
Fe0Cr16,100.0,0.4695849,0.4642808,35.4233,loading
Fe0Cr16,100.0,0.4705849,0.4652908,35.65017,loading
Fe0Cr16,100.0,0.4715849,0.4663008,35.87751,loading
Fe0Cr16,100.0,0.4725849,0.46731079999999997,36.10541,loading
Fe0Cr16,100.0,0.4735849,0.4683208,36.33423,loading
Fe0Cr16,100.0,0.4745849,0.4693308,36.56495,loading
Fe0Cr16,100.0,0.4755849,0.4703408,36.79626,loading
Fe0Cr16,100.0,0.4765849,0.4713508,37.02903,loading
Fe0Cr16,100.0,0.4775849,0.47236079999999997,37.26248,loading
Fe0Cr16,100.0,0.4785849,0.4733708,37.49595,loading
Fe0Cr16,100.0,0.4795849,0.4743808,37.73047,loading
Fe0Cr16,100.0,0.4805849,0.4753908,37.96696,loading
Fe0Cr16,100.0,0.4815849,0.4764008,38.20351,loading
Fe0Cr16,100.0,0.4825849,0.47741079999999997,38.44129,loading
Fe0Cr16,100.0,0.4835849,0.4784208,38.68051,loading
Fe0Cr16,100.0,0.4845849,0.4794308,38.92082,loading
Fe0Cr16,100.0,0.4855849,0.4804408,39.16136,loading
Fe0Cr16,100.0,0.4865849,0.4814508,39.40264,loading
Fe0Cr16,100.0,0.4875849,0.48246079999999997,39.64541,loading
Fe0Cr16,100.0,0.4885849,0.4834708,39.88959,loading
Fe0Cr16,100.0,0.4895849,0.4844808,40.13482,loading
Fe0Cr16,100.0,0.4905849,0.4854908,40.38054,loading
Fe0Cr16,100.0,0.4915849,0.4865008,40.62708,loading
Fe0Cr16,100.0,0.4925849,0.48751079999999997,40.87504,loading
Fe0Cr16,100.0,0.4935849,0.4885208,41.12372,loading
Fe0Cr16,100.0,0.4945849,0.4895308,41.37361,loading
Fe0Cr16,100.0,0.4955849,0.4905408,41.62428,loading
Fe0Cr16,100.0,0.4965849,0.49155079999999995,41.87606,loading
Fe0Cr16,100.0,0.4975849,0.4925608,42.12852,loading
Fe0Cr16,100.0,0.4985849,0.4935708,42.3824,loading
Fe0Cr16,100.0,0.4995849,0.49458080000000004,42.63766,loading
Fe0Cr16,100.0,0.5,0.495,42.72645,loading
Fe0Cr16,100.0,0.50001,0.4950101,42.71675,loading
Fe0Cr16,100.0,0.50002,0.4950202,42.71913,loading
Fe0Cr16,100.0,0.500035,0.49503529999999996,42.72311,loading
Fe0Cr16,100.0,0.5000575,0.49505809999999995,42.72908,loading
Fe0Cr16,100.0,0.5000912,0.4950922,42.73806,loading
Fe0Cr16,100.0,0.5001419,0.49514329999999995,42.7515,loading
Fe0Cr16,100.0,0.5002178,0.49522,42.77168,loading
Fe0Cr16,100.0,0.5003317,0.49533499999999997,42.80197,loading
Fe0Cr16,100.0,0.5005026,0.49550759999999994,42.84743,loading
Fe0Cr16,100.0,0.5007589,0.4957665,42.91564,loading
Fe0Cr16,100.0,0.5011433,0.49615469999999995,43.018,loading
Fe0Cr16,100.0,0.50172,0.4967372,43.17128,loading
Fe0Cr16,100.0,0.5025849,0.4976108,43.40283,loading
Fe0Cr16,100.0,0.5035849,0.4986208,43.66584,loading
Fe0Cr16,100.0,0.5045849,0.49963080000000004,43.92557,loading
Fe0Cr16,100.0,0.5055849,0.5006408,44.18644,loading
Fe0Cr16,100.0,0.5065849,0.5016508,44.44924,loading
Fe0Cr16,100.0,0.5075849,0.5026608,44.71237,loading
Fe0Cr16,100.0,0.5085849,0.5036708,44.97614,loading
Fe0Cr16,100.0,0.5095849,0.5046808,45.2406,loading
Fe0Cr16,100.0,0.5105849,0.5056908,45.5061,loading
Fe0Cr16,100.0,0.5115849,0.5067008,45.77328,loading
Fe0Cr16,100.0,0.5125849,0.5077108,46.04175,loading
Fe0Cr16,100.0,0.5135849,0.5087208,46.31044,loading
Fe0Cr16,100.0,0.5145849,0.5097308,46.58013,loading
Fe0Cr16,100.0,0.5155849,0.5107408,46.85112,loading
Fe0Cr16,100.0,0.5165849,0.5117508,47.12344,loading
Fe0Cr16,100.0,0.5175849,0.5127608,47.39685,loading
Fe0Cr16,100.0,0.5185849,0.5137708,47.67067,loading
Fe0Cr16,100.0,0.5195849,0.5147808,47.94587,loading
Fe0Cr16,100.0,0.5205849,0.5157908,48.22208,loading
Fe0Cr16,100.0,0.5215849,0.5168008,48.4993,loading
Fe0Cr16,100.0,0.5225849,0.5178108,48.77765,loading
Fe0Cr16,100.0,0.5235849,0.5188208,49.0569,loading
Fe0Cr16,100.0,0.5245849,0.5198308,49.3373,loading
Fe0Cr16,100.0,0.5255849,0.5208408,49.61866,loading
Fe0Cr16,100.0,0.5265849,0.5218508,49.90089,loading
Fe0Cr16,100.0,0.5275849,0.5228608,50.18474,loading
Fe0Cr16,100.0,0.5285849,0.5238708,50.46978,loading
Fe0Cr16,100.0,0.5295849,0.5248808,50.75526,loading
Fe0Cr16,100.0,0.5305849,0.5258908,51.04137,loading
Fe0Cr16,100.0,0.5315849,0.5269008,51.32842,loading
Fe0Cr16,100.0,0.5325849,0.5279108,51.61704,loading
Fe0Cr16,100.0,0.5335849,0.5289208,51.90718,loading
Fe0Cr16,100.0,0.5345849,0.5299308,52.19809,loading
Fe0Cr16,100.0,0.5355849,0.5309408,52.49076,loading
Fe0Cr16,100.0,0.5365849,0.5319508,52.78376,loading
Fe0Cr16,100.0,0.5375849,0.5329608,53.07749,loading
Fe0Cr16,100.0,0.5385849,0.5339708,53.37175,loading
Fe0Cr16,100.0,0.5395849,0.5349808,53.66817,loading
Fe0Cr16,100.0,0.5405849,0.5359908,53.96584,loading
Fe0Cr16,100.0,0.5415849,0.5370008,54.26423,loading
Fe0Cr16,100.0,0.5425849,0.5380108,54.56332,loading
Fe0Cr16,100.0,0.5435849,0.5390208,54.8637,loading
Fe0Cr16,100.0,0.5445849,0.5400308,55.1654,loading
Fe0Cr16,100.0,0.5455849,0.5410408,55.46814,loading
Fe0Cr16,100.0,0.5465849,0.5420507999999999,55.77137,loading
Fe0Cr16,100.0,0.5475849,0.5430608,56.07616,loading
Fe0Cr16,100.0,0.5485849,0.5440708,56.38207,loading
Fe0Cr16,100.0,0.5495849,0.5450808,56.68885,loading
Fe0Cr16,100.0,0.5505849,0.5460908,56.99692,loading
Fe0Cr16,100.0,0.5515849,0.5471007999999999,57.30591,loading
Fe0Cr16,100.0,0.5525849,0.5481108,57.61586,loading
Fe0Cr16,100.0,0.5535849,0.5491208,57.92713,loading
Fe0Cr16,100.0,0.5545849,0.5501308,58.23944,loading
Fe0Cr16,100.0,0.5555849,0.5511408,58.55278,loading
Fe0Cr16,100.0,0.5565849,0.5521507999999999,58.86769,loading
Fe0Cr16,100.0,0.5575849,0.5531608,59.18381,loading
Fe0Cr16,100.0,0.5585849,0.5541708,59.50042,loading
Fe0Cr16,100.0,0.5595849,0.5551808,59.81755,loading
Fe0Cr16,100.0,0.5605849,0.5561908,60.13581,loading
Fe0Cr16,100.0,0.5615849,0.5572007999999999,60.45552,loading
Fe0Cr16,100.0,0.5625849,0.5582108,60.77698,loading
Fe0Cr16,100.0,0.5635849,0.5592208,61.09961,loading
Fe0Cr16,100.0,0.5645849,0.5602308,61.42373,loading
Fe0Cr16,100.0,0.5655849,0.5612408,61.74792,loading
Fe0Cr16,100.0,0.5665849,0.5622507999999999,62.0728,loading
Fe0Cr16,100.0,0.5675849,0.5632608,62.39905,loading
Fe0Cr16,100.0,0.5685849,0.5642708,62.72697,loading
Fe0Cr16,100.0,0.5695849,0.5652808,63.05603,loading
Fe0Cr16,100.0,0.5705849,0.5662908,63.38604,loading
Fe0Cr16,100.0,0.5715849,0.5673007999999999,63.71699,loading
Fe0Cr16,100.0,0.5725849,0.5683108,64.04934,loading
Fe0Cr16,100.0,0.5735849,0.5693208,64.3826,loading
Fe0Cr16,100.0,0.5745849,0.5703308,64.71709,loading
Fe0Cr16,100.0,0.5755849,0.5713408,65.05267,loading
Fe0Cr16,100.0,0.5765849,0.5723507999999999,65.38922,loading
Fe0Cr16,100.0,0.5775849,0.5733608,65.72697,loading
Fe0Cr16,100.0,0.5785849,0.5743708,66.06582,loading
Fe0Cr16,100.0,0.5795849,0.5753808,66.40604,loading
Fe0Cr16,100.0,0.5805849,0.5763908,66.7472,loading
Fe0Cr16,100.0,0.5815849,0.5774007999999999,67.08953,loading
Fe0Cr16,100.0,0.5825849,0.5784108,67.43288,loading
Fe0Cr16,100.0,0.5835849,0.5794208,67.77714,loading
Fe0Cr16,100.0,0.5845849,0.5804308,68.12297,loading
Fe0Cr16,100.0,0.5855849,0.5814408,68.47045,loading
Fe0Cr16,100.0,0.5865849,0.5824508,68.81899,loading
Fe0Cr16,100.0,0.5875849,0.5834608,69.16787,loading
Fe0Cr16,100.0,0.5885849,0.5844708,69.51759,loading
Fe0Cr16,100.0,0.5895849,0.5854808,69.86842,loading
Fe0Cr16,100.0,0.5905849,0.5864908,70.22106,loading
Fe0Cr16,100.0,0.5915849,0.5875008,70.57507,loading
Fe0Cr16,100.0,0.5925849,0.5885108,70.93047,loading
Fe0Cr16,100.0,0.5935849,0.5895208,71.28715,loading
Fe0Cr16,100.0,0.5945849,0.5905308,71.64384,loading
Fe0Cr16,100.0,0.5955849,0.5915408,72.00154,loading
Fe0Cr16,100.0,0.5965849,0.5925508,72.36144,loading
Fe0Cr16,100.0,0.5975849,0.5935608,72.72214,loading
Fe0Cr16,100.0,0.5985849,0.5945708,73.08387,loading
Fe0Cr16,100.0,0.5995849,0.5955808,73.44684,loading
Fe0Cr16,100.0,0.6,0.596,73.5732,loading
Fe0Cr16,100.0,0.60001,0.5960101,73.55996,loading
Fe0Cr16,100.0,0.60002,0.5960202,73.56332,loading
Fe0Cr16,100.0,0.600035,0.5960353,73.56897,loading
Fe0Cr16,100.0,0.6000575,0.5960581,73.57748,loading
Fe0Cr16,100.0,0.6000912,0.5960922,73.59025,loading
Fe0Cr16,100.0,0.6001419,0.5961433,73.6094,loading
Fe0Cr16,100.0,0.6002178,0.59622,73.63815,loading
Fe0Cr16,100.0,0.6003317,0.596335,73.68127,loading
Fe0Cr16,100.0,0.6005026,0.5965076,73.74601,loading
Fe0Cr16,100.0,0.6007589,0.5967665,73.84317,loading
Fe0Cr16,100.0,0.6011433,0.5971547,73.98895,loading
Fe0Cr16,100.0,0.60172,0.5977372,74.20791,loading
Fe0Cr16,100.0,0.6025849,0.5986108,74.53711,loading
Fe0Cr16,100.0,0.6035849,0.5996208,74.91053,loading
Fe0Cr16,100.0,0.6045849,0.6006308,75.27962,loading
Fe0Cr16,100.0,0.6055849,0.6016408,75.64959,loading
Fe0Cr16,100.0,0.6065849,0.6026508,76.02042,loading
Fe0Cr16,100.0,0.6075849,0.6036608,76.3931,loading
Fe0Cr16,100.0,0.6085849,0.6046708,76.7665,loading
Fe0Cr16,100.0,0.6095849,0.6056808,77.14091,loading
Fe0Cr16,100.0,0.6105849,0.6066908,77.51709,loading
Fe0Cr16,100.0,0.6115849,0.6077008,77.89418,loading
Fe0Cr16,100.0,0.6125849,0.6087108,78.27227,loading
Fe0Cr16,100.0,0.6135849,0.6097208,78.65146,loading
Fe0Cr16,100.0,0.6145849,0.6107308,79.03255,loading
Fe0Cr16,100.0,0.6155849,0.6117408,79.41484,loading
Fe0Cr16,100.0,0.6165849,0.6127508,79.79777,loading
Fe0Cr16,100.0,0.6175849,0.6137608,80.18124,loading
Fe0Cr16,100.0,0.6185849,0.6147708,80.56623,loading
Fe0Cr16,100.0,0.6195849,0.6157808,80.95342,loading
Fe0Cr16,100.0,0.6205849,0.6167908,81.34146,loading
Fe0Cr16,100.0,0.6215849,0.6178008,81.73169,loading
Fe0Cr16,100.0,0.6225849,0.6188108,82.12226,loading
Fe0Cr16,100.0,0.6235849,0.6198208,82.51341,loading
Fe0Cr16,100.0,0.6245849,0.6208308,82.90558,loading
Fe0Cr16,100.0,0.6255849,0.6218408,83.30034,loading
Fe0Cr16,100.0,0.6265849,0.6228508,83.6956,loading
Fe0Cr16,100.0,0.6275849,0.6238608,84.09195,loading
Fe0Cr16,100.0,0.6285849,0.6248708,84.48955,loading
Fe0Cr16,100.0,0.6295849,0.6258808,84.88863,loading
Fe0Cr16,100.0,0.6305849,0.6268908,85.28873,loading
Fe0Cr16,100.0,0.6315849,0.6279008,85.69009,loading
Fe0Cr16,100.0,0.6325849,0.6289108,86.09292,loading
Fe0Cr16,100.0,0.6335849,0.6299208,86.49674,loading
Fe0Cr16,100.0,0.6345849,0.6309308,86.90144,loading
Fe0Cr16,100.0,0.6355849,0.6319408,87.30802,loading
Fe0Cr16,100.0,0.6365849,0.6329508,87.71586,loading
Fe0Cr16,100.0,0.6375849,0.6339608,88.12435,loading
Fe0Cr16,100.0,0.6385849,0.6349708,88.53437,loading
Fe0Cr16,100.0,0.6395849,0.6359808,88.94574,loading
Fe0Cr16,100.0,0.6405849,0.6369908,89.3584,loading
Fe0Cr16,100.0,0.6415849,0.6380008,89.77201,loading
Fe0Cr16,100.0,0.6425849,0.6390108,90.1868,loading
Fe0Cr16,100.0,0.6435849,0.6400208,90.60341,loading
Fe0Cr16,100.0,0.6445849,0.6410308,91.02118,loading
Fe0Cr16,100.0,0.6455849,0.6420408,91.43986,loading
Fe0Cr16,100.0,0.6465849,0.6430508,91.85896,loading
Fe0Cr16,100.0,0.6475849,0.6440608,92.27948,loading
Fe0Cr16,100.0,0.6485849,0.6450707999999999,92.70244,loading
Fe0Cr16,100.0,0.6495849,0.6460808,93.12605,loading
Fe0Cr16,100.0,0.6505849,0.6470908,93.55209,loading
Fe0Cr16,100.0,0.6515849,0.6481008,93.9785,loading
Fe0Cr16,100.0,0.6525849,0.6491108,94.40506,loading
Fe0Cr16,100.0,0.6535849,0.6501207999999999,94.83328,loading
Fe0Cr16,100.0,0.6545849,0.6511308,95.2639,loading
Fe0Cr16,100.0,0.6555849,0.6521408,95.69535,loading
Fe0Cr16,100.0,0.6565849,0.6531508,96.1278,loading
Fe0Cr16,100.0,0.6575849,0.6541608,96.56115,loading
Fe0Cr16,100.0,0.6585849,0.6551707999999999,96.99626,loading
Fe0Cr16,100.0,0.6595849,0.6561808,97.43268,loading
Fe0Cr16,100.0,0.6605849,0.6571908,97.87049,loading
Fe0Cr16,100.0,0.6615849,0.6582008,98.30915,loading
Fe0Cr16,100.0,0.6625849,0.6592108,98.74866,loading
Fe0Cr16,100.0,0.6635849,0.6602207999999999,99.19002,loading
Fe0Cr16,100.0,0.6645849,0.6612308,99.63317,loading
Fe0Cr16,100.0,0.6655849,0.6622408,100.0772,loading
Fe0Cr16,100.0,0.6665849,0.6632508,100.5217,loading
Fe0Cr16,100.0,0.6675849,0.6642608,100.9682,loading
Fe0Cr16,100.0,0.6685849,0.6652707999999999,101.4161,loading
Fe0Cr16,100.0,0.6695849,0.6662808,101.8654,loading
Fe0Cr16,100.0,0.6705849,0.6672908,102.3155,loading
Fe0Cr16,100.0,0.6715849,0.6683008,102.7667,loading
Fe0Cr16,100.0,0.6725849,0.6693108,103.2199,loading
Fe0Cr16,100.0,0.6735849,0.6703207999999999,103.6745,loading
Fe0Cr16,100.0,0.6745849,0.6713308,104.13,loading
Fe0Cr16,100.0,0.6755849,0.6723408,104.5861,loading
Fe0Cr16,100.0,0.6765849,0.6733508,105.0432,loading
Fe0Cr16,100.0,0.6775849,0.6743608,105.5031,loading
Fe0Cr16,100.0,0.6785849,0.6753707999999999,105.9636,loading
Fe0Cr16,100.0,0.6795849,0.6763808,106.4265,loading
Fe0Cr16,100.0,0.6805849,0.6773908,106.8895,loading
Fe0Cr16,100.0,0.6815849,0.6784008,107.3533,loading
Fe0Cr16,100.0,0.6825849,0.6794108,107.8188,loading
Fe0Cr16,100.0,0.6835849,0.6804207999999999,108.2865,loading
Fe0Cr16,100.0,0.6845849,0.6814308,108.7548,loading
Fe0Cr16,100.0,0.6855849,0.6824408,109.2245,loading
Fe0Cr16,100.0,0.6865849,0.6834508,109.6952,loading
Fe0Cr16,100.0,0.6875849,0.6844608,110.1677,loading
Fe0Cr16,100.0,0.6885849,0.6854707999999999,110.6418,loading
Fe0Cr16,100.0,0.6895849,0.6864808,111.1166,loading
Fe0Cr16,100.0,0.6905849,0.6874908,111.592,loading
Fe0Cr16,100.0,0.6915849,0.6885008,112.0695,loading
Fe0Cr16,100.0,0.6925849,0.6895108,112.5488,loading
Fe0Cr16,100.0,0.6935849,0.6905208,113.0297,loading
Fe0Cr16,100.0,0.6945849,0.6915308,113.511,loading
Fe0Cr16,100.0,0.6955849,0.6925408,113.9931,loading
Fe0Cr16,100.0,0.6965849,0.6935508,114.4767,loading
Fe0Cr16,100.0,0.6975849,0.6945608,114.963,loading
Fe0Cr16,100.0,0.6985849,0.6955708,115.4499,loading
Fe0Cr16,100.0,0.6995849,0.6965808,115.9378,loading
Fe0Cr16,100.0,0.7,0.697,116.1082,loading
Fe0Cr16,100.0,0.70001,0.6970101,116.0904,loading
Fe0Cr16,100.0,0.70002,0.6970202,116.0948,loading
Fe0Cr16,100.0,0.700035,0.6970353,116.1024,loading
Fe0Cr16,100.0,0.7000575,0.6970581,116.1138,loading
Fe0Cr16,100.0,0.7000912,0.6970921999999999,116.131,loading
Fe0Cr16,100.0,0.7001419,0.6971433,116.1566,loading
Fe0Cr16,100.0,0.7002178,0.69722,116.1952,loading
Fe0Cr16,100.0,0.7003317,0.697335,116.2529,loading
Fe0Cr16,100.0,0.7005026,0.6975076,116.3397,loading
Fe0Cr16,100.0,0.7007589,0.6977665,116.47,loading
Fe0Cr16,100.0,0.7011433,0.6981547,116.666,loading
Fe0Cr16,100.0,0.70172,0.6987372,116.9602,loading
Fe0Cr16,100.0,0.7025849,0.6996108,117.4029,loading
Fe0Cr16,100.0,0.7035849,0.7006208,117.9039,loading
Fe0Cr16,100.0,0.7045849,0.7016308,118.3983,loading
Fe0Cr16,100.0,0.7055849,0.7026408,118.8936,loading
Fe0Cr16,100.0,0.7065849,0.7036508,119.3914,loading
Fe0Cr16,100.0,0.7075849,0.7046608,119.8902,loading
Fe0Cr16,100.0,0.7085849,0.7056708,120.3913,loading
Fe0Cr16,100.0,0.7095849,0.7066808,120.8927,loading
Fe0Cr16,100.0,0.7105849,0.7076908,121.3946,loading
Fe0Cr16,100.0,0.7115849,0.7087008,121.899,loading
Fe0Cr16,100.0,0.7125849,0.7097108,122.4044,loading
Fe0Cr16,100.0,0.7135849,0.7107208,122.9113,loading
Fe0Cr16,100.0,0.7145849,0.7117308,123.4189,loading
Fe0Cr16,100.0,0.7155849,0.7127408,123.9291,loading
Fe0Cr16,100.0,0.7165849,0.7137508,124.4407,loading
Fe0Cr16,100.0,0.7175849,0.7147608,124.9526,loading
Fe0Cr16,100.0,0.7185849,0.7157708,125.4653,loading
Fe0Cr16,100.0,0.7195849,0.7167808,125.9804,loading
Fe0Cr16,100.0,0.7205849,0.7177908,126.4962,loading
Fe0Cr16,100.0,0.7215849,0.7188008,127.0146,loading
Fe0Cr16,100.0,0.7225849,0.7198108,127.5344,loading
Fe0Cr16,100.0,0.7235849,0.7208208,128.0548,loading
Fe0Cr16,100.0,0.7245849,0.7218308,128.5757,loading
Fe0Cr16,100.0,0.7255849,0.7228408,129.0989,loading
Fe0Cr16,100.0,0.7265849,0.7238508,129.6236,loading
Fe0Cr16,100.0,0.7275849,0.7248608,130.1494,loading
Fe0Cr16,100.0,0.7285849,0.7258708,130.6763,loading
Fe0Cr16,100.0,0.7295849,0.7268808,131.2046,loading
Fe0Cr16,100.0,0.7305849,0.7278908,131.735,loading
Fe0Cr16,100.0,0.7315849,0.7289008,132.267,loading
Fe0Cr16,100.0,0.7325849,0.7299108,132.7994,loading
Fe0Cr16,100.0,0.7335849,0.7309208,133.3326,loading
Fe0Cr16,100.0,0.7345849,0.7319308,133.8681,loading
Fe0Cr16,100.0,0.7355849,0.7329408,134.4058,loading
Fe0Cr16,100.0,0.7365849,0.7339508,134.9448,loading
Fe0Cr16,100.0,0.7375849,0.7349608,135.4846,loading
Fe0Cr16,100.0,0.7385849,0.7359708,136.0253,loading
Fe0Cr16,100.0,0.7395849,0.7369808,136.5685,loading
Fe0Cr16,100.0,0.7405849,0.7379908,137.1126,loading
Fe0Cr16,100.0,0.7415849,0.7390008,137.6579,loading
Fe0Cr16,100.0,0.7425849,0.7400108,138.2048,loading
Fe0Cr16,100.0,0.7435849,0.7410208,138.7525,loading
Fe0Cr16,100.0,0.7445849,0.7420308,139.3025,loading
Fe0Cr16,100.0,0.7455849,0.7430408,139.8544,loading
Fe0Cr16,100.0,0.7465849,0.7440508,140.4068,loading
Fe0Cr16,100.0,0.7475849,0.7450608,140.9596,loading
Fe0Cr16,100.0,0.7485849,0.7460708,141.5149,loading
Fe0Cr16,100.0,0.7495849,0.7470808,142.0708,loading
Fe0Cr16,100.0,0.7505849,0.7480908,142.63,loading
Fe0Cr16,100.0,0.7515849,0.7491008,143.1907,loading
Fe0Cr16,100.0,0.7525849,0.7501108,143.7521,loading
Fe0Cr16,100.0,0.7535849,0.7511208,144.3141,loading
Fe0Cr16,100.0,0.7545849,0.7521308,144.8776,loading
Fe0Cr16,100.0,0.7555849,0.7531407999999999,145.4431,loading
Fe0Cr16,100.0,0.7565849,0.7541508,146.0099,loading
Fe0Cr16,100.0,0.7575849,0.7551608,146.5779,loading
Fe0Cr16,100.0,0.7585849,0.7561708,147.1477,loading
Fe0Cr16,100.0,0.7595849,0.7571808,147.7192,loading
Fe0Cr16,100.0,0.7605849,0.7581907999999999,148.2916,loading
Fe0Cr16,100.0,0.7615849,0.7592008,148.8655,loading
Fe0Cr16,100.0,0.7625849,0.7602108,149.4404,loading
Fe0Cr16,100.0,0.7635849,0.7612208,150.0175,loading
Fe0Cr16,100.0,0.7645849,0.7622308,150.5958,loading
Fe0Cr16,100.0,0.7655849,0.7632407999999999,151.1759,loading
Fe0Cr16,100.0,0.7665849,0.7642508,151.7567,loading
Fe0Cr16,100.0,0.7675849,0.7652608,152.3408,loading
Fe0Cr16,100.0,0.7685849,0.7662708,152.9236,loading
Fe0Cr16,100.0,0.7695849,0.7672808,153.5088,loading
Fe0Cr16,100.0,0.7705849,0.7682907999999999,154.096,loading
Fe0Cr16,100.0,0.7715849,0.7693008,154.684,loading
Fe0Cr16,100.0,0.7725849,0.7703108,155.2738,loading
Fe0Cr16,100.0,0.7735849,0.7713208,155.8656,loading
Fe0Cr16,100.0,0.7745849,0.7723308,156.4594,loading
Fe0Cr16,100.0,0.7755849,0.7733407999999999,157.0534,loading
Fe0Cr16,100.0,0.7765849,0.7743508,157.6472,loading
Fe0Cr16,100.0,0.7775849,0.7753608,158.2448,loading
Fe0Cr16,100.0,0.7785849,0.7763708,158.8421,loading
Fe0Cr16,100.0,0.7795849,0.7773808,159.4428,loading
Fe0Cr16,100.0,0.7805849,0.7783907999999999,160.0458,loading
Fe0Cr16,100.0,0.7815849,0.7794008,160.6489,loading
Fe0Cr16,100.0,0.7825849,0.7804108,161.2526,loading
Fe0Cr16,100.0,0.7835849,0.7814208,161.8578,loading
Fe0Cr16,100.0,0.7845849,0.7824308,162.4652,loading
Fe0Cr16,100.0,0.7855849,0.7834407999999999,163.0746,loading
Fe0Cr16,100.0,0.7865849,0.7844508,163.6847,loading
Fe0Cr16,100.0,0.7875849,0.7854608,164.2963,loading
Fe0Cr16,100.0,0.7885849,0.7864708,164.91,loading
Fe0Cr16,100.0,0.7895849,0.7874808,165.5249,loading
Fe0Cr16,100.0,0.7905849,0.7884907999999999,166.1408,loading
Fe0Cr16,100.0,0.7915849,0.7895008,166.7578,loading
Fe0Cr16,100.0,0.7925849,0.7905108,167.3778,loading
Fe0Cr16,100.0,0.7935849,0.7915208,167.9983,loading
Fe0Cr16,100.0,0.7945849,0.7925308,168.62,loading
Fe0Cr16,100.0,0.7955849,0.7935408,169.2438,loading
Fe0Cr16,100.0,0.7965849,0.7945508,169.8686,loading
Fe0Cr16,100.0,0.7975849,0.7955608,170.4952,loading
Fe0Cr16,100.0,0.7985849,0.7965708,171.123,loading
Fe0Cr16,100.0,0.7995849,0.7975808,171.7528,loading
Fe0Cr16,100.0,0.8,0.798,171.9739,loading
Fe0Cr16,100.0,0.80001,0.7980100999999999,171.9513,loading
Fe0Cr16,100.0,0.80002,0.7980202,171.957,loading
Fe0Cr16,100.0,0.800035,0.7980354,171.9668,loading
Fe0Cr16,100.0,0.8000575,0.7980581,171.9815,loading
Fe0Cr16,100.0,0.8000912,0.7980922,172.0036,loading
Fe0Cr16,100.0,0.8001419,0.7981433,172.0367,loading
Fe0Cr16,100.0,0.8002178,0.79822,172.0863,loading
Fe0Cr16,100.0,0.8003317,0.798335,172.1608,loading
Fe0Cr16,100.0,0.8005026,0.7985076,172.2727,loading
Fe0Cr16,100.0,0.8007589,0.7987665,172.4406,loading
Fe0Cr16,100.0,0.8011433,0.7991547,172.6924,loading
Fe0Cr16,100.0,0.80172,0.7997372,173.0703,loading
Fe0Cr16,100.0,0.8025849,0.8006108,173.64,loading
Fe0Cr16,100.0,0.8035849,0.8016208,174.2861,loading
Fe0Cr16,100.0,0.8045849,0.8026308,174.9234,loading
Fe0Cr16,100.0,0.8055849,0.8036408,175.5602,loading
Fe0Cr16,100.0,0.8065849,0.8046508,176.2,loading
Fe0Cr16,100.0,0.8075849,0.8056608,176.8413,loading
Fe0Cr16,100.0,0.8085849,0.8066708,177.4883,loading
Fe0Cr16,100.0,0.8095849,0.8076808,178.1302,loading
Fe0Cr16,100.0,0.8105849,0.8086908,178.7764,loading
Fe0Cr16,100.0,0.8115849,0.8097008,179.4235,loading
Fe0Cr16,100.0,0.8125849,0.8107108,180.0713,loading
Fe0Cr16,100.0,0.8135849,0.8117208,180.7215,loading
Fe0Cr16,100.0,0.8145849,0.8127308,181.3742,loading
Fe0Cr16,100.0,0.8155849,0.8137408,182.0277,loading
Fe0Cr16,100.0,0.8165849,0.8147508,182.6827,loading
Fe0Cr16,100.0,0.8175849,0.8157608,183.3393,loading
Fe0Cr16,100.0,0.8185849,0.8167708,183.997,loading
Fe0Cr16,100.0,0.8195849,0.8177808,184.656,loading
Fe0Cr16,100.0,0.8205849,0.8187908,185.3177,loading
Fe0Cr16,100.0,0.8215849,0.8198008,185.9802,loading
Fe0Cr16,100.0,0.8225849,0.8208108,186.6449,loading
Fe0Cr16,100.0,0.8235849,0.8218208,187.3102,loading
Fe0Cr16,100.0,0.8245849,0.8228308,187.9771,loading
Fe0Cr16,100.0,0.8255849,0.8238408,188.6458,loading
Fe0Cr16,100.0,0.8265849,0.8248508,189.3159,loading
Fe0Cr16,100.0,0.8275849,0.8258608,189.9876,loading
Fe0Cr16,100.0,0.8285849,0.8268708,190.661,loading
Fe0Cr16,100.0,0.8295849,0.8278808,191.3351,loading
Fe0Cr16,100.0,0.8305849,0.8288908,192.0109,loading
Fe0Cr16,100.0,0.8315849,0.8299008,192.6895,loading
Fe0Cr16,100.0,0.8325849,0.8309108,193.3698,loading
Fe0Cr16,100.0,0.8335849,0.8319208,194.0504,loading
Fe0Cr16,100.0,0.8345849,0.8329308,194.7315,loading
Fe0Cr16,100.0,0.8355849,0.8339408,195.4193,loading
Fe0Cr16,100.0,0.8365849,0.8349508,196.1004,loading
Fe0Cr16,100.0,0.8375849,0.8359608,196.7876,loading
Fe0Cr16,100.0,0.8385849,0.8369708,197.4771,loading
Fe0Cr16,100.0,0.8395849,0.8379808,198.1681,loading
Fe0Cr16,100.0,0.8405849,0.8389908,198.8599,loading
Fe0Cr16,100.0,0.8415849,0.8400008,199.5521,loading
Fe0Cr16,100.0,0.8425849,0.8410108,200.2466,loading
Fe0Cr16,100.0,0.8435849,0.8420208,200.9431,loading
Fe0Cr16,100.0,0.8445849,0.8430308,201.6411,loading
Fe0Cr16,100.0,0.8455849,0.8440408,202.3404,loading
Fe0Cr16,100.0,0.8465849,0.8450508,203.0411,loading
Fe0Cr16,100.0,0.8475849,0.8460608,203.7438,loading
Fe0Cr16,100.0,0.8485849,0.8470708,204.4479,loading
Fe0Cr16,100.0,0.8495849,0.8480808,205.154,loading
Fe0Cr16,100.0,0.8505849,0.8490908,205.8608,loading
Fe0Cr16,100.0,0.8515849,0.8501008,206.5696,loading
Fe0Cr16,100.0,0.8525849,0.8511108,207.28,loading
Fe0Cr16,100.0,0.8535849,0.8521208,207.9917,loading
Fe0Cr16,100.0,0.8545849,0.8531308,208.7049,loading
Fe0Cr16,100.0,0.8555849,0.8541408,209.4198,loading
Fe0Cr16,100.0,0.8565849,0.8551508,210.137,loading
Fe0Cr16,100.0,0.8575849,0.8561607999999999,210.8552,loading
Fe0Cr16,100.0,0.8585849,0.8571708,211.5744,loading
Fe0Cr16,100.0,0.8595849,0.8581808,212.295,loading
Fe0Cr16,100.0,0.8605849,0.8591908,213.0188,loading
Fe0Cr16,100.0,0.8615849,0.8602008,213.7443,loading
Fe0Cr16,100.0,0.8625849,0.8612107999999999,214.4703,loading
Fe0Cr16,100.0,0.8635849,0.8622208,215.1958,loading
Fe0Cr16,100.0,0.8645849,0.8632308,215.925,loading
Fe0Cr16,100.0,0.8655849,0.8642408,216.6554,loading
Fe0Cr16,100.0,0.8665849,0.8652508,217.3882,loading
Fe0Cr16,100.0,0.8675849,0.8662607999999999,218.1232,loading
Fe0Cr16,100.0,0.8685849,0.8672708,218.8591,loading
Fe0Cr16,100.0,0.8695849,0.8682808,219.5969,loading
Fe0Cr16,100.0,0.8705849,0.8692908,220.3347,loading
Fe0Cr16,100.0,0.8715849,0.8703008,221.0749,loading
Fe0Cr16,100.0,0.8725849,0.8713107999999999,221.8173,loading
Fe0Cr16,100.0,0.8735849,0.8723208,222.5615,loading
Fe0Cr16,100.0,0.8745849,0.8733308,223.3069,loading
Fe0Cr16,100.0,0.8755849,0.8743408,224.0556,loading
Fe0Cr16,100.0,0.8765849,0.8753508,224.8025,loading
Fe0Cr16,100.0,0.8775849,0.8763607999999999,225.5526,loading
Fe0Cr16,100.0,0.8785849,0.8773708,226.3044,loading
Fe0Cr16,100.0,0.8795849,0.8783808,227.0569,loading
Fe0Cr16,100.0,0.8805849,0.8793908,227.8123,loading
Fe0Cr16,100.0,0.8815849,0.8804008,228.5695,loading
Fe0Cr16,100.0,0.8825849,0.8814107999999999,229.3269,loading
Fe0Cr16,100.0,0.8835849,0.8824208,230.0871,loading
Fe0Cr16,100.0,0.8845849,0.8834308,230.8486,loading
Fe0Cr16,100.0,0.8855849,0.8844408,231.612,loading
Fe0Cr16,100.0,0.8865849,0.8854508,232.3765,loading
Fe0Cr16,100.0,0.8875849,0.8864607999999999,233.1425,loading
Fe0Cr16,100.0,0.8885849,0.8874708,233.9099,loading
Fe0Cr16,100.0,0.8895849,0.8884808,234.6812,loading
Fe0Cr16,100.0,0.8905849,0.8894908,235.4529,loading
Fe0Cr16,100.0,0.8915849,0.8905008,236.2256,loading
Fe0Cr16,100.0,0.8925849,0.8915107999999999,236.9986,loading
Fe0Cr16,100.0,0.8935849,0.8925208,237.7742,loading
Fe0Cr16,100.0,0.8945849,0.8935308,238.5524,loading
Fe0Cr16,100.0,0.8955849,0.8945408,239.3321,loading
Fe0Cr16,100.0,0.8965849,0.8955508,240.1126,loading
Fe0Cr16,100.0,0.8975849,0.8965608,240.8965,loading
Fe0Cr16,100.0,0.8985849,0.8975708,241.681,loading
Fe0Cr16,100.0,0.8995849,0.8985808,242.4668,loading
Fe0Cr16,100.0,0.9,0.899,242.7435,loading
Fe0Cr16,100.0,0.90001,0.8990101,242.7159,loading
Fe0Cr16,100.0,0.90002,0.8990201999999999,242.7229,loading
Fe0Cr16,100.0,0.900035,0.8990353,242.7351,loading
Fe0Cr16,100.0,0.9000575,0.8990581,242.7534,loading
Fe0Cr16,100.0,0.9000912,0.8990922,242.7809,loading
Fe0Cr16,100.0,0.9001419,0.8991433,242.8221,loading
Fe0Cr16,100.0,0.9002178,0.89922,242.8838,loading
Fe0Cr16,100.0,0.9003317,0.899335,242.9757,loading
Fe0Cr16,100.0,0.9005026,0.8995076,243.1162,loading
Fe0Cr16,100.0,0.9007589,0.8997665,243.3256,loading
Fe0Cr16,100.0,0.9011433,0.9001547,243.64,loading
Fe0Cr16,100.0,0.90172,0.9007372,244.1125,loading
Fe0Cr16,100.0,0.9025849,0.9016108,244.8209,loading
Fe0Cr16,100.0,0.9035849,0.9026208,245.626,loading
Fe0Cr16,100.0,0.9045849,0.9036308,246.4202,loading
Fe0Cr16,100.0,0.9055849,0.9046408,247.2164,loading
Fe0Cr16,100.0,0.9065849,0.9056508,248.014,loading
Fe0Cr16,100.0,0.9075849,0.9066608,248.8125,loading
Fe0Cr16,100.0,0.9085849,0.9076708,249.6137,loading
Fe0Cr16,100.0,0.9095849,0.9086808,250.4168,loading
Fe0Cr16,100.0,0.9105849,0.9096908,251.2203,loading
Fe0Cr16,100.0,0.9115849,0.9107008,252.0255,loading
Fe0Cr16,100.0,0.9125849,0.9117108,252.8327,loading
Fe0Cr16,100.0,0.9135849,0.9127208,253.6414,loading
Fe0Cr16,100.0,0.9145849,0.9137308,254.4524,loading
Fe0Cr16,100.0,0.9155849,0.9147408,255.2664,loading
Fe0Cr16,100.0,0.9165849,0.9157508,256.0786,loading
Fe0Cr16,100.0,0.9175849,0.9167608,256.8937,loading
Fe0Cr16,100.0,0.9185849,0.9177708,257.7119,loading
Fe0Cr16,100.0,0.9195849,0.9187808,258.5304,loading
Fe0Cr16,100.0,0.9205849,0.9197908,259.3519,loading
Fe0Cr16,100.0,0.9215849,0.9208008,260.1728,loading
Fe0Cr16,100.0,0.9225849,0.9218108,260.9967,loading
Fe0Cr16,100.0,0.9235849,0.9228208,261.8225,loading
Fe0Cr16,100.0,0.9245849,0.9238308,262.6504,loading
Fe0Cr16,100.0,0.9255849,0.9248408,263.4795,loading
Fe0Cr16,100.0,0.9265849,0.9258508,264.3106,loading
Fe0Cr16,100.0,0.9275849,0.9268608,265.1435,loading
Fe0Cr16,100.0,0.9285849,0.9278708,265.9769,loading
Fe0Cr16,100.0,0.9295849,0.9288808,266.8124,loading
Fe0Cr16,100.0,0.9305849,0.9298908,267.6486,loading
Fe0Cr16,100.0,0.9315849,0.9309008,268.4879,loading
Fe0Cr16,100.0,0.9325849,0.9319108,269.3293,loading
Fe0Cr16,100.0,0.9335849,0.9329208,270.1716,loading
Fe0Cr16,100.0,0.9345849,0.9339308,271.0153,loading
Fe0Cr16,100.0,0.9355849,0.9349408,271.8606,loading
Fe0Cr16,100.0,0.9365849,0.9359508,272.708,loading
Fe0Cr16,100.0,0.9375849,0.9369608,273.5588,loading
Fe0Cr16,100.0,0.9385849,0.9379708,274.4093,loading
Fe0Cr16,100.0,0.9395849,0.9389808,275.261,loading
Fe0Cr16,100.0,0.9405849,0.9399908,276.1149,loading
Fe0Cr16,100.0,0.9415849,0.9410008,276.9709,loading
Fe0Cr16,100.0,0.9425849,0.9420108,277.8285,loading
Fe0Cr16,100.0,0.9435849,0.9430208,278.6884,loading
Fe0Cr16,100.0,0.9445849,0.9440308,279.5499,loading
Fe0Cr16,100.0,0.9455849,0.9450408,280.4125,loading
Fe0Cr16,100.0,0.9465849,0.9460508,281.2753,loading
Fe0Cr16,100.0,0.9475849,0.9470608,282.1424,loading
Fe0Cr16,100.0,0.9485849,0.9480708,283.0103,loading
Fe0Cr16,100.0,0.9495849,0.9490808,283.8783,loading
Fe0Cr16,100.0,0.9505849,0.9500908,284.7514,loading
Fe0Cr16,100.0,0.9515849,0.9511008,285.6251,loading
Fe0Cr16,100.0,0.9525849,0.9521108,286.498,loading
Fe0Cr16,100.0,0.9535849,0.9531208,287.3745,loading
Fe0Cr16,100.0,0.9545849,0.9541308,288.2517,loading
Fe0Cr16,100.0,0.9555849,0.9551408,289.1315,loading
Fe0Cr16,100.0,0.9565849,0.9561508,290.0138,loading
Fe0Cr16,100.0,0.9575849,0.9571608,290.8976,loading
Fe0Cr16,100.0,0.9585849,0.9581708,291.7828,loading
Fe0Cr16,100.0,0.9595849,0.9591808,292.6689,loading
Fe0Cr16,100.0,0.9605849,0.9601908,293.5565,loading
Fe0Cr16,100.0,0.9615849,0.9612008,294.4466,loading
Fe0Cr16,100.0,0.9625849,0.9622108,295.3391,loading
Fe0Cr16,100.0,0.9635849,0.9632208,296.2354,loading
Fe0Cr16,100.0,0.9645849,0.9642307999999999,297.1281,loading
Fe0Cr16,100.0,0.9655849,0.9652408,298.0242,loading
Fe0Cr16,100.0,0.9665849,0.9662508,298.9235,loading
Fe0Cr16,100.0,0.9675849,0.9672608,299.8245,loading
Fe0Cr16,100.0,0.9685849,0.9682708,300.7266,loading
Fe0Cr16,100.0,0.9695849,0.9692807999999999,301.6302,loading
Fe0Cr16,100.0,0.9705849,0.9702908,302.5347,loading
Fe0Cr16,100.0,0.9715849,0.9713008,303.442,loading
Fe0Cr16,100.0,0.9725849,0.9723108,304.3506,loading
Fe0Cr16,100.0,0.9735849,0.9733208,305.2615,loading
Fe0Cr16,100.0,0.9745849,0.9743307999999999,306.1755,loading
Fe0Cr16,100.0,0.9755849,0.9753408,307.0902,loading
Fe0Cr16,100.0,0.9765849,0.9763508,308.0063,loading
Fe0Cr16,100.0,0.9775849,0.9773608,308.9237,loading
Fe0Cr16,100.0,0.9785849,0.9783708,309.8425,loading
Fe0Cr16,100.0,0.9795849,0.9793807999999999,310.7631,loading
Fe0Cr16,100.0,0.9805849,0.9803908,311.6869,loading
Fe0Cr16,100.0,0.9815849,0.9814008,312.6119,loading
Fe0Cr16,100.0,0.9825849,0.9824108,313.538,loading
Fe0Cr16,100.0,0.9835849,0.9834208,314.4659,loading
Fe0Cr16,100.0,0.9845849,0.9844307999999999,315.396,loading
Fe0Cr16,100.0,0.9855849,0.9854408,316.3283,loading
Fe0Cr16,100.0,0.9865849,0.9864508,317.2621,loading
Fe0Cr16,100.0,0.9875849,0.9874608,318.1975,loading
Fe0Cr16,100.0,0.9885849,0.9884708,319.1346,loading
Fe0Cr16,100.0,0.9895849,0.9894807999999999,320.0741,loading
Fe0Cr16,100.0,0.9905849,0.990491,321.0143,loading
Fe0Cr16,100.0,0.9915849,0.991501,321.9576,loading
Fe0Cr16,100.0,0.9925849,0.9925109999999999,322.9017,loading
Fe0Cr16,100.0,0.9935849,0.9935210000000001,323.8488,loading
Fe0Cr16,100.0,0.9945849,0.994531,324.7957,loading
Fe0Cr16,100.0,0.9955849,0.995541,325.7453,loading
Fe0Cr16,100.0,0.9965849,0.996551,326.6975,loading
Fe0Cr16,100.0,0.9975849,0.9975609999999999,327.6516,loading
Fe0Cr16,100.0,0.9985849,0.9985710000000001,328.6059,loading
Fe0Cr16,100.0,0.9995849,0.999581,329.5623,loading
Fe0Cr16,100.0,1.0,1.0,329.9003,loading
Fe0Cr16,100.0,1.00001,0.9999149999999999,329.7674,unloading
Fe0Cr16,100.0,1.00002,0.99983,329.6855,unloading
Fe0Cr16,100.0,1.000035,0.9997020000000001,329.5604,unloading
Fe0Cr16,100.0,1.000057,0.999511,329.3728,unloading
Fe0Cr16,100.0,1.000091,0.9992239999999999,329.0915,unloading
Fe0Cr16,100.0,1.000142,0.998794,328.6698,unloading
Fe0Cr16,100.0,1.000218,0.998149,328.0374,unloading
Fe0Cr16,100.0,1.000332,0.99718,327.0896,unloading
Fe0Cr16,100.0,1.000503,0.995728,325.6691,unloading
Fe0Cr16,100.0,1.000759,0.9935499999999999,323.5501,unloading
Fe0Cr16,100.0,1.001143,0.9902819999999999,320.3881,unloading
Fe0Cr16,100.0,1.00172,0.9853804,315.6798,unloading
Fe0Cr16,100.0,1.002585,0.9780281,308.7028,unloading
Fe0Cr16,100.0,1.003585,0.9695281,300.9196,unloading
Fe0Cr16,100.0,1.004585,0.9610280999999999,293.3733,unloading
Fe0Cr16,100.0,1.005585,0.9525281,285.9551,unloading
Fe0Cr16,100.0,1.006585,0.9440281,278.6555,unloading
Fe0Cr16,100.0,1.007585,0.9355281,271.4752,unloading
Fe0Cr16,100.0,1.008585,0.9270281,264.4157,unloading
Fe0Cr16,100.0,1.009585,0.9185281,257.4772,unloading
Fe0Cr16,100.0,1.010585,0.9100281,250.6523,unloading
Fe0Cr16,100.0,1.011585,0.9015280999999999,243.9474,unloading
Fe0Cr16,100.0,1.012585,0.8930281,237.356,unloading
Fe0Cr16,100.0,1.013585,0.8845281,230.8833,unloading
Fe0Cr16,100.0,1.014585,0.8760281,224.5221,unloading
Fe0Cr16,100.0,1.015585,0.8675281,218.2765,unloading
Fe0Cr16,100.0,1.016585,0.8590281,212.1434,unloading
Fe0Cr16,100.0,1.017585,0.8505281,206.1245,unloading
Fe0Cr16,100.0,1.018585,0.8420281,200.2164,unloading
Fe0Cr16,100.0,1.019585,0.8335281,194.4176,unloading
Fe0Cr16,100.0,1.020585,0.8250281,188.7275,unloading
Fe0Cr16,100.0,1.021585,0.8165281,183.1465,unloading
Fe0Cr16,100.0,1.022585,0.8080281,177.671,unloading
Fe0Cr16,100.0,1.023585,0.7995281,172.3037,unloading
Fe0Cr16,100.0,1.024585,0.7910281,167.041,unloading
Fe0Cr16,100.0,1.025585,0.7825281,161.883,unloading
Fe0Cr16,100.0,1.026585,0.7740281,156.8291,unloading
Fe0Cr16,100.0,1.027585,0.7655281,151.8766,unloading
Fe0Cr16,100.0,1.028585,0.7570281,147.0266,unloading
Fe0Cr16,100.0,1.029585,0.7485281,142.2768,unloading
Fe0Cr16,100.0,1.030585,0.7400281,137.6304,unloading
Fe0Cr16,100.0,1.031585,0.7315281,133.0825,unloading
Fe0Cr16,100.0,1.032585,0.7230281,128.6344,unloading
Fe0Cr16,100.0,1.033585,0.7145281,124.2843,unloading
Fe0Cr16,100.0,1.034585,0.7060280999999999,120.0297,unloading
Fe0Cr16,100.0,1.035585,0.6975281,115.8701,unloading
Fe0Cr16,100.0,1.036585,0.6890281,111.8037,unloading
Fe0Cr16,100.0,1.037585,0.6805281,107.8327,unloading
Fe0Cr16,100.0,1.038585,0.6720281,103.9536,unloading
Fe0Cr16,100.0,1.039585,0.6635281,100.1644,unloading
Fe0Cr16,100.0,1.040585,0.6550281,96.46522,unloading
Fe0Cr16,100.0,1.041585,0.6465280999999999,92.85685,unloading
Fe0Cr16,100.0,1.042585,0.6380281,89.33587,unloading
Fe0Cr16,100.0,1.043585,0.6295281,85.90314,unloading
Fe0Cr16,100.0,1.044585,0.6210281,82.55636,unloading
Fe0Cr16,100.0,1.045585,0.6125281,79.29709,unloading
Fe0Cr16,100.0,1.046585,0.6040281,76.12094,unloading
Fe0Cr16,100.0,1.047585,0.5955281,73.03067,unloading
Fe0Cr16,100.0,1.048585,0.5870280999999999,70.02244,unloading
Fe0Cr16,100.0,1.049585,0.5785281,67.09698,unloading
Fe0Cr16,100.0,1.050585,0.5700281,64.251,unloading
Fe0Cr16,100.0,1.051585,0.5615281,61.48496,unloading
Fe0Cr16,100.0,1.052585,0.5530281,58.79585,unloading
Fe0Cr16,100.0,1.053585,0.5445281,56.18522,unloading
Fe0Cr16,100.0,1.054585,0.5360281,53.65014,unloading
Fe0Cr16,100.0,1.055585,0.5275280999999999,51.19121,unloading
Fe0Cr16,100.0,1.056585,0.5190281,48.80712,unloading
Fe0Cr16,100.0,1.057585,0.5105281,46.49591,unloading
Fe0Cr16,100.0,1.058585,0.5020281,44.25682,unloading
Fe0Cr16,100.0,1.059585,0.4935281,42.09035,unloading
Fe0Cr16,100.0,1.060585,0.4850281,39.99445,unloading
Fe0Cr16,100.0,1.061585,0.4765281,37.9689,unloading
Fe0Cr16,100.0,1.062585,0.4680281,36.01133,unloading
Fe0Cr16,100.0,1.063585,0.4595281,34.12117,unloading
Fe0Cr16,100.0,1.064585,0.4510281,32.29794,unloading
Fe0Cr16,100.0,1.065585,0.4425281,30.53783,unloading
Fe0Cr16,100.0,1.066585,0.4340281,28.84162,unloading
Fe0Cr16,100.0,1.067585,0.42552809999999996,27.20794,unloading
Fe0Cr16,100.0,1.068585,0.4170281,25.63555,unloading
Fe0Cr16,100.0,1.069585,0.4085281,24.12404,unloading
Fe0Cr16,100.0,1.070585,0.4000281,22.67168,unloading
Fe0Cr16,100.0,1.071585,0.3915281,21.27734,unloading
Fe0Cr16,100.0,1.072585,0.3830281,19.93969,unloading
Fe0Cr16,100.0,1.073585,0.3745281,18.65882,unloading
Fe0Cr16,100.0,1.074585,0.36602809999999997,17.43305,unloading
Fe0Cr16,100.0,1.075585,0.3575281,16.26196,unloading
Fe0Cr16,100.0,1.076585,0.3490281,15.14418,unloading
Fe0Cr16,100.0,1.077585,0.3405281,14.07827,unloading
Fe0Cr16,100.0,1.078585,0.3320281,13.06249,unloading
Fe0Cr16,100.0,1.079585,0.3235281,12.09601,unloading
Fe0Cr16,100.0,1.080585,0.3150281,11.17717,unloading
Fe0Cr16,100.0,1.081585,0.30652809999999997,10.30569,unloading
Fe0Cr16,100.0,1.082585,0.2980281,9.47984,unloading
Fe0Cr16,100.0,1.083585,0.2895281,8.69831,unloading
Fe0Cr16,100.0,1.084585,0.2810281,7.960091,unloading
Fe0Cr16,100.0,1.085585,0.2725281,7.264939,unloading
Fe0Cr16,100.0,1.086585,0.2640281,6.610418,unloading
Fe0Cr16,100.0,1.087585,0.2555281,5.99643,unloading
Fe0Cr16,100.0,1.088585,0.24702809999999997,5.420714,unloading
Fe0Cr16,100.0,1.089585,0.2385281,4.883366,unloading
Fe0Cr16,100.0,1.090585,0.23002809999999999,4.382332,unloading
Fe0Cr16,100.0,1.091585,0.22152809999999998,3.91739,unloading
Fe0Cr16,100.0,1.092585,0.2130281,3.48554,unloading
Fe0Cr16,100.0,1.093585,0.2045281,3.085691,unloading
Fe0Cr16,100.0,1.094585,0.19602809999999998,2.716759,unloading
Fe0Cr16,100.0,1.095585,0.1875281,2.377228,unloading
Fe0Cr16,100.0,1.096585,0.1790281,2.066048,unloading
Fe0Cr16,100.0,1.097585,0.1705281,1.782884,unloading
Fe0Cr16,100.0,1.098585,0.16202809999999998,1.525756,unloading
Fe0Cr16,100.0,1.099585,0.1535281,1.293804,unloading
Fe0Cr16,100.0,1.1,0.15,1.217359,unloading
